stop_id,stop_name,stop_lat,stop_lon,rank,count,interval,category
at:41:3087,Bad Sauerbrunn Bahnhof,47.7738701730191,16.324886031214,1,45,37.333333333333336,3
at:41:3145,Baumgarten-Schattendorf Bahnhof,47.7275139949144,16.5182573793005,0,35,48.0,3
at:41:3186,Breitenbrunn Bahnhof,47.9412290178053,16.7463845457344,0,45,37.333333333333336,2
at:41:3294,Deutschkreutz Bahnhof,47.6038268528795,16.6200544673111,0,43,39.06976744186046,2
at:41:3298,Donnerskirchen Bahnhof,47.8885710090209,16.6604157730322,0,45,37.333333333333336,2
at:41:3303,Draßburg Bahnhof,47.747831237274,16.4947754177703,0,35,48.0,3
at:41:3351,Eisenstadt Bahnhof,47.8391516836508,16.5290551290171,0,92,18.26086956521739,1
at:41:3443,Frauenkirchen Bahnhof,47.8397727307877,16.9158517241071,0,36,46.666666666666664,3
at:41:3490,Eisenstadt Schule,47.8438726612536,16.536699792086,0,59,28.47457627118644,2
at:41:3531,Gols Bahnhof,47.8919021043317,16.9046407493598,0,36,46.666666666666664,3
at:41:3831,Jois Bahnhof,47.9566742664362,16.7907703039289,0,45,37.333333333333336,2
at:41:4109,Loipersbach-Schattendorf Bhf.,47.7006356966254,16.4920355561534,0,39,43.07692307692308,3
at:41:4176,Marz-Rohrbach Bahnhof,47.7174581663292,16.428937890588,0,40,42.0,3
at:41:4177,Mattersburg Bahnhof,47.7356950096445,16.4089503755136,0,54,31.11111111111111,2
at:41:4227,Müllendorf Bahnhof,47.834255401235,16.4596872227677,0,63,26.666666666666668,2
at:41:4309,Mönchhof-Halbturn Bahnhof,47.8740695141256,16.9480832765058,0,36,46.666666666666664,3
at:41:4325,Neudörfl Bahnhof,47.7938977544503,16.3004159228712,1,45,37.333333333333336,3
at:41:4327,Neufeld an der Leitha Bahnhof,47.8684051775141,16.381273281606,0,63,26.666666666666668,2
at:41:4348,Neusiedl am See Bad Bahnhof,47.9426913096469,16.8449746481802,0,36,46.666666666666664,3
at:41:4351,Neusiedl am See Bahnhof,47.955856090913,16.824007969446,0,81,20.74074074074074,2
at:41:4367,Nickelsdorf Bahnhof,47.9425649403799,17.0866663754062,0,27,62.22222222222222,4
at:41:4464,Pamhagen Bahnhof,47.7043294888001,16.9037873498397,0,45,37.333333333333336,2
at:41:4469,Parndorf Bahnhof,47.9869977773654,16.8708910441307,0,55,30.545454545454547,2
at:41:4473,Parndorf Ort Bahnhof,47.9921982563068,16.8517299791178,0,137,12.262773722627736,1
at:41:4592,Purbach am Neusiedler See Bf.,47.9062420403619,16.6985223073898,0,45,37.333333333333336,2
at:41:4731,Schützen am Gebirge Haltestelle,47.8515591575304,16.630492890914,0,45,37.333333333333336,2
at:41:4732,Schützen am Gebirge Bahnhof,47.8482375251844,16.6192639498609,0,45,37.333333333333336,2
at:41:4821,St. Andrä am Zicksee Bahnhof,47.7825931996072,16.92805982882,0,37,45.4054054054054,3
at:41:5143,Wallern im Bgld Bahnhof,47.7337979020785,16.9305212126988,0,35,48.0,3
at:41:5157,Weiden am See Bahnhof,47.9257671141044,16.8638482523022,0,36,46.666666666666664,3
at:41:5233,Wiesen-Sigleß Bahnhof,47.7531463642883,16.3700712900115,1,45,37.333333333333336,3
at:41:5248,Winden am See Bahnhof,47.9469997150699,16.7589609597138,0,45,37.333333333333336,2
at:41:5286,Wulkaprodersdorf Bahnhof,47.7893834700492,16.4908946957424,0,99,16.96969696969697,1
at:41:5288,Wulkaprodersdorf Haltestelle,47.7990754213249,16.4965001831161,0,62,27.096774193548388,2
at:41:5312,Zurndorf Bahnhof,47.9681574364806,17.0239280359546,0,22,76.36363636363636,4
at:41:5969,Neudorf,48.008908385848,16.9384174040474,0,32,52.5,3
at:41:5970,Gattendorf Bahnhof,48.0106452074367,16.9808448349222,0,32,52.5,3
at:41:5971,Pama Bahnhof,48.0420721684907,17.0413463693161,0,31,54.193548387096776,3
at:41:5972,Kittsee Bahnhof,48.0815164687755,17.0714938302553,0,31,54.193548387096776,3
at:41:5980,Mattersburg Nord Bhf.,47.7414463273451,16.4025094549256,1,45,37.333333333333336,3
at:41:7075,Jennersdorf Bahnhof,46.9350437757133,16.1389796831396,0,24,70.0,4
at:41:7455,Mogersdorf Bahnhof,46.9455072546069,16.2293232512761,0,21,80.0,4
at:42:2121,Mallnitz-Obervellach Bahnhof,46.98108985089,13.1762819767839,0,47,35.744680851063826,2
at:42:2125,Kolbnitz Bahnhof,46.8788581111353,13.3206142935035,1,4,420.0,-1
at:42:2126,Mühldorf-Möllbrücke Bahnhst,46.8515019211913,13.3668146485722,1,4,420.0,-1
at:42:2127,Pusarnitz Bahnhof,46.8351331367142,13.4044810084406,1,4,420.0,-1
at:42:2128,Spittal-Millstätter See Bahnhof,46.7962557337978,13.487359576565,0,88,19.09090909090909,1
at:42:2130,Rothenthurn Bahnhof,46.7595164800127,13.5824911651665,1,55,30.545454545454547,3
at:42:2131,Ferndorf Bahnhst,46.7324320025529,13.629446105074,1,55,30.545454545454547,3
at:42:2132,Markt Paternion Bahnhst,46.7245688006156,13.6438460990804,1,55,30.545454545454547,3
at:42:2133,Paternion-Feistritz Bahnhst,46.7070525855435,13.6743528861333,0,60,28.0,2
at:42:2134,Weissenstein-Kellerberg Bahnhst,46.6794117238044,13.720328662381,1,55,30.545454545454547,3
at:42:2136,Puch b.Villach Bahnhst,46.6630275614128,13.7603845409055,1,56,30.0,3
at:42:2137,Gödersdorf Bahnhst,46.5685338729107,13.847476207713,1,26,64.61538461538461,5
at:42:2138,Finkenstein Bahnhst,46.5688179587691,13.8684518696001,1,26,64.61538461538461,5
at:42:2139,Faak am See Bahnhof,46.5643094641601,13.911957278816,1,37,45.4054054054054,4
at:42:2143,Rosenbach Bahnhof,46.5304343692453,14.0350713885218,1,27,62.22222222222222,5
at:42:2149,Ledenitzen Bahnhst,46.5628580197273,13.9659280610934,1,26,64.61538461538461,5
at:42:3625,Friesach Bahnhof,46.9533136648543,14.4106839583229,0,56,30.0,2
at:42:3626,Micheldorf-Hirt Bahnhst,46.9140247743941,14.4316506370572,0,29,57.93103448275862,3
at:42:3627,Treibach-Althofen,46.8681666574154,14.4655081401204,0,42,40.0,3
at:42:3628,Kappel am Krappfeld Bahnhst,46.837425312588,14.4758207995835,0,29,57.93103448275862,3
at:42:3629,Passering Bahnhst,46.8067094108657,14.4699278513189,0,29,57.93103448275862,3
at:42:3631,Launsdorf-Hochosterwitz Bahnhof,46.768906691072,14.4556715877579,0,30,56.0,3
at:42:3632,St. Georgen am Längsee Bahnhst,46.7618241868455,14.4231795239268,1,28,60.0,4
at:42:3633,St. Veit an der Glan Bahnhof,46.7707894590548,14.3669719365916,0,85,19.764705882352942,1
at:42:3636,Glandorf Bahnhst,46.7506108820189,14.3811563349298,1,45,37.333333333333336,3
at:42:3639,Maria Saal Bahnhof,46.6831772832799,14.3399146802301,0,47,35.744680851063826,2
at:42:3640,Klagenfurt Annabichl Bahnhst,46.6500116197395,14.3151930436077,0,46,36.52173913043478,2
at:42:3641,Klagenfurt Ostbahnhof g2,46.621323565271,14.3220831218379,0,48,35.0,2
at:42:3642,Klagenfurt Hauptbahnhof,46.6158074986651,14.3136659076245,0,180,9.333333333333334,0
at:42:3643,Klagenfurt West Bahnhst,46.6229215153809,14.2667289340227,0,57,29.473684210526315,2
at:42:3645,Klagenfurt Lend Bahnhst,46.6213976026115,14.2843359135939,0,55,30.545454545454547,2
at:42:3646,Krumpendorf Bahnhof,46.6262221510254,14.2211304501945,0,60,28.0,2
at:42:3647,Pritschitz Bahnhst,46.6278076184633,14.1712020866962,1,50,33.6,3
at:42:3648,Pörtschach Bahnhof g1,46.6362338761419,14.1458067136106,0,76,22.105263157894736,2
at:42:3649,Töschling Bahnhst,46.6332237677966,14.1115090360581,1,50,33.6,3
at:42:3650,Velden am Wörthersee Bahnhof,46.6199847058943,14.0448270925086,0,78,21.53846153846154,2
at:42:3651,Lind-Rosegg Bahnhst,46.6062240022682,14.000962357179,0,52,32.30769230769231,2
at:42:3652,Föderlach Bahnhof,46.6020704214706,13.9590379828633,0,54,31.11111111111111,2
at:42:3653,Villach Seebach Bahnhst,46.6210459243424,13.8733117552878,0,52,32.30769230769231,2
at:42:3654,Villach Hauptbahnhof,46.6185409218168,13.8489045290149,0,219,7.671232876712328,0
at:42:3655,Villach Landskron Bahnhst,46.629806351704,13.8756743244854,1,30,56.0,4
at:42:3656,Villach Westbahnhof,46.6083531289848,13.8403346012032,0,62,27.096774193548388,2
at:42:3657,Villach Warmbad Bahnhst,46.5890645067452,13.8286834519666,0,63,26.666666666666668,2
at:42:3659,Fürnitz Bahnhof,46.5631853701609,13.8131156480906,0,36,46.666666666666664,3
at:42:3660,Neuhaus an der Gail Bahnhst,46.5549330660153,13.7785844085642,1,31,54.193548387096776,4
at:42:3661,Pöckau Bahnhst,46.5520667026661,13.744960467475,1,31,54.193548387096776,4
at:42:3662,Arnoldstein Bahnhof,46.5514242211463,13.7079498777641,0,37,45.4054054054054,3
at:42:3663,Thörl-Maglern Bahnhof,46.5404081867626,13.6482478439732,0,4,420.0,-1
at:42:3715,Wolfsberg Bahnhof,46.8420646722767,14.83858746082,0,50,33.6,2
at:42:3716,Wolfsberg Reding Bahnhst,46.8256254011159,14.8457380504826,0,33,50.90909090909091,3
at:42:3717,St. Stefan Bahnhof,46.8070537327306,14.8462321238889,0,34,49.411764705882355,3
at:42:3718,St. Andrä Bahnhof,46.7635533637155,14.8416058001751,0,34,49.411764705882355,3
at:42:3721,St.Paul im Lavanttal Bahnhof,46.7214958675488,14.8557003669849,0,35,48.0,3
at:42:3800,St. Veit an der Glan Westbahnhof,46.7625134027838,14.3614113649821,1,16,105.0,5
at:42:3802,Liebenfels Bahnhst,46.7360830448766,14.2926093973618,1,17,98.82352941176471,5
at:42:3803,Tauchendorf-Haidensee Bahnhst,46.728485150973,14.237066563337,1,17,98.82352941176471,5
at:42:3804,Glanegg in Ktn Bahnhst,46.717849996504,14.2114915271945,1,17,98.82352941176471,5
at:42:3805,Mautbrücken Bahnhst,46.7214958675488,14.1890875440055,1,17,98.82352941176471,5
at:42:3806,St.Martin-Sittich Bahnhst (Bundesstraße),46.732438159662,14.1530022190374,1,17,98.82352941176471,5
at:42:3807,Feldkirchen in Kärnten Bahnhof,46.7215697677928,14.0997321226817,1,30,56.0,4
at:42:3808,Tiffen Bahnhst,46.701668471539,14.0604667616073,1,30,56.0,4
at:42:3809,Steindorf am Ossiachersee Bahnhst,46.6985079806172,14.0146886147222,1,30,56.0,4
at:42:3810,Ossiach-Bodensdorf Bahnhof,46.6828568203505,13.9744171405296,1,30,56.0,4
at:42:3811,St. Urban am Ossiacher See Bahnhst,46.6748507929956,13.9600979948987,1,30,56.0,4
at:42:3812,Sattendorf Bahnhof,46.6628796005259,13.9171585243118,1,30,56.0,4
at:42:3813,Annenheim Bahnhst,46.6585453998948,13.9009349502784,1,30,56.0,4
at:42:3814,Villach St. Ruprecht Bahnhof,46.6416430147855,13.8758360212366,1,31,54.193548387096776,4
at:42:3819,Klagenfurt Ebenthal Bahnhst g1,46.6166404977643,14.3333210460438,1,30,56.0,4
at:42:3820,Grafenstein Bahnhof,46.6189666570215,14.4593097646591,1,30,56.0,4
at:42:3823,Mittlern Bahnhst,46.5986510387203,14.7154194521972,1,29,57.93103448275862,4
at:42:3824,St. Michael ob Bleiburg Bahnhst,46.5826992981071,14.7503190009901,1,29,57.93103448275862,4
at:42:3825,Bleiburg Bahnhof,46.5742770588353,14.7865211069452,1,33,50.90909090909091,4
at:42:3826,Bleiburg Stadt Bahnhst,46.5906263690515,14.7941478037084,1,29,57.93103448275862,4
at:42:3831,Kühnsdorf-Klopeinersee Bahnhof,46.6247785332796,14.6198926048707,0,35,48.0,3
at:42:3832,Wiederndorf-Aich Bahnhst,46.6208731692683,14.7950371358398,1,29,57.93103448275862,4
at:42:3842,Klagenfurt Süd Bahnhst,46.6111239540767,14.3021944214447,1,38,44.21052631578947,4
at:42:3843,Maria Rain Bahnhst,46.5625677261808,14.2839855706331,1,30,56.0,4
at:42:3844,Weizelsdorf Bahnhof,46.5395369411569,14.2429145958374,1,31,54.193548387096776,4
at:42:3847,Köttmannsdorf Lambichl Bahnhst,46.5799887641562,14.2828626765278,1,30,56.0,4
at:42:3861,Lendorf Bahnhst,46.8276168178814,13.418027602927,1,28,60.0,4
at:42:3862,Möllbrücke-Sachsenburg Bahnhof,46.8311262030368,13.3669493958649,1,28,60.0,4
at:42:3863,Sachsenburg Markt Bahnhst,46.8260556517265,13.3479051118389,1,28,60.0,4
at:42:3864,Kleblach-Lind Bahnhof,46.771349354484,13.3418055510588,1,28,60.0,4
at:42:3865,Steinfeld im Drautal Bahnhof,46.7531651605031,13.2604810683762,1,29,57.93103448275862,4
at:42:3866,Greifenburg-Weißensee Bahnhof,46.7416976562355,13.1920923257867,0,31,54.193548387096776,3
at:42:3867,Berg im Drautal Bahnhst,46.7428057341317,13.1271441307358,1,27,62.22222222222222,5
at:42:3868,Dellach im Drautal Bahnhof,46.7358614034863,13.0752394736121,1,27,62.22222222222222,5
at:42:3869,Irschen Bahnhst g1,46.7405218375633,13.0135341967374,1,27,62.22222222222222,5
at:42:3870,Oberdrauburg Bahnhof,46.7463329637924,12.974439515567,0,32,52.5,3
at:42:3901,Nötsch Bahnhof,46.5886385364869,13.6260594564524,0,28,60.0,3
at:42:3902,Emmersdorf im Gailtal Bahnhst,46.5953363769105,13.5723042698432,0,28,60.0,3
at:42:3903,St. Stefan-Vorderberg Bahnhof,46.6004348230719,13.5331107739916,0,28,60.0,3
at:42:3904,Görtschach-Förolach Bahnhof,46.6229091761785,13.4710731204616,0,28,60.0,3
at:42:3905,Pressegger See Bahnhst,46.6315212553441,13.4365867966995,0,28,60.0,3
at:42:3906,Vellach-Khünburg Bahnhst,46.631299184554,13.4081910505645,0,28,60.0,3
at:42:3907,Hermagor Bahnhof,46.6259630429828,13.3752318627856,0,28,60.0,3
at:42:99979,TP Bleiburg Staatsgrenze,46.5666872785636,14.8395127255628,1,8,210.0,6
at:43:20307,Unterretzbach Bahnhof,48.7648669299156,16.0078705674041,0,28,60.0,3
at:43:3004,Absdorf-Hippersdorf Bahnhof,48.4016851362706,15.9865715120147,0,98,17.142857142857142,1
at:43:3005,Altenhof/Kamp Bahnhof,48.5442261495446,15.6859952179064,0,36,46.666666666666664,3
at:43:3008,Achau Bahnhof,48.081108372053,16.3779495150543,1,45,37.333333333333336,3
at:43:3046,Angern,48.384488153503,16.8261459598225,0,39,43.07692307692308,3
at:43:3064,Atzenbrugg Bahnhof,48.2970295825115,15.9182636178007,1,32,52.5,4
at:43:3079,Bad Deutsch-Altenburg Bahnhof,48.1324910747646,16.910668444917,0,40,42.0,3
at:43:3090,Bad Vöslau Bahnhof,47.9695768653354,16.223798612278,0,116,14.482758620689655,1
at:43:3101,Baden Bahnhof,48.0042084576875,16.2428788289153,0,192,8.75,0
at:43:3155,Berndorf/Triesting Fabrik Bahnhof,47.9401939549575,16.1339131849364,1,39,43.07692307692308,4
at:43:3160,Berndorf Stadt Bahnhof,47.9449598863154,16.1085537444622,1,38,44.21052631578947,4
at:43:3162,Bernhardsthal Bahnhof,48.6873572311937,16.8792453762742,0,38,44.21052631578947,3
at:43:3170,Bisamberg Bahnhof,48.3160184569878,16.3474427280014,1,110,15.272727272727273,2
at:43:3189,Breiteneich bei Horn Bahnhof,48.6719418021116,15.6881242251301,1,35,48.0,4
at:43:3204,Breitensee NÖ,48.2547782107595,16.8783919767541,0,30,56.0,3
at:43:3205,Breitenwaida Bahnhof,48.5150585193792,16.0747321740104,1,29,57.93103448275862,4
at:43:3209,Bruck/Leitha Bahnhof,48.0190760740815,16.7814637575841,0,193,8.704663212435234,0
at:43:3255,Brunn-Maria Enzersdorf Bahnhof,48.1048086226774,16.2880820540185,1,117,14.35897435897436,2
at:43:3260,Buchberg/Kamp Bahnhof,48.5761348263114,15.6588032142523,0,35,48.0,3
at:43:3264,Böheimkirchen Bahnhof,48.1999374991741,15.7540785332993,0,62,27.096774193548388,2
at:43:3279,Deutsch-Wagram Bahnhof,48.303363975991,16.5654818137932,0,98,17.142857142857142,1
at:43:3292,Helmahof Bahnhof,48.3103189516738,16.5969767476588,1,56,30.0,3
at:43:3309,Drösing Bahnhof,48.5401223999235,16.8958192932685,0,39,43.07692307692308,3
at:43:3310,Dürnkrut Bahnhof,48.4704268633371,16.8606143172789,0,40,42.0,3
at:43:3314,Dürrwien Bahnhof,48.178305829751,16.0614460909564,1,58,28.96551724137931,3
at:43:3318,Ebenfurth Bahnhof,47.877624472983,16.3624715427068,0,95,17.68421052631579,1
at:43:3339,Eggenburg Bahnhof,48.6378794673126,15.8145171856233,0,37,45.4054054054054,3
at:43:3347,Eichgraben-Altlengbach Bahnhof,48.1735434804781,15.9815409464229,0,119,14.117647058823529,1
at:43:3388,Enzersdorf bei Staatz Bahnhof,48.672588407768,16.5111067896379,0,33,50.90909090909091,3
at:43:3401,Enzesfeld-Lindabrunn Bahnhof,47.9212221567097,16.1876144726286,1,39,43.07692307692308,4
at:43:3408,Etsdorf-Straß Bahnhof,48.4531518455987,15.7304438581708,0,23,73.04347826086956,4
at:43:3415,Felixdorf Bahnhof,47.8874505562972,16.2479273608128,0,132,12.727272727272727,1
at:43:3420,Fels am Wagram Bahnhof,48.4290701973735,15.823141012352,0,50,33.6,2
at:43:3430,Fischamend Bahnhof,48.1166066733807,16.6149789859551,0,42,40.0,3
at:43:3449,Frättingsdorf Bahnhof,48.6424145274184,16.5135771566696,0,34,49.411764705882355,3
at:43:3481,Gaisruck Bahnhof,48.3940864925811,16.0648776553423,1,25,67.2,5
at:43:3486,Gars-Thunau Bahnhof,48.5973307450072,15.6552369025739,0,35,48.0,3
at:43:3493,Gedersdorf Bahnhof,48.4325809528804,15.6917534188784,0,36,46.666666666666664,3
at:43:3496,Gemeinlebarn Bahnhof,48.3360572586282,15.8045818185795,1,31,54.193548387096776,4
at:43:3499,Gerasdorf Bahnhof,48.294017481974,16.4840405501236,0,80,21.0,2
at:43:3527,Glinzendorf Bahnhof,48.2422401669752,16.6401946959838,0,30,56.0,3
at:43:3528,Gobelsburg Bahnhof,48.4626061784791,15.7013294598085,0,37,45.4054054054054,3
at:43:3538,Gramatneusiedl Bahnhof,48.0349185271822,16.4910563924936,0,154,10.909090909090908,1
at:43:3544,Greifenstein-Altenberg Bahnhof,48.3446795831074,16.2396718433506,1,56,30.0,3
at:43:3580,Großweikersdorf Bahnhof,48.4690152980077,15.9762498693987,0,33,50.90909090909091,3
at:43:3602,Gumpoldskirchen Bahnhof,48.041069156914,16.2849559168293,1,56,30.0,3
at:43:3608,Guntersdorf Bahnhof,48.6422542639197,16.0537654952761,0,34,49.411764705882355,3
at:43:3616,Guntramsdorf-Thallern Bahnhof,48.0518790309929,16.2973347014462,1,51,32.94117647058823,3
at:43:3617,Guntramsdorf-Kaiserau Bahnhof,48.0442102597169,16.3250656942708,1,28,60.0,4
at:43:3622,Gänserndorf Bahnhof,48.3402372379457,16.7323169283831,0,104,16.153846153846153,1
at:43:3647,Göllersdorf Bahnhof,48.4920064148047,16.1270051404006,0,34,49.411764705882355,3
at:43:3653,Ebreichsdorf Bahnhof,47.9641816251299,16.4191642202955,0,107,15.700934579439252,1
at:43:3655,Götzendorf Bahnhof,48.0256131029297,16.5869605322395,0,80,21.0,2
at:43:3660,Hadersdorf/Kamp Bahnhof,48.4462282748194,15.7144897787227,0,89,18.876404494382022,1
at:43:3677,Hainburg/Donau Ungartor/B9,48.1483525832579,16.9481461585757,0,42,40.0,3
at:43:3681,Hainburg/Donau Kulturfabrik Bhf.,48.1448402151353,16.9320213992235,0,41,40.97560975609756,3
at:43:3686,Hainburg/Donau Personenbhf.,48.1489279653604,16.939863691655,0,35,48.0,3
at:43:3706,Haslau an der Donau Bahnhof,48.1096853187575,16.7101914229322,0,35,48.0,3
at:43:3709,Hausleiten Bahnhof,48.3913425903868,16.1071074568546,1,27,62.22222222222222,5
at:43:3712,Hautzendorf Bahnhof,48.4511320717865,16.4928889556734,1,31,54.193548387096776,4
at:43:3723,Hennersdorf Bahnhof,48.1127442646208,16.3585099723033,1,45,37.333333333333336,3
at:43:3733,Hetzmannsdorf-Wullersdorf Bhf.,48.6171756581839,16.0916115182014,0,34,49.411764705882355,3
at:43:3734,Himberg Bahnhof,48.081894555497,16.4451614646215,0,59,28.47457627118644,2
at:43:3766,Hirtenberg Bahnhof,47.9291800844531,16.1761519696016,1,39,43.07692307692308,4
at:43:3778,Hohenau,48.5984951635649,16.9010295219171,0,39,43.07692307692308,3
at:43:3780,Hollabrunn Bahnhof,48.5631347825501,16.0722707901316,0,62,27.096774193548388,2
at:43:3784,Horn Bahnhof,48.6658549972421,15.6730684609661,0,69,24.347826086956523,2
at:43:3794,Höbersdorf Bahnhof,48.4484687073975,16.1731605797051,1,27,62.22222222222222,5
at:43:3800,Höflein/Donau Bahnhof,48.3500110802601,16.2714362718014,1,89,18.876404494382022,2
at:43:3806,Hörersdorf Bahnhof,48.6200736339181,16.5166763444002,0,27,62.22222222222222,4
at:43:3830,Jedenspeigen Bahnhof,48.4954532906266,16.8785177408939,0,33,50.90909090909091,3
at:43:3851,Kamegg Bahnhof,48.6095795594008,15.6578869326624,1,29,57.93103448275862,4
at:43:3852,Kapellerfeld Bahnhof,48.3169384432398,16.4951077944255,0,80,21.0,2
at:43:3867,Katzelsdorf Bahnhof,47.7927511150846,16.2663428241398,1,45,37.333333333333336,3
at:43:3880,Kirchberg am Wagram Bhf.,48.4277528564119,15.8936497790124,0,50,33.6,2
at:43:3885,Kirchstetten Bahnhof,48.1901708410806,15.821146752421,0,63,26.666666666666668,2
at:43:3895,Kledering Bahnhof,48.1329946900389,16.4392685163569,1,85,19.764705882352942,2
at:43:3952,Klosterneuburg-Kierling,48.3100202179046,16.3260089253193,1,88,19.09090909090909,2
at:43:3953,Klosterneuburg-Weidling Bhf.,48.2967845571632,16.3349920781618,1,88,19.09090909090909,2
at:43:3963,Korneuburg Bahnhof,48.3434615592487,16.3285691238794,0,156,10.76923076923077,1
at:43:3989,Kottingbrunn Bahnhof,47.9501405329052,16.22693373262,1,52,32.30769230769231,3
at:43:3991,Kottingneusiedl Bahnhof,48.7033667247865,16.4648974514164,0,26,64.61538461538461,4
at:43:3993,Krems Bahnhof,48.4088473396087,15.6046976846823,0,102,16.470588235294116,1
at:43:3995,Kritzendorf Bahnhof,48.3357646472408,16.2990504836391,1,88,19.09090909090909,2
at:43:4003,Unterkritzendorf Bahnhof,48.3239154612648,16.3093631431023,1,56,30.0,3
at:43:4015,Laa/Thaya Bahnhof,48.7237388522532,16.4026262359125,0,32,52.5,3
at:43:4016,St. Pölten Bildungscampus Bahnhof,48.1894462018298,15.6151630577437,1,31,54.193548387096776,4
at:43:4025,Ladendorf Bahnhof,48.5363097778833,16.5102893227292,0,43,39.06976744186046,2
at:43:4029,Langenlebarn Bahnhof,48.3274633389714,16.1216511813065,1,56,30.0,3
at:43:4036,Langenlois Bahnhof,48.4768469055205,15.6861838641161,0,37,45.4054054054054,3
at:43:4045,Langenzersdorf Bahnhof,48.3063396743764,16.3561114704943,0,115,14.608695652173912,1
at:43:4054,Lanzendorf-Rannersdorf Bahnhof,48.1132540712285,16.4474791180549,1,56,30.0,3
at:43:4067,Laxenburg-Biedermannsdorf Bhf.,48.0775013764424,16.3566504596649,1,28,60.0,4
at:43:4083,Leobendorf-Burg Kreuzenstein Bhf.,48.3644982329432,16.3019520420072,1,72,23.333333333333332,3
at:43:4084,Leobersdorf Bahnhof,47.93818394814,16.2309492019405,0,185,9.08108108108108,0
at:43:4102,Limberg-Maissau Bahnhof,48.5923341341862,15.8634124865447,0,32,52.5,3
at:43:4132,Marchegg Bahnhof,48.2495205027111,16.9185287036542,0,86,19.53488372093023,1
at:43:4140,Maria Anzbach Bahnhof,48.1878771131316,15.9348734674064,0,63,26.666666666666668,2
at:43:4142,Maria Ellend Bahnhof,48.1096913168687,16.6877245576732,0,42,40.0,3
at:43:4165,Maria Lanzendorf Bahnhof,48.1024090943728,16.4194965969506,1,28,60.0,4
at:43:4196,Michelhausen Bahnhof,48.2965514831796,15.9345141412927,1,32,52.5,4
at:43:4202,Mistelbach Bahnhof,48.5656791785165,16.5639456946572,0,59,28.47457627118644,2
at:43:4207,Mistelbach Stadt,48.5709340210441,16.5689043950262,0,31,54.193548387096776,3
at:43:4216,Moosbierbaum-Heiligeneich Bf.,48.3060528676291,15.9008632507449,1,34,49.411764705882355,4
at:43:4225,Muckendorf-Wipfing Bahnhof,48.3282158873629,16.1504062535552,1,56,30.0,3
at:43:4231,Münchendorf Bahnhof,48.0322454172148,16.3861331672938,1,44,38.18181818181818,3
at:43:4239,Mödling Bahnhof,48.0857172762509,16.2956638350175,0,209,8.038277511961722,0
at:43:4301,Möllersdorf Aspangbahn,48.029806458832,16.3131181009904,1,28,60.0,4
at:43:4318,Neubau-Kreuzstetten Bahnhof,48.4974058209717,16.5007671807162,0,41,40.97560975609756,3
at:43:4337,Neulengbach Bahnhof,48.1996021941366,15.892931126785,0,56,30.0,2
at:43:4338,Neulengbach Stadt Bahnhof,48.1961951310138,15.9065945022584,0,63,26.666666666666668,2
at:43:4377,Niederkreuzstetten Bahnhof,48.4777758981443,16.479683720995,0,39,43.07692307692308,3
at:43:4395,Obereggendorf Bahnhof,47.8496542183557,16.2967957122757,1,32,52.5,4
at:43:4408,Oberolberndorf Bahnhof,48.4135281680888,16.1742834738104,1,29,57.93103448275862,4
at:43:4417,Obersdorf Bahnhof,48.3623018468207,16.5167302433173,0,102,16.470588235294116,1
at:43:4423,Oberwaltersdorf Bahnhof,47.9752842595598,16.3284343765868,1,28,60.0,4
at:43:4429,Oberweiden Bahnhof,48.3062799231036,16.8336379092931,1,28,60.0,4
at:43:4440,Ollersbach Bahnhof,48.191548226283,15.8481051941012,0,56,30.0,2
at:43:4455,Paasdorf Bahnhof,48.546373051194,16.5349840098931,1,31,54.193548387096776,4
at:43:4500,Perchtoldsdorf Bahnhof,48.1227115658229,16.2856296532925,1,113,14.867256637168142,2
at:43:4531,Petronell-Carnuntum Bahnhof,48.1059483593823,16.8676121933432,0,40,42.0,3
at:43:4533,Pfaffstätten Bahnhof,48.0182288433052,16.258805958905,1,51,32.94117647058823,3
at:43:4549,Plank am Kamp Bahnhof,48.5578137277462,15.6733379555514,0,36,46.666666666666664,3
at:43:4552,Platt Bahnhof,48.6745637663094,15.9661348392981,0,33,50.90909090909091,3
at:43:4556,Pottenbrunn Bahnhof,48.2237265778937,15.702667949582,0,56,30.0,2
at:43:4562,Pottendorf-Landegg Bahnhof,47.9052122991368,16.3959068375864,0,39,43.07692307692308,3
at:43:4565,Pottenstein an der Triesting Bhf.,47.9620582601231,16.0890513196413,1,37,45.4054054054054,4
at:43:4574,Pressbaum Bahnhof,48.1811630269887,16.0775618671558,0,119,14.117647058823529,1
at:43:4601,Purkersdorf Sanatorium Bhf.,48.2062599832767,16.2006130947916,1,112,15.0,2
at:43:4603,Purkersdorf Zentrum Bahnhof,48.2060145226031,16.1754063679157,0,136,12.352941176470589,1
at:43:4605,Unterpurkersdorf Bahnhof,48.2075531225238,16.1886205857469,1,114,14.736842105263158,2
at:43:4613,Raasdorf Bahnhof,48.2390333797836,16.582540821041,0,30,56.0,3
at:43:4616,Rabensburg Bahnhof,48.6519522563326,16.8947323317745,0,37,45.4054054054054,3
at:43:4639,Regelsbrunn Bahnhof,48.1070040929398,16.7808169705795,0,40,42.0,3
at:43:4651,Rekawinkel Bahnhof,48.1798991711218,16.0316399898252,1,56,30.0,3
at:43:4656,Retz Bahnhof,48.7535501433922,15.957016939163,0,33,50.90909090909091,3
at:43:4671,Rohrendorf,48.4231389134062,15.656656240723,0,35,48.0,3
at:43:4674,Rosenburg Bahnhof,48.6283865754676,15.6433252419048,0,33,50.90909090909091,3
at:43:4688,Sarasdorf Bahnhof,48.0231798388639,16.6772951172231,1,56,30.0,3
at:43:4695,Schleinbach Bahnhof,48.4220300739812,16.4899155320826,0,42,40.0,3
at:43:4697,Stallegg Bahnhof,48.6157384855586,15.6436396522543,1,29,57.93103448275862,4
at:43:4708,Flughafen Wien Bahnhof,48.1202229202475,16.5644307849107,0,159,10.566037735849056,1
at:43:4710,Schwechat Bahnhof,48.1425024990358,16.4825762962103,0,104,16.153846153846153,1
at:43:4742,Schönberg/Kamp Bahnhof,48.5155345690395,15.6965773719548,0,37,45.4054054054054,3
at:43:4743,Schönborn-Mallebarn,48.4684852063715,16.159137878118,1,28,60.0,4
at:43:4745,Schönfeld-Lassee Bahnhof,48.2510757400073,16.8071825241721,0,58,28.96551724137931,2
at:43:4759,Seyring Bahnhof,48.3308974972912,16.5018810916687,0,81,20.74074074074074,2
at:43:4764,Siebenbrunn-Leopoldsdf,48.2456621136666,16.7039750811652,0,58,28.96551724137931,2
at:43:4765,Siebenhirten (NÖ) Haltestelle,48.6111178765332,16.5318938053153,0,27,62.22222222222222,4
at:43:4783,Sierndorf bei Stockerau Bahnhof,48.4285635318141,16.1747955135224,0,35,48.0,3
at:43:4787,Sierndorf an der March Bahnhof,48.5112083033757,16.8909863570392,0,33,50.90909090909091,3
at:43:4789,Sigmundsherberg Bahnhof,48.6856492513863,15.7453828413478,0,71,23.661971830985916,2
at:43:4790,Silberwald Bahnhof,48.3282576952813,16.6780586852148,1,59,28.47457627118644,3
at:43:4798,Sitzenberg-Reidling Bahnhof,48.3321994307688,15.8186494359308,1,31,54.193548387096776,4
at:43:4801,Sollenau Bahnhof,47.8982143337121,16.2456456399908,1,69,24.347826086956523,3
at:43:4814,Spillern Bahnhof,48.3758128952215,16.2568566147382,0,60,28.0,2
at:43:4824,St. Andrä-Wördern Bahnhof,48.333656601292,16.2087248818083,0,89,18.876404494382022,1
at:43:4848,St. Pölten Hauptbahnhof,48.2083253984462,15.6246402839925,0,396,4.242424242424242,0
at:43:4849,St. Veit an der Triesting Bhf.,47.9333391494808,16.1492923426027,1,39,43.07692307692308,4
at:43:4852,Staatz Bahnhof,48.6997442813663,16.4926014947825,0,33,50.90909090909091,3
at:43:4875,Mannswörth Bahnhof,48.1365798084151,16.5074326801253,1,56,30.0,3
at:43:4881,Stiefern Bahnhof,48.5348940978471,15.6913671433062,0,37,45.4054054054054,3
at:43:4882,Stillfried Bahnhof,48.4112146404766,16.8464389020936,0,33,50.90909090909091,3
at:43:4884,Stockerau Bahnhof,48.3823880890576,16.2132074750767,0,121,13.884297520661157,1
at:43:4922,Strasshof Bahnhof,48.3186469451241,16.6345892086102,0,68,24.705882352941178,2
at:43:4975,Tallesbrunn Bahnhof,48.3636507256071,16.7861529633679,0,33,50.90909090909091,3
at:43:4978,Tattendorf Bahnhof,47.9556395128707,16.3060034439392,1,28,60.0,4
at:43:4983,Teesdorf Bahnhof,47.9427575029492,16.2900313981853,1,28,60.0,4
at:43:4990,Theresienfeld Bahnhof,47.8603294145247,16.2440556219377,1,35,48.0,4
at:43:4995,Traiskirchen Aspangbahn,48.0179284035157,16.3033084980864,1,56,30.0,3
at:43:5005,Traismauer Bahnhof,48.3479454151865,15.745427757112,1,32,52.5,4
at:43:5006,Trasdorf Bahnhof,48.3151701432754,15.8799774203862,1,31,54.193548387096776,4
at:43:5013,Trautmannsdorf/Leitha Bhf.,48.0241711825343,16.642350652666,1,56,30.0,3
at:43:5023,Trumau Bahnhof,47.9926491401971,16.3321534018635,1,28,60.0,4
at:43:5034,Tulln Bahnhof,48.3274454210172,16.06449137977,0,148,11.35135135135135,1
at:43:5057,Tulln Stadt Bahnhof,48.3283233933695,16.0533971860096,1,69,24.347826086956523,3
at:43:5068,Tullnerbach-Pressbaum Bahnhof,48.1859965389593,16.0933093340886,0,143,11.748251748251748,1
at:43:5070,Ulrichskirchen Bahnhof,48.4024246610753,16.4882177161953,0,32,52.5,3
at:43:5072,Untereggendorf Bahnhof,47.8613238861005,16.3214365005225,1,32,52.5,4
at:43:5090,Untersiebenbrunn Bahnhof,48.2479293263746,16.7476871028965,0,30,56.0,3
at:43:5094,Untertullnerbach Bahnhof,48.1914344436909,16.1276609105581,1,80,21.0,3
at:43:5138,Wagram-Grafenegg Bahnhof,48.4342617380725,15.7763837018071,0,23,73.04347826086956,4
at:43:5147,Wampersdorf Bahnhof,47.9303778813237,16.4169633478491,1,1,1680.0,-1
at:43:5189,Weikendorf-Dörfles Bahnhof,48.3497842194027,16.7593113026747,0,33,50.90909090909091,3
at:43:5195,Weissenbach-Neuhaus Bahnhof,47.9842620549946,16.0458333713163,1,37,45.4054054054054,4
at:43:5210,Wiener Neustadt Hauptbahnhof,47.8110038155515,16.2333656700552,0,488,3.442622950819672,0
at:43:5223,Wiener Neustadt Nord,47.8345750002659,16.238791494372,1,37,45.4054054054054,4
at:43:5227,Wiener Neustadt Civitas Nova,47.8334533799048,16.2550869336282,1,32,52.5,4
at:43:5235,Wildungsmauer Bahnhof,48.1080298132964,16.8024933183883,0,33,50.90909090909091,3
at:43:5239,Wilfleinsdorf Bahnhof,48.0219481428964,16.7199830595304,1,56,30.0,3
at:43:5255,Wittmannsdorf Bahnhof,47.9203131173109,16.2197831429574,1,39,43.07692307692308,4
at:43:5271,Wolfsthal,48.1355546579806,17.006060544951,0,41,40.97560975609756,3
at:43:5274,Wolkersdorf Bahnhof,48.3787366343606,16.5126159593154,0,108,15.555555555555555,1
at:43:5301,Zeiselmauer-Königstetten Bhf.,48.3265554880381,16.1751278901776,1,56,30.0,3
at:43:5303,Zellerndorf Bahnhof,48.6957480266331,15.9679224867137,0,32,52.5,3
at:43:5304,Ziersdorf Bahnhof,48.5283862190731,15.9213178897671,0,33,50.90909090909091,3
at:43:5323,Zöbing Bahnhof,48.4906549850375,15.6938195440322,0,37,45.4054054054054,3
at:43:5759,Tullnerfeld Bahnhof,48.2950036058816,15.9962194181674,0,121,13.884297520661157,1
at:43:6003,Wiener Neustadt Anemonensee,47.8119208068183,16.2095333655642,1,49,34.285714285714285,3
at:43:7032,Bad Erlach Bahnhof,47.7319188516146,16.2117971200805,0,49,34.285714285714285,2
at:43:7033,Brunn an der Pitten Bahnhof,47.7225165390814,16.1878839672139,0,30,56.0,3
at:43:7034,Pitten Bahnhof,47.7171257590473,16.1795655676818,0,36,46.666666666666664,3
at:43:7035,Sautern-Schiltern Bahnhof,47.7073036778667,16.1558590273305,1,31,54.193548387096776,4
at:43:7036,Seebenstein Bahnhof,47.7034287354609,16.1429592198488,0,34,49.411764705882355,3
at:43:7037,Gleißenfeld Bahnhof,47.6772335852797,16.12915211393,1,30,56.0,4
at:43:7038,Scheiblingkirchen-Warth,47.6620498577996,16.1310116265683,0,35,48.0,3
at:43:7039,Petersbaumgarten Bahnhof,47.633908968906,16.1323141837305,1,30,56.0,4
at:43:7040,Edlitz-Grimmenstein Bahnhof,47.6173380923599,16.1280471861303,0,51,32.94117647058823,2
at:43:7041,Aspang Markt Bahnhof,47.5623629401088,16.0994807600914,0,49,34.285714285714285,2
at:43:7042,Ausschlag-Zöbern Bahnhof,47.5329007736222,16.0832482029051,0,20,84.0,4
at:43:7057,Lanzenkirchen Bahnhof,47.7508271028915,16.2422949239806,1,30,56.0,4
at:43:7091,Bad Fischau-Brunn Bahnhof,47.8268678939522,16.1731695628579,0,42,40.0,3
at:43:7092,Bad Fischau Bahnhof,47.8314935011909,16.171624460569,0,46,36.52173913043478,2
at:43:7093,Feuerwerksanstalt Bahnhof,47.8487861215994,16.1893482211272,0,39,43.07692307692308,3
at:43:7094,Wöllersdorf Bahnhof,47.8614383997844,16.178298943131,0,46,36.52173913043478,2
at:43:7096,Dreistetten Bahnhof,47.8723642523912,16.1107366506029,1,35,48.0,4
at:43:7097,Oberpiesting Bahnhof,47.8745575822432,16.0977110789814,0,48,35.0,2
at:43:7098,Wopfing Bahnhof,47.8736959280159,16.077094743208,0,39,43.07692307692308,3
at:43:7099,Waldegg Bahnhof,47.8689475344163,16.0585984315054,0,46,36.52173913043478,2
at:43:7100,Oed/Piesting Bahnhof,47.8787150131668,16.0263938285652,0,39,43.07692307692308,3
at:43:7101,Miesenbach-Waidmannsf,47.8775461460089,16.0052205373156,0,46,36.52173913043478,2
at:43:7102,Pernitz Ortmann Bahnhof,47.89348625712,15.9791693940725,0,39,43.07692307692308,3
at:43:7104,Pernitz-Muggendorf Bahnhof,47.8958714299755,15.9579691533643,0,47,35.744680851063826,2
at:43:7105,Gutenstein Bahnhof,47.8769797782111,15.9109064156227,0,47,35.744680851063826,2
at:43:7106,Wöllersdorf Marchgraben Bf,47.8649701186672,16.1649948937713,1,34,49.411764705882355,4
at:43:7108,Waldegg-Dürnbach Bahnhof,47.8676157367693,16.0511693641047,0,39,43.07692307692308,3
at:43:7109,Markt Piesting Bahnhof,47.8748106527906,16.124930032094,0,47,35.744680851063826,2
at:43:7110,Piesting Harzwerk,47.8764495559384,16.1361140573828,1,35,48.0,4
at:43:7112,Winzendorf Bahnhof,47.8110701773051,16.1115631006644,1,33,50.90909090909091,4
at:43:7113,Urschendorf Bahnhof,47.7973737275949,16.0898238707857,1,29,57.93103448275862,4
at:43:7114,Willendorf Bahnhof,47.7892084431052,16.0605387925193,1,28,60.0,4
at:43:7115,Unterhöflein Bahnhof,47.79058450111,16.0331132268914,1,29,57.93103448275862,4
at:43:7116,Grünbach/Schneeberg Bahnhof,47.7975185547631,15.9978723182904,1,29,57.93103448275862,4
at:43:7117,Grünbach/Schneeberg Schule,47.8014830417037,15.9815409464229,1,29,57.93103448275862,4
at:43:7118,Grünbach/Schneeberg Kohlenwerk,47.7982306158013,15.9718660908116,1,29,57.93103448275862,4
at:43:7119,Rothengrub Bahnhof,47.7892024076828,16.0510795325763,1,29,57.93103448275862,4
at:43:7120,Puchberg am Schneeberg Bahnhof,47.7904577604487,15.9108974324699,1,28,60.0,4
at:43:7161,Hötzelsdorf-Geras Bahnhof,48.7423966766624,15.6702926667378,0,18,93.33333333333333,4
at:43:7162,Irnfritz Bahnhof,48.7484446150944,15.5395518602689,0,18,93.33333333333333,4
at:43:7163,Göpfritz,48.7297416324861,15.394608689156,0,22,76.36363636363636,4
at:43:7164,Allentsteig Bahnhof,48.7155957327989,15.3304599947081,0,17,98.82352941176471,4
at:43:7165,Schwarzenau Bahnhof,48.7461641361324,15.2671916492388,0,21,80.0,4
at:43:7166,Vitis Bahnhof,48.7530230304962,15.1728505780874,0,20,84.0,4
at:43:7167,Hirschbach bei Gmünd Bahnhof,48.7492797776022,15.1270005659796,0,17,98.82352941176471,4
at:43:7168,Pürbach-Schrems Bahnhof,48.7635583162729,15.0846719497859,0,17,98.82352941176471,4
at:43:7169,Gmünd Bahnhof,48.764310329185,14.9858482853662,0,35,48.0,3
at:43:7211,St. Pantaleon Bahnhof,48.2277900885754,14.5286237719914,0,34,49.411764705882355,3
at:43:7222,Prinzersdorf Bahnhof,48.2031706851342,15.5260681478524,0,56,30.0,2
at:43:7223,Markersdorf an der Pielach Bf.,48.19630291504,15.4966573054462,0,31,54.193548387096776,3
at:43:7224,Großsierning Bahnhof,48.1877932673452,15.4567361742144,0,31,54.193548387096776,3
at:43:7225,Loosdorf/Melk Bahnhof,48.1949615865673,15.4046159214225,0,64,26.25,2
at:43:7226,Melk Bahnhof,48.2246003496854,15.3308283039746,0,66,25.454545454545453,2
at:43:7227,Pöchlarn Bahnhof,48.2082116531114,15.2162751389278,0,100,16.8,1
at:43:7228,Krummnußbaum Bahnhof,48.2079482418925,15.1592680509896,0,32,52.5,3
at:43:7229,Säusenstein Bahnhof,48.1928417369366,15.1138402470654,0,4,420.0,-1
at:43:7230,Ybbs/Donau Bahnhof,48.15906801613,15.0998265286312,0,39,43.07692307692308,3
at:43:7231,Neumarkt/Ybbs-Karlsbach Bf.,48.1422207670867,15.0506078342074,0,37,45.4054054054054,3
at:43:7233,Blindenmarkt Bahnhof,48.1250621757369,14.9805841578005,0,36,46.666666666666664,3
at:43:7234,Amstetten Bahnhof,48.1216621516666,14.8782840132308,0,186,9.03225806451613,0
at:43:7235,Mauer-Öhling Bahnhof,48.0947658501862,14.8004629601567,1,31,54.193548387096776,4
at:43:7236,Aschbach Bahnhof,48.0696923549468,14.7564185617701,1,31,54.193548387096776,4
at:43:7237,Krenstetten-Biberbach Bahnhof,48.0550915284169,14.6995911368888,1,31,54.193548387096776,4
at:43:7238,St. Peter-Seitenstetten Bhf.,48.0547612809153,14.6456922198342,1,31,54.193548387096776,4
at:43:7239,St. Johann-Weistrach Bahnhof,48.0748844958882,14.6132181223087,1,31,54.193548387096776,4
at:43:7241,Stadt Haag Bahnhof,48.1156770828959,14.5663170813183,1,32,52.5,4
at:43:7242,St. Valentin Bahnhof,48.1790006764377,14.5220930198749,0,148,11.35135135135135,1
at:43:7243,Ennsdorf Bahnhof,48.2163707432654,14.4962754386058,1,45,37.333333333333336,3
at:43:7370,St. Pölten Traisenpark/P+R Nord,48.220674244305,15.6413399651266,1,28,60.0,4
at:43:7371,St. Pölten Alpenbahnhof-Kaiserwald,48.1989136144107,15.6139323658043,1,37,45.4054054054054,4
at:43:7372,St. Pölten Porschestraße,48.1832174750062,15.6170046040764,1,36,46.666666666666664,4
at:43:7376,St. Georgen am Steinfelde Bahnhof,48.1377428197971,15.6144803381277,1,36,46.666666666666664,4
at:43:7377,Wilhelmsburg/Traisen Bahnhof,48.1119105699756,15.6084616257233,1,36,46.666666666666664,4
at:43:7378,Kreisbach Bahnhof,48.1004893910789,15.6078417881771,1,36,46.666666666666664,4
at:43:7381,Traisen Bahnhof,48.056646665452,15.6127286233234,1,64,26.25,3
at:43:7382,Traisen Markt Bahnhof,48.0395375746138,15.6114799650783,1,35,48.0,4
at:43:7383,Marktl Bahnhof,48.0216477247814,15.600493569152,1,35,48.0,4
at:43:7384,Lilienfeld Bahnhof,48.0137941742226,15.5938550192015,1,35,48.0,4
at:43:7385,Lilienfeld Krankenhaus Bahnhof,48.0088783365169,15.578314164784,1,35,48.0,4
at:43:7386,Schrambach Bahnhof,48.0018282795647,15.5750532803022,1,35,48.0,4
at:43:7399,Wiesenfeld-Schwarzenbach Bf.,48.0512605271733,15.6485264874006,1,28,60.0,4
at:43:7400,St. Veit an der Gölsen Bahnhof,48.0450810860458,15.6718557353324,1,28,60.0,4
at:43:7401,Rainfeld-Kleinzell Bahnhof,48.0506780459103,15.7073122396015,1,28,60.0,4
at:43:7402,Rohrbach an der Gölsen Bahnhof,48.047867631363,15.7425441650496,1,30,56.0,4
at:43:7403,Hainfeld Bahnhof,48.0395916312349,15.7679934370523,1,30,56.0,4
at:43:7435,Erlauf Bahnhof,48.1838403817524,15.1821211918208,0,36,46.666666666666664,3
at:43:7442,Petzenkirchen Bahnhof,48.1435454932188,15.1569953133205,0,35,48.0,3
at:43:7443,Wieselburg Bahnhof,48.1321313465446,15.1423437910345,0,36,46.666666666666664,3
at:43:7444,Mühling Bahnhof,48.1110168822777,15.1355884600969,0,29,57.93103448275862,3
at:43:7445,Mühling-Plaika Bahnhof,48.1032309454295,15.1326330028118,0,28,60.0,3
at:43:7446,Schauboden Bahnhof,48.0788817873301,15.1369089835648,0,27,62.22222222222222,4
at:43:7447,Purgstall/Erlauf Bahnhof,48.0583698705476,15.1310340016058,0,27,62.22222222222222,4
at:43:7448,Sölling Bahnhof,48.0389549607645,15.1405022447017,0,27,62.22222222222222,4
at:43:7449,Saffen Bahnhof,48.0218039424196,15.1523689896066,0,28,60.0,3
at:43:7450,Scheibbs Bahnhof,48.0050559188384,15.1644692964854,0,28,60.0,3
at:43:7893,Greinsfurth/Amst. Bahnhof,48.1085036771912,14.8389557700865,1,30,56.0,4
at:43:7894,Ulmerfeld-Hausmening Bahnhof,48.0748424806652,14.8157343199888,0,31,54.193548387096776,3
at:43:7895,Kröllendorf Bahnhof,48.0425466402167,14.788982490824,1,30,56.0,4
at:43:7896,Hilm-Kematen Bahnhof,48.0226451061807,14.7620420154495,1,30,56.0,4
at:43:7897,Rosenau am Sonntagberg Bahnhof,48.0105310237307,14.7416861911085,0,30,56.0,3
at:43:7898,Sonntagberg Bahnhof,47.9921501617927,14.7383085256398,1,29,57.93103448275862,4
at:43:7899,Böhlerwerk an der Ybbs Bahnhof,47.9832579183194,14.7540649757254,1,29,57.93103448275862,4
at:43:7900,Waidhofen/Ybbs Bahnhof,47.9682596847783,14.7652310347086,0,30,56.0,3
at:43:7901,Waidhofen/Ybbs Stadt,47.9584128464053,14.7678451321857,1,22,76.36363636363636,5
at:43:8000,Furth-Göttweig Bahnhof,48.373157517251,15.6156930637614,1,30,56.0,4
at:43:8001,Furth-Palt Bahnhof,48.3845060514071,15.6059373597745,0,41,40.97560975609756,3
at:43:8002,Getzersdorf/Traisen Bahnhof,48.3242499518548,15.7153611445484,1,31,54.193548387096776,4
at:43:8003,Herzogenburg Bahnhof,48.2766824981272,15.6962988942167,0,75,22.4,2
at:43:8004,Herzogenburg Stadt,48.2845317903816,15.7005658918169,1,32,52.5,4
at:43:8005,Herzogenburg-Wielandsthal,48.285015979881,15.6907293394544,1,35,48.0,4
at:43:8008,Oberradlberg Bahnhof,48.2406308156952,15.6704992792532,1,30,56.0,4
at:43:8009,Paudorf Bahnhof,48.3511453693977,15.6161961203206,0,42,40.0,3
at:43:8010,Statzendorf Bahnhof,48.3092853253898,15.6324376606598,0,44,38.18181818181818,2
at:43:8011,Unterradlberg Bahnhof,48.2551669845415,15.6867138701338,1,30,56.0,4
at:43:8012,Viehofen Bahnhof,48.2308599497088,15.6530000975161,1,29,57.93103448275862,4
at:43:8022,Brunn an der Schneebergbahn Bhf.,47.8255892961511,16.157314298091,1,33,50.90909090909091,4
at:43:8059,Pernitz Wipfelhofstraße/Bf.,47.8956907389086,15.9684075769672,0,46,36.52173913043478,2
at:43:8068,Pfennigbach Bahnhof,47.7957685327824,15.92394995355,1,28,60.0,4
at:43:8074,Pernitz Raimundviertel Bahnhof,47.8919743861225,15.9462102062935,0,47,35.744680851063826,2
at:43:8240,Herzograd Bahnhof,48.1613750173322,14.5035787418667,0,47,35.744680851063826,2
at:43:8241,Ernsthofen Bahnhof,48.126693147972,14.4799081341268,0,47,35.744680851063826,2
at:43:8242,Dorf an der Enns,48.091183813358,14.4730270390495,1,29,57.93103448275862,4
at:43:8243,Ramingdorf-Haidershofen Bf.,48.0676633760208,14.4593367141176,1,29,57.93103448275862,4
at:43:8757,St. Egyden/Stfd Bahnhof,47.760894605247,16.1463728179289,0,57,29.473684210526315,2
at:43:8758,Neunkirchen Bahnhof,47.7311515028282,16.0852514459889,0,57,29.473684210526315,2
at:43:8759,Ternitz Bahnhof,47.7142488365191,16.0334276372408,0,57,29.473684210526315,2
at:43:8760,Pottschach Bahnhof,47.6971169801639,16.006334448268,0,57,29.473684210526315,2
at:43:8761,Gloggnitz Bahnhof,47.6772940693834,15.9465964818658,0,58,28.96551724137931,2
at:43:8762,Schlöglmühl Bahnhof,47.6825075356071,15.9141044180346,0,58,28.96551724137931,2
at:43:8763,Payerbach-Reichenau Bahnhof,47.6957384491822,15.8640772398551,0,72,23.333333333333332,2
at:43:8764,Küb Bahnhof,47.6818664646053,15.8766536538345,1,14,120.0,5
at:43:8765,Eichberg am Semmering Bahnhof,47.6722494542208,15.9111489607495,1,14,120.0,5
at:43:8766,Klamm-Schottwien Bahnhof,47.6651595544981,15.8724675046099,1,14,120.0,5
at:43:8767,Breitenstein Bahnhof,47.6599141027692,15.8204370833465,1,14,120.0,5
at:43:8768,Wolfsbergkogel Bahnhof,47.6495244958223,15.8273181784238,1,13,129.23076923076923,6
at:43:8769,Semmering Bahnhof,47.6395686235483,15.8307766922681,0,30,56.0,3
at:43:99980,TP Gmünd Lainsitzbrücke Schiene,48.7644583618963,14.9683221541706,0,17,98.82352941176471,4
at:43:99985,Kittsee Tarifpunkt A6/Staatsgrenze,48.1030329825077,17.0837558338853,0,34,49.411764705882355,3
at:43:99986,Marchegg Tarifpunkt,48.2413128517877,16.9461788481032,0,28,60.0,3
at:43:99987,TP Unterretzbach(Gr),48.773629617622,16.0144821678961,0,15,112.0,4
at:44:40005,Linz/Donau Aichinger,48.34196287,14.30752143,3,48,35.0,4
at:44:40006,Linz/Donau Aichwiesen,48.32706914,14.27905382,3,48,35.0,4
at:44:40019,Linz/Donau Am Bachlberg,48.33074222,14.27286443,3,48,35.0,4
at:44:40035,Leonding ASKÖ Leonding,48.27381269,14.26449213,3,43,39.06976744186046,4
at:44:40039,Linz/Donau Bachlbergweg,48.32816213,14.27627803,3,48,35.0,4
at:44:40044,Linz/Donau Landgutstraße,48.31105383,14.27753567,3,42,40.0,5
at:44:40052,Linz/Donau Oidener Straße,48.2466073,14.37053825,3,50,33.6,4
at:44:40055,Linz/Donau Musiktheater,48.29428045,14.29342686,3,38,44.21052631578947,5
at:44:40056,Traun OÖ St. Martin,48.24543479,14.25930885,3,68,24.705882352941178,4
at:44:40066,Linz/Donau Dießenleitenweg,48.31974012,14.27728414,3,48,35.0,4
at:44:40101,Leonding Gernlandweg,48.2777407,14.25281403,3,43,39.06976744186046,4
at:44:40102,Linz/Donau Glimpfingerstraße,48.27483508,14.30712617,3,53,31.69811320754717,4
at:44:40127,Linz/Donau Hartheimerstraße,48.24080432,14.33476733,3,97,17.31958762886598,3
at:44:40130,Linz/Donau Haydnstraße,48.27059593,14.30541039,3,52,32.30769230769231,4
at:44:40141,Linz/Donau Hollabererstraße,48.30356117,14.32921575,3,7,240.0,-1
at:44:40144,Linz/Donau Hörschingergutstraße,48.31774491,14.27944908,3,48,35.0,4
at:44:40148,Linz/Donau Im Schlantenfeld,48.33035402,14.30291307,3,48,35.0,4
at:44:40156,Neumarkt-Kallham Bahnhof,48.2717678566339,13.7258443182262,0,74,22.7027027027027,2
at:44:40157,Linz/Donau Karlhofschule,48.3211618,14.28132656,3,48,35.0,4
at:44:40172,Linz/Donau Lamprechtgang,48.27331644,14.30293104,3,53,31.69811320754717,4
at:44:40178,Linz/Donau Leitenbauerstraße,48.33645736,14.30351494,3,48,35.0,4
at:44:40179,Lengau Bahnhst,48.0082172468018,13.2201017963494,0,30,56.0,3
at:44:40183,Leonding Liebermannweg,48.28072387,14.26910947,3,43,39.06976744186046,4
at:44:40186,Linz/Donau Magdalenastraße,48.33632001,14.30102661,3,48,35.0,4
at:44:40189,Linz/Donau Marienberg,48.33839212,14.30030796,3,48,35.0,4
at:44:40195,Linz/Donau Mayrhoferstraße,48.23881799,14.2831142,3,13,129.23076923076923,7
at:44:40201,Linz/Donau Müller-Guttenbrunn-Straße,48.27144498,14.29859218,3,53,31.69811320754717,4
at:44:40204,Linz/Donau Neubauzeile,48.25011269,14.29414552,3,13,129.23076923076923,7
at:44:40206,Linz/Donau Neuhoferstraße,48.27221031,14.30778194,3,52,32.30769230769231,4
at:44:40209,Leonding Nußböckstraße,48.28326451,14.25812307,3,43,39.06976744186046,4
at:44:40222,Perg Schulzentrum Bahnhst,48.2424615235991,14.640625721631,0,36,46.666666666666664,3
at:44:40239,Leonding Reith,48.26600959,14.24567242,3,43,39.06976744186046,4
at:44:40241,Leonding Rembrandtstraße,48.28218849,14.27030423,3,43,39.06976744186046,4
at:44:40247,Leonding Rottmayrstraße,48.27842822,14.27497547,3,43,39.06976744186046,4
at:44:40252,Linz/Donau Schickenedersteig,48.34371233,14.30038881,3,48,35.0,4
at:44:40253,Leonding Schiefersteinstraße,48.2756183,14.25892257,3,43,39.06976744186046,4
at:44:40254,Leonding Schieleweg,48.28204502,14.26212058,3,43,39.06976744186046,4
at:44:40262,Leonding Schulzentrum Hart,48.2654415,14.25598508,3,42,40.0,5
at:44:40281,Leonding Sportplatz Doppl,48.24923936,14.25470049,3,21,80.0,6
at:44:40292,Leonding Stadtplatz Leonding,48.27967769,14.24880754,3,85,19.764705882352942,3
at:44:40299,Linz/Donau Stiblerweg,48.26887984,14.3017273,3,52,32.30769230769231,4
at:44:40300,Linz/Donau Coulinstraße,48.29386807,14.29069599,3,74,22.7027027027027,4
at:44:40325,Leonding Weesestraße,48.27987497,14.27153492,3,43,39.06976744186046,4
at:44:40327,Linz/Donau Weinheberstraße,48.27032088,14.29643622,3,53,31.69811320754717,4
at:44:40340,Leonding Winkelstraße,48.26954356,14.24351647,3,43,39.06976744186046,4
at:44:40346,Linz/Donau Donnererweg,48.33160819,14.27184035,3,48,35.0,4
at:44:40473,Leonding Meixnerkapelle,48.25845649,14.26017123,3,42,40.0,5
at:44:40825,Linz/Donau Pöstlingberg Bergfriedhof,48.32161578,14.25580542,3,42,40.0,5
at:44:41003,Linz/Donau Lißfeld,48.26940005,14.297622,3,52,32.30769230769231,4
at:44:41004,Leonding Hackstraße,48.27136725,14.24588802,3,43,39.06976744186046,4
at:44:41006,Linz/Donau Baintwiese,48.24031373,14.28157809,3,26,64.61538461538461,6
at:44:41007,Linz/Donau Drosselweg,48.24337087,14.36729533,3,50,33.6,4
at:44:41011,Linz/Donau Ennsfeld,48.24284441,14.33769584,3,24,70.0,6
at:44:41013,Linz/Donau Franzosenhausweg,48.24733113,14.29392992,3,13,129.23076923076923,7
at:44:41016,Leonding Straßfeld Lokalbahn,48.2746557142042,14.245905985734,0,1,1680.0,-1
at:44:41021,Linz/Donau Raffelstettner Straße,48.24168976,14.37361049,3,50,33.6,4
at:44:41024,Linz/Donau Klettfischerweg,48.24801906,14.37094249,3,50,33.6,4
at:44:41027,Linz Pichling,48.2428743212308,14.3791171592346,1,45,37.333333333333336,3
at:44:41028,Linz/Donau Pichlinger See,48.24143849,14.37839851,3,50,33.6,4
at:44:41030,Linz/Donau Im Haidgattern,48.25026822,14.28797409,3,14,120.0,6
at:44:41031,Linz/Donau Pichling,48.24203077,14.36951417,3,50,33.6,4
at:44:41033,Linz/Donau Am Sonnenhang,48.33718589,14.30415275,3,48,35.0,4
at:44:41034,Linz/Donau Maderleithnerweg,48.34195093,14.30425156,3,48,35.0,4
at:44:41040,Linz/Donau Schatzweg,48.33891162,14.30275138,3,48,35.0,4
at:44:41046,Linz/Donau Obere Donaulände,48.30674598,14.28431795,3,43,39.06976744186046,4
at:44:41051,Linz/Donau Werkseinfahrt B,48.26494517,14.33953739,3,21,80.0,6
at:44:41054,Linz/Donau Hauderweg,48.24337087,14.32865879,3,48,35.0,4
at:44:41056,Leonding Doppler Straße,48.24688247,14.25665882,3,21,80.0,6
at:44:41060,Linz/Donau Franckstraße Bahnhof,48.2858707723606,14.3239965333933,0,51,32.94117647058823,2
at:44:41061,Leonding Gaumberg,48.27805158,14.27660142,3,95,17.68421052631579,3
at:44:41065,Linz/Donau Hafen,48.31047429,14.31426778,3,179,9.385474860335195,2
at:44:41070,Leonding Hart,48.26411395,14.26248889,3,2,840.0,-1
at:44:41072,Leonding Westbahn Bahnhof,48.2740040173359,14.2527152155885,1,28,60.0,4
at:44:41077,Leonding Buchberg,48.28559581,14.25376624,3,43,39.06976744186046,4
at:44:41079,Leonding Schule Doppl,48.25150641,14.25968614,3,42,40.0,5
at:44:41086,Leonding Meixnerkreuzung,48.26261293,14.25910224,3,44,38.18181818181818,4
at:44:41087,Leonding Michaelsbergstraße,48.28242163,14.25047841,3,43,39.06976744186046,4
at:44:41088,Leonding Paschinger Straße,48.27322675,14.25725171,3,43,39.06976744186046,4
at:44:41091,Leonding Schule Leonding,48.28075376,14.24870873,3,64,26.25,4
at:44:41094,Leonding Poloplaststraße,48.25349823,14.26034191,3,42,40.0,5
at:44:41098,Linz/Donau Altenberger Straße,48.32948205,14.31672916,3,7,240.0,-1
at:44:41100,Linz/Donau Auerspergplatz,48.29769891,14.28768663,3,155,10.838709677419354,3
at:44:41101,Linz/Donau JKU I Universität,48.33508387,14.3204392,3,7,240.0,-1
at:44:41107,Linz/Donau Binderlandweg,48.24539291,14.28366218,3,13,129.23076923076923,7
at:44:41109,Linz/Donau Blumauerstraße,48.29542196,14.2958613,3,36,46.666666666666664,5
at:44:41117,Linz/Donau Europaplatz,48.29864313,14.302419,3,39,43.07692307692308,5
at:44:41121,Linz Ebelsberg,48.2519669892919,14.3467328932376,0,48,35.0,2
at:44:41127,Linz/Donau Wambachsiedlung,48.24014022,14.32441874,3,48,35.0,4
at:44:41129,Linz/Donau Ehrentletzbergerstraße,48.30691926,14.32873964,3,7,240.0,-1
at:44:41130,Linz/Donau Eichendorffstraße,48.26528005,14.28808189,3,12,140.0,7
at:44:41131,Linz/Donau Eisenhof,48.31515222,14.31182436,3,28,60.0,5
at:44:41135,Linz/Donau Ignaz-Mayer-Straße,48.30653685,14.32074463,3,7,240.0,-1
at:44:41136,Linz/Donau Fadingerstraße,48.30180435,14.29423535,3,75,22.4,4
at:44:41139,Linz/Donau Fernheizkraftwerk,48.29794394,14.32324195,3,13,129.23076923076923,7
at:44:41140,Linz/Donau Florianer Straße,48.24353838,14.3323868,3,97,17.31958762886598,3
at:44:41146,Linz/Donau Froschberg,48.29070636,14.27308901,3,160,10.5,3
at:44:41149,Linz/Donau Gallanderstraße,48.31780465,14.30552717,3,26,64.61538461538461,6
at:44:41150,Linz/Donau Garnisonstraße,48.30531792,14.30543734,3,158,10.632911392405063,3
at:44:41153,Linz/Donau Donautal,48.30381213,14.27216374,3,43,39.06976744186046,4
at:44:41162,Linz/Donau Harbach,48.32727221,14.2850905,3,48,35.0,4
at:44:41163,Linz/Donau Hatschekstraße,48.27486497,14.29313042,3,52,32.30769230769231,4
at:44:41164,Linz/Donau Hauptbahnhof,48.2909992268168,14.2919805766629,0,708,2.3728813559322033,0
at:44:41166,Linz/Donau Hauptplatz,48.30668026,14.28592593,3,21,80.0,6
at:44:41177,Linz/Donau Industriezeile,48.30210911,14.31859766,3,43,39.06976744186046,4
at:44:41180,Linz/Donau Johann-Strauß-Straße,48.29037165,14.28068875,3,135,12.444444444444445,3
at:44:41182,Linz/Donau Karl-Wiser-Straße,48.29559527,14.28729137,3,134,12.537313432835822,3
at:44:41185,Linz/Donau Keferfeld,48.27677816,14.27743685,3,64,26.25,4
at:44:41195,Linz/Donau Johann-Metz-Straße,48.30764821,14.32595486,3,7,240.0,-1
at:44:41197,Linz/Donau Landwiedstraße,48.26719957,14.28553966,3,12,140.0,7
at:44:41198,Linz/Donau Laskahofstraße,48.25310346,14.28902512,3,27,62.22222222222222,6
at:44:41199,Linz/Donau Lederergasse,48.30947054,14.2990593,3,21,80.0,6
at:44:41200,Linz/Donau Ziegeleistraße,48.29183599,14.27290036,3,119,14.117647058823529,3
at:44:41212,Linz/Donau Mozartkreuzung,48.30091995,14.29062412,3,155,10.838709677419354,3
at:44:41213,Linz/Donau Mozartschule,48.30234216,14.29632842,3,83,20.240963855421686,4
at:44:41215,Linz/Donau Nebingerstraße,48.29901962,14.32808387,3,7,240.0,-1
at:44:41217,Linz/Donau Neue Heimat,48.25375542,14.2814613,3,26,64.61538461538461,6
at:44:41219,Linz/Donau Mariendom,48.30045384,14.28768663,3,134,12.537313432835822,3
at:44:41220,Linz/Donau In der Neupeint,48.24957434,14.2849827,3,14,120.0,6
at:44:41224,Linz/Donau Oed Bahnhst,48.2652561254967,14.2764936211625,0,38,44.21052631578947,3
at:44:41227,Linz/Donau Paul-Hahn-Straße,48.30736141,14.30940789,3,159,10.566037735849056,3
at:44:41228,Linz/Donau Petzoldstraße,48.31571976,14.30152967,3,19,88.42105263157895,6
at:44:41230,Linz/Donau Prinz-Eugen-Straße,48.30055543,14.31027028,3,29,57.93103448275862,5
at:44:41232,Linz/Donau Pummererstraße,48.30513866,14.31722324,3,36,46.666666666666664,5
at:44:41242,Linz/Donau Salzburger Straße,48.25659047,14.2875429,3,13,129.23076923076923,7
at:44:41243,Linz/Donau Bannerstraße,48.24969996,14.26967541,3,26,64.61538461538461,6
at:44:41245,Linz/Donau Schiffswerft,48.31784647,14.3099379,3,54,31.11111111111111,4
at:44:41250,Linz/Donau Siemensstraße,48.24628426,14.28677933,3,14,120.0,6
at:44:41251,Linz/Donau Simonystraße,48.25588471,14.32237058,3,21,80.0,6
at:44:41256,Linz/Donau St. Magdalena,48.33415824,14.30064034,3,48,35.0,4
at:44:41257,Linz/Donau St. Margarethen,48.30744506,14.25684747,3,43,39.06976744186046,4
at:44:41258,Linz/Donau Stadion,48.2908259,14.27580192,3,134,12.537313432835822,3
at:44:41260,Linz/Donau Steg,48.32713484,14.30366766,3,48,35.0,4
at:44:41262,Linz/Donau Parkbad,48.31137646,14.29702013,3,5,336.0,-1
at:44:41263,Linz/Donau Taubenmarkt,48.30408103,14.28809985,3,22,76.36363636363636,6
at:44:41265,Linz/Donau Spechtweg,48.25017251,14.37158029,3,50,33.6,4
at:44:41272,Linz/Donau Urfahr Bahnhof,48.3118842880337,14.2792783985436,0,79,21.265822784810126,2
at:44:41282,"Linz/Donau, Gaisbergerstraße",48.25861199,14.33165916,3,21,80.0,6
at:44:41284,"Linz/Donau, Werkssportplatz",48.26703811,14.34426253,3,21,80.0,6
at:44:41285,"Linz/Donau, Schwerlasthafen",48.26908314,14.34777494,3,21,80.0,6
at:44:41286,"Linz/Donau, Lunzerstraße Ost",48.27137921,14.34870919,3,22,76.36363636363636,6
at:44:41290,Linz/Donau Turmstraße,48.27606072,14.31264183,3,105,16.0,3
at:44:41292,Linz/Donau Volksgartenstraße,48.29496177,14.2906331,3,81,20.74074074074074,4
at:44:41295,Linz/Donau Waldeggstraße,48.29003693,14.28736324,3,134,12.537313432835822,3
at:44:41296,Linz/Donau Wallseerstraße,48.2741236,14.2799162,3,52,32.30769230769231,4
at:44:41298,Linz/Donau Wegscheid Bahnhof,48.2491615950796,14.2755324238083,1,37,45.4054054054054,4
at:44:41305,Linz/Donau Winetzhammerstraße,48.24424431,14.29171108,3,13,129.23076923076923,7
at:44:41308,Linz/Donau Spindelbaumweg,48.24317943,14.28012281,3,13,129.23076923076923,7
at:44:41309,Linz/Donau Posthofstraße,48.31296566,14.31284844,3,28,60.0,5
at:44:41314,Linz/Donau Biegung,48.31278045,14.28200928,3,48,35.0,4
at:44:41323,Linz/Donau Pöstlingberg Schlössl,48.32284627,14.25860816,3,21,80.0,6
at:44:41324,Linz/Donau Karlhof,48.32319869,14.2833298,3,48,35.0,4
at:44:41325,Linz/Donau Knabenseminarstraße,48.31523586,14.28062587,3,48,35.0,4
at:44:41328,Linz/Donau Bruckneruniversität,48.31064158,14.26758233,3,42,40.0,5
at:44:41334,Linz/Donau Pöstlingberg Götzlingstraße,48.32664508,14.25721578,3,21,80.0,6
at:44:41337,Linz/Donau Rudolfstraße,48.31078497,14.28294352,3,48,35.0,4
at:44:41340,Linz/Donau Sonnbergerstraße,48.32594626,14.30168238,3,48,35.0,4
at:44:41342,Linz/Donau Tiergarten,48.31104785,14.26521078,3,42,40.0,5
at:44:41348,"Linz/Donau, Brandstetterweg",48.32791129,14.25804223,3,21,80.0,6
at:44:41369,Pasching b.Linz Weinbergerstraße,48.24342471,14.25557186,3,26,64.61538461538461,6
at:44:41371,Traun OÖ Stadtfriedhof Linz,48.23939236,14.24693007,3,26,64.61538461538461,6
at:44:41398,Linz/Donau Teistlergutstraße,48.32045097,14.27974552,3,48,35.0,4
at:44:41399,Linz/Donau Deutlweg,48.27422524,14.31115062,3,52,32.30769230769231,4
at:44:41459,Linz/Donau solarCity-Zentrum,48.25764909,14.36071068,3,51,32.94117647058823,4
at:44:41461,Linz/Donau Neufelderstraße,48.25596845,14.35672216,3,51,32.94117647058823,4
at:44:41462,Linz/Donau Sennweg,48.23672389,14.32524519,3,48,35.0,4
at:44:41464,Linz/Donau Franz-Xaver-Müller-Weg,48.23861457,14.33156035,3,97,17.31958762886598,3
at:44:41465,Linz/Donau Pergheimerweg,48.23709485,14.32951219,3,97,17.31958762886598,3
at:44:41466,Linz/Donau Rohrauerweg,48.23607769,14.33167713,3,48,35.0,4
at:44:41467,Linz/Donau Schückbauerweg,48.23701707,14.33664481,3,48,35.0,4
at:44:41468,Linz/Donau Auergütlweg,48.23701707,14.34348998,3,48,35.0,4
at:44:41469,Linz/Donau Lettner,48.23552124,14.35123345,3,48,35.0,4
at:44:41470,Linz/Donau Waldesruh,48.23370823,14.3563269,3,48,35.0,4
at:44:41471,Leonding Spillheide,48.28012007,14.24678633,3,42,40.0,5
at:44:41472,Leonding Friedhof Leonding,48.28250532,14.24511547,3,42,40.0,5
at:44:41473,Leonding Alharting,48.28657014,14.24309426,3,42,40.0,5
at:44:41474,Leonding Hohlweg,48.29412506,14.2404622,3,42,40.0,5
at:44:41475,Leonding Lugwiesstraße,48.29227827,14.24733431,3,43,39.06976744186046,4
at:44:41476,Leonding Brauhausgasse,48.29611521,14.24644497,3,43,39.06976744186046,4
at:44:41477,Leonding Turm 13,48.29869094,14.2445136,3,43,39.06976744186046,4
at:44:41478,Leonding Friesenegg,48.3020374,14.24492682,3,43,39.06976744186046,4
at:44:41479,Leonding Koppstraße,48.30309508,14.2510713,3,43,39.06976744186046,4
at:44:41500,Pasching b.Linz Bahnhst,48.2569433440564,14.2083923394639,0,30,56.0,3
at:44:41501,Hörsching Bahnhst,48.2460629211155,14.18717413245,0,31,54.193548387096776,3
at:44:41570,Oftering Bahnhst,48.2282628472174,14.1524722130197,0,29,57.93103448275862,3
at:44:41600,Traun OÖ Bahnhof,48.2262221742256,14.2544040483229,0,66,25.454545454545453,2
at:44:41601,St.Martin b.Traun Bahnhst,48.2365144750064,14.2649053539957,1,37,45.4054054054054,4
at:44:41602,Ansfelden Bahnhof,48.2093071897821,14.2610515814263,1,39,43.07692307692308,4
at:44:41740,Nettingsdorf Bahnhof,48.1896617980496,14.2583117198094,1,39,43.07692307692308,4
at:44:41760,Nöstlbach-St.Marien Bahnhst,48.1634722011238,14.246076665638,1,39,43.07692307692308,4
at:44:41761,Neuhofen/Krems Bahnhof,48.1360102829229,14.2383421710406,0,68,24.705882352941178,2
at:44:41770,Kematen/Krems-Piberbach Bahnhof,48.1135719480826,14.2037749989029,0,40,42.0,3
at:44:41852,Linz/Donau Südpark Linz,48.25066899,14.38110244,3,50,33.6,4
at:44:41853,Leonding Zaubertal,48.30308313,14.25753019,3,43,39.06976744186046,4
at:44:41900,Asten-Fisching,48.2273412630388,14.4272758416229,1,45,37.333333333333336,3
at:44:41910,Enns Bahnhof,48.2210991879258,14.4670801918678,0,68,24.705882352941178,2
at:44:42107,Wels Hauptbahnhof,48.1657011139022,14.0262409492776,0,252,6.666666666666667,0
at:44:42146,Wels Lokalbahn Bahnhof,48.1566290734773,14.0173655942693,1,30,56.0,4
at:44:42268,Wels Messe Bahnhof,48.1524520399787,14.0196473150913,1,25,67.2,5
at:44:42300,Marchtrenk Bahnhof,48.1996081817458,14.0965431034226,0,79,21.265822784810126,2
at:44:42390,Kremsmünster Bahnhof,48.0530259456002,14.1401922430841,0,66,25.454545454545453,2
at:44:42410,Schauersberg Bahnhst,48.1359323473642,14.0086519360121,1,29,57.93103448275862,4
at:44:42411,Steinhaus b.Wels Bahnhst,48.1192214312611,14.0179405160512,1,29,57.93103448275862,4
at:44:42412,Oberhart b.Steinhaus Bahnhst,48.1039508041729,14.0392036388293,1,30,56.0,4
at:44:42430,Unterhart b.Sattledt Bahnhst,48.08909567677,14.0426441863679,1,30,56.0,4
at:44:42431,Sattledt Bahnhof,48.0740621917186,14.0580772429513,1,30,56.0,4
at:44:42447,Linz/Donau Lenkstraße,48.23832738,14.32403247,3,24,70.0,6
at:44:42451,Großendorf Bahnhst,48.0387987951079,14.055696707448,1,22,76.36363636363636,5
at:44:42452,Wiesmühle b.Sattledt Bahnhst,48.0217739006029,14.0437041984033,1,22,76.36363636363636,5
at:44:42453,Voitsdorf Bahnhst,48.0124841312467,14.0471088133306,1,22,76.36363636363636,5
at:44:42586,Linz/Donau JKU I Universität Nord,48.33711423,14.32303534,3,7,240.0,-1
at:44:42587,Linz/Donau Pöstlingberg,48.32482336,14.25900342,3,42,40.0,5
at:44:42750,Gunskirchen Bahnhof,48.1322272743164,13.9453296916257,0,48,35.0,2
at:44:42784,Leonding Schießplatz,48.29019234,14.24091135,3,42,40.0,5
at:44:42790,Lambach OÖ Bahnhof,48.0941478616439,13.8886100645785,0,48,35.0,2
at:44:42791,Lambach OÖ Markt Bahnhst,48.0943338589768,13.8700329045003,0,44,38.18181818181818,2
at:44:42850,Neukirchen b.Lambach Bahnhst,48.0950778415804,13.8323395951734,0,30,56.0,3
at:44:42940,Haiding Bahnhof,48.2099178066073,13.9747225677262,1,25,67.2,5
at:44:43005,Steyr,48.0384263981703,14.4232513891495,0,49,34.285714285714285,2
at:44:43133,Steyr-Münichholz,48.0481919177918,14.4495540606722,0,49,34.285714285714285,2
at:44:43450,Rohr-Bad Hall Bahnhof,48.0697823965365,14.1916207931071,0,66,25.454545454545453,2
at:44:43500,Kirchdorf/Krems Bahnhof,47.9064768907548,14.1163329891345,0,67,25.074626865671643,2
at:44:43510,Micheldorf in OÖ Bahnhof,47.8837275876988,14.1258730974532,0,21,80.0,4
at:44:43520,Schlierbach/Krems Bahnhof,47.9379131328646,14.1117515811849,0,39,43.07692307692308,3
at:44:43530,Nußbach Bahnhst,47.9717480348432,14.1233937472687,1,39,43.07692307692308,4
at:44:43540,Wartberg/Krems Bahnhof,47.9889397516179,14.1215072851718,0,54,31.11111111111111,2
at:44:43589,Klaus/Pyhrnbahn Bahnhof,47.8331880468111,14.1551761420253,0,18,93.33333333333333,4
at:44:43615,Steyrling Bahnhof,47.8015735515718,14.1636921709199,0,16,105.0,4
at:44:43620,Hinterstoder Bahnhof,47.7745765209736,14.1790892948918,0,27,62.22222222222222,4
at:44:43640,Roßleithen Bahnhst,47.7244865728733,14.308734156714,0,18,93.33333333333333,4
at:44:43649,Windischgarsten Bahnhof,47.7153367670756,14.3279850532554,0,26,64.61538461538461,4
at:44:43660,Spital am Pyhrn Bahnhof,47.6738100707217,14.3473527307837,0,18,93.33333333333333,4
at:44:43790,Steinbachbrücke Bahnhst,47.9321053083565,13.9929943006077,1,22,76.36363636363636,5
at:44:43835,Pettenbach OÖ Bahnhof,47.9620943520422,14.0112121345722,1,22,76.36363636363636,5
at:44:43839,Pettenbach OÖ Diensthubersiedlung Bahnhst,47.9678747489572,14.0219110696076,1,22,76.36363636363636,5
at:44:43860,Wilfling Bahnhst,47.9804498396189,14.0290347098116,1,22,76.36363636363636,5
at:44:43900,Garsten Bahnhof,48.0238407367626,14.4084202038066,0,54,31.11111111111111,2
at:44:43934,Lahrndorf b.Garsten Bahnhof,47.9948794545638,14.3745357512849,0,19,88.42105263157895,4
at:44:43940,Dürnbach/Enns Bahnhst,47.9780926192318,14.3540361964985,0,19,88.42105263157895,4
at:44:43941,Ternberg,47.9487025193099,14.3549704443941,0,19,88.42105263157895,4
at:44:43950,Trattenbach/Enns Bahnhst,47.9304501093938,14.3544224720707,0,19,88.42105263157895,4
at:44:43960,Losenstein,47.9240153963644,14.4311385973452,0,20,84.0,4
at:44:43981,Reichraming Bahnhof,47.8915165997439,14.4714549873021,0,20,84.0,4
at:44:44000,Puchenau Bahnhst,48.3116333594826,14.2385218340975,1,75,22.4,3
at:44:44001,Puchenau West Bahnhst,48.3124817319985,14.2218850350333,0,77,21.818181818181817,2
at:44:44002,Dürnberg b.Ottensheim Bahnhof,48.331488746431,14.1923753779458,1,75,22.4,3
at:44:44003,Ottensheim Bahnhof,48.3376158338442,14.1777238556598,0,77,21.818181818181817,2
at:44:44009,Achleitnersiedlung Bahnhst,48.3215739657143,14.2056165452356,1,74,22.7027027027027,3
at:44:44020,Walding b.Linz Bahnhst,48.3485961684199,14.153307646234,0,79,21.265822784810126,2
at:44:44040,Rottenegg Bahnhof,48.3598427369391,14.1378925559564,0,79,21.265822784810126,2
at:44:44050,Lacken im Mühlkreis Bahnhst,48.3860512134047,14.0913508410797,0,22,76.36363636363636,4
at:44:44052,Gerling OÖ Bahnhst,48.3974684466881,14.0771305101301,0,21,80.0,4
at:44:44350,Steyregg Bahnhof,48.284513857349,14.3621839161266,1,40,42.0,4
at:44:44351,Pulgarn Bahnhst,48.2786075694648,14.3926727368738,1,40,42.0,4
at:44:44360,St.Georgen/Gusen Bahnhof,48.2651425066616,14.440499042607,1,40,42.0,4
at:44:44361,St.Georgen/Gusen Ort Bahnhst,48.2702491248497,14.4505601737905,0,40,42.0,3
at:44:44410,Mauthausen OÖ Bahnhof,48.243400782942,14.5327829717575,0,36,46.666666666666664,3
at:44:44450,Lungitz/Gusen Bahnhof,48.2887279468872,14.4786684590346,0,40,42.0,3
at:44:44470,Katsdorf Bahnhst,48.3121889853298,14.4904543555639,1,36,46.666666666666664,4
at:44:44471,Gaisbach-Wartberg Bahnhof,48.3302942966598,14.5062916540251,1,36,46.666666666666664,4
at:44:44472,Schloss Haus Bahnhst,48.3414314548014,14.5055999512562,1,36,46.666666666666664,4
at:44:44500,Perg Bahnhof,48.2476062995692,14.627168958673,0,36,46.666666666666664,3
at:44:44550,Aisthofen,48.257451718417,14.5902122678792,0,35,48.0,3
at:44:44551,Schwertberg Bahnhof,48.2686167368164,14.5797109622064,0,37,45.4054054054054,3
at:44:44850,Arbing,48.2271078722042,14.7007858962169,0,36,46.666666666666664,3
at:44:44870,Dornach,48.1917997448007,14.8202797953271,0,35,48.0,3
at:44:44880,Grein-Bad Kreuzen Bahnhof,48.2212607852783,14.8506698013931,0,37,45.4054054054054,3
at:44:44881,Grein Stadt Bahnhof,48.2299922688373,14.8557722322076,0,32,52.5,3
at:44:44900,St.Nikola-Struden Bahnhst,48.2334928222967,14.9091950421616,0,31,54.193548387096776,3
at:44:44960,Baumgartenberg Bahnhst,48.2086786060334,14.7480732127795,0,35,48.0,3
at:44:44961,Saxen Bahnhof,48.2051823422963,14.7907431887811,0,36,46.666666666666664,3
at:44:45000,Freistadt Bahnhof,48.4952568428613,14.4815430679441,0,18,93.33333333333333,4
at:44:45090,Pregarten Bahnhof,48.3559867091429,14.5225781101284,0,56,30.0,2
at:44:45260,Summerau Bahnhof,48.5572726729473,14.4490150715017,0,18,93.33333333333333,4
at:44:45333,Linz/Donau Siriusweg,48.25467055,14.35741386,3,51,32.94117647058823,4
at:44:45334,Linz/Donau Reiherweg,48.25431168,14.36482496,3,51,32.94117647058823,4
at:44:45335,Linz/Donau Ziererfeldstraße,48.25163202,14.36576819,3,50,33.6,4
at:44:45424,Linz/Donau Schableder,48.31398726,14.2607731,3,42,40.0,5
at:44:45450,Kefermarkt Bahnhof,48.436872209085,14.5382357455328,0,19,88.42105263157895,4
at:44:45485,Linz/Donau Gruberstraße,48.30316679,14.29929286,3,171,9.824561403508772,2
at:44:45500,Rohrbach-Berg Bahnhof,48.5817570379345,13.9873618637755,0,16,105.0,4
at:44:45530,Oepping Bahnhst,48.5998555981871,13.9604303715539,0,10,168.0,-1
at:44:45550,Haslach/Mühl Bahnhst,48.5538121636426,14.0313343969393,0,16,105.0,4
at:44:45680,Iglmühle Bahnhst,48.5205804204354,14.0364637772123,0,17,98.82352941176471,4
at:44:45750,Neufelden Bahnhof,48.4841831018904,14.0054269841417,0,15,112.0,4
at:44:45765,Kleinzell im Mühlkreis Bahnhst,48.4582217792644,14.0320260997082,0,16,105.0,4
at:44:45780,Neuhaus-Niederwaldkirchen Bahnhst,48.4422357696593,14.0509805522057,0,20,84.0,4
at:44:45817,Leonding Isidorstraße,48.26143481,14.26535451,3,2,840.0,-1
at:44:46009,Pinsdorf Bahnhst,47.93317664526,13.7661517250303,0,29,57.93103448275862,3
at:44:46010,Gmunden Bahnhof,47.9252975873337,13.7830131029156,0,31,54.193548387096776,3
at:44:46011,Altmünster/Traunsee Bahnhof,47.8911371158624,13.7584531630443,0,31,54.193548387096776,3
at:44:46320,Viechtwang Bahnhst,47.9156833907011,13.9713449022574,1,22,76.36363636363636,5
at:44:46321,Scharnstein-Mühldorf Bahnhof,47.9004186142064,13.9585618757626,1,22,76.36363636363636,5
at:44:46322,Kothmühle Bahnhst,47.8868421282657,13.9407662499818,1,22,76.36363636363636,5
at:44:46323,Traxenbichl Bahnhst,47.8768532483889,13.9384306302427,1,22,76.36363636363636,5
at:44:46340,Grünau im Almtal Bahnhof,47.8536629489123,13.9515999323097,1,21,80.0,5
at:44:46406,Traunkirchen Bahnhof,47.8553386872809,13.7771201546509,0,29,57.93103448275862,3
at:44:46430,Traunkirchen Ort Bahnhof,47.8427633002807,13.7871184037646,0,17,98.82352941176471,4
at:44:46440,Ebensee Landungsplatz,47.8122767398557,13.7750360631915,0,29,57.93103448275862,3
at:44:46441,Ebensee Bahnhof,47.8043973802475,13.771469751513,0,30,56.0,3
at:44:46470,Steinkogel Bahnhst,47.7871865373981,13.7413582231852,0,16,105.0,4
at:44:46478,Linz/Donau Schwaigaustraße,48.24691837,14.38085989,3,50,33.6,4
at:44:46500,Bad Ischl Bahnhof,47.7121817058842,13.6274518451429,0,29,57.93103448275862,3
at:44:46534,Lauffen b.Bad Ischl Bahnhst,47.6749109426599,13.6166361291206,0,15,112.0,4
at:44:46570,Bad Goisern Jodschwefelbad Bahnhst,47.6585587908079,13.6088297693005,0,15,112.0,4
at:44:46571,Bad Goisern Bahnhof,47.6394657262084,13.6134830424729,0,29,57.93103448275862,3
at:44:46580,Steeg-Gosau Bahnhof,47.6164540032392,13.6317368090488,0,29,57.93103448275862,3
at:44:46630,Obersee OÖ Bahnhst,47.5915238053063,13.665818890933,0,15,112.0,4
at:44:46631,Hallstatt Bahnhst,47.5676545523749,13.6619920678221,0,26,64.61538461538461,4
at:44:46640,Obertraun-Dachsteinhöhlen Bahnhof,47.5576588359976,13.6835426514912,0,29,57.93103448275862,3
at:44:46701,Linz/Donau Theatergasse,48.30391372,14.28411133,3,43,39.06976744186046,4
at:44:46790,Aurachkirchen Bahnhof,47.967796558518,13.7456701365495,0,17,98.82352941176471,4
at:44:46900,Oberland OÖ Bahnhof,47.9023096434401,14.7449380924375,1,22,76.36363636363636,5
at:44:46910,Großraming Bahnhof,47.882082890143,14.5516026769624,0,20,84.0,4
at:44:46930,Küpfern Bahnhst,47.8586719195056,14.6104243617747,0,19,88.42105263157895,4
at:44:46933,Linz/Donau Hausleitnerweg,48.26954954,14.30068525,3,52,32.30769230769231,4
at:44:46940,Kastenreith Bahnhst,47.8514868193462,14.6377960284856,0,42,40.0,3
at:44:46942,Weyer/Enns Bahnhof,47.8621013687723,14.667763826368,1,24,70.0,5
at:44:46950,Kleinreifling Bahnhof,47.8242201966064,14.6422426891427,0,33,50.90909090909091,3
at:44:46957,Linz/Donau Worathweg,48.33249206,14.27042101,3,48,35.0,4
at:44:46958,Linz/Donau Urnenhain Urfahr,48.32423203,14.29350771,3,48,35.0,4
at:44:46960,Gaflenz Bahnhst,47.8938958400702,14.7241241273015,1,22,76.36363636363636,5
at:44:47000,Vöcklabruck Bahnhof,48.0099961598472,13.6637886983906,0,136,12.352941176470589,1
at:44:47060,Oberthalheim-Timelkam Bahnhst,48.0016900335213,13.6235531568093,1,27,62.22222222222222,5
at:44:47120,Ottnang-Wolfsegg Bahnhof,48.0921258472251,13.6648037946618,1,21,80.0,5
at:44:47130,Bergern am Hausruck Bahnhst,48.1009993192585,13.6308474769174,1,21,80.0,5
at:44:47147,Linz/Donau Sandbachweg,48.32927899,14.30449411,3,48,35.0,4
at:44:47150,Schwanenstadt Bahnhof,48.0542328805069,13.7684873447693,0,47,35.744680851063826,2
at:44:47151,Breitenschützing Bahnhof,48.0788757856237,13.8011590716573,1,28,60.0,4
at:44:47200,Attnang-Puchheim Bahnhof,48.012243752775,13.7205981569663,0,181,9.281767955801104,0
at:44:47230,Lehen-Altensam Bahnhst,48.0351768203487,13.7012484457436,1,21,80.0,5
at:44:47250,Wankham b.Attnang Bahnhst,47.997554502319,13.7308120017481,0,29,57.93103448275862,3
at:44:47270,Lenzing OÖ Bahnhof,47.983143673987,13.6136088066127,0,28,60.0,3
at:44:47271,Lenzing OÖ Ort Bahnhst,47.9717540490364,13.6067636441468,1,27,62.22222222222222,5
at:44:47300,Siebenmühlen-Rosenau Bahnhst,47.9592730909825,13.6056676995,1,27,62.22222222222222,5
at:44:47301,Kammer-Schörfling Bahnhst,47.9485460802713,13.5962353890154,0,28,60.0,3
at:44:47494,Linz/Donau Baumgartnergut,48.23217042,14.3288115,3,49,34.285714285714285,4
at:44:47495,Linz/Donau Gottschallinger Straße,48.22486966,14.32523621,3,49,34.285714285714285,4
at:44:47496,Linz/Donau Waldbothenweg,48.21887867,14.3223616,3,49,34.285714285714285,4
at:44:47497,Linz/Donau Kremstorferweg,48.2161792,14.3214543,3,49,34.285714285714285,4
at:44:47498,Rohrbach b.Linz Wambacherberg,48.21153411,14.32910795,3,49,34.285714285714285,4
at:44:47510,Grieskirchen-Gallspach Bahnhof,48.2312548892331,13.8383942401892,0,41,40.97560975609756,3
at:44:47511,Schlüßlberg Bahnhof,48.2236368059743,13.8691256060633,0,35,48.0,3
at:44:47650,Obertrattnach-Markt Hofkirchen Bahnhst,48.245464699888,13.7671039392316,0,25,67.2,4
at:44:47750,Bad Schallerbach-Wallern Bahnhof,48.2287954434942,13.9220543426109,0,40,42.0,3
at:44:47795,Kimpling Bahnhst,48.2666015924968,13.6707506418435,0,22,76.36363636363636,4
at:44:47800,Timelkam Bahnhof,48.0080970477614,13.5959838607359,0,31,54.193548387096776,3
at:44:47840,Neukirchen-Gampern Bahnhst,48.0201275822772,13.5500979160166,0,29,57.93103448275862,3
at:44:47841,Redl-Zipf Bahnhst,48.0262499382624,13.5148570074157,0,30,56.0,3
at:44:47860,Vöcklamarkt Bahnhof,47.9981496064433,13.4895694321642,0,30,56.0,3
at:44:47870,Frankenmarkt Bahnhof,47.9831075967769,13.4322479338766,0,31,54.193548387096776,3
at:44:47880,Pöndorf Bahnhof,47.9870458766814,13.3549928194316,0,29,57.93103448275862,3
at:44:47901,Oberhofen-Zell am Moos Bahnhst,47.9590444959189,13.3019922176611,0,31,54.193548387096776,3
at:44:47980,Wolfshütte Bahnhst,48.0529178604971,13.6815663578658,1,21,80.0,5
at:44:48000,Ried im Innkreis Bahnhof,48.2005482277103,13.4883028076135,0,58,28.96551724137931,2
at:44:48050,Bad Ried Bahnhst,48.2126355618005,13.4776757378008,1,23,73.04347826086956,5
at:44:48060,Oberbrunn im Innkreis Bahnhst,48.1709973890415,13.5123596909255,1,22,76.36363636363636,5
at:44:48080,Neuratting Bahnhst,48.2270779502253,13.3741898170559,1,30,56.0,4
at:44:48081,Gurten OÖ Bahnhst,48.2441186765431,13.334385466811,0,34,49.411764705882355,3
at:44:48101,Aurolzmünster Bahnhst,48.2490957950739,13.4580475488401,1,21,80.0,5
at:44:48140,St.Martin im Innkreis Bahnhof,48.2887936958839,13.4336942214842,1,21,80.0,5
at:44:48141,Hart im Innkreis Bahnhst,48.3164187127855,13.4150541793362,1,21,80.0,5
at:44:48153,Linz/Donau Piringerhofstraße,48.29027601,14.26957659,3,26,64.61538461538461,6
at:44:48154,Linz/Donau Reisetbauerstraße,48.28801666,14.27147204,3,52,32.30769230769231,4
at:44:48155,Linz/Donau Ziehrerstraße,48.28654025,14.27215476,3,52,32.30769230769231,4
at:44:48156,Linz/Donau Grabnerstraße,48.28331831,14.27584683,3,52,32.30769230769231,4
at:44:48157,Leonding Kollwitzstraße,48.28056246,14.27836212,3,53,31.69811320754717,4
at:44:48158,Linz/Donau Keferfeldstraße,48.27586342,14.2833298,3,52,32.30769230769231,4
at:44:48159,Linz/Donau Kuefsteinerstraße,48.27613844,14.2865278,3,52,32.30769230769231,4
at:44:48170,Kumpfmühl Bahnhof,48.2692685023944,13.6203282049389,0,22,76.36363636363636,4
at:44:48171,Riedau Bahnhof,48.3034536079945,13.626535563553,0,35,48.0,3
at:44:48184,Linz/Donau Maderspergerstraße,48.27570798,14.2899414,3,52,32.30769230769231,4
at:44:48190,Peterskirchen Bahnhof,48.233917659498,13.5497745225143,0,34,49.411764705882355,3
at:44:48201,Pram-Haag Bahnhof,48.2317395835744,13.6174985117935,0,37,45.4054054054054,3
at:44:48210,Wendling b.Haag Bahnhof,48.2464039040845,13.6502151544457,0,33,50.90909090909091,3
at:44:48300,Eberschwang Bahnhof,48.1518047791101,13.5369106476439,1,21,80.0,5
at:44:48310,Hausruck Bahnhof,48.1296671404832,13.5716574828385,1,21,80.0,5
at:44:48315,Schalchen-Mattighofen Bahnhst,48.0952398363653,13.1636067481233,0,31,54.193548387096776,3
at:44:48320,Holzleithen am Hausruck Bahnhst,48.1135539551056,13.6066199137013,1,21,80.0,5
at:44:48500,Schärding Bahnhof,48.4642204474756,13.4421114356976,0,56,30.0,2
at:44:48530,Wernstein/Inn Bahnhof,48.506387682348,13.4574546607525,0,32,52.5,3
at:44:48531,Gopperding Bahnhst,48.4409902821885,13.4583260265782,1,21,80.0,5
at:44:48790,Taufkirchen/Pram Bahnhof,48.4072969065227,13.5212709785452,0,35,48.0,3
at:44:48800,Andorf Bahnhof,48.3697978181439,13.5657914840324,0,37,45.4054054054054,3
at:44:48880,Zell/Pram Bahnhof,48.3170459730176,13.6242089269668,0,22,76.36363636363636,4
at:44:48900,Suben Bahnhof,48.4026632151704,13.4331103165495,1,21,80.0,5
at:44:48920,Dietrichshofen Bahnhst,48.3701916842161,13.4221778195402,1,21,80.0,5
at:44:48930,Antiesenhofen Bahnhof,48.347634961175,13.4020914897845,1,21,80.0,5
at:44:49000,Braunau/Inn Bahnhof,48.259054559776,13.0481552677921,0,65,25.846153846153847,2
at:44:49100,Hagenau im Innkreis Bahnhst,48.2653099448568,13.1146665314376,1,30,56.0,4
at:44:49110,Mining Bahnhof,48.2713373545704,13.1718802318911,0,34,49.411764705882355,3
at:44:49120,Mühlheim/Inn Bahnhst,48.2697050012989,13.2206138360614,1,30,56.0,4
at:44:49130,Obernberg-Altheim Bahnhof,48.2705361327404,13.2577771393706,0,34,49.411764705882355,3
at:44:49131,Geinberg Bahnhst,48.2662727038343,13.2907273439967,0,31,54.193548387096776,3
at:44:49190,St.Georgen/Mattig Bahnhof,48.2163587719652,13.0988022835179,0,29,57.93103448275862,3
at:44:49210,Mauerkirchen Bahnhof,48.1913506037245,13.1288868623872,0,29,57.93103448275862,3
at:44:49220,Uttendorf-Helpfau Bahnhof,48.1603923074264,13.1334323377255,0,29,57.93103448275862,3
at:44:49250,Furth b.Mattighofen Bahnhst,48.1320234275872,13.1397744436322,0,27,62.22222222222222,4
at:44:49320,Achenlohe Bahnhst,48.0454834628936,13.1979313751342,0,5,336.0,-1
at:44:49330,Teichstätt Bahnhof,48.0201155651618,13.2128344256999,0,5,336.0,-1
at:44:49331,Friedburg Bahnhof,47.9971457399539,13.2341244979365,0,56,30.0,2
at:44:49650,Mattighofen Bahnhof,48.1087376083892,13.1522071271662,0,31,54.193548387096776,3
at:44:49666,Munderfing Bahnhof,48.0734499567223,13.1798482884624,0,31,54.193548387096776,3
at:44:49759,Lasberg-St.Oswald Bahnhst,48.4608786750852,14.5216438622328,0,14,120.0,4
at:44:49841,Schlägl Bahnhst,48.6365734843422,13.9754052873422,0,15,112.0,4
at:44:49844,Aigen-Schlägl Bahnhof,48.642640082591,13.9750279949228,0,15,112.0,4
at:44:99981,TP Summerau(Gr),48.593118414952,14.4336359138354,0,30,56.0,3
at:45:50002,Salzburg Hauptbahnhof 7,47.8128739779457,13.0460352437213,0,322,5.217391304347826,0
at:45:50034,Salzburg Liefering S-Bahn 1,47.8241960711805,13.000499641963,0,89,18.876404494382022,1
at:45:50209,Wallersee S-Bahn 1,47.9192716154518,13.1593577168288,1,30,56.0,4
at:45:50210,Köstendorf Weng S-Bahn 1,47.9362641381288,13.1750063690803,1,57,29.473684210526315,3
at:45:50230,Eugendorf S-Bahn 2,47.8733524674419,13.1167685892027,1,30,56.0,4
at:45:50253,Salzburg Kasern S-Bahn 1,47.8390250614774,13.0653130897212,1,58,28.96551724137931,3
at:45:50254,Hallwang-Elixhausen S-Bahn 1,47.8577678089782,13.09138219927,0,58,28.96551724137931,2
at:45:50273,Neumarkt Bahnhof 1,47.955338708528,13.2255545701248,0,118,14.23728813559322,1
at:45:50281,Steindorf Bahnhof 1,47.9665815841754,13.238598108052,0,32,52.5,3
at:45:50290,Straßwalchen Bahnhof 1,47.9720908427371,13.2643528072513,0,60,28.0,2
at:45:50456,Salzburg Parsch S-Bahn 1,47.798659054605,13.0733440283624,1,56,30.0,3
at:45:50457,Salzburg Aigen S-Bahn 2,47.7887678554297,13.0787069706093,1,56,30.0,3
at:45:50458,Salzburg-Süd S-Bahn 1,47.7700545207365,13.0785632401638,0,92,18.26086956521739,1
at:45:50470,Elsbethen S-Bahn 2,47.760810063248,13.0803329212738,1,55,30.545454545454547,3
at:45:50475,Puch S-Bahn 2,47.7129191127704,13.0906186312784,1,56,30.0,3
at:45:50489,Oberalm 1,47.7004603710145,13.0931698466856,1,56,30.0,3
at:45:50494,Hallein Bahnhof 2,47.6850717408354,13.0995568683566,0,91,18.46153846153846,1
at:45:50500,Hallein Burgfried S-Bahn 1,47.6757698485924,13.1146665314376,1,56,30.0,3
at:45:50578,Kuchl Garnei S-Bahn 1,47.6516546244669,13.128329906911,1,56,30.0,3
at:45:50580,Kuchl S-Bahn 1,47.6249370090466,13.1421549791355,0,79,21.265822784810126,2
at:45:50591,Golling-Abtenau Bahnhof 3,47.6007861915132,13.1640020068483,0,103,16.310679611650485,1
at:45:50861,Salzburg Sam S-Bahn 1,47.8195396540721,13.0631930656504,1,56,30.0,3
at:45:51023,Salzburg Mülln-Altstadt S-Bahn 2,47.8084639065245,13.0345996901529,0,116,14.482758620689655,1
at:45:51024,Salzburg Aiglhof S-Bahn 2,47.8078907507305,13.0268921450141,0,90,18.666666666666668,1
at:45:52011,Hüttau Bahnhof 2,47.4156827897973,13.3206502261149,1,16,105.0,5
at:45:52099,Bischofshofen Bahnhof 4,47.4177920460833,13.2201107795022,0,99,16.96969696969697,1
at:45:52106,Pöham Bahnhof 1,47.430348577946,13.2545521875002,1,15,112.0,5
at:45:52114,Radstadt Bahnhof 1,47.3843987442143,13.4680547811066,0,32,52.5,3
at:45:52183,Altenmarkt Bahnhof 1,47.3824280484658,13.4285109422941,1,17,98.82352941176471,5
at:45:52189,Eschenau Bahnhof 1,47.3062444075745,13.0073807370403,1,18,93.33333333333333,5
at:45:52191,Lend Bahnhof 2,47.2976854488956,13.0548297503541,0,42,40.0,3
at:45:52192,Mitterberghütten Bahnhof 1,47.3953517934407,13.222518264464,1,37,45.4054054054054,4
at:45:52197,Schwarzach-St.Veit Bahnhof 1,47.3186630936919,13.1543990164597,0,82,20.48780487804878,2
at:45:52199,Dorfgastein Bahnhof 1,47.2387219960024,13.1030962305765,0,13,129.23076923076923,-1
at:45:52201,Bad Hofgastein Bahnhof 1,47.1961455979624,13.1015151956763,0,21,80.0,4
at:45:52204,Bad Gastein Bahnhof 2,47.1115443995315,13.1320129995764,0,17,98.82352941176471,4
at:45:52205,Böckstein Bahnhof 1,47.080857042786,13.1301804363965,1,28,60.0,4
at:45:52210,Tenneck Bahnhof 1,47.4945126810836,13.1789499731782,1,32,52.5,4
at:45:52294,Dorfgastein Abzw Bahnhof A,47.2402589391435,13.1042640404461,3,4,420.0,-1
at:45:52343,Eben Bahnhof 1,47.4070503707522,13.3962973562011,1,17,98.82352941176471,5
at:45:52385,St.Johann Bahnhof 3,47.3483123944447,13.1948321874036,0,73,23.013698630136986,2
at:45:52418,Mandling Bahnhof 1,47.4042840498267,13.5677048955878,1,18,93.33333333333333,5
at:45:52428,Pfarrwerfen Bahnhof 2,47.4607186183503,13.2000244497465,1,33,50.90909090909091,4
at:45:52434,Werfen Bahnhof 2,47.4729491627435,13.1951825303645,0,61,27.540983606557376,2
at:45:52495,Niedernfritz-St.Martin Bahnhof 1,47.4212991814387,13.3446711768156,1,16,105.0,5
at:45:54001,Saalfelden Bahnhof 2,47.4268359680717,12.8298287211093,0,51,32.94117647058823,2
at:45:54104,Zell am See Bahnhof 3,47.3205691858669,12.7967617354963,0,46,36.52173913043478,2
at:45:54179,Bruck-Fusch Bahnhof 1,47.2845732398113,12.8281488715278,0,42,40.0,3
at:45:54180,Taxenbach-Rauris Bahnhof 1,47.2927870299816,12.9471217477732,0,42,40.0,3
at:45:54252,Leogang Steinberge Bahnhof 1,47.4454051724687,12.7689229448376,0,29,57.93103448275862,3
at:45:54253,Maishofen-Saalbach Bahnhof 1,47.3588834872379,12.8103262962884,0,20,84.0,4
at:45:54276,Leogang Bahnhof 1,47.4434003056585,12.740275670423,0,29,57.93103448275862,3
at:45:56183,Seekirchen Bahnhof 1,47.899057512198,13.1293809357935,0,87,19.310344827586206,1
at:45:56199,Bad Vigaun S-Bahn 2,47.6641613257464,13.1240449430051,1,56,30.0,3
at:45:56483,Straßwalchen West,47.9767455878307,13.2454163210594,0,56,30.0,2
at:45:56533,Salzburg Gnigl S-Bahn 1,47.8119871674001,13.0663461522981,1,61,27.540983606557376,3
at:45:56656,Puch Urstein (FH) 2,47.7241058666292,13.0881123316353,1,61,27.540983606557376,3
at:45:56702,Salzburg Taxham Europark S-Bahn 1,47.8161134224544,13.0104260258539,0,116,14.482758620689655,1
at:45:56900,Gries Bahnhof 1,47.2880161187099,12.8906805984641,0,20,84.0,4
at:45:56901,Gerling Bahnhof 2,47.3902860630438,12.8274661519118,1,19,88.42105263157895,5
at:46:1034,Studenzen-Fladnitz,46.9992031109601,15.774676902767,0,39,43.07692307692308,3
at:46:1745,Pernegg Bahnhof 2,47.35947375066,15.3429735266176,0,47,35.744680851063826,2
at:46:1746,Flughafen Graz-Feldkirchen Bahnhof,46.9979777795337,15.449343039425,1,65,25.846153846153847,3
at:46:1747,Werndorf Bahnhof,46.9163197190372,15.4767955545115,1,65,25.846153846153847,3
at:46:1748,Wildon Bahnhof,46.8837763241821,15.52141487468,1,61,27.540983606557376,3
at:46:1749,Lebring Bahnhof,46.8557530566974,15.5321497423267,1,61,27.540983606557376,3
at:46:1751,Lichendorf Bahnhof,46.7139020779385,15.6981134910909,1,21,80.0,5
at:46:1752,Weitersfeld an der Mur Bahnhof,46.7146288615495,15.7219098629705,1,21,80.0,5
at:46:1753,Mureck Bahnhof,46.7113336201544,15.7710836416301,1,21,80.0,5
at:46:1756,Purkla Bahnhof,46.7316069435731,15.9032437862481,1,20,84.0,5
at:46:1757,Halbenrain Bahnhof,46.7237066727307,15.949147697273,1,20,84.0,5
at:46:1758,Judendorf-Straßengel Bahnhof 2,47.1185991342982,15.3432699706614,0,49,34.285714285714285,2
at:46:1759,Stübing Bahnhof 1,47.1774702731869,15.3223931234556,0,49,34.285714285714285,2
at:46:1760,Peggau-Deutschfeistritz Bahnhof 2,47.2075221754074,15.3431352233688,0,53,31.69811320754717,2
at:46:1761,Laßnitzhöhe 2,47.0788811447733,15.5883213970505,0,39,43.07692307692308,3
at:46:1762,Takern-St.Margarethen Bahnhof,47.045340879914,15.7578963732574,0,35,48.0,3
at:46:1764,Rohr Haltestelle,46.9765238016064,15.8120468185916,0,31,54.193548387096776,3
at:46:1765,Gniebing,46.9620692257391,15.8525428716054,0,31,54.193548387096776,3
at:46:1766,Lödersdorf,46.9546687858387,15.9462102062935,0,32,52.5,3
at:46:1767,Hohenbrugg an der Raab,46.944274559436,16.0604489609909,0,21,80.0,4
at:46:1768,Hatzendorf Bahnhof,46.9793860552844,16.0033610246772,0,12,140.0,-1
at:46:1770,Söchau Bahnhof,47.028749592341,16.0135299536948,0,12,140.0,-1
at:46:1771,Übersbach Bahnhof,47.0268329969131,16.0539271920273,0,12,140.0,-1
at:46:1772,Bierbaum/Safen Bahnhof,47.0978846555311,16.0743728478967,0,12,140.0,-1
at:46:1774,Bad Waltersdorf Bahnhof,47.1703622780116,16.013574869459,0,12,140.0,-1
at:46:1775,Sebersdorf Bahnhof,47.1891133603673,15.9989053808673,0,12,140.0,-1
at:46:1794,Kalsdorf Bahnhof,46.9642333697302,15.4699503920456,1,64,26.25,3
at:46:1827,Leibnitz Bahnhof,46.7798270595866,15.547412119006,0,75,22.4,2
at:46:1839,Spielfeld-Straß Bahnhof,46.7096582053222,15.6288623658285,0,99,16.96969696969697,1
at:46:1858,Gosdorf Bahnhof,46.7246057486456,15.7977366561136,1,21,80.0,5
at:46:1891,Bad Radkersburg Bahnhof,46.6995060503683,15.9933807418692,1,20,84.0,5
at:46:1923,Feldbach 3,46.9586235807284,15.8892749835781,0,41,40.97560975609756,3
at:46:1960,Fehring,46.9495485784874,16.0128652003845,0,72,23.333333333333332,2
at:46:1982,Fürstenfeld Bahnhof,47.0420720084774,16.0839848214381,0,12,140.0,-1
at:46:2022,Hartberg Bahnhof,47.2809351225163,15.9846401341535,0,18,93.33333333333333,4
at:46:2042,Frohnleiten Bahnhof 2,47.2664715895702,15.3273428406718,0,61,27.540983606557376,2
at:46:2051,Mixnitz-Bärenschützklamm Bahnhof 1,47.331894704931,15.3599966012541,0,47,35.744680851063826,2
at:46:2065,Bruck/Mur Bahnhof 1,47.4136342381198,15.2792021245891,0,221,7.601809954751131,0
at:46:2244,Laßnitzthal 1,47.0882767113615,15.6571592972822,1,29,57.93103448275862,4
at:46:2735,Bad Blumau Bahnhof,47.1232447226609,16.0567658683255,0,12,140.0,-1
at:46:28,Gleisdorf 2,47.098936470302,15.7099982023014,0,42,40.0,3
at:46:30205,Spielfeld Tarifpunkt Grenze (Bahn),46.6920200775411,15.6403608014668,0,20,84.0,4
at:46:3038,Graz Ostbahnhof 2,47.0531265983253,15.4484537072936,0,44,38.18181818181818,2
at:46:3039,Raaba 1,47.0302130166348,15.4967561201275,0,42,40.0,3
at:46:3040,Graz Hbf 5,47.0726165131182,15.4162670706591,0,250,6.72,0
at:46:30454,Leoben Lerchenfeld Bahnhof,47.385450968256,15.114145674262,0,58,28.96551724137931,2
at:46:3747,Graz Liebenau Murpark 1,47.040137525801,15.4622967458238,0,42,40.0,3
at:46:3918,Kaindorf Bahnhof,46.8020362533423,15.5423725702614,0,65,25.846153846153847,2
at:46:4279,Graz Puntigam Bahnhof,47.0305742741974,15.4293645075034,0,71,23.661971830985916,2
at:46:4498,Graz Don Bosco Bahnhof 1,47.0580349340922,15.4190608311931,0,114,14.736842105263158,1
at:46:5205,St.Johann in der Haide Bahnhof,47.2804719606536,16.0353500319491,0,15,112.0,4
at:46:5211,Grafendorf Bahnhof,47.3468698877301,16.003540687734,0,16,105.0,4
at:46:5230,Rohrbach-Vorau Bahnhof,47.3893434064149,15.9858348934816,0,16,105.0,4
at:46:525,Gratwein-Gratkorn Bahnhof 2,47.1291122544742,15.3231387251415,0,57,29.473684210526315,2
at:46:5511,Unzmarkt Bahnhof 3,47.2010224446483,14.4422148247999,0,63,26.666666666666668,2
at:46:6092,Kapfenberg Bahnhof A/B,47.4450953344082,15.292551089713,0,90,18.666666666666668,1
at:46:6155,St.Marein-St.Lorenzen Bahnhof,47.4733256288884,15.3732737011552,0,42,40.0,3
at:46:6313,Kindberg Bahnhof,47.5012919468317,15.4485165893635,0,40,42.0,3
at:46:6344,Leoben Hauptbahnhof A,47.3859497029502,15.0897204816834,0,113,14.867256637168142,1
at:46:6539,Krieglach Bahnhof,47.5473095328863,15.5607071852128,0,41,40.97560975609756,3
at:46:6750,St.Michael Bahnhof,47.346346436727,15.0093032974378,0,65,25.846153846153847,2
at:46:6770,Mautern Bahnhof,47.3968902682111,14.8353086100325,0,18,93.33333333333333,4
at:46:6892,Stainach-Irdning Bahnhof,47.5291827196225,14.1072240721523,0,48,35.0,2
at:46:6938,Selzthal Bahnhof,47.5503593641829,14.3135311603319,0,59,28.47457627118644,2
at:46:6947,Rottenmann Bahnhof,47.5278422146281,14.3648069967566,0,29,57.93103448275862,3
at:46:7024,Gröbming Bahnhof,47.4265989496206,13.9001893485924,1,17,98.82352941176471,5
at:46:7063,Bad Aussee Bahnhof,47.5990840708468,13.7767967611486,0,18,93.33333333333333,4
at:46:7112,Tauplitz Bahnhof,47.5516750417758,14.0101521225368,0,16,105.0,4
at:46:7189,Haus Bahnhof,47.4170383157867,13.800494318347,1,17,98.82352941176471,5
at:46:7208,Schladming Bahnhof,47.3940139527803,13.678476153288,0,46,36.52173913043478,2
at:46:7316,Bad Mitterndorf Bahnhof,47.5505170047145,13.9440091681579,0,18,93.33333333333333,4
at:46:7420,Kapfenberg Fachhochschule,47.4537761845344,15.3298042245506,0,42,40.0,3
at:46:7421,Allerheiligen-Mürzhofen Bahnhof,47.4821110969833,15.4032325158848,1,31,54.193548387096776,4
at:46:7422,Wartberg Bahnhof,47.5273812185684,15.4840449588554,0,35,48.0,3
at:46:7423,Mitterdorf-Veitsch Bahnhof,47.5364184286851,15.5125305365188,0,41,40.97560975609756,3
at:46:7424,Langenwang Bahnhof,47.567909118182,15.613267612494,1,31,54.193548387096776,4
at:46:7426,Mürzzuschlag Bahnhof,47.6084238518851,15.677811565667,0,80,21.0,2
at:46:7427,Spital am Semmering Bahnhof,47.6164418923256,15.7479160904494,1,13,129.23076923076923,6
at:46:7428,Steinhaus Bahnhof,47.6208198048324,15.7838487018192,1,13,129.23076923076923,6
at:46:7431,Kammern Bahnhof,47.389872512534,14.903643453705,0,18,93.33333333333333,4
at:46:7432,Kalwang Bahnhof,47.4237364117414,14.7463664137394,0,18,93.33333333333333,4
at:46:7433,Wald am Schoberpaß Bahnhof,47.4502772878522,14.6708630140987,0,18,93.33333333333333,4
at:46:7435,Gaishorn Bahnhof,47.4891104909456,14.5470122858599,0,18,93.33333333333333,4
at:46:7436,Trieben Bahnhof,47.4890679996071,14.4897267201836,0,19,88.42105263157895,4
at:46:7437,Liezen Bahnhof 1,47.5626114699446,14.2422139099157,0,40,42.0,3
at:46:7438,Wörschach Schwefelbad Bahnhof,47.5455389728656,14.1395185066209,1,16,105.0,5
at:46:7441,Niederöblarn Bahnhof,47.4819957479013,14.0145089516654,1,17,98.82352941176471,5
at:46:7442,Öblarn Bahnhof,47.4607246918193,13.9876583078193,1,18,93.33333333333333,5
at:46:7443,Stein an der Enns Bahnhof,47.4374034752551,13.9419699924626,1,17,98.82352941176471,5
at:46:7444,Pruggern Bahnhof,47.4233292015621,13.8745244809216,1,17,98.82352941176471,5
at:46:7445,Aich-Assach Bahnhof,47.4203023764361,13.8211645530374,1,17,98.82352941176471,5
at:46:7447,Pichl bei Schladming Bahnhof,47.3883034237349,13.613024901678,1,18,93.33333333333333,5
at:46:7449,Ardning Bahnhof,47.5906695720126,14.359309307217,0,15,112.0,4
at:46:7456,Weißenbach-St.Gallen Bahnhof,47.7140070710886,14.6353526109125,0,14,120.0,4
at:46:7461,Niklasdorf Bahnhof 2,47.3936673248874,15.1545249462888,0,65,25.846153846153847,2
at:46:7463,Kraubath an der Mur Bahnhof,47.3060190292743,14.9453612155053,0,36,46.666666666666664,3
at:46:7465,Fentsch-St.Lorenzen Bahnhof,47.2518150794249,14.8925672262502,0,34,49.411764705882355,3
at:46:7466,Knittelfeld Bahnhof,47.2154733449547,14.8380844042608,0,54,31.11111111111111,2
at:46:7468,Zeltweg Bahnhof,47.1901084297481,14.7500944221691,0,35,48.0,3
at:46:7469,Judenburg Bahnhof,47.1750155576593,14.6626524124007,0,54,31.11111111111111,2
at:46:7470,Thalheim-Pöls Bahnhof,47.1966705366546,14.5893049694421,0,34,49.411764705882355,3
at:46:7471,St.Georgen ob Judenburg Bahnhof,47.2121538918749,14.4995902220046,0,34,49.411764705882355,3
at:46:7472,Scheifling Bahnhof,47.1484949553355,14.4182567561691,0,16,105.0,4
at:46:7473,Mariahof-St.Lambrecht Bahnhof,47.106304706225,14.3728020027863,0,14,120.0,4
at:46:7474,Neumarkt Bahnhof,47.0734730491898,14.4149689222288,0,14,120.0,4
at:46:7510,Pürgg Bahnhof,47.5286853416766,14.0646439276791,0,14,120.0,4
at:46:7512,Bad Mitterndorf-Heilbrunn Bahnhof,47.5512870112655,13.925072681966,0,16,105.0,4
at:46:7513,Kainisch Bahnhof,47.5698425657119,13.8427600524707,0,16,105.0,4
at:46:7542,Dechantskirchen Bahnhof,47.4186916455392,16.0221717467293,0,17,98.82352941176471,4
at:46:7543,Friedberg,47.4345597544657,16.0535409164551,0,20,84.0,4
at:46:7547,Pinggau Markt Bahnhof,47.4405933637551,16.0611765963712,0,21,80.0,4
at:46:7548,Tauchen-Schaueregg Bahnhof,47.4828153279913,16.0548524567701,0,21,80.0,4
at:46:76,Ehrenhausen Bahnhof,46.7276415586498,15.5855905185864,0,55,30.545454545454547,2
at:46:942,Feldkirchen-Seiersberg Bahnhof,47.0124961505099,15.440449718111,1,65,25.846153846153847,3
at:46:977,Hart b.Graz Bahnhof 1,47.0421393468009,15.5076347182197,0,30,56.0,3
at:47:1150,Lienz-Peggetz Bahnhof,46.8273217978306,12.7923150748393,1,28,60.0,4
at:47:1153,Hochfilzen Bahnhof,47.4674961732612,12.6264411576035,0,53,31.69811320754717,2
at:47:1154,Pfaffenschwendt Bahnhof,47.4685588826344,12.5809774210679,1,30,56.0,4
at:47:1155,Fieberbrunn Bahnhof,47.4910164956281,12.5294410732108,0,53,31.69811320754717,2
at:47:1156,St. Johann i. T. Grieswirt Bahnhof,47.5097572133851,12.4668195147461,1,30,56.0,4
at:47:1157,St. Johann i. T. Bahnhof,47.5196407322749,12.4306713077081,0,57,29.473684210526315,2
at:47:1159,Oberndorf in Tirol,47.4974502680681,12.3908130585462,1,30,56.0,4
at:47:1160,Kitzbühel Bahnhof,47.4539644866086,12.3910196710616,0,57,29.473684210526315,2
at:47:1161,Kitzbühel Hahnenkamm Bahnhof,47.4433577773532,12.389968642179,0,42,40.0,3
at:47:1162,Kitzbühel Schwarzsee Bahnhof,47.4534785443966,12.3705470657336,1,30,56.0,4
at:47:1163,Kirchberg i. T. Bahnhof,47.4489529919256,12.3088956877759,0,57,29.473684210526315,2
at:47:1164,Brixen i. Th. Bahnhof,47.4492324332913,12.2613748092394,0,53,31.69811320754717,2
at:47:1165,Westendorf Bahnhof,47.441061197806,12.2227113194055,0,53,31.69811320754717,2
at:47:1166,Windau Bahnhof,47.4389285698851,12.1868685395641,1,30,56.0,4
at:47:1167,Hopfgarten i. Br. Berglift Bahnhof,47.4469543353968,12.1586165238746,0,54,31.11111111111111,2
at:47:1168,Hopfgarten i. Br. Bahnhof,47.455634878714,12.1490314997918,1,30,56.0,4
at:47:1169,Wörgl Süd-Bruckhäusl Bahnhof,47.4868887548736,12.1090834191014,1,30,56.0,4
at:47:1170,Wörgl Hbf,47.4916052792686,12.060358798084,0,179,9.385474860335195,0
at:47:1172,Kundl Bahnhof,47.4761065371877,11.9820796042149,0,53,31.69811320754717,2
at:47:1173,Rattenberg-Kramsach Bahnhof 1,47.4391959125971,11.89603896629,0,52,32.30769230769231,2
at:47:1174,Brixlegg Bahnhof,47.4348331958352,11.8800938699946,0,52,32.30769230769231,2
at:47:1175,Münster-Wiesing Bahnhof,47.403372044054,11.8197540323519,0,52,32.30769230769231,2
at:47:1178,Stans Bahnhof,47.3652786699997,11.7262304281092,1,56,30.0,3
at:47:1179,Schwaz Bahnhof,47.3497244303448,11.701499808334,0,108,15.555555555555555,1
at:47:1180,Pill-Vomperbach Bahnhof,47.3239792750536,11.6770656326025,1,56,30.0,3
at:47:1181,Terfens-Weer Bahnhof,47.3159773966459,11.6345843028106,1,56,30.0,3
at:47:1182,Fritzens-Wattens Bahnhof,47.3020899828974,11.5895248081529,1,56,30.0,3
at:47:1183,Volders-Baumkirchen Bahnhof,47.2962902986786,11.564488761181,1,56,30.0,3
at:47:1184,Hall in Tirol Bahnhof,47.2769615494567,11.5011934662531,0,108,15.555555555555555,1
at:47:1186,Rum Bahnhof,47.2779184033758,11.4570861857967,0,122,13.770491803278688,1
at:47:1187,Innsbruck Hauptbahnhof,47.2631980039047,11.4008246995445,0,321,5.233644859813084,0
at:47:1189,Innsbruck Westbahnhof,47.255949065016,11.3918595130077,0,133,12.631578947368421,1
at:47:1191,Völs Bahnhof,47.2556137242302,11.3214585441814,0,90,18.666666666666668,1
at:47:1192,Kematen i. T. Bahnhof,47.2612715534805,11.2765607462749,0,60,28.0,2
at:47:1193,Oberhofen i. I. Bahnhof,47.3019498719755,11.0957029300979,1,56,30.0,3
at:47:1194,Zirl Bahnhof,47.2659168621112,11.2298393683413,0,60,28.0,2
at:47:1195,Inzing Bahnhof,47.2777233772294,11.1991169856202,1,57,29.473684210526315,3
at:47:1196,Hatting Bahnhof,47.2813373387392,11.170505643817,1,57,29.473684210526315,3
at:47:1197,Flaurling Bahnhof,47.2889423062856,11.1431249939532,1,56,30.0,3
at:47:1198,Telfs-Pfaffenhofen Bahnhof,47.3005852940121,11.0787966364485,0,90,18.666666666666668,1
at:47:1199,Rietz Bahnhof,47.2920315120498,11.0247090731841,0,36,46.666666666666664,3
at:47:1200,Stams Bahnhof,47.2818979986751,10.9798382247361,0,58,28.96551724137931,2
at:47:1201,Mötz Bahnhof,47.2752428257161,10.9599585074957,0,35,48.0,3
at:47:1202,Silz Bahnhof,47.270189942224,10.9367550237037,0,57,29.473684210526315,2
at:47:1203,Haiming Bahnhof,47.2532723766615,10.8901504267571,0,35,48.0,3
at:47:1204,Ötztal-Bahnhof,47.2386427080438,10.8592124483677,0,76,22.105263157894736,2
at:47:1205,Roppen Bahnhof,47.2157418210478,10.8174318044975,0,29,57.93103448275862,3
at:47:1206,Imst-Pitztal Bahnhof,47.2187437793295,10.7637664494167,0,48,35.0,2
at:47:1209,Imsterberg Bahnhof,47.2112019515533,10.706049692404,0,28,60.0,3
at:47:1210,Schönwies Bahnhof,47.1973053392986,10.6607296863139,0,29,57.93103448275862,3
at:47:1212,Landeck-Zams Bahnhof,47.1482872337089,10.5785338378055,0,61,27.540983606557376,2
at:47:1222,St. Anton a. A. Bahnhof,47.1274681884331,10.2671777602863,0,18,93.33333333333333,4
at:47:211,Innsbruck Messe Bahnhof,47.2728352996644,11.4071578222984,0,122,13.770491803278688,1
at:47:2181,Kirchbichl Bahnhof,47.5196710655631,12.0938479918806,0,32,52.5,3
at:47:2183,Schaftenau Bahnhof,47.5588045909843,12.1252710605235,0,46,36.52173913043478,2
at:47:2184,Kufstein Bahnhof,47.5821385910481,12.1657671135372,0,114,14.736842105263158,1
at:47:2221,Innsbruck Hötting Bahnhof,47.261369096959,11.3737584600302,1,41,40.97560975609756,4
at:47:2222,Innsbruck Allerheiligenhöfe Bahnhof,47.269141515132,11.3534834840648,1,41,40.97560975609756,4
at:47:2223,Kranebitten Bahnhof,47.2696596357673,11.3284115044815,1,41,40.97560975609756,4
at:47:2225,Hochzirl Bahnhof,47.2810509123484,11.2493687426208,1,41,40.97560975609756,4
at:47:2226,Leithen Bahnhof,47.2907946327823,11.2218443623116,1,41,40.97560975609756,4
at:47:2227,Reith b. S. Bahnhof,47.30089598227,11.2007339531318,1,41,40.97560975609756,4
at:47:2228,Seefeld i. T. Bahnhof,47.3288017396844,11.1895948436072,1,41,40.97560975609756,4
at:47:2230,Gießenbach Bahnhof,47.3746114463162,11.2367743623357,1,36,46.666666666666664,4
at:47:2231,Scharnitz Bahnhof,47.3918672556579,11.2668589412051,1,41,40.97560975609756,4
at:47:2261,Unterberg-Stefansbrücke Bahnhof,47.2141309441001,11.3919313782304,1,4,420.0,-1
at:47:2262,Patsch Bahnhof,47.1934842009701,11.4158624974027,1,3,560.0,-1
at:47:2263,Matrei a. Br. Bahnhof,47.127132034844,11.4526844409039,0,58,28.96551724137931,2
at:47:2264,Steinach a. Br. Bahnhof,47.0894449244422,11.46989616175,0,57,29.473684210526315,2
at:47:2265,St. Jodok a. Br. Bahnhof,47.0633344501987,11.4992710715448,0,33,50.90909090909091,3
at:47:2266,Gries a. Br. Bahnhof,47.041141506578,11.4852753194163,0,33,50.90909090909091,3
at:47:294,Hall-Thaur Bahnhof,47.2770042121019,11.4746392664508,1,56,30.0,3
at:47:3871,Nikolsdorf Bahnhof,46.7790273331025,12.8954686189291,1,28,60.0,4
at:47:3872,Dölsach Bahnhof,46.8147696534968,12.833386049635,1,28,60.0,4
at:47:3873,Lienz Bahnhof,46.8283850916648,12.7712855140351,0,63,26.666666666666668,2
at:47:3875,Thal Bahnhof,46.7841330749378,12.6707999663395,1,31,54.193548387096776,4
at:47:3876,Mittewald Bahnhof,46.7696388864413,12.5950719878777,1,31,54.193548387096776,4
at:47:3877,Abfaltersbach Bahnhof,46.7581810418443,12.5293422585295,1,31,54.193548387096776,4
at:47:3878,Tassenbach Bahnhof,46.7468254033257,12.465570856501,1,31,54.193548387096776,4
at:47:3879,Sillian Bahnhof,46.7458651420689,12.4253981969896,0,33,50.90909090909091,3
at:47:3880,Weitlanbrunn Bahnhof,46.7425164048779,12.3954932811771,1,28,60.0,4
at:47:3881,Heinfels Bahnhof,46.745828208602,12.444190952736,1,31,54.193548387096776,4
at:47:61321,Jenbach Bahnhof,47.3882973419045,11.7775871129095,0,153,10.980392156862745,1
at:48:1029,Götzis Bahnhof,47.3373800107614,9.63744077972521,0,113,14.867256637168142,1
at:48:1098,Hard-Fussach Bahnhof,47.4798526373119,9.68833034057766,1,69,24.347826086956523,3
at:48:1099,Dornbirn Haselstauden Bahnhof,47.4327246222875,9.74913730216818,1,70,24.0,3
at:48:1133,Hohenems Bahnhof,47.3647554015789,9.68114381830371,0,115,14.608695652173912,1
at:48:1184,Klaus Bahnhof,47.3087174144468,9.62429842711671,1,71,23.661971830985916,3
at:48:1226,Langen a. A. Bahnhof,47.1314713087892,10.1215518695575,0,17,98.82352941176471,4
at:48:1252,Lauterach Bahnhof,47.4773572907542,9.72432583401734,1,75,22.4,3
at:48:130,Bludenz Bahnhof,47.1547750964851,9.81448973909697,0,179,9.385474860335195,0
at:48:1303,Lorüns Bahnhof,47.1310007285886,9.85291068380411,1,55,30.545454545454547,3
at:48:1305,Ludesch Bahnhof,47.1801691080421,9.77147840328734,0,61,27.540983606557376,2
at:48:1313,Lustenau Bahnhof,47.4507936327332,9.66724688085644,1,69,24.347826086956523,3
at:48:134,Schruns Bahnhof,47.079584646274,9.91759836742256,1,55,30.545454545454547,3
at:48:1377,Nenzing Bahnhof,47.1914453340856,9.70875803014139,0,92,18.26086956521739,1
at:48:139,Kaltenbrunnen Bahnhof,47.0853835917109,9.88816057555787,1,55,30.545454545454547,3
at:48:1405,Nüziders Bahnhof,47.1711378529337,9.79361289189113,0,60,28.0,2
at:48:1436,Rankweil Bahnhof,47.2723294005178,9.63755756071216,0,115,14.608695652173912,1
at:48:146,Schwarzach Bahnhof,47.4460734444255,9.75433854766396,1,72,23.333333333333332,3
at:48:1679,Schlins Bahnhof,47.1949369984411,9.69048629725985,1,58,28.96551724137931,3
at:48:187,St. Anton im Montafon Bahnhof,47.1099670432124,9.86622371631662,1,55,30.545454545454547,3
at:48:233,Sulz-Röthis Bahnhof,47.2940238626521,9.63461108657984,1,57,29.473684210526315,3
at:48:2383,Lauterach Unterfeld Bahnhof,47.4809272391017,9.7178399976651,1,56,30.0,3
at:48:276,Tisis Bahnhof,47.2272179028968,9.57575346915614,1,16,105.0,5
at:48:326,Vandans Bahnhof,47.0987713612186,9.8687389991125,1,55,30.545454545454547,3
at:48:356,Wolfurt Bahnhof,47.457050114865,9.74106144776282,1,73,23.013698630136986,3
at:48:394,Altach Bahnhof,47.3526214202206,9.66217139950046,1,58,28.96551724137931,3
at:48:413,Bludenz Moos Bahnhof,47.1421224194527,9.8310456897856,1,55,30.545454545454547,3
at:48:452,Bregenz Bahnhof,47.5032946062811,9.74107941406851,0,201,8.35820895522388,0
at:48:454,Bregenz Riedenburg Bahnhof,47.4936629351967,9.72121766313386,0,166,10.120481927710843,1
at:48:466,Bregenz Hafen Bahnhof,47.5061285422812,9.74828390264815,0,104,16.153846153846153,1
at:48:511,Bludenz Brunnenfeld Bahnhof,47.1362502121,9.83888798221705,1,55,30.545454545454547,3
at:48:567,Altenstadt Bahnhof,47.2564002474497,9.61529730796858,1,21,80.0,5
at:48:585,Dornbirn Bahnhof,47.4176036145207,9.73840243452146,0,137,12.262773722627736,1
at:48:628,Dornbirn Hatlerdorf Bahnhof,47.39901851894,9.72480194111799,1,58,28.96551724137931,3
at:48:738,Dornbirn Schoren Bahnhof,47.413214791894,9.72659857168648,1,72,23.333333333333332,3
at:48:817,Feldkirch Bahnhof,47.2408932201416,9.60394260277573,0,164,10.24390243902439,1
at:48:847,Feldkirch Amberg Bahnhof,47.2553576443819,9.62126212145597,1,57,29.473684210526315,3
at:48:868,Frastanz Bahnhof,47.220189783947,9.63910266300106,0,91,18.46153846153846,1
at:48:889,Lochau Bahnhof,47.529401079182,9.74256163428751,0,60,28.0,2
at:48:892,Tschagguns Bahnhof,47.079119724584,9.90476144201071,1,55,30.545454545454547,3
at:48:975,Gisingen Bahnhof,47.2555771414705,9.59798677244119,1,16,105.0,5
at:49:1003,Wien Penzing,48.1925602813794,16.3048536003753,1,282,5.957446808510638,1
at:49:1015,Wien Meidling,48.1746517396117,16.3339051166678,0,716,2.346368715083799,0
at:49:1040,Wien Praterstern,48.2185135609072,16.3923315427551,0,481,3.492723492723493,0
at:49:1062,Wien Spittelau,48.2352699347115,16.3580428483555,0,179,9.385474860335195,0
at:49:1091,Wien Rennweg,48.194386720758,16.3867889374513,0,511,3.287671232876712,0
at:49:1248,Wien Siemensstraße,48.270835097579,16.4202511817894,0,217,7.741935483870968,0
at:49:1257,Wien Grillgasse,48.1671270879371,16.4070100144996,0,208,8.076923076923077,0
at:49:1260,Wien Simmering,48.169924997401,16.4192091360597,0,115,14.608695652173912,1
at:49:1295,Wien Speising,48.17368126535,16.2835725112916,1,56,30.0,3
at:49:1299,Wien Stadlau,48.2186931225587,16.4481169219067,0,115,14.608695652173912,1
at:49:1301,Wien Praterkai,48.1992968251394,16.4408405681043,1,56,30.0,3
at:49:1333,Wien Strebersdorf,48.2856077608137,16.3817404055538,1,110,15.272727272727273,2
at:49:1346,Wien Quartier Belvedere,48.1880448042928,16.3820458327505,0,366,4.590163934426229,0
at:49:1349,Wien Hauptbahnhof,48.1853317334923,16.378650200976,0,961,1.7481789802289283,0
at:49:1357,Wien Süßenbrunn,48.2852192185501,16.4845166572243,0,62,27.096774193548388,2
at:49:1385,Wien Traisengasse,48.2346237191566,16.3851719699397,0,480,3.5,0
at:49:1425,Wien St. Marx,48.1878471682236,16.3999223069069,1,56,30.0,3
at:49:1458,Wien Weidlingau Bahnhof,48.2103368531568,16.211824069539,1,112,15.0,2
at:49:1468,Wien Westbahnhof,48.1962310590477,16.3367976918831,0,268,6.268656716417911,0
at:49:1482,Wien Wolf in der Au,48.2046554873426,16.2362762115761,1,112,15.0,2
at:49:1519,Wien Zentralfriedhof,48.1539263259242,16.4262878604995,1,56,30.0,3
at:49:166,Wien Breitensee,48.1978298310517,16.3066142983325,1,168,10.0,1
at:49:1705,Wien Handelskai,48.2420427399889,16.3852168857039,0,649,2.588597842835131,0
at:49:176,Wien Brünner Straße,48.2693940709544,16.4046833779134,0,112,15.0,1
at:49:1780,Wien Kaiserebersdorf,48.146152885959,16.4653645753642,0,104,16.153846153846153,1
at:49:288,Wien Erzherzog-Karl-Straße,48.2301059657891,16.4536685103633,1,84,20.0,3
at:49:334,Wien Floridsdorf,48.2567938212236,16.4002995993263,0,487,3.4496919917864477,0
at:49:345,Wien Franz-Josefs-Bahnhof,48.2267607761741,16.3610971203219,0,180,9.333333333333334,0
at:49:393,Wien Gersthof,48.2307402704633,16.3292248940369,1,168,10.0,1
at:49:460,Wien Hadersdorf,48.2103907303216,16.2222714762947,1,112,15.0,2
at:49:465,Wien Haidestraße,48.1788509257928,16.4263327762637,1,56,30.0,3
at:49:484,Wien Geiselbergstraße,48.1751070175034,16.4070100144996,1,56,30.0,3
at:49:491,Wien Heiligenstadt,48.2489701766462,16.3657414103414,0,347,4.8414985590778095,0
at:49:505,Wien Hernals,48.2230143830027,16.3144206581525,1,168,10.0,1
at:49:511,Wien Hetzendorf,48.1665099695865,16.3150584620044,1,174,9.655172413793103,1
at:49:532,Wien Hirschstetten,48.2326969910045,16.4691195332523,1,84,20.0,3
at:49:560,Wien Hütteldorf,48.1975005000747,16.2609439492815,0,494,3.4008097165991904,0
at:49:582,Wien Blumental,48.1388818260272,16.3692987388671,1,45,37.333333333333336,3
at:49:591,Wien Jedlersdorf,48.2728201797427,16.3966614224251,0,116,14.482758620689655,1
at:49:723,Wien Krottenbachstraße,48.2400385138165,16.3402023068104,1,168,10.0,1
at:49:743,Wien Mitte-Landstraße,48.2057930083024,16.3843365367253,0,480,3.5,0
at:49:769,Wien Leopoldau,48.2777287415485,16.4498416872524,0,254,6.6141732283464565,0
at:49:788,Wien Liesing,48.1346913575282,16.2841923488377,0,262,6.412213740458015,0
at:49:849,Wien Matzleinsdorfer Platz,48.1801327771602,16.3579619999799,0,432,3.888888888888889,0
at:49:910,Wien Aspern Nord,48.2338518398808,16.5046299364385,0,115,14.608695652173912,1
at:49:94,Wien Atzgersdorf,48.1470159936855,16.2886569758004,1,173,9.710982658959537,1
at:49:948,Wien Nußdorf,48.260208813659,16.3676638050497,1,54,31.11111111111111,3
at:49:959,Wien Oberdöbling,48.2440109931453,16.344100995144,1,168,10.0,1
at:49:981,Wien Ottakring,48.2118154614423,16.3111148579065,1,168,10.0,1
