stop_id,stop_name,stop_lat,stop_lon,rank,count,interval,category
at:41:3087,Bad Sauerbrunn Bahnhof,47.7738701730191,16.324886031214,1,45,37.333333333333336,3
at:41:3145,Baumgarten-Schattendorf Bahnhof,47.7275139949144,16.5182573793005,0,35,48.0,3
at:41:3186,Breitenbrunn Bahnhof,47.9412290178053,16.7463845457344,0,45,37.333333333333336,2
at:41:3294,Deutschkreutz Bahnhof,47.6038268528795,16.6200544673111,0,43,39.06976744186046,2
at:41:3298,Donnerskirchen Bahnhof,47.8885710090209,16.6604157730322,0,45,37.333333333333336,2
at:41:3303,Draßburg Bahnhof,47.747831237274,16.4947754177703,0,35,48.0,3
at:41:3351,Eisenstadt Bahnhof,47.8391516836508,16.5290551290171,0,92,18.26086956521739,1
at:41:3443,Frauenkirchen Bahnhof,47.8397727307877,16.9158517241071,0,36,46.666666666666664,3
at:41:3490,Eisenstadt Schule,47.8438726612536,16.536699792086,0,59,28.47457627118644,2
at:41:3531,Gols Bahnhof,47.8919021043317,16.9046407493598,0,36,46.666666666666664,3
at:41:3831,Jois Bahnhof,47.9566742664362,16.7907703039289,0,45,37.333333333333336,2
at:41:4109,Loipersbach-Schattendorf Bhf.,47.7006356966254,16.4920355561534,0,39,43.07692307692308,3
at:41:4176,Marz-Rohrbach Bahnhof,47.7174581663292,16.428937890588,0,40,42.0,3
at:41:4177,Mattersburg Bahnhof,47.7356950096445,16.4089503755136,0,54,31.11111111111111,2
at:41:4227,Müllendorf Bahnhof,47.834255401235,16.4596872227677,0,63,26.666666666666668,2
at:41:4309,Mönchhof-Halbturn Bahnhof,47.8740695141256,16.9480832765058,0,36,46.666666666666664,3
at:41:4325,Neudörfl Bahnhof,47.7938977544503,16.3004159228712,1,45,37.333333333333336,3
at:41:4327,Neufeld an der Leitha Bahnhof,47.8684051775141,16.381273281606,0,63,26.666666666666668,2
at:41:4348,Neusiedl am See Bad Bahnhof,47.9426913096469,16.8449746481802,0,36,46.666666666666664,3
at:41:4351,Neusiedl am See Bahnhof,47.955856090913,16.824007969446,0,81,20.74074074074074,2
at:41:4367,Nickelsdorf Bahnhof,47.9425649403799,17.0866663754062,0,27,62.22222222222222,4
at:41:4464,Pamhagen Bahnhof,47.7043294888001,16.9037873498397,0,45,37.333333333333336,2
at:41:4469,Parndorf Bahnhof,47.9869977773654,16.8708910441307,0,55,30.545454545454547,2
at:41:4473,Parndorf Ort Bahnhof,47.9921982563068,16.8517299791178,0,137,12.262773722627736,1
at:41:4592,Purbach am Neusiedler See Bf.,47.9062420403619,16.6985223073898,0,45,37.333333333333336,2
at:41:4731,Schützen am Gebirge Haltestelle,47.8515591575304,16.630492890914,0,45,37.333333333333336,2
at:41:4732,Schützen am Gebirge Bahnhof,47.8482375251844,16.6192639498609,0,45,37.333333333333336,2
at:41:4821,St. Andrä am Zicksee Bahnhof,47.7825931996072,16.92805982882,0,37,45.4054054054054,3
at:41:5143,Wallern im Bgld Bahnhof,47.7337979020785,16.9305212126988,0,35,48.0,3
at:41:5157,Weiden am See Bahnhof,47.9257671141044,16.8638482523022,0,36,46.666666666666664,3
at:41:5233,Wiesen-Sigleß Bahnhof,47.7531463642883,16.3700712900115,1,45,37.333333333333336,3
at:41:5248,Winden am See Bahnhof,47.9469997150699,16.7589609597138,0,45,37.333333333333336,2
at:41:5286,Wulkaprodersdorf Bahnhof,47.7893834700492,16.4908946957424,0,99,16.96969696969697,1
at:41:5288,Wulkaprodersdorf Haltestelle,47.7990754213249,16.4965001831161,0,62,27.096774193548388,2
at:41:5312,Zurndorf Bahnhof,47.9681574364806,17.0239280359546,0,22,76.36363636363636,4
at:41:5969,Neudorf,48.008908385848,16.9384174040474,0,32,52.5,3
at:41:5970,Gattendorf Bahnhof,48.0106452074367,16.9808448349222,0,32,52.5,3
at:41:5971,Pama Bahnhof,48.0420721684907,17.0413463693161,0,31,54.193548387096776,3
at:41:5972,Kittsee Bahnhof,48.0815164687755,17.0714938302553,0,31,54.193548387096776,3
at:41:5980,Mattersburg Nord Bhf.,47.7414463273451,16.4025094549256,1,45,37.333333333333336,3
at:41:7075,Jennersdorf Bahnhof,46.9350437757133,16.1389796831396,0,24,70.0,4
at:41:7455,Mogersdorf Bahnhof,46.9455072546069,16.2293232512761,0,21,80.0,4
at:42:2121,Mallnitz-Obervellach Bahnhof,46.98108985089,13.1762819767839,0,47,35.744680851063826,2
at:42:2125,Kolbnitz Bahnhof,46.8788581111353,13.3206142935035,1,4,420.0,-1
at:42:2126,Mühldorf-Möllbrücke Bahnhst,46.8515019211913,13.3668146485722,1,4,420.0,-1
at:42:2127,Pusarnitz Bahnhof,46.8351331367142,13.4044810084406,1,4,420.0,-1
at:42:2128,Spittal-Millstätter See Bahnhof,46.7962557337978,13.487359576565,0,88,19.09090909090909,1
at:42:2130,Rothenthurn Bahnhof,46.7595164800127,13.5824911651665,1,55,30.545454545454547,3
at:42:2131,Ferndorf Bahnhst,46.7324320025529,13.629446105074,1,55,30.545454545454547,3
at:42:2132,Markt Paternion Bahnhst,46.7245688006156,13.6438460990804,1,55,30.545454545454547,3
at:42:2133,Paternion-Feistritz Bahnhst,46.7070525855435,13.6743528861333,0,60,28.0,2
at:42:2134,Weissenstein-Kellerberg Bahnhst,46.6794117238044,13.720328662381,1,55,30.545454545454547,3
at:42:2136,Puch b.Villach Bahnhst,46.6630275614128,13.7603845409055,1,56,30.0,3
at:42:2137,Gödersdorf Bahnhst,46.5685338729107,13.847476207713,1,26,64.61538461538461,5
at:42:2138,Finkenstein Bahnhst,46.5688179587691,13.8684518696001,1,26,64.61538461538461,5
at:42:2139,Faak am See Bahnhof,46.5643094641601,13.911957278816,1,37,45.4054054054054,4
at:42:2143,Rosenbach Bahnhof,46.5304343692453,14.0350713885218,1,27,62.22222222222222,5
at:42:2149,Ledenitzen Bahnhst,46.5628580197273,13.9659280610934,1,26,64.61538461538461,5
at:42:3625,Friesach Bahnhof,46.9533136648543,14.4106839583229,0,56,30.0,2
at:42:3626,Micheldorf-Hirt Bahnhst,46.9140247743941,14.4316506370572,0,29,57.93103448275862,3
at:42:3627,Treibach-Althofen,46.8681666574154,14.4655081401204,0,42,40.0,3
at:42:3628,Kappel am Krappfeld Bahnhst,46.837425312588,14.4758207995835,0,29,57.93103448275862,3
at:42:3629,Passering Bahnhst,46.8067094108657,14.4699278513189,0,29,57.93103448275862,3
at:42:3631,Launsdorf-Hochosterwitz Bahnhof,46.768906691072,14.4556715877579,0,30,56.0,3
at:42:3632,St. Georgen am Längsee Bahnhst,46.7618241868455,14.4231795239268,1,28,60.0,4
at:42:3633,St. Veit an der Glan Bahnhof,46.7707894590548,14.3669719365916,0,85,19.764705882352942,1
at:42:3636,Glandorf Bahnhst,46.7506108820189,14.3811563349298,1,45,37.333333333333336,3
at:42:3639,Maria Saal Bahnhof,46.6831772832799,14.3399146802301,0,47,35.744680851063826,2
at:42:3640,Klagenfurt Annabichl Bahnhst,46.6500116197395,14.3151930436077,0,46,36.52173913043478,2
at:42:3641,Klagenfurt Ostbahnhof g2,46.621323565271,14.3220831218379,0,48,35.0,2
at:42:3642,Klagenfurt Hauptbahnhof,46.6158074986651,14.3136659076245,0,180,9.333333333333334,0
at:42:3643,Klagenfurt West Bahnhst,46.6229215153809,14.2667289340227,0,57,29.473684210526315,2
at:42:3645,Klagenfurt Lend Bahnhst,46.6213976026115,14.2843359135939,0,55,30.545454545454547,2
at:42:3646,Krumpendorf Bahnhof,46.6262221510254,14.2211304501945,0,60,28.0,2
at:42:3647,Pritschitz Bahnhst,46.6278076184633,14.1712020866962,1,50,33.6,3
at:42:3648,Pörtschach Bahnhof g1,46.6362338761419,14.1458067136106,0,76,22.105263157894736,2
at:42:3649,Töschling Bahnhst,46.6332237677966,14.1115090360581,1,50,33.6,3
at:42:3650,Velden am Wörthersee Bahnhof,46.6199847058943,14.0448270925086,0,78,21.53846153846154,2
at:42:3651,Lind-Rosegg Bahnhst,46.6062240022682,14.000962357179,0,52,32.30769230769231,2
at:42:3652,Föderlach Bahnhof,46.6020704214706,13.9590379828633,0,54,31.11111111111111,2
at:42:3653,Villach Seebach Bahnhst,46.6210459243424,13.8733117552878,0,52,32.30769230769231,2
at:42:3654,Villach Hauptbahnhof,46.6185409218168,13.8489045290149,0,219,7.671232876712328,0
at:42:3655,Villach Landskron Bahnhst,46.629806351704,13.8756743244854,1,30,56.0,4
at:42:3656,Villach Westbahnhof,46.6083531289848,13.8403346012032,0,62,27.096774193548388,2
at:42:3657,Villach Warmbad Bahnhst,46.5890645067452,13.8286834519666,0,63,26.666666666666668,2
at:42:3659,Fürnitz Bahnhof,46.5631853701609,13.8131156480906,0,36,46.666666666666664,3
at:42:3660,Neuhaus an der Gail Bahnhst,46.5549330660153,13.7785844085642,1,31,54.193548387096776,4
at:42:3661,Pöckau Bahnhst,46.5520667026661,13.744960467475,1,31,54.193548387096776,4
at:42:3662,Arnoldstein Bahnhof,46.5514242211463,13.7079498777641,0,37,45.4054054054054,3
at:42:3663,Thörl-Maglern Bahnhof,46.5404081867626,13.6482478439732,0,4,420.0,-1
at:42:3715,Wolfsberg Bahnhof,46.8420646722767,14.83858746082,0,50,33.6,2
at:42:3716,Wolfsberg Reding Bahnhst,46.8256254011159,14.8457380504826,0,33,50.90909090909091,3
at:42:3717,St. Stefan Bahnhof,46.8070537327306,14.8462321238889,0,34,49.411764705882355,3
at:42:3718,St. Andrä Bahnhof,46.7635533637155,14.8416058001751,0,34,49.411764705882355,3
at:42:3721,St.Paul im Lavanttal Bahnhof,46.7214958675488,14.8557003669849,0,35,48.0,3
at:42:3800,St. Veit an der Glan Westbahnhof,46.7625134027838,14.3614113649821,1,16,105.0,5
at:42:3802,Liebenfels Bahnhst,46.7360830448766,14.2926093973618,1,17,98.82352941176471,5
at:42:3803,Tauchendorf-Haidensee Bahnhst,46.728485150973,14.237066563337,1,17,98.82352941176471,5
at:42:3804,Glanegg in Ktn Bahnhst,46.717849996504,14.2114915271945,1,17,98.82352941176471,5
at:42:3805,Mautbrücken Bahnhst,46.7214958675488,14.1890875440055,1,17,98.82352941176471,5
at:42:3806,St.Martin-Sittich Bahnhst (Bundesstraße),46.732438159662,14.1530022190374,1,17,98.82352941176471,5
at:42:3807,Feldkirchen in Kärnten Bahnhof,46.7215697677928,14.0997321226817,1,30,56.0,4
at:42:3808,Tiffen Bahnhst,46.701668471539,14.0604667616073,1,30,56.0,4
at:42:3809,Steindorf am Ossiachersee Bahnhst,46.6985079806172,14.0146886147222,1,30,56.0,4
at:42:3810,Ossiach-Bodensdorf Bahnhof,46.6828568203505,13.9744171405296,1,30,56.0,4
at:42:3811,St. Urban am Ossiacher See Bahnhst,46.6748507929956,13.9600979948987,1,30,56.0,4
at:42:3812,Sattendorf Bahnhof,46.6628796005259,13.9171585243118,1,30,56.0,4
at:42:3813,Annenheim Bahnhst,46.6585453998948,13.9009349502784,1,30,56.0,4
at:42:3814,Villach St. Ruprecht Bahnhof,46.6416430147855,13.8758360212366,1,31,54.193548387096776,4
at:42:3819,Klagenfurt Ebenthal Bahnhst g1,46.6166404977643,14.3333210460438,1,30,56.0,4
at:42:3820,Grafenstein Bahnhof,46.6189666570215,14.4593097646591,1,30,56.0,4
at:42:3823,Mittlern Bahnhst,46.5986510387203,14.7154194521972,1,29,57.93103448275862,4
at:42:3824,St. Michael ob Bleiburg Bahnhst,46.5826992981071,14.7503190009901,1,29,57.93103448275862,4
at:42:3825,Bleiburg Bahnhof,46.5742770588353,14.7865211069452,1,33,50.90909090909091,4
at:42:3826,Bleiburg Stadt Bahnhst,46.5906263690515,14.7941478037084,1,29,57.93103448275862,4
at:42:3831,Kühnsdorf-Klopeinersee Bahnhof,46.6247785332796,14.6198926048707,0,35,48.0,3
at:42:3832,Wiederndorf-Aich Bahnhst,46.6208731692683,14.7950371358398,1,29,57.93103448275862,4
at:42:3842,Klagenfurt Süd Bahnhst,46.6111239540767,14.3021944214447,1,38,44.21052631578947,4
at:42:3843,Maria Rain Bahnhst,46.5625677261808,14.2839855706331,1,30,56.0,4
at:42:3844,Weizelsdorf Bahnhof,46.5395369411569,14.2429145958374,1,31,54.193548387096776,4
at:42:3847,Köttmannsdorf Lambichl Bahnhst,46.5799887641562,14.2828626765278,1,30,56.0,4
at:42:3861,Lendorf Bahnhst,46.8276168178814,13.418027602927,1,28,60.0,4
at:42:3862,Möllbrücke-Sachsenburg Bahnhof,46.8311262030368,13.3669493958649,1,28,60.0,4
at:42:3863,Sachsenburg Markt Bahnhst,46.8260556517265,13.3479051118389,1,28,60.0,4
at:42:3864,Kleblach-Lind Bahnhof,46.771349354484,13.3418055510588,1,28,60.0,4
at:42:3865,Steinfeld im Drautal Bahnhof,46.7531651605031,13.2604810683762,1,29,57.93103448275862,4
at:42:3866,Greifenburg-Weißensee Bahnhof,46.7416976562355,13.1920923257867,0,31,54.193548387096776,3
at:42:3867,Berg im Drautal Bahnhst,46.7428057341317,13.1271441307358,1,27,62.22222222222222,5
at:42:3868,Dellach im Drautal Bahnhof,46.7358614034863,13.0752394736121,1,27,62.22222222222222,5
at:42:3869,Irschen Bahnhst g1,46.7405218375633,13.0135341967374,1,27,62.22222222222222,5
at:42:3870,Oberdrauburg Bahnhof,46.7463329637924,12.974439515567,0,32,52.5,3
at:42:3901,Nötsch Bahnhof,46.5886385364869,13.6260594564524,0,28,60.0,3
at:42:3902,Emmersdorf im Gailtal Bahnhst,46.5953363769105,13.5723042698432,0,28,60.0,3
at:42:3903,St. Stefan-Vorderberg Bahnhof,46.6004348230719,13.5331107739916,0,28,60.0,3
at:42:3904,Görtschach-Förolach Bahnhof,46.6229091761785,13.4710731204616,0,28,60.0,3
at:42:3905,Pressegger See Bahnhst,46.6315212553441,13.4365867966995,0,28,60.0,3
at:42:3906,Vellach-Khünburg Bahnhst,46.631299184554,13.4081910505645,0,28,60.0,3
at:42:3907,Hermagor Bahnhof,46.6259630429828,13.3752318627856,0,28,60.0,3
at:42:99979,TP Bleiburg Staatsgrenze,46.5666872785636,14.8395127255628,1,8,210.0,6
at:43:20307,Unterretzbach Bahnhof,48.7648669299156,16.0078705674041,0,28,60.0,3
at:43:3004,Absdorf-Hippersdorf Bahnhof,48.4016851362706,15.9865715120147,0,98,17.142857142857142,1
at:43:3005,Altenhof/Kamp Bahnhof,48.5442261495446,15.6859952179064,0,36,46.666666666666664,3
at:43:3008,Achau Bahnhof,48.081108372053,16.3779495150543,1,45,37.333333333333336,3
at:43:3046,Angern,48.384488153503,16.8261459598225,0,39,43.07692307692308,3
at:43:3064,Atzenbrugg Bahnhof,48.2970295825115,15.9182636178007,1,32,52.5,4
at:43:3079,Bad Deutsch-Altenburg Bahnhof,48.1324910747646,16.910668444917,0,40,42.0,3
at:43:3090,Bad Vöslau Bahnhof,47.9695768653354,16.223798612278,0,116,14.482758620689655,1
at:43:3101,Baden Bahnhof,48.0042084576875,16.2428788289153,0,192,8.75,0
at:43:3155,Berndorf/Triesting Fabrik Bahnhof,47.9401939549575,16.1339131849364,1,39,43.07692307692308,4
at:43:3160,Berndorf Stadt Bahnhof,47.9449598863154,16.1085537444622,1,38,44.21052631578947,4
at:43:3162,Bernhardsthal Bahnhof,48.6873572311937,16.8792453762742,0,38,44.21052631578947,3
at:43:3170,Bisamberg Bahnhof,48.3160184569878,16.3474427280014,1,110,15.272727272727273,2
at:43:3189,Breiteneich bei Horn Bahnhof,48.6719418021116,15.6881242251301,1,35,48.0,4
at:43:3204,Breitensee NÖ,48.2547782107595,16.8783919767541,0,30,56.0,3
at:43:3205,Breitenwaida Bahnhof,48.5150585193792,16.0747321740104,1,29,57.93103448275862,4
at:43:3209,Bruck/Leitha Bahnhof,48.0190760740815,16.7814637575841,0,193,8.704663212435234,0
at:43:3255,Brunn-Maria Enzersdorf Bahnhof,48.1048086226774,16.2880820540185,1,117,14.35897435897436,2
at:43:3260,Buchberg/Kamp Bahnhof,48.5761348263114,15.6588032142523,0,35,48.0,3
at:43:3264,Böheimkirchen Bahnhof,48.1999374991741,15.7540785332993,0,62,27.096774193548388,2
at:43:3279,Deutsch-Wagram Bahnhof,48.303363975991,16.5654818137932,0,98,17.142857142857142,1
at:43:3292,Helmahof Bahnhof,48.3103189516738,16.5969767476588,1,56,30.0,3
at:43:3309,Drösing Bahnhof,48.5401223999235,16.8958192932685,0,39,43.07692307692308,3
at:43:3310,Dürnkrut Bahnhof,48.4704268633371,16.8606143172789,0,40,42.0,3
at:43:3314,Dürrwien Bahnhof,48.178305829751,16.0614460909564,1,58,28.96551724137931,3
at:43:3318,Ebenfurth Bahnhof,47.877624472983,16.3624715427068,0,95,17.68421052631579,1
at:43:3339,Eggenburg Bahnhof,48.6378794673126,15.8145171856233,0,37,45.4054054054054,3
at:43:3347,Eichgraben-Altlengbach Bahnhof,48.1735434804781,15.9815409464229,0,119,14.117647058823529,1
at:43:3388,Enzersdorf bei Staatz Bahnhof,48.672588407768,16.5111067896379,0,33,50.90909090909091,3
at:43:3401,Enzesfeld-Lindabrunn Bahnhof,47.9212221567097,16.1876144726286,1,39,43.07692307692308,4
at:43:3408,Etsdorf-Straß Bahnhof,48.4531518455987,15.7304438581708,0,23,73.04347826086956,4
at:43:3415,Felixdorf Bahnhof,47.8874505562972,16.2479273608128,0,132,12.727272727272727,1
at:43:3420,Fels am Wagram Bahnhof,48.4290701973735,15.823141012352,0,50,33.6,2
at:43:3430,Fischamend Bahnhof,48.1166066733807,16.6149789859551,0,42,40.0,3
at:43:3449,Frättingsdorf Bahnhof,48.6424145274184,16.5135771566696,0,34,49.411764705882355,3
at:43:3481,Gaisruck Bahnhof,48.3940864925811,16.0648776553423,1,25,67.2,5
at:43:3486,Gars-Thunau Bahnhof,48.5973307450072,15.6552369025739,0,35,48.0,3
at:43:3493,Gedersdorf Bahnhof,48.4325809528804,15.6917534188784,0,36,46.666666666666664,3
at:43:3496,Gemeinlebarn Bahnhof,48.3360572586282,15.8045818185795,1,31,54.193548387096776,4
at:43:3499,Gerasdorf Bahnhof,48.294017481974,16.4840405501236,0,80,21.0,2
at:43:3527,Glinzendorf Bahnhof,48.2422401669752,16.6401946959838,0,30,56.0,3
at:43:3528,Gobelsburg Bahnhof,48.4626061784791,15.7013294598085,0,37,45.4054054054054,3
at:43:3538,Gramatneusiedl Bahnhof,48.0349185271822,16.4910563924936,0,154,10.909090909090908,1
at:43:3544,Greifenstein-Altenberg Bahnhof,48.3446795831074,16.2396718433506,1,56,30.0,3
at:43:3580,Großweikersdorf Bahnhof,48.4690152980077,15.9762498693987,0,33,50.90909090909091,3
at:43:3602,Gumpoldskirchen Bahnhof,48.041069156914,16.2849559168293,1,56,30.0,3
at:43:3608,Guntersdorf Bahnhof,48.6422542639197,16.0537654952761,0,34,49.411764705882355,3
at:43:3616,Guntramsdorf-Thallern Bahnhof,48.0518790309929,16.2973347014462,1,51,32.94117647058823,3
at:43:3617,Guntramsdorf-Kaiserau Bahnhof,48.0442102597169,16.3250656942708,1,28,60.0,4
at:43:3622,Gänserndorf Bahnhof,48.3402372379457,16.7323169283831,0,104,16.153846153846153,1
at:43:3647,Göllersdorf Bahnhof,48.4920064148047,16.1270051404006,0,34,49.411764705882355,3
at:43:3653,Ebreichsdorf Bahnhof,47.9641816251299,16.4191642202955,0,107,15.700934579439252,1
at:43:3655,Götzendorf Bahnhof,48.0256131029297,16.5869605322395,0,80,21.0,2
at:43:3660,Hadersdorf/Kamp Bahnhof,48.4462282748194,15.7144897787227,0,89,18.876404494382022,1
at:43:3677,Hainburg/Donau Ungartor/B9,48.1483525832579,16.9481461585757,0,42,40.0,3
at:43:3681,Hainburg/Donau Kulturfabrik Bhf.,48.1448402151353,16.9320213992235,0,41,40.97560975609756,3
at:43:3686,Hainburg/Donau Personenbhf.,48.1489279653604,16.939863691655,0,35,48.0,3
at:43:3706,Haslau an der Donau Bahnhof,48.1096853187575,16.7101914229322,0,35,48.0,3
at:43:3709,Hausleiten Bahnhof,48.3913425903868,16.1071074568546,1,27,62.22222222222222,5
at:43:3712,Hautzendorf Bahnhof,48.4511320717865,16.4928889556734,1,31,54.193548387096776,4
at:43:3723,Hennersdorf Bahnhof,48.1127442646208,16.3585099723033,1,45,37.333333333333336,3
at:43:3733,Hetzmannsdorf-Wullersdorf Bhf.,48.6171756581839,16.0916115182014,0,34,49.411764705882355,3
at:43:3734,Himberg Bahnhof,48.081894555497,16.4451614646215,0,59,28.47457627118644,2
at:43:3766,Hirtenberg Bahnhof,47.9291800844531,16.1761519696016,1,39,43.07692307692308,4
at:43:3778,Hohenau,48.5984951635649,16.9010295219171,0,39,43.07692307692308,3
at:43:3780,Hollabrunn Bahnhof,48.5631347825501,16.0722707901316,0,62,27.096774193548388,2
at:43:3784,Horn Bahnhof,48.6658549972421,15.6730684609661,0,69,24.347826086956523,2
at:43:3794,Höbersdorf Bahnhof,48.4484687073975,16.1731605797051,1,27,62.22222222222222,5
at:43:3800,Höflein/Donau Bahnhof,48.3500110802601,16.2714362718014,1,89,18.876404494382022,2
at:43:3806,Hörersdorf Bahnhof,48.6200736339181,16.5166763444002,0,27,62.22222222222222,4
at:43:3830,Jedenspeigen Bahnhof,48.4954532906266,16.8785177408939,0,33,50.90909090909091,3
at:43:3851,Kamegg Bahnhof,48.6095795594008,15.6578869326624,1,29,57.93103448275862,4
at:43:3852,Kapellerfeld Bahnhof,48.3169384432398,16.4951077944255,0,80,21.0,2
at:43:3867,Katzelsdorf Bahnhof,47.7927511150846,16.2663428241398,1,45,37.333333333333336,3
at:43:3880,Kirchberg am Wagram Bhf.,48.4277528564119,15.8936497790124,0,50,33.6,2
at:43:3885,Kirchstetten Bahnhof,48.1901708410806,15.821146752421,0,63,26.666666666666668,2
at:43:3895,Kledering Bahnhof,48.1329946900389,16.4392685163569,1,85,19.764705882352942,2
at:43:3952,Klosterneuburg-Kierling,48.3100202179046,16.3260089253193,1,88,19.09090909090909,2
at:43:3953,Klosterneuburg-Weidling Bhf.,48.2967845571632,16.3349920781618,1,88,19.09090909090909,2
at:43:3963,Korneuburg Bahnhof,48.3434615592487,16.3285691238794,0,156,10.76923076923077,1
at:43:3989,Kottingbrunn Bahnhof,47.9501405329052,16.22693373262,1,52,32.30769230769231,3
at:43:3991,Kottingneusiedl Bahnhof,48.7033667247865,16.4648974514164,0,26,64.61538461538461,4
at:43:3993,Krems Bahnhof,48.4088473396087,15.6046976846823,0,102,16.470588235294116,1
at:43:3995,Kritzendorf Bahnhof,48.3357646472408,16.2990504836391,1,88,19.09090909090909,2
at:43:4003,Unterkritzendorf Bahnhof,48.3239154612648,16.3093631431023,1,56,30.0,3
at:43:4015,Laa/Thaya Bahnhof,48.7237388522532,16.4026262359125,0,32,52.5,3
at:43:4016,St. Pölten Bildungscampus Bahnhof,48.1894462018298,15.6151630577437,1,31,54.193548387096776,4
at:43:4025,Ladendorf Bahnhof,48.5363097778833,16.5102893227292,0,43,39.06976744186046,2
at:43:4029,Langenlebarn Bahnhof,48.3274633389714,16.1216511813065,1,56,30.0,3
at:43:4036,Langenlois Bahnhof,48.4768469055205,15.6861838641161,0,37,45.4054054054054,3
at:43:4045,Langenzersdorf Bahnhof,48.3063396743764,16.3561114704943,0,115,14.608695652173912,1
at:43:4054,Lanzendorf-Rannersdorf Bahnhof,48.1132540712285,16.4474791180549,1,56,30.0,3
at:43:4067,Laxenburg-Biedermannsdorf Bhf.,48.0775013764424,16.3566504596649,1,28,60.0,4
at:43:4083,Leobendorf-Burg Kreuzenstein Bhf.,48.3644982329432,16.3019520420072,1,72,23.333333333333332,3
at:43:4084,Leobersdorf Bahnhof,47.93818394814,16.2309492019405,0,185,9.08108108108108,0
at:43:4102,Limberg-Maissau Bahnhof,48.5923341341862,15.8634124865447,0,32,52.5,3
at:43:4132,Marchegg Bahnhof,48.2495205027111,16.9185287036542,0,86,19.53488372093023,1
at:43:4140,Maria Anzbach Bahnhof,48.1878771131316,15.9348734674064,0,63,26.666666666666668,2
at:43:4142,Maria Ellend Bahnhof,48.1096913168687,16.6877245576732,0,42,40.0,3
at:43:4165,Maria Lanzendorf Bahnhof,48.1024090943728,16.4194965969506,1,28,60.0,4
at:43:4196,Michelhausen Bahnhof,48.2965514831796,15.9345141412927,1,32,52.5,4
at:43:4202,Mistelbach Bahnhof,48.5656791785165,16.5639456946572,0,59,28.47457627118644,2
at:43:4207,Mistelbach Stadt,48.5709340210441,16.5689043950262,0,31,54.193548387096776,3
at:43:4216,Moosbierbaum-Heiligeneich Bf.,48.3060528676291,15.9008632507449,1,34,49.411764705882355,4
at:43:4225,Muckendorf-Wipfing Bahnhof,48.3282158873629,16.1504062535552,1,56,30.0,3
at:43:4231,Münchendorf Bahnhof,48.0322454172148,16.3861331672938,1,44,38.18181818181818,3
at:43:4239,Mödling Bahnhof,48.0857172762509,16.2956638350175,0,209,8.038277511961722,0
at:43:4301,Möllersdorf Aspangbahn,48.029806458832,16.3131181009904,1,28,60.0,4
at:43:4318,Neubau-Kreuzstetten Bahnhof,48.4974058209717,16.5007671807162,0,41,40.97560975609756,3
at:43:4337,Neulengbach Bahnhof,48.1996021941366,15.892931126785,0,56,30.0,2
at:43:4338,Neulengbach Stadt Bahnhof,48.1961951310138,15.9065945022584,0,63,26.666666666666668,2
at:43:4377,Niederkreuzstetten Bahnhof,48.4777758981443,16.479683720995,0,39,43.07692307692308,3
at:43:4395,Obereggendorf Bahnhof,47.8496542183557,16.2967957122757,1,32,52.5,4
at:43:4408,Oberolberndorf Bahnhof,48.4135281680888,16.1742834738104,1,29,57.93103448275862,4
at:43:4417,Obersdorf Bahnhof,48.3623018468207,16.5167302433173,0,102,16.470588235294116,1
at:43:4423,Oberwaltersdorf Bahnhof,47.9752842595598,16.3284343765868,1,28,60.0,4
at:43:4429,Oberweiden Bahnhof,48.3062799231036,16.8336379092931,1,28,60.0,4
at:43:4440,Ollersbach Bahnhof,48.191548226283,15.8481051941012,0,56,30.0,2
at:43:4455,Paasdorf Bahnhof,48.546373051194,16.5349840098931,1,31,54.193548387096776,4
at:43:4500,Perchtoldsdorf Bahnhof,48.1227115658229,16.2856296532925,1,113,14.867256637168142,2
at:43:4531,Petronell-Carnuntum Bahnhof,48.1059483593823,16.8676121933432,0,40,42.0,3
at:43:4533,Pfaffstätten Bahnhof,48.0182288433052,16.258805958905,1,51,32.94117647058823,3
at:43:4549,Plank am Kamp Bahnhof,48.5578137277462,15.6733379555514,0,36,46.666666666666664,3
at:43:4552,Platt Bahnhof,48.6745637663094,15.9661348392981,0,33,50.90909090909091,3
at:43:4556,Pottenbrunn Bahnhof,48.2237265778937,15.702667949582,0,56,30.0,2
at:43:4562,Pottendorf-Landegg Bahnhof,47.9052122991368,16.3959068375864,0,39,43.07692307692308,3
at:43:4565,Pottenstein an der Triesting Bhf.,47.9620582601231,16.0890513196413,1,37,45.4054054054054,4
at:43:4574,Pressbaum Bahnhof,48.1811630269887,16.0775618671558,0,119,14.117647058823529,1
at:43:4601,Purkersdorf Sanatorium Bhf.,48.2062599832767,16.2006130947916,1,112,15.0,2
at:43:4603,Purkersdorf Zentrum Bahnhof,48.2060145226031,16.1754063679157,0,136,12.352941176470589,1
at:43:4605,Unterpurkersdorf Bahnhof,48.2075531225238,16.1886205857469,1,114,14.736842105263158,2
at:43:4613,Raasdorf Bahnhof,48.2390333797836,16.582540821041,0,30,56.0,3
at:43:4616,Rabensburg Bahnhof,48.6519522563326,16.8947323317745,0,37,45.4054054054054,3
at:43:4639,Regelsbrunn Bahnhof,48.1070040929398,16.7808169705795,0,40,42.0,3
at:43:4651,Rekawinkel Bahnhof,48.1798991711218,16.0316399898252,1,56,30.0,3
at:43:4656,Retz Bahnhof,48.7535501433922,15.957016939163,0,33,50.90909090909091,3
at:43:4671,Rohrendorf,48.4231389134062,15.656656240723,0,35,48.0,3
at:43:4674,Rosenburg Bahnhof,48.6283865754676,15.6433252419048,0,33,50.90909090909091,3
at:43:4688,Sarasdorf Bahnhof,48.0231798388639,16.6772951172231,1,56,30.0,3
at:43:4695,Schleinbach Bahnhof,48.4220300739812,16.4899155320826,0,42,40.0,3
at:43:4697,Stallegg Bahnhof,48.6157384855586,15.6436396522543,1,29,57.93103448275862,4
at:43:4708,Flughafen Wien Bahnhof,48.1202229202475,16.5644307849107,0,159,10.566037735849056,1
at:43:4710,Schwechat Bahnhof,48.1425024990358,16.4825762962103,0,104,16.153846153846153,1
at:43:4742,Schönberg/Kamp Bahnhof,48.5155345690395,15.6965773719548,0,37,45.4054054054054,3
at:43:4743,Schönborn-Mallebarn,48.4684852063715,16.159137878118,1,28,60.0,4
at:43:4745,Schönfeld-Lassee Bahnhof,48.2510757400073,16.8071825241721,0,58,28.96551724137931,2
at:43:4759,Seyring Bahnhof,48.3308974972912,16.5018810916687,0,81,20.74074074074074,2
at:43:4764,Siebenbrunn-Leopoldsdf,48.2456621136666,16.7039750811652,0,58,28.96551724137931,2
at:43:4765,Siebenhirten (NÖ) Haltestelle,48.6111178765332,16.5318938053153,0,27,62.22222222222222,4
at:43:4783,Sierndorf bei Stockerau Bahnhof,48.4285635318141,16.1747955135224,0,35,48.0,3
at:43:4787,Sierndorf an der March Bahnhof,48.5112083033757,16.8909863570392,0,33,50.90909090909091,3
at:43:4789,Sigmundsherberg Bahnhof,48.6856492513863,15.7453828413478,0,71,23.661971830985916,2
at:43:4790,Silberwald Bahnhof,48.3282576952813,16.6780586852148,1,59,28.47457627118644,3
at:43:4798,Sitzenberg-Reidling Bahnhof,48.3321994307688,15.8186494359308,1,31,54.193548387096776,4
at:43:4801,Sollenau Bahnhof,47.8982143337121,16.2456456399908,1,69,24.347826086956523,3
at:43:4814,Spillern Bahnhof,48.3758128952215,16.2568566147382,0,60,28.0,2
at:43:4824,St. Andrä-Wördern Bahnhof,48.333656601292,16.2087248818083,0,89,18.876404494382022,1
at:43:4848,St. Pölten Hauptbahnhof,48.2083253984462,15.6246402839925,0,396,4.242424242424242,0
at:43:4849,St. Veit an der Triesting Bhf.,47.9333391494808,16.1492923426027,1,39,43.07692307692308,4
at:43:4852,Staatz Bahnhof,48.6997442813663,16.4926014947825,0,33,50.90909090909091,3
at:43:4875,Mannswörth Bahnhof,48.1365798084151,16.5074326801253,1,56,30.0,3
at:43:4881,Stiefern Bahnhof,48.5348940978471,15.6913671433062,0,37,45.4054054054054,3
at:43:4882,Stillfried Bahnhof,48.4112146404766,16.8464389020936,0,33,50.90909090909091,3
at:43:4884,Stockerau Bahnhof,48.3823880890576,16.2132074750767,0,121,13.884297520661157,1
at:43:4922,Strasshof Bahnhof,48.3186469451241,16.6345892086102,0,68,24.705882352941178,2
at:43:4975,Tallesbrunn Bahnhof,48.3636507256071,16.7861529633679,0,33,50.90909090909091,3
at:43:4978,Tattendorf Bahnhof,47.9556395128707,16.3060034439392,1,28,60.0,4
at:43:4983,Teesdorf Bahnhof,47.9427575029492,16.2900313981853,1,28,60.0,4
at:43:4990,Theresienfeld Bahnhof,47.8603294145247,16.2440556219377,1,35,48.0,4
at:43:4995,Traiskirchen Aspangbahn,48.0179284035157,16.3033084980864,1,56,30.0,3
at:43:5005,Traismauer Bahnhof,48.3479454151865,15.745427757112,1,32,52.5,4
at:43:5006,Trasdorf Bahnhof,48.3151701432754,15.8799774203862,1,31,54.193548387096776,4
at:43:5013,Trautmannsdorf/Leitha Bhf.,48.0241711825343,16.642350652666,1,56,30.0,3
at:43:5023,Trumau Bahnhof,47.9926491401971,16.3321534018635,1,28,60.0,4
at:43:5034,Tulln Bahnhof,48.3274454210172,16.06449137977,0,148,11.35135135135135,1
at:43:5057,Tulln Stadt Bahnhof,48.3283233933695,16.0533971860096,1,69,24.347826086956523,3
at:43:5068,Tullnerbach-Pressbaum Bahnhof,48.1859965389593,16.0933093340886,0,143,11.748251748251748,1
at:43:5070,Ulrichskirchen Bahnhof,48.4024246610753,16.4882177161953,0,32,52.5,3
at:43:5072,Untereggendorf Bahnhof,47.8613238861005,16.3214365005225,1,32,52.5,4
at:43:5090,Untersiebenbrunn Bahnhof,48.2479293263746,16.7476871028965,0,30,56.0,3
at:43:5094,Untertullnerbach Bahnhof,48.1914344436909,16.1276609105581,1,80,21.0,3
at:43:5138,Wagram-Grafenegg Bahnhof,48.4342617380725,15.7763837018071,0,23,73.04347826086956,4
at:43:5147,Wampersdorf Bahnhof,47.9303778813237,16.4169633478491,1,1,1680.0,-1
at:43:5189,Weikendorf-Dörfles Bahnhof,48.3497842194027,16.7593113026747,0,33,50.90909090909091,3
at:43:5195,Weissenbach-Neuhaus Bahnhof,47.9842620549946,16.0458333713163,1,37,45.4054054054054,4
at:43:5210,Wiener Neustadt Hauptbahnhof,47.8110038155515,16.2333656700552,0,488,3.442622950819672,0
at:43:5223,Wiener Neustadt Nord,47.8345750002659,16.238791494372,1,37,45.4054054054054,4
at:43:5227,Wiener Neustadt Civitas Nova,47.8334533799048,16.2550869336282,1,32,52.5,4
at:43:5235,Wildungsmauer Bahnhof,48.1080298132964,16.8024933183883,0,33,50.90909090909091,3
at:43:5239,Wilfleinsdorf Bahnhof,48.0219481428964,16.7199830595304,1,56,30.0,3
at:43:5255,Wittmannsdorf Bahnhof,47.9203131173109,16.2197831429574,1,39,43.07692307692308,4
at:43:5271,Wolfsthal,48.1355546579806,17.006060544951,0,41,40.97560975609756,3
at:43:5274,Wolkersdorf Bahnhof,48.3787366343606,16.5126159593154,0,108,15.555555555555555,1
at:43:5301,Zeiselmauer-Königstetten Bhf.,48.3265554880381,16.1751278901776,1,56,30.0,3
at:43:5303,Zellerndorf Bahnhof,48.6957480266331,15.9679224867137,0,32,52.5,3
at:43:5304,Ziersdorf Bahnhof,48.5283862190731,15.9213178897671,0,33,50.90909090909091,3
at:43:5323,Zöbing Bahnhof,48.4906549850375,15.6938195440322,0,37,45.4054054054054,3
at:43:5759,Tullnerfeld Bahnhof,48.2950036058816,15.9962194181674,0,121,13.884297520661157,1
at:43:6003,Wiener Neustadt Anemonensee,47.8119208068183,16.2095333655642,1,49,34.285714285714285,3
at:43:7032,Bad Erlach Bahnhof,47.7319188516146,16.2117971200805,0,49,34.285714285714285,2
at:43:7033,Brunn an der Pitten Bahnhof,47.7225165390814,16.1878839672139,0,30,56.0,3
at:43:7034,Pitten Bahnhof,47.7171257590473,16.1795655676818,0,36,46.666666666666664,3
at:43:7035,Sautern-Schiltern Bahnhof,47.7073036778667,16.1558590273305,1,31,54.193548387096776,4
at:43:7036,Seebenstein Bahnhof,47.7034287354609,16.1429592198488,0,34,49.411764705882355,3
at:43:7037,Gleißenfeld Bahnhof,47.6772335852797,16.12915211393,1,30,56.0,4
at:43:7038,Scheiblingkirchen-Warth,47.6620498577996,16.1310116265683,0,35,48.0,3
at:43:7039,Petersbaumgarten Bahnhof,47.633908968906,16.1323141837305,1,30,56.0,4
at:43:7040,Edlitz-Grimmenstein Bahnhof,47.6173380923599,16.1280471861303,0,51,32.94117647058823,2
at:43:7041,Aspang Markt Bahnhof,47.5623629401088,16.0994807600914,0,49,34.285714285714285,2
at:43:7042,Ausschlag-Zöbern Bahnhof,47.5329007736222,16.0832482029051,0,20,84.0,4
at:43:7057,Lanzenkirchen Bahnhof,47.7508271028915,16.2422949239806,1,30,56.0,4
at:43:7091,Bad Fischau-Brunn Bahnhof,47.8268678939522,16.1731695628579,0,42,40.0,3
at:43:7092,Bad Fischau Bahnhof,47.8314935011909,16.171624460569,0,46,36.52173913043478,2
at:43:7093,Feuerwerksanstalt Bahnhof,47.8487861215994,16.1893482211272,0,39,43.07692307692308,3
at:43:7094,Wöllersdorf Bahnhof,47.8614383997844,16.178298943131,0,46,36.52173913043478,2
at:43:7096,Dreistetten Bahnhof,47.8723642523912,16.1107366506029,1,35,48.0,4
at:43:7097,Oberpiesting Bahnhof,47.8745575822432,16.0977110789814,0,48,35.0,2
at:43:7098,Wopfing Bahnhof,47.8736959280159,16.077094743208,0,39,43.07692307692308,3
at:43:7099,Waldegg Bahnhof,47.8689475344163,16.0585984315054,0,46,36.52173913043478,2
at:43:7100,Oed/Piesting Bahnhof,47.8787150131668,16.0263938285652,0,39,43.07692307692308,3
at:43:7101,Miesenbach-Waidmannsf,47.8775461460089,16.0052205373156,0,46,36.52173913043478,2
at:43:7102,Pernitz Ortmann Bahnhof,47.89348625712,15.9791693940725,0,39,43.07692307692308,3
at:43:7104,Pernitz-Muggendorf Bahnhof,47.8958714299755,15.9579691533643,0,47,35.744680851063826,2
at:43:7105,Gutenstein Bahnhof,47.8769797782111,15.9109064156227,0,47,35.744680851063826,2
at:43:7106,Wöllersdorf Marchgraben Bf,47.8649701186672,16.1649948937713,1,34,49.411764705882355,4
at:43:7108,Waldegg-Dürnbach Bahnhof,47.8676157367693,16.0511693641047,0,39,43.07692307692308,3
at:43:7109,Markt Piesting Bahnhof,47.8748106527906,16.124930032094,0,47,35.744680851063826,2
at:43:7110,Piesting Harzwerk,47.8764495559384,16.1361140573828,1,35,48.0,4
at:43:7112,Winzendorf Bahnhof,47.8110701773051,16.1115631006644,1,33,50.90909090909091,4
at:43:7113,Urschendorf Bahnhof,47.7973737275949,16.0898238707857,1,29,57.93103448275862,4
at:43:7114,Willendorf Bahnhof,47.7892084431052,16.0605387925193,1,28,60.0,4
at:43:7115,Unterhöflein Bahnhof,47.79058450111,16.0331132268914,1,29,57.93103448275862,4
at:43:7116,Grünbach/Schneeberg Bahnhof,47.7975185547631,15.9978723182904,1,29,57.93103448275862,4
at:43:7117,Grünbach/Schneeberg Schule,47.8014830417037,15.9815409464229,1,29,57.93103448275862,4
at:43:7118,Grünbach/Schneeberg Kohlenwerk,47.7982306158013,15.9718660908116,1,29,57.93103448275862,4
at:43:7119,Rothengrub Bahnhof,47.7892024076828,16.0510795325763,1,29,57.93103448275862,4
at:43:7120,Puchberg am Schneeberg Bahnhof,47.7904577604487,15.9108974324699,1,28,60.0,4
at:43:7161,Hötzelsdorf-Geras Bahnhof,48.7423966766624,15.6702926667378,0,18,93.33333333333333,4
at:43:7162,Irnfritz Bahnhof,48.7484446150944,15.5395518602689,0,18,93.33333333333333,4
at:43:7163,Göpfritz,48.7297416324861,15.394608689156,0,22,76.36363636363636,4
at:43:7164,Allentsteig Bahnhof,48.7155957327989,15.3304599947081,0,17,98.82352941176471,4
at:43:7165,Schwarzenau Bahnhof,48.7461641361324,15.2671916492388,0,21,80.0,4
at:43:7166,Vitis Bahnhof,48.7530230304962,15.1728505780874,0,20,84.0,4
at:43:7167,Hirschbach bei Gmünd Bahnhof,48.7492797776022,15.1270005659796,0,17,98.82352941176471,4
at:43:7168,Pürbach-Schrems Bahnhof,48.7635583162729,15.0846719497859,0,17,98.82352941176471,4
at:43:7169,Gmünd Bahnhof,48.764310329185,14.9858482853662,0,35,48.0,3
at:43:7211,St. Pantaleon Bahnhof,48.2277900885754,14.5286237719914,0,34,49.411764705882355,3
at:43:7222,Prinzersdorf Bahnhof,48.2031706851342,15.5260681478524,0,56,30.0,2
at:43:7223,Markersdorf an der Pielach Bf.,48.19630291504,15.4966573054462,0,31,54.193548387096776,3
at:43:7224,Großsierning Bahnhof,48.1877932673452,15.4567361742144,0,31,54.193548387096776,3
at:43:7225,Loosdorf/Melk Bahnhof,48.1949615865673,15.4046159214225,0,64,26.25,2
at:43:7226,Melk Bahnhof,48.2246003496854,15.3308283039746,0,66,25.454545454545453,2
at:43:7227,Pöchlarn Bahnhof,48.2082116531114,15.2162751389278,0,100,16.8,1
at:43:7228,Krummnußbaum Bahnhof,48.2079482418925,15.1592680509896,0,32,52.5,3
at:43:7229,Säusenstein Bahnhof,48.1928417369366,15.1138402470654,0,4,420.0,-1
at:43:7230,Ybbs/Donau Bahnhof,48.15906801613,15.0998265286312,0,39,43.07692307692308,3
at:43:7231,Neumarkt/Ybbs-Karlsbach Bf.,48.1422207670867,15.0506078342074,0,37,45.4054054054054,3
at:43:7233,Blindenmarkt Bahnhof,48.1250621757369,14.9805841578005,0,36,46.666666666666664,3
at:43:7234,Amstetten Bahnhof,48.1216621516666,14.8782840132308,0,186,9.03225806451613,0
at:43:7235,Mauer-Öhling Bahnhof,48.0947658501862,14.8004629601567,1,31,54.193548387096776,4
at:43:7236,Aschbach Bahnhof,48.0696923549468,14.7564185617701,1,31,54.193548387096776,4
at:43:7237,Krenstetten-Biberbach Bahnhof,48.0550915284169,14.6995911368888,1,31,54.193548387096776,4
at:43:7238,St. Peter-Seitenstetten Bhf.,48.0547612809153,14.6456922198342,1,31,54.193548387096776,4
at:43:7239,St. Johann-Weistrach Bahnhof,48.0748844958882,14.6132181223087,1,31,54.193548387096776,4
at:43:7241,Stadt Haag Bahnhof,48.1156770828959,14.5663170813183,1,32,52.5,4
at:43:7242,St. Valentin Bahnhof,48.1790006764377,14.5220930198749,0,148,11.35135135135135,1
at:43:7243,Ennsdorf Bahnhof,48.2163707432654,14.4962754386058,1,45,37.333333333333336,3
at:43:7370,St. Pölten Traisenpark/P+R Nord,48.220674244305,15.6413399651266,1,28,60.0,4
at:43:7371,St. Pölten Alpenbahnhof-Kaiserwald,48.1989136144107,15.6139323658043,1,37,45.4054054054054,4
at:43:7372,St. Pölten Porschestraße,48.1832174750062,15.6170046040764,1,36,46.666666666666664,4
at:43:7376,St. Georgen am Steinfelde Bahnhof,48.1377428197971,15.6144803381277,1,36,46.666666666666664,4
at:43:7377,Wilhelmsburg/Traisen Bahnhof,48.1119105699756,15.6084616257233,1,36,46.666666666666664,4
at:43:7378,Kreisbach Bahnhof,48.1004893910789,15.6078417881771,1,36,46.666666666666664,4
at:43:7381,Traisen Bahnhof,48.056646665452,15.6127286233234,1,64,26.25,3
at:43:7382,Traisen Markt Bahnhof,48.0395375746138,15.6114799650783,1,35,48.0,4
at:43:7383,Marktl Bahnhof,48.0216477247814,15.600493569152,1,35,48.0,4
at:43:7384,Lilienfeld Bahnhof,48.0137941742226,15.5938550192015,1,35,48.0,4
at:43:7385,Lilienfeld Krankenhaus Bahnhof,48.0088783365169,15.578314164784,1,35,48.0,4
at:43:7386,Schrambach Bahnhof,48.0018282795647,15.5750532803022,1,35,48.0,4
at:43:7399,Wiesenfeld-Schwarzenbach Bf.,48.0512605271733,15.6485264874006,1,28,60.0,4
at:43:7400,St. Veit an der Gölsen Bahnhof,48.0450810860458,15.6718557353324,1,28,60.0,4
at:43:7401,Rainfeld-Kleinzell Bahnhof,48.0506780459103,15.7073122396015,1,28,60.0,4
at:43:7402,Rohrbach an der Gölsen Bahnhof,48.047867631363,15.7425441650496,1,30,56.0,4
at:43:7403,Hainfeld Bahnhof,48.0395916312349,15.7679934370523,1,30,56.0,4
at:43:7435,Erlauf Bahnhof,48.1838403817524,15.1821211918208,0,36,46.666666666666664,3
at:43:7442,Petzenkirchen Bahnhof,48.1435454932188,15.1569953133205,0,35,48.0,3
at:43:7443,Wieselburg Bahnhof,48.1321313465446,15.1423437910345,0,36,46.666666666666664,3
at:43:7444,Mühling Bahnhof,48.1110168822777,15.1355884600969,0,29,57.93103448275862,3
at:43:7445,Mühling-Plaika Bahnhof,48.1032309454295,15.1326330028118,0,28,60.0,3
at:43:7446,Schauboden Bahnhof,48.0788817873301,15.1369089835648,0,27,62.22222222222222,4
at:43:7447,Purgstall/Erlauf Bahnhof,48.0583698705476,15.1310340016058,0,27,62.22222222222222,4
at:43:7448,Sölling Bahnhof,48.0389549607645,15.1405022447017,0,27,62.22222222222222,4
at:43:7449,Saffen Bahnhof,48.0218039424196,15.1523689896066,0,28,60.0,3
at:43:7450,Scheibbs Bahnhof,48.0050559188384,15.1644692964854,0,28,60.0,3
at:43:7893,Greinsfurth/Amst. Bahnhof,48.1085036771912,14.8389557700865,1,30,56.0,4
at:43:7894,Ulmerfeld-Hausmening Bahnhof,48.0748424806652,14.8157343199888,0,31,54.193548387096776,3
at:43:7895,Kröllendorf Bahnhof,48.0425466402167,14.788982490824,1,30,56.0,4
at:43:7896,Hilm-Kematen Bahnhof,48.0226451061807,14.7620420154495,1,30,56.0,4
at:43:7897,Rosenau am Sonntagberg Bahnhof,48.0105310237307,14.7416861911085,0,30,56.0,3
at:43:7898,Sonntagberg Bahnhof,47.9921501617927,14.7383085256398,1,29,57.93103448275862,4
at:43:7899,Böhlerwerk an der Ybbs Bahnhof,47.9832579183194,14.7540649757254,1,29,57.93103448275862,4
at:43:7900,Waidhofen/Ybbs Bahnhof,47.9682596847783,14.7652310347086,0,30,56.0,3
at:43:7901,Waidhofen/Ybbs Stadt,47.9584128464053,14.7678451321857,1,22,76.36363636363636,5
at:43:8000,Furth-Göttweig Bahnhof,48.373157517251,15.6156930637614,1,30,56.0,4
at:43:8001,Furth-Palt Bahnhof,48.3845060514071,15.6059373597745,0,41,40.97560975609756,3
at:43:8002,Getzersdorf/Traisen Bahnhof,48.3242499518548,15.7153611445484,1,31,54.193548387096776,4
at:43:8003,Herzogenburg Bahnhof,48.2766824981272,15.6962988942167,0,75,22.4,2
at:43:8004,Herzogenburg Stadt,48.2845317903816,15.7005658918169,1,32,52.5,4
at:43:8005,Herzogenburg-Wielandsthal,48.285015979881,15.6907293394544,1,35,48.0,4
at:43:8008,Oberradlberg Bahnhof,48.2406308156952,15.6704992792532,1,30,56.0,4
at:43:8009,Paudorf Bahnhof,48.3511453693977,15.6161961203206,0,42,40.0,3
at:43:8010,Statzendorf Bahnhof,48.3092853253898,15.6324376606598,0,44,38.18181818181818,2
at:43:8011,Unterradlberg Bahnhof,48.2551669845415,15.6867138701338,1,30,56.0,4
at:43:8012,Viehofen Bahnhof,48.2308599497088,15.6530000975161,1,29,57.93103448275862,4
at:43:8022,Brunn an der Schneebergbahn Bhf.,47.8255892961511,16.157314298091,1,33,50.90909090909091,4
at:43:8059,Pernitz Wipfelhofstraße/Bf.,47.8956907389086,15.9684075769672,0,46,36.52173913043478,2
at:43:8068,Pfennigbach Bahnhof,47.7957685327824,15.92394995355,1,28,60.0,4
at:43:8074,Pernitz Raimundviertel Bahnhof,47.8919743861225,15.9462102062935,0,47,35.744680851063826,2
at:43:8240,Herzograd Bahnhof,48.1613750173322,14.5035787418667,0,47,35.744680851063826,2
at:43:8241,Ernsthofen Bahnhof,48.126693147972,14.4799081341268,0,47,35.744680851063826,2
at:43:8242,Dorf an der Enns,48.091183813358,14.4730270390495,1,29,57.93103448275862,4
at:43:8243,Ramingdorf-Haidershofen Bf.,48.0676633760208,14.4593367141176,1,29,57.93103448275862,4
at:43:8757,St. Egyden/Stfd Bahnhof,47.760894605247,16.1463728179289,0,57,29.473684210526315,2
at:43:8758,Neunkirchen Bahnhof,47.7311515028282,16.0852514459889,0,57,29.473684210526315,2
at:43:8759,Ternitz Bahnhof,47.7142488365191,16.0334276372408,0,57,29.473684210526315,2
at:43:8760,Pottschach Bahnhof,47.6971169801639,16.006334448268,0,57,29.473684210526315,2
at:43:8761,Gloggnitz Bahnhof,47.6772940693834,15.9465964818658,0,58,28.96551724137931,2
at:43:8762,Schlöglmühl Bahnhof,47.6825075356071,15.9141044180346,0,58,28.96551724137931,2
at:43:8763,Payerbach-Reichenau Bahnhof,47.6957384491822,15.8640772398551,0,72,23.333333333333332,2
at:43:8764,Küb Bahnhof,47.6818664646053,15.8766536538345,1,14,120.0,5
at:43:8765,Eichberg am Semmering Bahnhof,47.6722494542208,15.9111489607495,1,14,120.0,5
at:43:8766,Klamm-Schottwien Bahnhof,47.6651595544981,15.8724675046099,1,14,120.0,5
at:43:8767,Breitenstein Bahnhof,47.6599141027692,15.8204370833465,1,14,120.0,5
at:43:8768,Wolfsbergkogel Bahnhof,47.6495244958223,15.8273181784238,1,13,129.23076923076923,6
at:43:8769,Semmering Bahnhof,47.6395686235483,15.8307766922681,0,30,56.0,3
at:43:99980,TP Gmünd Lainsitzbrücke Schiene,48.7644583618963,14.9683221541706,0,17,98.82352941176471,4
at:43:99985,Kittsee Tarifpunkt A6/Staatsgrenze,48.1030329825077,17.0837558338853,0,34,49.411764705882355,3
at:43:99986,Marchegg Tarifpunkt,48.2413128517877,16.9461788481032,0,28,60.0,3
at:43:99987,TP Unterretzbach(Gr),48.773629617622,16.0144821678961,0,15,112.0,4
at:44:40156,Neumarkt-Kallham Bahnhof,48.2717678566339,13.7258443182262,0,74,22.7027027027027,2
at:44:40179,Lengau Bahnhst,48.0082172468018,13.2201017963494,0,30,56.0,3
at:44:40222,Perg Schulzentrum Bahnhst,48.2424615235991,14.640625721631,0,36,46.666666666666664,3
at:44:41016,Leonding Straßfeld Lokalbahn,48.2746557142042,14.245905985734,0,1,1680.0,-1
at:44:41027,Linz Pichling,48.2428743212308,14.3791171592346,1,45,37.333333333333336,3
at:44:41060,Linz/Donau Franckstraße Bahnhof,48.2858707723606,14.3239965333933,0,51,32.94117647058823,2
at:44:41072,Leonding Westbahn Bahnhof,48.2740040173359,14.2527152155885,1,28,60.0,4
at:44:41121,Linz Ebelsberg,48.2519669892919,14.3467328932376,0,48,35.0,2
at:44:41164,Linz/Donau Hauptbahnhof,48.2909992268168,14.2919805766629,0,421,3.990498812351544,0
at:44:41224,Linz/Donau Oed Bahnhst,48.2652561254967,14.2764936211625,0,38,44.21052631578947,3
at:44:41272,Linz/Donau Urfahr Bahnhof,48.3118842880337,14.2792783985436,0,79,21.265822784810126,2
at:44:41298,Linz/Donau Wegscheid Bahnhof,48.2491615950796,14.2755324238083,1,37,45.4054054054054,4
at:44:41500,Pasching b.Linz Bahnhst,48.2569433440564,14.2083923394639,0,30,56.0,3
at:44:41501,Hörsching Bahnhst,48.2460629211155,14.18717413245,0,31,54.193548387096776,3
at:44:41570,Oftering Bahnhst,48.2282628472174,14.1524722130197,0,29,57.93103448275862,3
at:44:41600,Traun OÖ Bahnhof,48.2262221742256,14.2544040483229,0,66,25.454545454545453,2
at:44:41601,St.Martin b.Traun Bahnhst,48.2365144750064,14.2649053539957,1,37,45.4054054054054,4
at:44:41602,Ansfelden Bahnhof,48.2093071897821,14.2610515814263,1,39,43.07692307692308,4
at:44:41740,Nettingsdorf Bahnhof,48.1896617980496,14.2583117198094,1,39,43.07692307692308,4
at:44:41760,Nöstlbach-St.Marien Bahnhst,48.1634722011238,14.246076665638,1,39,43.07692307692308,4
at:44:41761,Neuhofen/Krems Bahnhof,48.1360102829229,14.2383421710406,0,68,24.705882352941178,2
at:44:41770,Kematen/Krems-Piberbach Bahnhof,48.1135719480826,14.2037749989029,0,40,42.0,3
at:44:41900,Asten-Fisching,48.2273412630388,14.4272758416229,1,45,37.333333333333336,3
at:44:41910,Enns Bahnhof,48.2210991879258,14.4670801918678,0,68,24.705882352941178,2
at:44:42107,Wels Hauptbahnhof,48.1657011139022,14.0262409492776,0,252,6.666666666666667,0
at:44:42146,Wels Lokalbahn Bahnhof,48.1566290734773,14.0173655942693,1,30,56.0,4
at:44:42268,Wels Messe Bahnhof,48.1524520399787,14.0196473150913,1,25,67.2,5
at:44:42300,Marchtrenk Bahnhof,48.1996081817458,14.0965431034226,0,79,21.265822784810126,2
at:44:42390,Kremsmünster Bahnhof,48.0530259456002,14.1401922430841,0,66,25.454545454545453,2
at:44:42410,Schauersberg Bahnhst,48.1359323473642,14.0086519360121,1,29,57.93103448275862,4
at:44:42411,Steinhaus b.Wels Bahnhst,48.1192214312611,14.0179405160512,1,29,57.93103448275862,4
at:44:42412,Oberhart b.Steinhaus Bahnhst,48.1039508041729,14.0392036388293,1,30,56.0,4
at:44:42430,Unterhart b.Sattledt Bahnhst,48.08909567677,14.0426441863679,1,30,56.0,4
at:44:42431,Sattledt Bahnhof,48.0740621917186,14.0580772429513,1,30,56.0,4
at:44:42451,Großendorf Bahnhst,48.0387987951079,14.055696707448,1,22,76.36363636363636,5
at:44:42452,Wiesmühle b.Sattledt Bahnhst,48.0217739006029,14.0437041984033,1,22,76.36363636363636,5
at:44:42453,Voitsdorf Bahnhst,48.0124841312467,14.0471088133306,1,22,76.36363636363636,5
at:44:42750,Gunskirchen Bahnhof,48.1322272743164,13.9453296916257,0,48,35.0,2
at:44:42790,Lambach OÖ Bahnhof,48.0941478616439,13.8886100645785,0,48,35.0,2
at:44:42791,Lambach OÖ Markt Bahnhst,48.0943338589768,13.8700329045003,0,44,38.18181818181818,2
at:44:42850,Neukirchen b.Lambach Bahnhst,48.0950778415804,13.8323395951734,0,30,56.0,3
at:44:42940,Haiding Bahnhof,48.2099178066073,13.9747225677262,1,25,67.2,5
at:44:43005,Steyr,48.0384263981703,14.4232513891495,0,49,34.285714285714285,2
at:44:43133,Steyr-Münichholz,48.0481919177918,14.4495540606722,0,49,34.285714285714285,2
at:44:43450,Rohr-Bad Hall Bahnhof,48.0697823965365,14.1916207931071,0,66,25.454545454545453,2
at:44:43500,Kirchdorf/Krems Bahnhof,47.9064768907548,14.1163329891345,0,67,25.074626865671643,2
at:44:43510,Micheldorf in OÖ Bahnhof,47.8837275876988,14.1258730974532,0,21,80.0,4
at:44:43520,Schlierbach/Krems Bahnhof,47.9379131328646,14.1117515811849,0,39,43.07692307692308,3
at:44:43530,Nußbach Bahnhst,47.9717480348432,14.1233937472687,1,39,43.07692307692308,4
at:44:43540,Wartberg/Krems Bahnhof,47.9889397516179,14.1215072851718,0,54,31.11111111111111,2
at:44:43589,Klaus/Pyhrnbahn Bahnhof,47.8331880468111,14.1551761420253,0,18,93.33333333333333,4
at:44:43615,Steyrling Bahnhof,47.8015735515718,14.1636921709199,0,16,105.0,4
at:44:43620,Hinterstoder Bahnhof,47.7745765209736,14.1790892948918,0,27,62.22222222222222,4
at:44:43640,Roßleithen Bahnhst,47.7244865728733,14.308734156714,0,18,93.33333333333333,4
at:44:43649,Windischgarsten Bahnhof,47.7153367670756,14.3279850532554,0,26,64.61538461538461,4
at:44:43660,Spital am Pyhrn Bahnhof,47.6738100707217,14.3473527307837,0,18,93.33333333333333,4
at:44:43790,Steinbachbrücke Bahnhst,47.9321053083565,13.9929943006077,1,22,76.36363636363636,5
at:44:43835,Pettenbach OÖ Bahnhof,47.9620943520422,14.0112121345722,1,22,76.36363636363636,5
at:44:43839,Pettenbach OÖ Diensthubersiedlung Bahnhst,47.9678747489572,14.0219110696076,1,22,76.36363636363636,5
at:44:43860,Wilfling Bahnhst,47.9804498396189,14.0290347098116,1,22,76.36363636363636,5
at:44:43900,Garsten Bahnhof,48.0238407367626,14.4084202038066,0,54,31.11111111111111,2
at:44:43934,Lahrndorf b.Garsten Bahnhof,47.9948794545638,14.3745357512849,0,19,88.42105263157895,4
at:44:43940,Dürnbach/Enns Bahnhst,47.9780926192318,14.3540361964985,0,19,88.42105263157895,4
at:44:43941,Ternberg,47.9487025193099,14.3549704443941,0,19,88.42105263157895,4
at:44:43950,Trattenbach/Enns Bahnhst,47.9304501093938,14.3544224720707,0,19,88.42105263157895,4
at:44:43960,Losenstein,47.9240153963644,14.4311385973452,0,20,84.0,4
at:44:43981,Reichraming Bahnhof,47.8915165997439,14.4714549873021,0,20,84.0,4
at:44:44000,Puchenau Bahnhst,48.3116333594826,14.2385218340975,1,75,22.4,3
at:44:44001,Puchenau West Bahnhst,48.3124817319985,14.2218850350333,0,77,21.818181818181817,2
at:44:44002,Dürnberg b.Ottensheim Bahnhof,48.331488746431,14.1923753779458,1,75,22.4,3
at:44:44003,Ottensheim Bahnhof,48.3376158338442,14.1777238556598,0,77,21.818181818181817,2
at:44:44009,Achleitnersiedlung Bahnhst,48.3215739657143,14.2056165452356,1,74,22.7027027027027,3
at:44:44020,Walding b.Linz Bahnhst,48.3485961684199,14.153307646234,0,79,21.265822784810126,2
at:44:44040,Rottenegg Bahnhof,48.3598427369391,14.1378925559564,0,79,21.265822784810126,2
at:44:44050,Lacken im Mühlkreis Bahnhst,48.3860512134047,14.0913508410797,0,22,76.36363636363636,4
at:44:44052,Gerling OÖ Bahnhst,48.3974684466881,14.0771305101301,0,21,80.0,4
at:44:44350,Steyregg Bahnhof,48.284513857349,14.3621839161266,1,40,42.0,4
at:44:44351,Pulgarn Bahnhst,48.2786075694648,14.3926727368738,1,40,42.0,4
at:44:44360,St.Georgen/Gusen Bahnhof,48.2651425066616,14.440499042607,1,40,42.0,4
at:44:44361,St.Georgen/Gusen Ort Bahnhst,48.2702491248497,14.4505601737905,0,40,42.0,3
at:44:44410,Mauthausen OÖ Bahnhof,48.243400782942,14.5327829717575,0,36,46.666666666666664,3
at:44:44450,Lungitz/Gusen Bahnhof,48.2887279468872,14.4786684590346,0,40,42.0,3
at:44:44470,Katsdorf Bahnhst,48.3121889853298,14.4904543555639,1,36,46.666666666666664,4
at:44:44471,Gaisbach-Wartberg Bahnhof,48.3302942966598,14.5062916540251,1,36,46.666666666666664,4
at:44:44472,Schloss Haus Bahnhst,48.3414314548014,14.5055999512562,1,36,46.666666666666664,4
at:44:44500,Perg Bahnhof,48.2476062995692,14.627168958673,0,36,46.666666666666664,3
at:44:44550,Aisthofen,48.257451718417,14.5902122678792,0,35,48.0,3
at:44:44551,Schwertberg Bahnhof,48.2686167368164,14.5797109622064,0,37,45.4054054054054,3
at:44:44850,Arbing,48.2271078722042,14.7007858962169,0,36,46.666666666666664,3
at:44:44870,Dornach,48.1917997448007,14.8202797953271,0,35,48.0,3
at:44:44880,Grein-Bad Kreuzen Bahnhof,48.2212607852783,14.8506698013931,0,37,45.4054054054054,3
at:44:44881,Grein Stadt Bahnhof,48.2299922688373,14.8557722322076,0,32,52.5,3
at:44:44900,St.Nikola-Struden Bahnhst,48.2334928222967,14.9091950421616,0,31,54.193548387096776,3
at:44:44960,Baumgartenberg Bahnhst,48.2086786060334,14.7480732127795,0,35,48.0,3
at:44:44961,Saxen Bahnhof,48.2051823422963,14.7907431887811,0,36,46.666666666666664,3
at:44:45000,Freistadt Bahnhof,48.4952568428613,14.4815430679441,0,18,93.33333333333333,4
at:44:45090,Pregarten Bahnhof,48.3559867091429,14.5225781101284,0,56,30.0,2
at:44:45260,Summerau Bahnhof,48.5572726729473,14.4490150715017,0,18,93.33333333333333,4
at:44:45450,Kefermarkt Bahnhof,48.436872209085,14.5382357455328,0,19,88.42105263157895,4
at:44:45500,Rohrbach-Berg Bahnhof,48.5817570379345,13.9873618637755,0,16,105.0,4
at:44:45530,Oepping Bahnhst,48.5998555981871,13.9604303715539,0,10,168.0,-1
at:44:45550,Haslach/Mühl Bahnhst,48.5538121636426,14.0313343969393,0,16,105.0,4
at:44:45680,Iglmühle Bahnhst,48.5205804204354,14.0364637772123,0,17,98.82352941176471,4
at:44:45750,Neufelden Bahnhof,48.4841831018904,14.0054269841417,0,15,112.0,4
at:44:45765,Kleinzell im Mühlkreis Bahnhst,48.4582217792644,14.0320260997082,0,16,105.0,4
at:44:45780,Neuhaus-Niederwaldkirchen Bahnhst,48.4422357696593,14.0509805522057,0,20,84.0,4
at:44:46009,Pinsdorf Bahnhst,47.93317664526,13.7661517250303,0,29,57.93103448275862,3
at:44:46010,Gmunden Bahnhof,47.9252975873337,13.7830131029156,0,31,54.193548387096776,3
at:44:46011,Altmünster/Traunsee Bahnhof,47.8911371158624,13.7584531630443,0,31,54.193548387096776,3
at:44:46320,Viechtwang Bahnhst,47.9156833907011,13.9713449022574,1,22,76.36363636363636,5
at:44:46321,Scharnstein-Mühldorf Bahnhof,47.9004186142064,13.9585618757626,1,22,76.36363636363636,5
at:44:46322,Kothmühle Bahnhst,47.8868421282657,13.9407662499818,1,22,76.36363636363636,5
at:44:46323,Traxenbichl Bahnhst,47.8768532483889,13.9384306302427,1,22,76.36363636363636,5
at:44:46340,Grünau im Almtal Bahnhof,47.8536629489123,13.9515999323097,1,21,80.0,5
at:44:46406,Traunkirchen Bahnhof,47.8553386872809,13.7771201546509,0,29,57.93103448275862,3
at:44:46430,Traunkirchen Ort Bahnhof,47.8427633002807,13.7871184037646,0,17,98.82352941176471,4
at:44:46440,Ebensee Landungsplatz,47.8122767398557,13.7750360631915,0,29,57.93103448275862,3
at:44:46441,Ebensee Bahnhof,47.8043973802475,13.771469751513,0,30,56.0,3
at:44:46470,Steinkogel Bahnhst,47.7871865373981,13.7413582231852,0,16,105.0,4
at:44:46500,Bad Ischl Bahnhof,47.7121817058842,13.6274518451429,0,29,57.93103448275862,3
at:44:46534,Lauffen b.Bad Ischl Bahnhst,47.6749109426599,13.6166361291206,0,15,112.0,4
at:44:46570,Bad Goisern Jodschwefelbad Bahnhst,47.6585587908079,13.6088297693005,0,15,112.0,4
at:44:46571,Bad Goisern Bahnhof,47.6394657262084,13.6134830424729,0,29,57.93103448275862,3
at:44:46580,Steeg-Gosau Bahnhof,47.6164540032392,13.6317368090488,0,29,57.93103448275862,3
at:44:46630,Obersee OÖ Bahnhst,47.5915238053063,13.665818890933,0,15,112.0,4
at:44:46631,Hallstatt Bahnhst,47.5676545523749,13.6619920678221,0,26,64.61538461538461,4
at:44:46640,Obertraun-Dachsteinhöhlen Bahnhof,47.5576588359976,13.6835426514912,0,29,57.93103448275862,3
at:44:46790,Aurachkirchen Bahnhof,47.967796558518,13.7456701365495,0,17,98.82352941176471,4
at:44:46900,Oberland OÖ Bahnhof,47.9023096434401,14.7449380924375,1,22,76.36363636363636,5
at:44:46910,Großraming Bahnhof,47.882082890143,14.5516026769624,0,20,84.0,4
at:44:46930,Küpfern Bahnhst,47.8586719195056,14.6104243617747,0,19,88.42105263157895,4
at:44:46940,Kastenreith Bahnhst,47.8514868193462,14.6377960284856,0,42,40.0,3
at:44:46942,Weyer/Enns Bahnhof,47.8621013687723,14.667763826368,1,24,70.0,5
at:44:46950,Kleinreifling Bahnhof,47.8242201966064,14.6422426891427,0,33,50.90909090909091,3
at:44:46960,Gaflenz Bahnhst,47.8938958400702,14.7241241273015,1,22,76.36363636363636,5
at:44:47000,Vöcklabruck Bahnhof,48.0099961598472,13.6637886983906,0,136,12.352941176470589,1
at:44:47060,Oberthalheim-Timelkam Bahnhst,48.0016900335213,13.6235531568093,1,27,62.22222222222222,5
at:44:47120,Ottnang-Wolfsegg Bahnhof,48.0921258472251,13.6648037946618,1,21,80.0,5
at:44:47130,Bergern am Hausruck Bahnhst,48.1009993192585,13.6308474769174,1,21,80.0,5
at:44:47150,Schwanenstadt Bahnhof,48.0542328805069,13.7684873447693,0,47,35.744680851063826,2
at:44:47151,Breitenschützing Bahnhof,48.0788757856237,13.8011590716573,1,28,60.0,4
at:44:47200,Attnang-Puchheim Bahnhof,48.012243752775,13.7205981569663,0,181,9.281767955801104,0
at:44:47230,Lehen-Altensam Bahnhst,48.0351768203487,13.7012484457436,1,21,80.0,5
at:44:47250,Wankham b.Attnang Bahnhst,47.997554502319,13.7308120017481,0,29,57.93103448275862,3
at:44:47270,Lenzing OÖ Bahnhof,47.983143673987,13.6136088066127,0,28,60.0,3
at:44:47271,Lenzing OÖ Ort Bahnhst,47.9717540490364,13.6067636441468,1,27,62.22222222222222,5
at:44:47300,Siebenmühlen-Rosenau Bahnhst,47.9592730909825,13.6056676995,1,27,62.22222222222222,5
at:44:47301,Kammer-Schörfling Bahnhst,47.9485460802713,13.5962353890154,0,28,60.0,3
at:44:47510,Grieskirchen-Gallspach Bahnhof,48.2312548892331,13.8383942401892,0,41,40.97560975609756,3
at:44:47511,Schlüßlberg Bahnhof,48.2236368059743,13.8691256060633,0,35,48.0,3
at:44:47650,Obertrattnach-Markt Hofkirchen Bahnhst,48.245464699888,13.7671039392316,0,25,67.2,4
at:44:47750,Bad Schallerbach-Wallern Bahnhof,48.2287954434942,13.9220543426109,0,40,42.0,3
at:44:47795,Kimpling Bahnhst,48.2666015924968,13.6707506418435,0,22,76.36363636363636,4
at:44:47800,Timelkam Bahnhof,48.0080970477614,13.5959838607359,0,31,54.193548387096776,3
at:44:47840,Neukirchen-Gampern Bahnhst,48.0201275822772,13.5500979160166,0,29,57.93103448275862,3
at:44:47841,Redl-Zipf Bahnhst,48.0262499382624,13.5148570074157,0,30,56.0,3
at:44:47860,Vöcklamarkt Bahnhof,47.9981496064433,13.4895694321642,0,30,56.0,3
at:44:47870,Frankenmarkt Bahnhof,47.9831075967769,13.4322479338766,0,31,54.193548387096776,3
at:44:47880,Pöndorf Bahnhof,47.9870458766814,13.3549928194316,0,29,57.93103448275862,3
at:44:47901,Oberhofen-Zell am Moos Bahnhst,47.9590444959189,13.3019922176611,0,31,54.193548387096776,3
at:44:47980,Wolfshütte Bahnhst,48.0529178604971,13.6815663578658,1,21,80.0,5
at:44:48000,Ried im Innkreis Bahnhof,48.2005482277103,13.4883028076135,0,58,28.96551724137931,2
at:44:48050,Bad Ried Bahnhst,48.2126355618005,13.4776757378008,1,23,73.04347826086956,5
at:44:48060,Oberbrunn im Innkreis Bahnhst,48.1709973890415,13.5123596909255,1,22,76.36363636363636,5
at:44:48080,Neuratting Bahnhst,48.2270779502253,13.3741898170559,1,30,56.0,4
at:44:48081,Gurten OÖ Bahnhst,48.2441186765431,13.334385466811,0,34,49.411764705882355,3
at:44:48101,Aurolzmünster Bahnhst,48.2490957950739,13.4580475488401,1,21,80.0,5
at:44:48140,St.Martin im Innkreis Bahnhof,48.2887936958839,13.4336942214842,1,21,80.0,5
at:44:48141,Hart im Innkreis Bahnhst,48.3164187127855,13.4150541793362,1,21,80.0,5
at:44:48170,Kumpfmühl Bahnhof,48.2692685023944,13.6203282049389,0,22,76.36363636363636,4
at:44:48171,Riedau Bahnhof,48.3034536079945,13.626535563553,0,35,48.0,3
at:44:48190,Peterskirchen Bahnhof,48.233917659498,13.5497745225143,0,34,49.411764705882355,3
at:44:48201,Pram-Haag Bahnhof,48.2317395835744,13.6174985117935,0,37,45.4054054054054,3
at:44:48210,Wendling b.Haag Bahnhof,48.2464039040845,13.6502151544457,0,33,50.90909090909091,3
at:44:48300,Eberschwang Bahnhof,48.1518047791101,13.5369106476439,1,21,80.0,5
at:44:48310,Hausruck Bahnhof,48.1296671404832,13.5716574828385,1,21,80.0,5
at:44:48315,Schalchen-Mattighofen Bahnhst,48.0952398363653,13.1636067481233,0,31,54.193548387096776,3
at:44:48320,Holzleithen am Hausruck Bahnhst,48.1135539551056,13.6066199137013,1,21,80.0,5
at:44:48500,Schärding Bahnhof,48.4642204474756,13.4421114356976,0,56,30.0,2
at:44:48530,Wernstein/Inn Bahnhof,48.506387682348,13.4574546607525,0,32,52.5,3
at:44:48531,Gopperding Bahnhst,48.4409902821885,13.4583260265782,1,21,80.0,5
at:44:48790,Taufkirchen/Pram Bahnhof,48.4072969065227,13.5212709785452,0,35,48.0,3
at:44:48800,Andorf Bahnhof,48.3697978181439,13.5657914840324,0,37,45.4054054054054,3
at:44:48880,Zell/Pram Bahnhof,48.3170459730176,13.6242089269668,0,22,76.36363636363636,4
at:44:48900,Suben Bahnhof,48.4026632151704,13.4331103165495,1,21,80.0,5
at:44:48920,Dietrichshofen Bahnhst,48.3701916842161,13.4221778195402,1,21,80.0,5
at:44:48930,Antiesenhofen Bahnhof,48.347634961175,13.4020914897845,1,21,80.0,5
at:44:49000,Braunau/Inn Bahnhof,48.259054559776,13.0481552677921,0,65,25.846153846153847,2
at:44:49100,Hagenau im Innkreis Bahnhst,48.2653099448568,13.1146665314376,1,30,56.0,4
at:44:49110,Mining Bahnhof,48.2713373545704,13.1718802318911,0,34,49.411764705882355,3
at:44:49120,Mühlheim/Inn Bahnhst,48.2697050012989,13.2206138360614,1,30,56.0,4
at:44:49130,Obernberg-Altheim Bahnhof,48.2705361327404,13.2577771393706,0,34,49.411764705882355,3
at:44:49131,Geinberg Bahnhst,48.2662727038343,13.2907273439967,0,31,54.193548387096776,3
at:44:49190,St.Georgen/Mattig Bahnhof,48.2163587719652,13.0988022835179,0,29,57.93103448275862,3
at:44:49210,Mauerkirchen Bahnhof,48.1913506037245,13.1288868623872,0,29,57.93103448275862,3
at:44:49220,Uttendorf-Helpfau Bahnhof,48.1603923074264,13.1334323377255,0,29,57.93103448275862,3
at:44:49250,Furth b.Mattighofen Bahnhst,48.1320234275872,13.1397744436322,0,27,62.22222222222222,4
at:44:49320,Achenlohe Bahnhst,48.0454834628936,13.1979313751342,0,5,336.0,-1
at:44:49330,Teichstätt Bahnhof,48.0201155651618,13.2128344256999,0,5,336.0,-1
at:44:49331,Friedburg Bahnhof,47.9971457399539,13.2341244979365,0,56,30.0,2
at:44:49650,Mattighofen Bahnhof,48.1087376083892,13.1522071271662,0,31,54.193548387096776,3
at:44:49666,Munderfing Bahnhof,48.0734499567223,13.1798482884624,0,31,54.193548387096776,3
at:44:49759,Lasberg-St.Oswald Bahnhst,48.4608786750852,14.5216438622328,0,14,120.0,4
at:44:49841,Schlägl Bahnhst,48.6365734843422,13.9754052873422,0,15,112.0,4
at:44:49844,Aigen-Schlägl Bahnhof,48.642640082591,13.9750279949228,0,15,112.0,4
at:44:99981,TP Summerau(Gr),48.593118414952,14.4336359138354,0,30,56.0,3
at:45:50002,Salzburg Hauptbahnhof 7,47.8128739779457,13.0460352437213,0,322,5.217391304347826,0
at:45:50034,Salzburg Liefering S-Bahn 1,47.8241960711805,13.000499641963,0,89,18.876404494382022,1
at:45:50209,Wallersee S-Bahn 1,47.9192716154518,13.1593577168288,1,30,56.0,4
at:45:50210,Köstendorf Weng S-Bahn 1,47.9362641381288,13.1750063690803,1,57,29.473684210526315,3
at:45:50230,Eugendorf S-Bahn 2,47.8733524674419,13.1167685892027,1,30,56.0,4
at:45:50253,Salzburg Kasern S-Bahn 1,47.8390250614774,13.0653130897212,1,58,28.96551724137931,3
at:45:50254,Hallwang-Elixhausen S-Bahn 1,47.8577678089782,13.09138219927,0,58,28.96551724137931,2
at:45:50273,Neumarkt Bahnhof 1,47.955338708528,13.2255545701248,0,118,14.23728813559322,1
at:45:50281,Steindorf Bahnhof 1,47.9665815841754,13.238598108052,0,32,52.5,3
at:45:50290,Straßwalchen Bahnhof 1,47.9720908427371,13.2643528072513,0,60,28.0,2
at:45:50456,Salzburg Parsch S-Bahn 1,47.798659054605,13.0733440283624,1,56,30.0,3
at:45:50457,Salzburg Aigen S-Bahn 2,47.7887678554297,13.0787069706093,1,56,30.0,3
at:45:50458,Salzburg-Süd S-Bahn 1,47.7700545207365,13.0785632401638,0,92,18.26086956521739,1
at:45:50470,Elsbethen S-Bahn 2,47.760810063248,13.0803329212738,1,55,30.545454545454547,3
at:45:50475,Puch S-Bahn 2,47.7129191127704,13.0906186312784,1,56,30.0,3
at:45:50489,Oberalm 1,47.7004603710145,13.0931698466856,1,56,30.0,3
at:45:50494,Hallein Bahnhof 2,47.6850717408354,13.0995568683566,0,91,18.46153846153846,1
at:45:50500,Hallein Burgfried S-Bahn 1,47.6757698485924,13.1146665314376,1,56,30.0,3
at:45:50578,Kuchl Garnei S-Bahn 1,47.6516546244669,13.128329906911,1,56,30.0,3
at:45:50580,Kuchl S-Bahn 1,47.6249370090466,13.1421549791355,0,79,21.265822784810126,2
at:45:50591,Golling-Abtenau Bahnhof 3,47.6007861915132,13.1640020068483,0,103,16.310679611650485,1
at:45:50861,Salzburg Sam S-Bahn 1,47.8195396540721,13.0631930656504,1,56,30.0,3
at:45:51023,Salzburg Mülln-Altstadt S-Bahn 2,47.8084639065245,13.0345996901529,0,116,14.482758620689655,1
at:45:51024,Salzburg Aiglhof S-Bahn 2,47.8078907507305,13.0268921450141,0,90,18.666666666666668,1
at:45:52011,Hüttau Bahnhof 2,47.4156827897973,13.3206502261149,1,16,105.0,5
at:45:52099,Bischofshofen Bahnhof 4,47.4177920460833,13.2201107795022,0,99,16.96969696969697,1
at:45:52106,Pöham Bahnhof 1,47.430348577946,13.2545521875002,1,15,112.0,5
at:45:52114,Radstadt Bahnhof 1,47.3843987442143,13.4680547811066,0,32,52.5,3
at:45:52183,Altenmarkt Bahnhof 1,47.3824280484658,13.4285109422941,1,17,98.82352941176471,5
at:45:52189,Eschenau Bahnhof 1,47.3062444075745,13.0073807370403,1,18,93.33333333333333,5
at:45:52191,Lend Bahnhof 2,47.2976854488956,13.0548297503541,0,42,40.0,3
at:45:52192,Mitterberghütten Bahnhof 1,47.3953517934407,13.222518264464,1,37,45.4054054054054,4
at:45:52197,Schwarzach-St.Veit Bahnhof 1,47.3186630936919,13.1543990164597,0,82,20.48780487804878,2
at:45:52199,Dorfgastein Bahnhof 1,47.2387219960024,13.1030962305765,0,13,129.23076923076923,-1
at:45:52201,Bad Hofgastein Bahnhof 1,47.1961455979624,13.1015151956763,0,21,80.0,4
at:45:52204,Bad Gastein Bahnhof 2,47.1115443995315,13.1320129995764,0,17,98.82352941176471,4
at:45:52205,Böckstein Bahnhof 1,47.080857042786,13.1301804363965,1,28,60.0,4
at:45:52210,Tenneck Bahnhof 1,47.4945126810836,13.1789499731782,1,32,52.5,4
at:45:52294,Dorfgastein Abzw Bahnhof A,47.2402589391435,13.1042640404461,3,4,420.0,-1
at:45:52343,Eben Bahnhof 1,47.4070503707522,13.3962973562011,1,17,98.82352941176471,5
at:45:52385,St.Johann Bahnhof 3,47.3483123944447,13.1948321874036,0,73,23.013698630136986,2
at:45:52418,Mandling Bahnhof 1,47.4042840498267,13.5677048955878,1,18,93.33333333333333,5
at:45:52428,Pfarrwerfen Bahnhof 2,47.4607186183503,13.2000244497465,1,33,50.90909090909091,4
at:45:52434,Werfen Bahnhof 2,47.4729491627435,13.1951825303645,0,61,27.540983606557376,2
at:45:52495,Niedernfritz-St.Martin Bahnhof 1,47.4212991814387,13.3446711768156,1,16,105.0,5
at:45:54001,Saalfelden Bahnhof 2,47.4268359680717,12.8298287211093,0,51,32.94117647058823,2
at:45:54104,Zell am See Bahnhof 3,47.3205691858669,12.7967617354963,0,46,36.52173913043478,2
at:45:54179,Bruck-Fusch Bahnhof 1,47.2845732398113,12.8281488715278,0,42,40.0,3
at:45:54180,Taxenbach-Rauris Bahnhof 1,47.2927870299816,12.9471217477732,0,42,40.0,3
at:45:54252,Leogang Steinberge Bahnhof 1,47.4454051724687,12.7689229448376,0,29,57.93103448275862,3
at:45:54253,Maishofen-Saalbach Bahnhof 1,47.3588834872379,12.8103262962884,0,20,84.0,4
at:45:54276,Leogang Bahnhof 1,47.4434003056585,12.740275670423,0,29,57.93103448275862,3
at:45:56183,Seekirchen Bahnhof 1,47.899057512198,13.1293809357935,0,87,19.310344827586206,1
at:45:56199,Bad Vigaun S-Bahn 2,47.6641613257464,13.1240449430051,1,56,30.0,3
at:45:56483,Straßwalchen West,47.9767455878307,13.2454163210594,0,56,30.0,2
at:45:56533,Salzburg Gnigl S-Bahn 1,47.8119871674001,13.0663461522981,1,61,27.540983606557376,3
at:45:56656,Puch Urstein (FH) 2,47.7241058666292,13.0881123316353,1,61,27.540983606557376,3
at:45:56702,Salzburg Taxham Europark S-Bahn 1,47.8161134224544,13.0104260258539,0,116,14.482758620689655,1
at:45:56900,Gries Bahnhof 1,47.2880161187099,12.8906805984641,0,20,84.0,4
at:45:56901,Gerling Bahnhof 2,47.3902860630438,12.8274661519118,1,19,88.42105263157895,5
at:46:1034,Studenzen-Fladnitz,46.9992031109601,15.774676902767,0,39,43.07692307692308,3
at:46:1745,Pernegg Bahnhof 2,47.35947375066,15.3429735266176,0,47,35.744680851063826,2
at:46:1746,Flughafen Graz-Feldkirchen Bahnhof,46.9979777795337,15.449343039425,1,65,25.846153846153847,3
at:46:1747,Werndorf Bahnhof,46.9163197190372,15.4767955545115,1,65,25.846153846153847,3
at:46:1748,Wildon Bahnhof,46.8837763241821,15.52141487468,1,61,27.540983606557376,3
at:46:1749,Lebring Bahnhof,46.8557530566974,15.5321497423267,1,61,27.540983606557376,3
at:46:1751,Lichendorf Bahnhof,46.7139020779385,15.6981134910909,1,21,80.0,5
at:46:1752,Weitersfeld an der Mur Bahnhof,46.7146288615495,15.7219098629705,1,21,80.0,5
at:46:1753,Mureck Bahnhof,46.7113336201544,15.7710836416301,1,21,80.0,5
at:46:1756,Purkla Bahnhof,46.7316069435731,15.9032437862481,1,20,84.0,5
at:46:1757,Halbenrain Bahnhof,46.7237066727307,15.949147697273,1,20,84.0,5
at:46:1758,Judendorf-Straßengel Bahnhof 2,47.1185991342982,15.3432699706614,0,49,34.285714285714285,2
at:46:1759,Stübing Bahnhof 1,47.1774702731869,15.3223931234556,0,49,34.285714285714285,2
at:46:1760,Peggau-Deutschfeistritz Bahnhof 2,47.2075221754074,15.3431352233688,0,53,31.69811320754717,2
at:46:1761,Laßnitzhöhe 2,47.0788811447733,15.5883213970505,0,39,43.07692307692308,3
at:46:1762,Takern-St.Margarethen Bahnhof,47.045340879914,15.7578963732574,0,35,48.0,3
at:46:1764,Rohr Haltestelle,46.9765238016064,15.8120468185916,0,31,54.193548387096776,3
at:46:1765,Gniebing,46.9620692257391,15.8525428716054,0,31,54.193548387096776,3
at:46:1766,Lödersdorf,46.9546687858387,15.9462102062935,0,32,52.5,3
at:46:1767,Hohenbrugg an der Raab,46.944274559436,16.0604489609909,0,21,80.0,4
at:46:1768,Hatzendorf Bahnhof,46.9793860552844,16.0033610246772,0,12,140.0,-1
at:46:1770,Söchau Bahnhof,47.028749592341,16.0135299536948,0,12,140.0,-1
at:46:1771,Übersbach Bahnhof,47.0268329969131,16.0539271920273,0,12,140.0,-1
at:46:1772,Bierbaum/Safen Bahnhof,47.0978846555311,16.0743728478967,0,12,140.0,-1
at:46:1774,Bad Waltersdorf Bahnhof,47.1703622780116,16.013574869459,0,12,140.0,-1
at:46:1775,Sebersdorf Bahnhof,47.1891133603673,15.9989053808673,0,12,140.0,-1
at:46:1794,Kalsdorf Bahnhof,46.9642333697302,15.4699503920456,1,64,26.25,3
at:46:1827,Leibnitz Bahnhof,46.7798270595866,15.547412119006,0,75,22.4,2
at:46:1839,Spielfeld-Straß Bahnhof,46.7096582053222,15.6288623658285,0,99,16.96969696969697,1
at:46:1858,Gosdorf Bahnhof,46.7246057486456,15.7977366561136,1,21,80.0,5
at:46:1891,Bad Radkersburg Bahnhof,46.6995060503683,15.9933807418692,1,20,84.0,5
at:46:1923,Feldbach 3,46.9586235807284,15.8892749835781,0,41,40.97560975609756,3
at:46:1960,Fehring,46.9495485784874,16.0128652003845,0,72,23.333333333333332,2
at:46:1982,Fürstenfeld Bahnhof,47.0420720084774,16.0839848214381,0,12,140.0,-1
at:46:2022,Hartberg Bahnhof,47.2809351225163,15.9846401341535,0,18,93.33333333333333,4
at:46:2042,Frohnleiten Bahnhof 2,47.2664715895702,15.3273428406718,0,61,27.540983606557376,2
at:46:2051,Mixnitz-Bärenschützklamm Bahnhof 1,47.331894704931,15.3599966012541,0,47,35.744680851063826,2
at:46:2065,Bruck/Mur Bahnhof 1,47.4136342381198,15.2792021245891,0,221,7.601809954751131,0
at:46:2244,Laßnitzthal 1,47.0882767113615,15.6571592972822,1,29,57.93103448275862,4
at:46:2735,Bad Blumau Bahnhof,47.1232447226609,16.0567658683255,0,12,140.0,-1
at:46:28,Gleisdorf 2,47.098936470302,15.7099982023014,0,42,40.0,3
at:46:30205,Spielfeld Tarifpunkt Grenze (Bahn),46.6920200775411,15.6403608014668,0,20,84.0,4
at:46:3038,Graz Ostbahnhof 2,47.0531265983253,15.4484537072936,0,44,38.18181818181818,2
at:46:3039,Raaba 1,47.0302130166348,15.4967561201275,0,42,40.0,3
at:46:3040,Graz Hbf 5,47.0726165131182,15.4162670706591,0,250,6.72,0
at:46:30454,Leoben Lerchenfeld Bahnhof,47.385450968256,15.114145674262,0,58,28.96551724137931,2
at:46:3747,Graz Liebenau Murpark 1,47.040137525801,15.4622967458238,0,42,40.0,3
at:46:3918,Kaindorf Bahnhof,46.8020362533423,15.5423725702614,0,65,25.846153846153847,2
at:46:4279,Graz Puntigam Bahnhof,47.0305742741974,15.4293645075034,0,71,23.661971830985916,2
at:46:4498,Graz Don Bosco Bahnhof 1,47.0580349340922,15.4190608311931,0,114,14.736842105263158,1
at:46:5205,St.Johann in der Haide Bahnhof,47.2804719606536,16.0353500319491,0,15,112.0,4
at:46:5211,Grafendorf Bahnhof,47.3468698877301,16.003540687734,0,16,105.0,4
at:46:5230,Rohrbach-Vorau Bahnhof,47.3893434064149,15.9858348934816,0,16,105.0,4
at:46:525,Gratwein-Gratkorn Bahnhof 2,47.1291122544742,15.3231387251415,0,57,29.473684210526315,2
at:46:5511,Unzmarkt Bahnhof 3,47.2010224446483,14.4422148247999,0,63,26.666666666666668,2
at:46:6092,Kapfenberg Bahnhof A/B,47.4450953344082,15.292551089713,0,90,18.666666666666668,1
at:46:6155,St.Marein-St.Lorenzen Bahnhof,47.4733256288884,15.3732737011552,0,42,40.0,3
at:46:6313,Kindberg Bahnhof,47.5012919468317,15.4485165893635,0,40,42.0,3
at:46:6344,Leoben Hauptbahnhof A,47.3859497029502,15.0897204816834,0,113,14.867256637168142,1
at:46:6539,Krieglach Bahnhof,47.5473095328863,15.5607071852128,0,41,40.97560975609756,3
at:46:6750,St.Michael Bahnhof,47.346346436727,15.0093032974378,0,65,25.846153846153847,2
at:46:6770,Mautern Bahnhof,47.3968902682111,14.8353086100325,0,18,93.33333333333333,4
at:46:6892,Stainach-Irdning Bahnhof,47.5291827196225,14.1072240721523,0,48,35.0,2
at:46:6938,Selzthal Bahnhof,47.5503593641829,14.3135311603319,0,59,28.47457627118644,2
at:46:6947,Rottenmann Bahnhof,47.5278422146281,14.3648069967566,0,29,57.93103448275862,3
at:46:7024,Gröbming Bahnhof,47.4265989496206,13.9001893485924,1,17,98.82352941176471,5
at:46:7063,Bad Aussee Bahnhof,47.5990840708468,13.7767967611486,0,18,93.33333333333333,4
at:46:7112,Tauplitz Bahnhof,47.5516750417758,14.0101521225368,0,16,105.0,4
at:46:7189,Haus Bahnhof,47.4170383157867,13.800494318347,1,17,98.82352941176471,5
at:46:7208,Schladming Bahnhof,47.3940139527803,13.678476153288,0,46,36.52173913043478,2
at:46:7316,Bad Mitterndorf Bahnhof,47.5505170047145,13.9440091681579,0,18,93.33333333333333,4
at:46:7420,Kapfenberg Fachhochschule,47.4537761845344,15.3298042245506,0,42,40.0,3
at:46:7421,Allerheiligen-Mürzhofen Bahnhof,47.4821110969833,15.4032325158848,1,31,54.193548387096776,4
at:46:7422,Wartberg Bahnhof,47.5273812185684,15.4840449588554,0,35,48.0,3
at:46:7423,Mitterdorf-Veitsch Bahnhof,47.5364184286851,15.5125305365188,0,41,40.97560975609756,3
at:46:7424,Langenwang Bahnhof,47.567909118182,15.613267612494,1,31,54.193548387096776,4
at:46:7426,Mürzzuschlag Bahnhof,47.6084238518851,15.677811565667,0,80,21.0,2
at:46:7427,Spital am Semmering Bahnhof,47.6164418923256,15.7479160904494,1,13,129.23076923076923,6
at:46:7428,Steinhaus Bahnhof,47.6208198048324,15.7838487018192,1,13,129.23076923076923,6
at:46:7431,Kammern Bahnhof,47.389872512534,14.903643453705,0,18,93.33333333333333,4
at:46:7432,Kalwang Bahnhof,47.4237364117414,14.7463664137394,0,18,93.33333333333333,4
at:46:7433,Wald am Schoberpaß Bahnhof,47.4502772878522,14.6708630140987,0,18,93.33333333333333,4
at:46:7435,Gaishorn Bahnhof,47.4891104909456,14.5470122858599,0,18,93.33333333333333,4
at:46:7436,Trieben Bahnhof,47.4890679996071,14.4897267201836,0,19,88.42105263157895,4
at:46:7437,Liezen Bahnhof 1,47.5626114699446,14.2422139099157,0,40,42.0,3
at:46:7438,Wörschach Schwefelbad Bahnhof,47.5455389728656,14.1395185066209,1,16,105.0,5
at:46:7441,Niederöblarn Bahnhof,47.4819957479013,14.0145089516654,1,17,98.82352941176471,5
at:46:7442,Öblarn Bahnhof,47.4607246918193,13.9876583078193,1,18,93.33333333333333,5
at:46:7443,Stein an der Enns Bahnhof,47.4374034752551,13.9419699924626,1,17,98.82352941176471,5
at:46:7444,Pruggern Bahnhof,47.4233292015621,13.8745244809216,1,17,98.82352941176471,5
at:46:7445,Aich-Assach Bahnhof,47.4203023764361,13.8211645530374,1,17,98.82352941176471,5
at:46:7447,Pichl bei Schladming Bahnhof,47.3883034237349,13.613024901678,1,18,93.33333333333333,5
at:46:7449,Ardning Bahnhof,47.5906695720126,14.359309307217,0,15,112.0,4
at:46:7456,Weißenbach-St.Gallen Bahnhof,47.7140070710886,14.6353526109125,0,14,120.0,4
at:46:7461,Niklasdorf Bahnhof 2,47.3936673248874,15.1545249462888,0,65,25.846153846153847,2
at:46:7463,Kraubath an der Mur Bahnhof,47.3060190292743,14.9453612155053,0,36,46.666666666666664,3
at:46:7465,Fentsch-St.Lorenzen Bahnhof,47.2518150794249,14.8925672262502,0,34,49.411764705882355,3
at:46:7466,Knittelfeld Bahnhof,47.2154733449547,14.8380844042608,0,54,31.11111111111111,2
at:46:7468,Zeltweg Bahnhof,47.1901084297481,14.7500944221691,0,35,48.0,3
at:46:7469,Judenburg Bahnhof,47.1750155576593,14.6626524124007,0,54,31.11111111111111,2
at:46:7470,Thalheim-Pöls Bahnhof,47.1966705366546,14.5893049694421,0,34,49.411764705882355,3
at:46:7471,St.Georgen ob Judenburg Bahnhof,47.2121538918749,14.4995902220046,0,34,49.411764705882355,3
at:46:7472,Scheifling Bahnhof,47.1484949553355,14.4182567561691,0,16,105.0,4
at:46:7473,Mariahof-St.Lambrecht Bahnhof,47.106304706225,14.3728020027863,0,14,120.0,4
at:46:7474,Neumarkt Bahnhof,47.0734730491898,14.4149689222288,0,14,120.0,4
at:46:7510,Pürgg Bahnhof,47.5286853416766,14.0646439276791,0,14,120.0,4
at:46:7512,Bad Mitterndorf-Heilbrunn Bahnhof,47.5512870112655,13.925072681966,0,16,105.0,4
at:46:7513,Kainisch Bahnhof,47.5698425657119,13.8427600524707,0,16,105.0,4
at:46:7542,Dechantskirchen Bahnhof,47.4186916455392,16.0221717467293,0,17,98.82352941176471,4
at:46:7543,Friedberg,47.4345597544657,16.0535409164551,0,20,84.0,4
at:46:7547,Pinggau Markt Bahnhof,47.4405933637551,16.0611765963712,0,21,80.0,4
at:46:7548,Tauchen-Schaueregg Bahnhof,47.4828153279913,16.0548524567701,0,21,80.0,4
at:46:76,Ehrenhausen Bahnhof,46.7276415586498,15.5855905185864,0,55,30.545454545454547,2
at:46:942,Feldkirchen-Seiersberg Bahnhof,47.0124961505099,15.440449718111,1,65,25.846153846153847,3
at:46:977,Hart b.Graz Bahnhof 1,47.0421393468009,15.5076347182197,0,30,56.0,3
at:47:1150,Lienz-Peggetz Bahnhof,46.8273217978306,12.7923150748393,1,28,60.0,4
at:47:1153,Hochfilzen Bahnhof,47.4674961732612,12.6264411576035,0,53,31.69811320754717,2
at:47:1154,Pfaffenschwendt Bahnhof,47.4685588826344,12.5809774210679,1,30,56.0,4
at:47:1155,Fieberbrunn Bahnhof,47.4910164956281,12.5294410732108,0,53,31.69811320754717,2
at:47:1156,St. Johann i. T. Grieswirt Bahnhof,47.5097572133851,12.4668195147461,1,30,56.0,4
at:47:1157,St. Johann i. T. Bahnhof,47.5196407322749,12.4306713077081,0,57,29.473684210526315,2
at:47:1159,Oberndorf in Tirol,47.4974502680681,12.3908130585462,1,30,56.0,4
at:47:1160,Kitzbühel Bahnhof,47.4539644866086,12.3910196710616,0,57,29.473684210526315,2
at:47:1161,Kitzbühel Hahnenkamm Bahnhof,47.4433577773532,12.389968642179,0,42,40.0,3
at:47:1162,Kitzbühel Schwarzsee Bahnhof,47.4534785443966,12.3705470657336,1,30,56.0,4
at:47:1163,Kirchberg i. T. Bahnhof,47.4489529919256,12.3088956877759,0,57,29.473684210526315,2
at:47:1164,Brixen i. Th. Bahnhof,47.4492324332913,12.2613748092394,0,53,31.69811320754717,2
at:47:1165,Westendorf Bahnhof,47.441061197806,12.2227113194055,0,53,31.69811320754717,2
at:47:1166,Windau Bahnhof,47.4389285698851,12.1868685395641,1,30,56.0,4
at:47:1167,Hopfgarten i. Br. Berglift Bahnhof,47.4469543353968,12.1586165238746,0,54,31.11111111111111,2
at:47:1168,Hopfgarten i. Br. Bahnhof,47.455634878714,12.1490314997918,1,30,56.0,4
at:47:1169,Wörgl Süd-Bruckhäusl Bahnhof,47.4868887548736,12.1090834191014,1,30,56.0,4
at:47:1170,Wörgl Hbf,47.4916052792686,12.060358798084,0,179,9.385474860335195,0
at:47:1172,Kundl Bahnhof,47.4761065371877,11.9820796042149,0,53,31.69811320754717,2
at:47:1173,Rattenberg-Kramsach Bahnhof 1,47.4391959125971,11.89603896629,0,52,32.30769230769231,2
at:47:1174,Brixlegg Bahnhof,47.4348331958352,11.8800938699946,0,52,32.30769230769231,2
at:47:1175,Münster-Wiesing Bahnhof,47.403372044054,11.8197540323519,0,52,32.30769230769231,2
at:47:1178,Stans Bahnhof,47.3652786699997,11.7262304281092,1,56,30.0,3
at:47:1179,Schwaz Bahnhof,47.3497244303448,11.701499808334,0,108,15.555555555555555,1
at:47:1180,Pill-Vomperbach Bahnhof,47.3239792750536,11.6770656326025,1,56,30.0,3
at:47:1181,Terfens-Weer Bahnhof,47.3159773966459,11.6345843028106,1,56,30.0,3
at:47:1182,Fritzens-Wattens Bahnhof,47.3020899828974,11.5895248081529,1,56,30.0,3
at:47:1183,Volders-Baumkirchen Bahnhof,47.2962902986786,11.564488761181,1,56,30.0,3
at:47:1184,Hall in Tirol Bahnhof,47.2769615494567,11.5011934662531,0,108,15.555555555555555,1
at:47:1186,Rum Bahnhof,47.2779184033758,11.4570861857967,0,122,13.770491803278688,1
at:47:1187,Innsbruck Hauptbahnhof,47.2631980039047,11.4008246995445,0,321,5.233644859813084,0
at:47:1189,Innsbruck Westbahnhof,47.255949065016,11.3918595130077,0,133,12.631578947368421,1
at:47:1191,Völs Bahnhof,47.2556137242302,11.3214585441814,0,90,18.666666666666668,1
at:47:1192,Kematen i. T. Bahnhof,47.2612715534805,11.2765607462749,0,60,28.0,2
at:47:1193,Oberhofen i. I. Bahnhof,47.3019498719755,11.0957029300979,1,56,30.0,3
at:47:1194,Zirl Bahnhof,47.2659168621112,11.2298393683413,0,60,28.0,2
at:47:1195,Inzing Bahnhof,47.2777233772294,11.1991169856202,1,57,29.473684210526315,3
at:47:1196,Hatting Bahnhof,47.2813373387392,11.170505643817,1,57,29.473684210526315,3
at:47:1197,Flaurling Bahnhof,47.2889423062856,11.1431249939532,1,56,30.0,3
at:47:1198,Telfs-Pfaffenhofen Bahnhof,47.3005852940121,11.0787966364485,0,90,18.666666666666668,1
at:47:1199,Rietz Bahnhof,47.2920315120498,11.0247090731841,0,36,46.666666666666664,3
at:47:1200,Stams Bahnhof,47.2818979986751,10.9798382247361,0,58,28.96551724137931,2
at:47:1201,Mötz Bahnhof,47.2752428257161,10.9599585074957,0,35,48.0,3
at:47:1202,Silz Bahnhof,47.270189942224,10.9367550237037,0,57,29.473684210526315,2
at:47:1203,Haiming Bahnhof,47.2532723766615,10.8901504267571,0,35,48.0,3
at:47:1204,Ötztal-Bahnhof,47.2386427080438,10.8592124483677,0,76,22.105263157894736,2
at:47:1205,Roppen Bahnhof,47.2157418210478,10.8174318044975,0,29,57.93103448275862,3
at:47:1206,Imst-Pitztal Bahnhof,47.2187437793295,10.7637664494167,0,48,35.0,2
at:47:1209,Imsterberg Bahnhof,47.2112019515533,10.706049692404,0,28,60.0,3
at:47:1210,Schönwies Bahnhof,47.1973053392986,10.6607296863139,0,29,57.93103448275862,3
at:47:1212,Landeck-Zams Bahnhof,47.1482872337089,10.5785338378055,0,61,27.540983606557376,2
at:47:1222,St. Anton am Arlberg Bahnhof,47.12738873,10.2667825,0,28,60.0,3
at:47:211,Innsbruck Messe Bahnhof,47.2728352996644,11.4071578222984,0,122,13.770491803278688,1
at:47:2181,Kirchbichl Bahnhof,47.5196710655631,12.0938479918806,0,32,52.5,3
at:47:2183,Schaftenau Bahnhof,47.5588045909843,12.1252710605235,0,46,36.52173913043478,2
at:47:2184,Kufstein Bahnhof,47.5821385910481,12.1657671135372,0,114,14.736842105263158,1
at:47:2221,Innsbruck Hötting Bahnhof,47.261369096959,11.3737584600302,1,41,40.97560975609756,4
at:47:2222,Innsbruck Allerheiligenhöfe Bahnhof,47.269141515132,11.3534834840648,1,41,40.97560975609756,4
at:47:2223,Kranebitten Bahnhof,47.2696596357673,11.3284115044815,1,41,40.97560975609756,4
at:47:2225,Hochzirl Bahnhof,47.2810509123484,11.2493687426208,1,41,40.97560975609756,4
at:47:2226,Leithen Bahnhof,47.2907946327823,11.2218443623116,1,41,40.97560975609756,4
at:47:2227,Reith b. S. Bahnhof,47.30089598227,11.2007339531318,1,41,40.97560975609756,4
at:47:2228,Seefeld i. T. Bahnhof,47.3288017396844,11.1895948436072,1,41,40.97560975609756,4
at:47:2230,Gießenbach Bahnhof,47.3746114463162,11.2367743623357,1,36,46.666666666666664,4
at:47:2231,Scharnitz Bahnhof,47.3918672556579,11.2668589412051,1,41,40.97560975609756,4
at:47:2261,Unterberg-Stefansbrücke Bahnhof,47.2141309441001,11.3919313782304,1,4,420.0,-1
at:47:2262,Patsch Bahnhof,47.1934842009701,11.4158624974027,1,3,560.0,-1
at:47:2263,Matrei a. Br. Bahnhof,47.127132034844,11.4526844409039,0,58,28.96551724137931,2
at:47:2264,Steinach a. Br. Bahnhof,47.0894449244422,11.46989616175,0,57,29.473684210526315,2
at:47:2265,St. Jodok a. Br. Bahnhof,47.0633344501987,11.4992710715448,0,33,50.90909090909091,3
at:47:2266,Gries a. Br. Bahnhof,47.041141506578,11.4852753194163,0,33,50.90909090909091,3
at:47:294,Hall-Thaur Bahnhof,47.2770042121019,11.4746392664508,1,56,30.0,3
at:47:3871,Nikolsdorf Bahnhof,46.7790273331025,12.8954686189291,1,28,60.0,4
at:47:3872,Dölsach Bahnhof,46.8147696534968,12.833386049635,1,28,60.0,4
at:47:3873,Lienz Bahnhof,46.8283850916648,12.7712855140351,0,63,26.666666666666668,2
at:47:3875,Thal Bahnhof,46.7841330749378,12.6707999663395,1,31,54.193548387096776,4
at:47:3876,Mittewald Bahnhof,46.7696388864413,12.5950719878777,1,31,54.193548387096776,4
at:47:3877,Abfaltersbach Bahnhof,46.7581810418443,12.5293422585295,1,31,54.193548387096776,4
at:47:3878,Tassenbach Bahnhof,46.7468254033257,12.465570856501,1,31,54.193548387096776,4
at:47:3879,Sillian Bahnhof,46.7458651420689,12.4253981969896,0,33,50.90909090909091,3
at:47:3880,Weitlanbrunn Bahnhof,46.7425164048779,12.3954932811771,1,28,60.0,4
at:47:3881,Heinfels Bahnhof,46.745828208602,12.444190952736,1,31,54.193548387096776,4
at:47:61099,St. Anton a. A. Kohlereck,47.1223462,10.25376591,3,10,168.0,7
at:47:61321,Jenbach Bahnhof,47.3882973419045,11.7775871129095,0,153,10.980392156862745,1
at:47:62209,St. Anton a. A. Stadle B197,47.12226674,10.24858263,3,5,336.0,-1
at:47:62504,St. Anton a. A. Brandli,47.12490114,10.26010802,3,5,336.0,-1
at:47:64938,St. Anton a. A. Terminal West,47.12652695,10.26333297,3,10,168.0,7
at:47:64939,St.Anton a.A. Schollberg,47.1215149,10.24972349,3,10,168.0,7
at:47:64940,St. Anton a. A. Mooserkreuz,47.12411267,10.24856467,3,10,168.0,7
at:47:64942,St. Christoph a. A.,47.12791435,10.21340461,3,10,168.0,7
at:48:1,Bregenz Kloster Mehrerau,47.50260279,9.72073257,3,56,30.0,4
at:48:10,Bregenz Unter der Riedenburg,47.48761113,9.73292271,3,254,6.6141732283464565,2
at:48:1000,Dornbirn Fallengraben,47.40591346,9.72989539,3,108,15.555555555555555,3
at:48:1003,Gisingen Ringstraße,47.25969864,9.59360299,3,114,14.736842105263158,3
at:48:1004,Bartholomäberg Buxwald,47.09681447,9.88662446,3,3,560.0,-1
at:48:1005,Gisingen Rüttenenstraße,47.26445382,9.5949864,3,141,11.914893617021276,3
at:48:1006,Gisingen Sägerstraße,47.25758306,9.58791666,3,171,9.824561403508772,2
at:48:1008,Dornbirn Blumenegg,47.40004005,9.74328927,3,55,30.545454545454547,4
at:48:1011,Gisingen Schufla,47.26180194,9.60034934,3,128,13.125,3
at:48:1013,Gisingen Sebastianplatz,47.25893655,9.5976544,3,259,6.486486486486487,2
at:48:1014,Göfis Agasella,47.24393644,9.64440272,3,46,36.52173913043478,4
at:48:1015,Göfis Badida,47.24240571,9.63632687,3,48,35.0,4
at:48:1016,Göfis Kapetsch,47.24167996,9.62402893,3,63,26.666666666666668,4
at:48:1017,Göfis Kustergasse,47.24074685,9.62858339,3,65,25.846153846153847,4
at:48:1018,Bartholomäberg Dörfle,47.08691274,9.92422793,3,32,52.5,5
at:48:1019,Göfis Pfitz,47.24583303,9.64925363,3,60,28.0,4
at:48:1020,Göfis Runggels,47.24624161,9.64145625,3,48,35.0,4
at:48:1021,Göfis Tufers,47.24997968,9.64738513,3,60,28.0,4
at:48:1022,Gortipohl Zentrum,47.00910888,10.00062067,3,41,40.97560975609756,5
at:48:1023,Gortipohl Mälla,47.00344867,10.00907381,3,41,40.97560975609756,5
at:48:1024,Götzis Alte Kirche,47.33128587,9.63850079,3,98,17.142857142857142,3
at:48:1026,Götzis Appenzellerstr./Blattur,47.34137948,9.63980335,3,113,14.867256637168142,3
at:48:1027,Götzis L190/Moos,47.32802238,9.63260784,3,61,27.540983606557376,4
at:48:1028,Bartholomäberg Fritzentobel,47.09616624,9.89405352,3,3,560.0,-1
at:48:1029,Götzis Bahnhof,47.3366921,9.63694671,0,705,2.382978723404255,0
at:48:103,Gisingen Münkafeld,47.27420059,9.59124941,3,55,30.545454545454547,4
at:48:1030,Götzis Berg/Oberer Parkplatz,47.33571195,9.6662767,3,57,29.473684210526315,4
at:48:1031,Götzis Berg/Unterer Parkplatz,47.33544409,9.66215343,3,57,29.473684210526315,4
at:48:1037,Götzis Dorf,47.3351336,9.64767259,3,85,19.764705882352942,3
at:48:1039,Götzis Gasthaus Kobel,47.34417954,9.65569455,3,110,15.272727272727273,3
at:48:1042,Dornbirn Schützenstraße,47.40058729,9.74079195,3,55,30.545454545454547,4
at:48:1045,Götzis H-B-Str/Appenzeller Str,47.33889583,9.64117777,3,142,11.830985915492958,3
at:48:1046,Bartholomäberg Fernblick,47.09346925,9.92986037,3,30,56.0,5
at:48:1047,Götzis Mittelschule,47.33489008,9.64181558,3,1,1680.0,-1
at:48:1048,Götzis Im Buch,47.33952893,9.65193061,3,140,12.0,3
at:48:1049,Götzis Junker-Jonas-Platz,47.33213215,9.6432439,3,99,16.96969696969697,3
at:48:1050,Götzis Montfortstraße,47.33343503,9.64741208,3,85,19.764705882352942,3
at:48:1051,Götzis Kirla/Blattur,47.33343503,9.63232937,3,1,1680.0,-1
at:48:1053,Götzis Kolpinghaus,47.3336542,9.63799774,3,69,24.347826086956523,4
at:48:1054,Götzis Lastenstraße,47.33976025,9.63491651,3,57,29.473684210526315,4
at:48:1055,Götzis Krone,47.33350809,9.64843616,3,57,29.473684210526315,4
at:48:1056,Götzis Gasthaus Linde,47.33188862,9.63786299,3,133,12.631578947368421,3
at:48:1057,Alberschwende Reute,47.45658242,9.86755322,3,119,14.117647058823529,3
at:48:1058,Bartholomäberg Höllweg,47.08924309,9.9384842,3,36,46.666666666666664,5
at:48:1059,Götzis Marktstraße,47.3333498,9.64447459,3,70,24.0,4
at:48:1060,Götzis Neuburgstraße,47.34334562,9.62397503,3,86,19.53488372093023,3
at:48:1061,Götzis Örflaweg,47.33383076,9.65590116,3,57,29.473684210526315,4
at:48:1062,Götzis Römerweg,47.33701475,9.65041245,3,140,12.0,3
at:48:1063,Götzis Rütte,47.33451871,9.65879373,3,57,29.473684210526315,4
at:48:1064,Götzis Schulgasse,47.33456742,9.64606461,3,257,6.536964980544747,2
at:48:1065,Götzis Schwimmbad,47.33282012,9.65121195,3,57,29.473684210526315,4
at:48:1066,Götzis St. Arbogast,47.32523365,9.64371102,3,85,19.764705882352942,3
at:48:1067,Bartholomäberg Jetzmunt,47.10376721,9.8719909,3,3,560.0,-1
at:48:1068,Götzis St. Ulrich-Straße,47.33576066,9.63884215,3,106,15.849056603773585,3
at:48:1069,Götzis Udelbergstraße,47.33054308,9.63562618,3,93,18.06451612903226,3
at:48:1070,Götzis Untere Kirlastraße,47.33751394,9.62659811,3,30,56.0,5
at:48:1071,Götzis Wiedengasse/VWP,47.33090839,9.640522,3,69,24.347826086956523,4
at:48:1072,Götzis Zentrum,47.3339647,9.6440434,3,253,6.640316205533597,2
at:48:1073,Hörbranz Unterhochsteg,47.53648514,9.7374592,3,58,28.96551724137931,4
at:48:1074,Großdorf Heckisau,47.44026527,9.92272775,3,43,39.06976744186046,4
at:48:1075,Großdorf Zentrum,47.43420732,9.91527173,3,57,29.473684210526315,4
at:48:1076,Großdorf Wieshalde,47.43088943,9.91235221,3,51,32.94117647058823,4
at:48:1077,Bartholomäberg Kirche,47.09192194,9.90857928,3,35,48.0,5
at:48:1078,Gurtis,47.19385046,9.64161795,3,21,80.0,6
at:48:1079,Hard Alma,47.4912168,9.70711411,3,223,7.533632286995516,2
at:48:108,Gisingen Egetenweg,47.26636796,9.60255021,3,70,24.0,4
at:48:1080,Hard Bäckerei Kainz,47.49479188,9.69336989,3,114,14.736842105263158,3
at:48:1084,Hard Gasthaus Neuer Rhein,47.47841373,9.67958075,3,60,28.0,4
at:48:1085,Hard Gasthaus Sternen,47.48475191,9.68716253,3,172,9.767441860465116,2
at:48:1086,Hard Gerbe,47.48066618,9.68250926,3,113,14.867256637168142,3
at:48:1087,Hard Heuweg,47.47831051,9.69599297,3,61,27.540983606557376,4
at:48:1088,Bartholomäberg Lavagrand,47.10584002,9.873006,3,3,560.0,-1
at:48:1089,Hard Hofsteigstraße,47.49061588,9.70229914,3,172,9.767441860465116,2
at:48:109,Bludenz Alte Landstraße,47.16120109,9.81404956,3,87,19.310344827586206,3
at:48:1090,Hard Kastenweg,47.47759408,9.68471013,3,61,27.540983606557376,4
at:48:1091,Hard Kirche,47.49289815,9.68873458,3,114,14.736842105263158,3
at:48:1092,Hard Sägewerkstraße,47.49626069,9.69190564,3,113,14.867256637168142,3
at:48:1093,Hard Schäfferhof,47.48597818,9.71156976,3,170,9.882352941176471,2
at:48:1094,Hard Strandbad,47.4951257,9.68912086,3,113,14.867256637168142,3
at:48:1095,Hard Straßenkreuzung,47.48898302,9.70495816,3,170,9.882352941176471,2
at:48:1096,Hard Wallstraße,47.49193912,9.69837351,3,114,14.736842105263158,3
at:48:1097,Bartholomäberg Obdörfle,47.08820331,9.92378776,3,32,52.5,5
at:48:1098,Hard-Fussach Bahnhof,47.47981014,9.68818661,1,126,13.333333333333334,2
at:48:1099,Dornbirn Haselstauden Bahnhof,47.4327246222875,9.74913730216818,1,70,24.0,3
at:48:11,Dornbirn Unter der Bahn,47.40614449,9.72297836,3,52,32.30769230769231,4
at:48:1101,Dornbirn Erlosenstraße,47.40230802,9.73088354,3,56,30.0,4
at:48:1102,Dornbirn Schweizerstraße,47.39628218,9.72768553,3,55,30.545454545454547,4
at:48:1106,Bartholomäberg Obergantschier,47.09809257,9.87905166,3,3,560.0,-1
at:48:1107,Hirschau Tankstelle,47.34736899,9.9058484,3,54,31.11111111111111,4
at:48:1108,Hirschau Oberdorf,47.35100862,9.91983517,3,53,31.69811320754717,4
at:48:1109,Hirschau Unterdorf,47.3499131,9.91362781,3,53,31.69811320754717,4
at:48:111,Schlins Abzw. Jagdberg,47.2005952,9.69610077,3,88,19.09090909090909,3
at:48:1110,Hittisau Nordhalden,47.45688612,9.9783694,3,30,56.0,5
at:48:1111,Hittisau Heideggen,47.45663101,9.96467907,3,30,56.0,5
at:48:1112,Hittisau Nußbaum,47.45760891,9.94890466,3,56,30.0,4
at:48:1113,Hittisau Häleisen,47.46244953,9.95493235,3,32,52.5,5
at:48:1114,Bartholomäberg Oberjetzmunt,47.10602956,9.86994274,3,3,560.0,-1
at:48:1115,Hittisau Helmisau,47.45609043,9.98687644,3,30,56.0,5
at:48:1116,Hittisau Hinteregg,47.46846172,9.94187983,3,32,52.5,5
at:48:1117,Hittisau Basen,47.47464931,9.93411839,3,32,52.5,5
at:48:1118,Hittisau Gemeindehaus,47.45751173,9.96065462,3,89,18.876404494382022,3
at:48:112,Schlins Kapelle,47.20280461,9.69478923,3,127,13.228346456692913,3
at:48:1120,Hittisau Windern,47.45864752,9.95363878,3,56,30.0,4
at:48:1121,Hochkrumbach Gasthaus Adler,47.27060443,10.13391269,3,18,93.33333333333333,6
at:48:1122,Höchst Bäumlestraße,47.46740508,9.61949244,3,169,9.940828402366863,2
at:48:1124,Höchst Brugg,47.45284681,9.66085088,3,226,7.433628318584071,2
at:48:1126,Höchst Firma Blum,47.45715337,9.65066398,3,168,10.0,2
at:48:1127,Höchst Hecht,47.46537676,9.62529556,3,224,7.5,2
at:48:1128,Höchst Schwanen,47.45928526,9.6465497,3,228,7.368421052631579,2
at:48:1129,Höchst Kirchplatz,47.45964968,9.63770129,3,229,7.336244541484716,2
at:48:113,Schlins Postamt,47.20622229,9.69912809,3,143,11.748251748251748,3
at:48:1130,Höchst Konsumstraße,47.46183612,9.63077528,3,225,7.466666666666667,2
at:48:1131,Höchst Postamt,47.45941281,9.64232761,3,227,7.400881057268722,2
at:48:1133,Hohenems Bahnhof,47.3645181,9.68108094,0,551,3.0490018148820326,0
at:48:1134,Hohenems Brucknerstraße,47.36342287,9.67734394,3,228,7.368421052631579,2
at:48:1135,Hohenems H.-Büchele-Straße,47.37360159,9.69497787,3,112,15.0,3
at:48:1136,Bartholomäberg Vallaster Eck,47.09107182,9.91754447,3,29,57.93103448275862,5
at:48:1139,Hohenems Schiffle,47.36958023,9.6904863,3,112,15.0,3
at:48:114,Schlins St. Loi,47.19847726,9.70308068,3,89,18.876404494382022,3
at:48:1140,Hohenems Millöckerstraße,47.36880147,9.67263677,3,116,14.482758620689655,3
at:48:1141,Bartholomäberg Vergiel,47.09660043,9.89090942,3,3,560.0,-1
at:48:1142,Hohenems Nibelungenstraße,47.36615483,9.67581681,3,236,7.11864406779661,2
at:48:1143,Hohenems Rossa,47.3619321,9.6723044,3,54,31.11111111111111,4
at:48:1144,Hohenems Schlossplatz,47.36252841,9.6887256,3,266,6.315789473684211,2
at:48:1145,Alberschwende Gschwend,47.45165622,9.8206971,3,67,25.074626865671643,4
at:48:1146,Bartholomäberg Waldheimatle,47.08501047,9.91068134,3,32,52.5,5
at:48:1147,Hohenems Unterklien,47.3842771,9.71091399,3,112,15.0,3
at:48:1148,Hohenems Zoll,47.37716033,9.67169354,3,98,17.142857142857142,3
at:48:1149,Hohenweiler Bruck,47.58534393,9.77954527,3,59,28.47457627118644,4
at:48:115,Schnepfau Gemeindeamt,47.3519337,9.94506885,3,53,31.69811320754717,4
at:48:1150,Hohenweiler Fesslers,47.5745577,9.77248452,3,89,18.876404494382022,3
at:48:1151,Hohenweiler Gwiggen,47.57230321,9.77071484,3,89,18.876404494382022,3
at:48:1152,Hohenweiler Hub,47.58072673,9.78437821,3,30,56.0,5
at:48:1153,Hohenweiler Leutenhofen,47.58030861,9.7768144,3,89,18.876404494382022,3
at:48:1154,Hohenweiler Gemeindeamt,47.58879142,9.78153055,3,59,28.47457627118644,4
at:48:1155,Bartholomäberg Würfel,47.08899232,9.91951178,3,32,52.5,5
at:48:1156,Hörbranz Berg,47.56529067,9.76382476,3,89,18.876404494382022,3
at:48:1157,Hörbranz Berger Kreuz,47.56097479,9.76182151,3,88,19.09090909090909,3
at:48:1158,Hörbranz Brantmann,47.54605438,9.75531771,3,85,19.764705882352942,3
at:48:1159,Hörbranz Fronhofen,47.54415038,9.75352108,3,85,19.764705882352942,3
at:48:116,Schnifis Fallersee,47.21525978,9.73609376,3,4,420.0,-1
at:48:1160,Hörbranz Gemeindeamt,47.55538544,9.75091597,3,203,8.275862068965518,2
at:48:1161,Hörbranz Leiblach,47.54264653,9.74084585,3,88,19.09090909090909,3
at:48:1162,Hörbranz Leiblach Siedlung,47.54049983,9.74237299,3,88,19.09090909090909,3
at:48:1163,Hörbranz Oberdorf,47.55734966,9.75834503,3,143,11.748251748251748,3
at:48:1164,Hörbranz Sannwald,47.55102024,9.74211248,3,88,19.09090909090909,3
at:48:1165,Hörbranz Unterdorf,47.55342114,9.7441786,3,117,14.35897435897436,3
at:48:1166,Batschuns Bildungshaus,47.27879601,9.66626772,3,36,46.666666666666664,5
at:48:1167,Hörbranz Weidach,47.54686083,9.74139382,3,88,19.09090909090909,3
at:48:1168,Hörbranz Ziegelbach,47.54765515,9.75245209,3,29,57.93103448275862,5
at:48:1169,Hörbranz Ziegelbach Kreuz,47.5515174,9.75115851,3,29,57.93103448275862,5
at:48:117,Schnifis Gemeindeamt,47.21410043,9.7285569,3,35,48.0,5
at:48:1170,Langen Hub,47.52955272,9.86348385,3,26,64.61538461538461,6
at:48:1171,Innerberg Schulhaus,47.09973143,9.94303866,3,30,56.0,5
at:48:1172,Innerberg Gasthaus Mühle,47.10215905,9.94832075,3,30,56.0,5
at:48:1173,Innerlaterns Kirche,47.25768671,9.74231909,3,34,49.411764705882355,5
at:48:1174,Innerlaterns Schmitten,47.26019856,9.73595003,3,34,49.411764705882355,5
at:48:1176,Kennelbach Herzenmoos,47.48630599,9.76965482,3,65,25.846153846153847,4
at:48:1177,Batschuns Gelber Schrofen,47.26936705,9.67889803,3,33,50.90909090909091,5
at:48:1178,Kennelbach Kustersberg,47.48646989,9.75115851,3,66,25.454545454545453,4
at:48:1179,Kennelbach Postamt,47.48152221,9.76068964,3,90,18.666666666666668,3
at:48:118,Schnifis Gasthaus Krone,47.2143262,9.72539483,3,51,32.94117647058823,4
at:48:1180,Kennelbach Rain,47.48514044,9.76069862,3,66,25.454545454545453,4
at:48:1181,Kennelbach Siedlung,47.48385952,9.75316175,3,90,18.666666666666668,3
at:48:1183,Klaus Gasthaus Adler,47.31211609,9.64735818,3,85,19.764705882352942,3
at:48:1184,Klaus Bahnhof,47.30887578,9.62446911,1,345,4.869565217391305,0
at:48:1185,Klaus Erlenstraße,47.31109894,9.63565313,3,72,23.333333333333332,4
at:48:1186,Klaus Gemeindeamt,47.30884533,9.6466036,3,72,23.333333333333332,4
at:48:1187,Klaus Mittelschule,47.30494695,9.64482493,3,54,31.11111111111111,4
at:48:1188,Batschuns Schlössle,47.27685794,9.66308768,3,36,46.666666666666664,5
at:48:1189,Klaus Ortsmitte,47.30840677,9.64882243,3,160,10.5,3
at:48:119,Schnifis Tobel,47.21581504,9.71980731,3,34,49.411764705882355,5
at:48:1190,Klaus Postamt,47.30501395,9.64857091,3,160,10.5,3
at:48:1191,Klaus Sattelberg,47.3105995,9.64063878,3,72,23.333333333333332,4
at:48:1192,Klaus Treietstraße,47.30702409,9.63255394,3,157,10.700636942675159,3
at:48:1194,Klösterle Campingplatz,47.13181355,10.09745007,3,42,40.0,5
at:48:1195,Klösterle Schulhaus,47.13115963,10.0920512,3,43,39.06976744186046,4
at:48:1196,Klösterle Sand,47.13147742,10.08320279,3,42,40.0,5
at:48:1197,Danöfen Stockinger,47.13083572,10.06031372,3,42,40.0,5
at:48:1198,Klösterle Wilden,47.13079905,10.07490236,3,42,40.0,5
at:48:1199,Batschuns Gasthaus Waldrast,47.27379832,9.67087607,3,33,50.90909090909091,5
at:48:120,Bludenz Am Tobel,47.15973515,9.80837221,3,54,31.11111111111111,4
at:48:1200,Koblach L190/Dürne,47.31139739,9.61942956,3,59,28.47457627118644,4
at:48:1201,Koblach Birken,47.32902702,9.61975295,3,31,54.193548387096776,5
at:48:1202,Koblach Dorfplatz,47.33271054,9.60562245,3,113,14.867256637168142,3
at:48:1203,Koblach Dürne,47.3126886,9.61032064,3,59,28.47457627118644,4
at:48:1204,Koblach Bauhof,47.32308415,9.59990917,3,85,19.764705882352942,3
at:48:1205,Koblach Gasthaus Harmonie,47.33045784,9.60131952,3,87,19.310344827586206,3
at:48:1206,Koblach Mittelschule,47.32847295,9.60083443,3,85,19.764705882352942,3
at:48:1207,Koblach Herrschaftswiesen,47.32412542,9.62798152,3,62,27.096774193548388,4
at:48:1208,Koblach Kohlplatz,47.33043957,9.60971877,3,99,16.96969696969697,3
at:48:1209,Koblach Neuburg,47.34366215,9.61577342,3,30,56.0,5
at:48:1210,Batschuns Wengen,47.26742254,9.69103427,3,33,50.90909090909091,5
at:48:1211,Koblach Gasthaus Sternen,47.317573,9.59968459,3,85,19.764705882352942,3
at:48:1212,Koblach Straßenhäuser,47.31573379,9.62016618,3,62,27.096774193548388,4
at:48:1215,Krumbach Gießen,47.5011463,9.92257503,3,35,48.0,5
at:48:1216,Krumbach Dorf,47.4836956,9.934325,3,84,20.0,4
at:48:1217,Krumbach Glatzegg,47.4794155,9.90649519,3,49,34.285714285714285,4
at:48:1218,Krumbach Unterkrumbach,47.48806641,9.93291464,3,35,48.0,5
at:48:1219,Krumbach Moos,47.4797555,9.91878414,3,48,35.0,4
at:48:122,Schoppernau Oberdorf,47.31017924,10.02128192,3,18,93.33333333333333,6
at:48:1220,Bersbuch Kapelle,47.40125613,9.86718491,3,34,49.411764705882355,5
at:48:1221,Krumbach Oberkrumbach,47.48147971,9.92617728,3,48,35.0,4
at:48:1222,Krumbach Bränden,47.4776123,9.93433398,3,32,52.5,5
at:48:1223,Krumbach Zwing,47.49511963,9.9281895,3,35,48.0,5
at:48:1224,Langen Ach,47.51540603,9.86188485,3,36,46.666666666666664,5
at:48:1226,Langen a. A. Bahnhof,47.13177688,10.12148,0,80,21.0,2
at:48:1227,Langen Fischanger,47.51595814,9.84415211,3,62,27.096774193548388,4
at:48:1228,Langen Hälin,47.50112809,9.80940527,3,63,26.666666666666668,4
at:48:1229,Langen Gesern,47.49896148,9.80391657,3,63,26.666666666666668,4
at:48:123,Schoppernau Hinterhopfreben,47.28176393,10.05837336,3,18,93.33333333333333,6
at:48:1230,Langen Gschwend,47.51272428,9.8381873,3,62,27.096774193548388,4
at:48:1231,Bersbuch Kreisverkehr,47.39885434,9.85335984,3,125,13.44,3
at:48:1232,Langen Dorf,47.50884704,9.82837769,3,63,26.666666666666668,4
at:48:1233,Langen Rietern,47.50435052,9.81835249,3,63,26.666666666666668,4
at:48:1234,Langen Vorderhub,47.52309255,9.85392578,3,26,64.61538461538461,6
at:48:1235,Langen Wirtatobel,47.50168642,9.79407103,3,63,26.666666666666668,4
at:48:1236,Langenegg Kirche,47.46081579,9.90720486,3,50,33.6,4
at:48:1237,Langenegg Krone,47.4707571,9.89889544,3,49,34.285714285714285,4
at:48:1238,Langenegg Zentrum,47.468401,9.89677542,3,50,33.6,4
at:48:1239,Langenegg Rotenberg,47.45935207,9.9116605,3,50,33.6,4
at:48:124,Schoppernau Gemeindeamt,47.31228053,10.01642203,3,72,23.333333333333332,4
at:48:1242,Bersbuch Volksschule,47.40216817,9.86152553,3,34,49.411764705882355,5
at:48:1243,Laterns Egga,47.26307608,9.71735491,3,34,49.411764705882355,5
at:48:1244,Laterns Krone,47.26163124,9.72234056,3,34,49.411764705882355,5
at:48:1245,Laterns Gasthaus Löwen,47.26633138,9.70241592,3,34,49.411764705882355,5
at:48:1246,Laterns Rohnen,47.26962916,9.69596602,3,33,50.90909090909091,5
at:48:1247,Innerlaterns Schilift,47.26086309,9.74227417,3,22,76.36363636363636,6
at:48:1248,Latschau Lagardesweg,47.07560821,9.87765029,3,40,42.0,5
at:48:1249,Latschau Golmerbahn,47.07538185,9.8720987,3,40,42.0,5
at:48:125,Schoppernau Niederau,47.31571552,10.00983738,3,54,31.11111111111111,4
at:48:1250,Latschau Kraftwerk,47.07444581,9.87562009,3,40,42.0,5
at:48:1251,Latschau Stutz,47.07625058,9.88318391,3,40,42.0,5
at:48:1252,Lauterach Bahnhof,47.47762444,9.72425397,1,302,5.562913907284768,1
at:48:1253,Alberschwende Höll,47.4596436,9.83587863,3,22,76.36363636363636,6
at:48:1256,Lauterach Wolfurterstraße,47.47282165,9.73702801,3,55,30.545454545454547,4
at:48:1258,Beschling Nenzingerstraße,47.19118284,9.68852797,3,61,27.540983606557376,4
at:48:126,Schoppernau Schalzbach,47.29641215,10.04191622,3,18,93.33333333333333,6
at:48:1264,Lech Dorfhus,47.2107809,10.14251855,3,31,54.193548387096776,5
at:48:1265,Lech Rüfiplatz,47.20772356,10.14149447,3,31,54.193548387096776,5
at:48:1269,Bezau Busbahnhof,47.38190495,9.89787136,3,156,10.76923076923077,3
at:48:127,Schröcken Landsteg,47.26690439,10.06625158,3,18,93.33333333333333,6
at:48:1271,Levis Finanzamt,47.24436943,9.60622432,3,434,3.870967741935484,0
at:48:1272,Levis Jugendherberge,47.25016871,9.61256643,3,437,3.8443935926773456,0
at:48:1274,Levis Vorarlberger Mühle,47.24602208,9.60863181,3,433,3.879907621247113,0
at:48:1277,Lingenau Hohl,47.45678894,9.94172712,3,56,30.0,4
at:48:1278,Lingenau Bühl,47.45575636,9.93640909,3,56,30.0,4
at:48:1279,Bezau Cafe Natter,47.37762265,9.89027162,3,108,15.555555555555555,3
at:48:128,Schröcken Neßlegg,47.2618751,10.10286691,3,18,93.33333333333333,6
at:48:1280,Lingenau Dorfplatz,47.45037448,9.92037416,3,108,15.555555555555555,3
at:48:1281,Lingenau Grüner Baum,47.44847308,9.90305464,3,25,67.2,6
at:48:1282,Lingenau Gschwend,47.44419619,9.92270978,3,43,39.06976744186046,4
at:48:1283,Lingenau Hallenbad,47.44936,9.91175932,3,50,33.6,4
at:48:1284,Lingenau Moos,47.45402523,9.93057902,3,56,30.0,4
at:48:1286,Lingenau St. Anna,47.44774409,9.91124728,3,75,22.4,4
at:48:1287,Lochau Alberloch,47.53416837,9.74671185,3,57,29.473684210526315,4
at:48:1288,Hörbranz Alberloch Kloster,47.53791033,9.74425945,3,88,19.09090909090909,3
at:48:129,Schröcken Dorf,47.25813178,10.09220391,3,18,93.33333333333333,6
at:48:1290,Bezau Kloster,47.38442307,9.90139276,3,58,28.96551724137931,4
at:48:1291,Lochau Galgenbühl,47.53806194,9.7608693,3,31,54.193548387096776,5
at:48:1292,Lochau Freners Säge,47.53820143,9.75217361,3,85,19.764705882352942,3
at:48:1293,Lochau Gemeindeamt,47.52910387,9.75160767,3,141,11.914893617021276,3
at:48:1294,Lochau Hofacker,47.53244589,9.74072009,3,58,28.96551724137931,4
at:48:1297,Lochau Schloss Hofen,47.53608487,9.75749163,3,31,54.193548387096776,5
at:48:1298,Lochau Seepark,47.51266968,9.75344023,3,114,14.736842105263158,3
at:48:1299,Lochau Siedlung,47.53200919,9.75030511,3,57,29.473684210526315,4
at:48:13,Hohenems Frühlingsstraße,47.37709342,9.70984499,3,9,186.66666666666666,7
at:48:130,Bludenz Bahnhof,47.15515384,9.8149928,0,571,2.9422066549912436,0
at:48:1300,Lochau Wellenhof,47.52593148,9.75097885,3,140,12.0,3
at:48:1301,Bezau Wilbinger,47.38558478,9.89024467,3,92,18.26086956521739,3
at:48:1303,Lorüns Bahnhof,47.1310007285886,9.85291068380411,1,55,30.545454545454547,3
at:48:1305,Ludesch Bahnhof,47.18035228,9.77125382,0,125,13.44,1
at:48:1306,Ludesch Beim Kreuz,47.19068226,9.77768576,3,115,14.608695652173912,3
at:48:1307,Ludesch Brärsch,47.19666443,9.77872781,3,115,14.608695652173912,3
at:48:1308,Ludesch Gemeindeamt,47.19282494,9.78284209,3,111,15.135135135135135,3
at:48:1309,Ludesch Sutterlüty,47.1879046,9.77777559,3,115,14.608695652173912,3
at:48:131,Schröcken Schmitte,47.26118011,10.09719854,3,18,93.33333333333333,6
at:48:1310,Ludesch Unterfeld,47.18071863,9.77722762,3,57,29.473684210526315,4
at:48:1311,Brand Lünerseebahn,47.06687737,9.75503923,3,4,420.0,-1
at:48:1312,Andelsbuch Heimgarten,47.40545747,9.88445053,3,60,28.0,4
at:48:1313,Lustenau Bahnhof,47.45073289,9.66685162,1,354,4.745762711864407,0
at:48:1314,Lustenau Bhf-str./Bundesstr.,47.44979131,9.664516,3,344,4.883720930232558,0
at:48:1315,Lustenau Binsenfeld,47.41829047,9.66574669,3,144,11.666666666666666,3
at:48:1316,Lustenau Feldrast,47.41683772,9.68365012,3,113,14.867256637168142,3
at:48:1317,Lustenau Fischerbühel,47.44077564,9.65788644,3,60,28.0,4
at:48:1318,Lustenau Gasthaus Austria,47.4315275,9.65797627,3,171,9.824561403508772,2
at:48:1319,Lustenau Gasthaus Bräuhaus,47.43217772,9.65117602,3,114,14.736842105263158,3
at:48:132,Schröcken Tannbergbrücke,47.26045462,10.0877842,3,18,93.33333333333333,6
at:48:1320,Lustenau Gasthaus Engel,47.42006533,9.66024002,3,260,6.461538461538462,2
at:48:1321,Lustenau Gasthaus Linde,47.43614569,9.65297265,3,172,9.767441860465116,2
at:48:1323,Lustenau Gh Lustenauer Hof,47.43785311,9.65622455,3,174,9.655172413793103,2
at:48:1324,Lustenau Gasthaus Schäfle,47.4444878,9.66074308,3,60,28.0,4
at:48:1326,Lustenau Heitere,47.41469196,9.66570178,3,117,14.35897435897436,3
at:48:1327,Lustenau Kirchplatz,47.4267995,9.65865,3,233,7.210300429184549,2
at:48:1328,Lustenau Vorachstraße,47.4250188,9.67331051,3,59,28.47457627118644,4
at:48:133,Schröcken Unterboden,47.26211286,10.08104683,3,18,93.33333333333333,6
at:48:1330,Mäder Gasthaus Adler,47.34865932,9.61510866,3,59,28.47457627118644,4
at:48:1331,Bildstein Ankenreuthe,47.45806445,9.76019556,3,23,73.04347826086956,6
at:48:1332,Mäder Kutzenau,47.34541517,9.60904503,3,59,28.47457627118644,4
at:48:1333,Mäder Schnabelholz,47.35298049,9.63216767,3,115,14.608695652173912,3
at:48:1335,Marul Kirche,47.20088207,9.86140875,3,23,73.04347826086956,6
at:48:1336,Raggal Litze,47.22147712,9.86530743,3,14,120.0,6
at:48:1337,Raggal Plazera,47.21619945,9.85451867,3,14,120.0,6
at:48:134,Schruns Bahnhof,47.079603,9.91770617,1,290,5.793103448275862,1
at:48:1342,Bildstein Dorfplatz,47.45804622,9.77258333,3,23,73.04347826086956,6
at:48:1343,Meiningen Oberdorf,47.29346942,9.58044267,3,70,24.0,4
at:48:1344,Meiningen Hadeldorfstraße,47.30033552,9.57591517,3,69,24.347826086956523,4
at:48:1346,Mellau Bergbahnen,47.34623688,9.88880736,3,19,88.42105263157895,6
at:48:1347,Mellau Klaus,47.36212681,9.8784947,3,72,23.333333333333332,4
at:48:1349,Mellau Zentrum,47.35144682,9.88171965,3,72,23.333333333333332,4
at:48:135,Schruns Gamprätz,47.06654695,9.93143242,3,65,25.846153846153847,4
at:48:1350,Möggers Dorfplatz,47.56153854,9.81634925,3,14,120.0,6
at:48:1351,Möggers Kapf,47.57587277,9.79685581,3,30,56.0,5
at:48:1352,Möggers Kurlismühle,47.56820005,9.81424719,3,41,40.97560975609756,5
at:48:1353,Alberschwende Dreßlen,47.45836813,9.85038642,3,120,14.0,3
at:48:1354,Bildstein Farnach,47.44828476,9.79455612,3,23,73.04347826086956,6
at:48:1355,Möggers Rucksteig,47.57329108,9.7997933,3,30,56.0,5
at:48:1356,Möggers Sättels,47.56654536,9.80097908,3,27,62.22222222222222,6
at:48:1357,Möggers Sellengehr,47.57439407,9.80991731,3,30,56.0,5
at:48:1358,Möggers Stadler,47.55978058,9.78995675,3,27,62.22222222222222,6
at:48:1359,Möggers Weienried,47.57283048,9.81580128,3,55,30.545454545454547,4
at:48:136,Schruns Grüt,47.07854468,9.90998964,3,55,30.545454545454547,4
at:48:1360,Muntlix Arkahüsle,47.27603515,9.66002443,3,33,50.90909090909091,5
at:48:1361,Muntlix Arken,47.27876554,9.65900035,3,141,11.914893617021276,3
at:48:1362,Muntlix Gemeindeamt,47.28498152,9.66016816,3,126,13.333333333333334,3
at:48:1363,Muntlix Hauptstraße,47.28338494,9.65894645,3,2,840.0,-1
at:48:1364,Muntlix Kreuzstraße,47.28313509,9.65877577,3,72,23.333333333333332,4
at:48:1366,Muntlix Stegstraße,47.28247693,9.65823678,3,70,24.0,4
at:48:1367,Müselbach Hochbrücke,47.45196602,9.88341747,3,25,67.2,6
at:48:1368,Müselbach Abzweigung,47.45258561,9.87883606,3,122,13.770491803278688,3
at:48:137,Schruns Alpenrose,47.07564492,9.92359911,3,65,25.846153846153847,4
at:48:1375,Nenzing Aluwerk,47.19003517,9.71487556,3,134,12.537313432835822,3
at:48:1376,Bings Feuerwehrhaus,47.14273343,9.85583021,3,45,37.333333333333336,4
at:48:1377,Nenzing Bahnhof,47.19121947,9.70922515,0,250,6.72,0
at:48:1379,Nenzing Gasthaus Gemsle,47.18206798,9.70910837,3,6,280.0,-1
at:48:1380,Nenzing Gemeindeamt,47.18441247,9.70556003,3,84,20.0,4
at:48:1381,Halden Haldenegg,47.20387266,9.6462802,3,18,93.33333333333333,6
at:48:1382,Nenzing Mittelschule,47.18600594,9.70348492,3,64,26.25,4
at:48:1383,Nenzing Heimat Augarten,47.21199524,9.651185,3,32,52.5,5
at:48:1384,Nenzing Kindergarten/Sen.heim,47.18653098,9.7076531,3,75,22.4,4
at:48:1385,Latz,47.19095697,9.66060833,3,15,112.0,6
at:48:1386,Mariex,47.21255663,9.64010878,3,31,54.193548387096776,5
at:48:1387,Nenzing Marmota,47.18933924,9.70225423,3,52,32.30769230769231,4
at:48:1388,Motten Kapelle,47.2090112,9.64870565,3,31,54.193548387096776,5
at:48:1389,Roßnis Rober,47.21013405,9.63918351,3,18,93.33333333333333,6
at:48:139,Kaltenbrunnen Bahnhof,47.08532854,9.88830431,1,65,25.846153846153847,3
at:48:1390,Roßnis,47.20888915,9.64195931,3,18,93.33333333333333,6
at:48:1391,Nenzing Schulstraße/L190,47.18810606,9.70617987,3,26,64.61538461538461,6
at:48:1392,Nenzing Spar-Markt,47.18782524,9.70904549,3,177,9.491525423728813,2
at:48:1393,Nenzing Sportplatz/Bahnunterf.,47.19293481,9.71156976,3,53,31.69811320754717,4
at:48:1394,Nenzing Walgaubad,47.19397864,9.70366458,3,52,32.30769230769231,4
at:48:1395,Nenzing Werdenbergstraße,47.19452802,9.70724886,3,53,31.69811320754717,4
at:48:1396,Nofels Badgasse,47.25541252,9.57120799,3,114,14.736842105263158,3
at:48:1397,Bings Radin,47.14498802,9.87514399,3,45,37.333333333333336,4
at:48:1398,Nofels Franz-Heim-Gasse,47.25585151,9.57702009,3,112,15.0,3
at:48:1399,Nofels Freschner-Riegelweg,47.25853417,9.55957481,3,114,14.736842105263158,3
at:48:14,Hörbranz Oberer Kirchplatz,47.55561581,9.75312582,3,2,840.0,-1
at:48:140,Bludenz Beim Kreuz,47.15014448,9.83063246,3,41,40.97560975609756,5
at:48:1400,Nofels Kirche,47.25402235,9.57796332,3,240,7.0,2
at:48:1401,Nofels Kreuzbergstraße,47.25652219,9.56437181,3,114,14.736842105263158,3
at:48:1402,Nofels Kronenweg,47.25611369,9.56776745,3,114,14.736842105263158,3
at:48:1403,Nofels Steinbruchgasse,47.25160776,9.58209558,3,228,7.368421052631579,2
at:48:1405,Nüziders Bahnhof,47.17111343,9.79356798,0,172,9.767441860465116,0
at:48:1406,Nüziders Bürser Brücke/B12,47.16242878,9.80230858,3,54,31.11111111111111,4
at:48:1407,Nüziders Feuerwehrhaus,47.17090579,9.79783497,3,52,32.30769230769231,4
at:48:1408,Bings Alfenzbrücke/Stallehr,47.14148085,9.85514749,3,21,80.0,6
at:48:1409,Nüziders Hubertus,47.16501233,9.79549037,3,54,31.11111111111111,4
at:48:141,Schruns Landbrücke,47.05965667,9.93552874,3,65,25.846153846153847,4
at:48:1410,Nüziders Kapelle,47.1702096,9.80466217,3,59,28.47457627118644,4
at:48:1411,Nüziders Lindenweg,47.16691786,9.8075278,3,59,28.47457627118644,4
at:48:1412,Nüziders Postamt,47.17399578,9.80060178,3,105,16.0,3
at:48:1413,Nüziders Rämpele,47.17562009,9.78473754,3,110,15.272727272727273,3
at:48:142,Schruns Montjola,47.08267383,9.9175265,3,32,52.5,5
at:48:1424,Partenen Bergbahnen,46.96992226,10.05849014,3,40,42.0,5
at:48:1425,Partenen Gasthaus Partenerhof,46.96943186,10.06075389,3,40,42.0,5
at:48:1426,Partenen Hotel Zerres,46.97108694,10.0517887,3,40,42.0,5
at:48:1427,Partenen Loch,46.9649016,10.07422862,3,40,42.0,5
at:48:1428,Partenen Zentrum,46.96881886,10.0627751,3,40,42.0,5
at:48:1429,Raggal Abzweigung,47.21184268,9.83657931,3,23,73.04347826086956,6
at:48:143,Schruns Zamang Bahn,47.06903727,9.93042631,3,65,25.846153846153847,4
at:48:1430,Bizau Kirchplatz,47.36913001,9.92842307,3,20,84.0,6
at:48:1431,Raggal Walserhalle,47.21209287,9.83891493,3,23,73.04347826086956,6
at:48:1432,Raggal Sandbühel,47.21071987,9.843676,3,23,73.04347826086956,6
at:48:1433,Raggal Winkel,47.21114093,9.83086603,3,21,80.0,6
at:48:1434,Rankweil Alemannenstraße,47.27488323,9.65101432,3,156,10.76923076923077,3
at:48:1435,Rankweil Appenzellerstraße,47.27796716,9.63197902,3,182,9.23076923076923,2
at:48:1436,Rankweil Bahnhof,47.27151264,9.63794384,0,651,2.5806451612903225,0
at:48:1437,Rankweil Bifang,47.28018553,9.64550765,3,25,67.2,6
at:48:1438,Rankweil Churer Straße,47.26454526,9.62806237,3,135,12.444444444444445,3
at:48:1439,Rankweil Frutzolen,47.27933232,9.64977465,3,187,8.983957219251337,2
at:48:1440,Rankweil Gewerbepark,47.27623628,9.65723067,3,184,9.130434782608695,2
at:48:1441,Bizau Oberdorf,47.36825998,9.93560061,3,36,46.666666666666664,5
at:48:1442,Rankweil Habsburgerstraße,47.27587669,9.6449507,3,25,67.2,6
at:48:1443,Rankweil Mittelschule,47.27296939,9.64221083,3,20,84.0,6
at:48:1444,Rankweil Holzplatz,47.27800373,9.65399673,3,59,28.47457627118644,4
at:48:1445,Rankweil Kaiserplatz,47.26757493,9.63550042,3,199,8.442211055276381,2
at:48:1446,Rankweil Konkordiaplatz,47.27182959,9.64630715,3,259,6.486486486486487,2
at:48:1447,Rankweil Landrichterstraße,47.27639474,9.64823853,3,103,16.310679611650485,3
at:48:1448,Rankweil Langgasse,47.27167721,9.62664303,3,120,14.0,3
at:48:1449,Rankweil Letze,47.26800163,9.64361221,3,136,12.352941176470589,3
at:48:145,Schwarzach Dorfplatz,47.4488072,9.7625222,3,138,12.173913043478262,3
at:48:1450,Rankweil Lindenweg,47.26972059,9.63023629,3,62,27.096774193548388,4
at:48:1451,Rankweil Marktplatz,47.27072024,9.64196829,3,392,4.285714285714286,0
at:48:1452,Bizau Unterdorf,47.3710647,9.9217396,3,36,46.666666666666664,5
at:48:1453,Rankweil Montfortstraße,47.27261587,9.64533697,3,110,15.272727272727273,3
at:48:1454,Röthis Bild,47.29727726,9.66922317,3,30,56.0,5
at:48:1455,Laterns Gerstenböden,47.25716847,9.7665197,3,6,280.0,-1
at:48:1458,Meiningen Bim Krüz,47.29659492,9.57905029,3,70,24.0,4
at:48:1459,Meiningen Pfarrhof,47.29973241,9.57831367,3,70,24.0,4
at:48:146,Schwarzach Bahnhof,47.44628607,9.75459906,1,125,13.44,2
at:48:1460,Hittisau Dornbündt,47.45522792,9.99768318,3,30,56.0,5
at:48:1461,Krumbach Wolfbühl,47.4801562,9.91456206,3,48,35.0,4
at:48:1462,Dornbirn Unterries,47.41564632,9.76712157,3,54,31.11111111111111,4
at:48:1463,Schwarzenberg Beien,47.41723283,9.84128648,3,33,50.90909090909091,5
at:48:1464,Röthis Kirche,47.29257987,9.65816491,3,30,56.0,5
at:48:1465,Dafins Wanne,47.2906484,9.66730976,3,33,50.90909090909091,5
at:48:1466,Innerlaterns Rain,47.25849149,9.74631659,3,22,76.36363636363636,6
at:48:1468,Bings Volksschule,47.1447314,9.85973788,3,45,37.333333333333336,4
at:48:147,Schwarzach Bahnhofstraße,47.44442097,9.76206406,3,30,56.0,5
at:48:1470,Bings Siedlung,47.14219574,9.85221898,3,24,70.0,6
at:48:1471,Vandans Brunella,47.09280263,9.86774187,3,25,67.2,6
at:48:1472,Bartholomäberg Daneu,47.08654575,9.91736481,3,32,52.5,5
at:48:1473,Dornbirn Schlossgasse,47.41080747,9.75088902,3,54,31.11111111111111,4
at:48:1474,Schwarzenberg Dorn,47.41993161,9.86157943,3,36,46.666666666666664,5
at:48:1475,Andelsbuch Kalchern,47.41812636,9.89862595,3,60,28.0,4
at:48:1476,Riefensberg Felder,47.50641982,9.94708108,3,37,45.4054054054054,5
at:48:1477,Andelsbuch Feld,47.40886208,9.88983144,3,60,28.0,4
at:48:1478,Bolgenach Huber,47.47548115,9.94415257,3,21,80.0,6
at:48:1479,Bolgenach Küng,47.479798,9.94603903,3,21,80.0,6
at:48:148,Schwarzach Firma Hefel,47.44396532,9.76731022,3,32,52.5,5
at:48:1480,Riefensberg Eggling,47.48534684,9.94812312,3,21,80.0,6
at:48:1481,Riefensberg Welzenbühl,47.49061588,9.9531447,3,21,80.0,6
at:48:1482,Riefensberg Fischer,47.49803291,9.95539947,3,21,80.0,6
at:48:1483,Partenen Hubertusklause,46.97044943,10.05580417,3,40,42.0,5
at:48:1484,Partenen Tirolerhof,46.96804033,10.06538021,3,40,42.0,5
at:48:1485,Bludenz Hl. Kreuzkirche,47.15376104,9.82176609,3,69,24.347826086956523,4
at:48:1487,Bludenz Schmittenstraße,47.15311961,9.82856634,3,30,56.0,5
at:48:149,Schwarzach Im Schlatt,47.45145576,9.76024048,3,138,12.173913043478262,3
at:48:1492,Bregenz Josef-Huter-Straße,47.49681906,9.7342612,3,171,9.824561403508772,2
at:48:1493,Dornbirn Pfarrheim Wallenmahd,47.39299231,9.72883538,3,279,6.021505376344086,2
at:48:1494,Hohenems Furchgasse,47.38033562,9.70503002,3,112,15.0,3
at:48:1495,Hohenems Oberklien,47.37703867,9.7000803,3,112,15.0,3
at:48:1498,Hohenems August-Reis-Straße,47.35871919,9.68480894,3,168,10.0,2
at:48:1499,Hohenems Spielerstraße,47.35457497,9.68067669,3,172,9.767441860465116,2
at:48:15,Hohenems Im Tiergarten,47.36816264,9.69177987,3,9,186.66666666666666,7
at:48:150,Schwarzach Kirche,47.44477334,9.76302526,3,138,12.173913043478262,3
at:48:1500,Hohenems Im Brühl,47.35114251,9.67692174,3,167,10.059880239520957,3
at:48:1501,Hohenems Schwefelbadstraße,47.34843412,9.67223253,3,109,15.412844036697248,3
at:48:1502,Dornbirn Höchsterstraße,47.40658223,9.7368753,3,169,9.940828402366863,2
at:48:1503,Dornbirn Bäumlegasse,47.40791976,9.73043438,3,112,15.0,3
at:48:1504,Dornbirn Messekreuzung,47.41275887,9.71280045,3,200,8.4,2
at:48:1505,Lustenau Holzstraße,47.41893478,9.662387,3,143,11.748251748251748,3
at:48:1506,Lustenau Volksschule Kirchdorf,47.42447789,9.65908119,3,259,6.486486486486487,2
at:48:1507,Lustenau Körnerstraße,47.42991711,9.66009629,3,233,7.210300429184549,2
at:48:1508,Hohenems Jakob-Hannibal-Straße,47.36381837,9.68610252,3,245,6.857142857142857,2
at:48:1509,Lauterach Inselstraße,47.48444838,9.71501929,3,170,9.882352941176471,2
at:48:151,Bludenz Berufsschule,47.15360832,9.83104569,3,46,36.52173913043478,4
at:48:1512,Hohenems Kirchholz,47.36345329,9.66863029,3,118,14.23728813559322,3
at:48:1513,Altach Brolsstraße,47.35387511,9.6478253,3,88,19.09090909090909,3
at:48:1514,Mäder Schule,47.34984616,9.62184603,3,59,28.47457627118644,4
at:48:1519,Lustenau Hasenfeldstraße,47.41171935,9.655452,3,29,57.93103448275862,5
at:48:152,Schwarzach Pfeller,47.43999793,9.76114778,3,113,14.867256637168142,3
at:48:1520,Lustenau Philipp-Krapf-Straße,47.40883776,9.65612574,3,59,28.47457627118644,4
at:48:1521,Lustenau Volksschule Rheindorf,47.43456583,9.65404165,3,2,840.0,-1
at:48:1523,Lustenau Volksschule Rotkreuz,47.43950579,9.66266547,3,117,14.35897435897436,3
at:48:1524,Lustenau Bettleweg,47.43993717,9.66651026,3,57,29.473684210526315,4
at:48:1525,Lustenau Carini Saal,47.43848502,9.67297813,3,57,29.473684210526315,4
at:48:1526,Lustenau Scheibenbrücke,47.44084855,9.67269965,3,113,14.867256637168142,3
at:48:153,Schwarzach Rieger,47.43779842,9.75918047,3,119,14.117647058823529,3
at:48:1530,Hohenems Cineplexx,47.37335825,9.67676902,3,117,14.35897435897436,3
at:48:1531,Lustenau Staldenstraße,47.43232964,9.66492024,3,172,9.767441860465116,2
at:48:1532,Lustenau Holzmühlestraße,47.43158827,9.66831588,3,64,26.25,4
at:48:1533,Lustenau Sportpark,47.43031212,9.6712893,3,63,26.666666666666668,4
at:48:1534,Lustenau Rheinhalle,47.42866523,9.67472985,3,59,28.47457627118644,4
at:48:1536,Lustenau Pestalozziweg,47.41559769,9.66033884,3,119,14.117647058823529,3
at:48:1537,Lustenau Wiesenrain,47.41035761,9.6605724,3,146,11.506849315068493,3
at:48:1538,Lauterach Alter Markt,47.47151007,9.72884436,3,139,12.086330935251798,3
at:48:1539,Wolfurt Fatt,47.47276093,9.74387317,3,56,30.0,4
at:48:154,Schwarzach Tobel,47.44295072,9.7922205,3,32,52.5,5
at:48:1544,Lauterach Schule Unterfeld,47.48322815,9.7184239,3,170,9.882352941176471,2
at:48:1545,Lauterach Kaltenbrunnen,47.47959764,9.71814542,3,170,9.882352941176471,2
at:48:1548,Lauterach Langegasse,47.4716558,9.73178185,3,82,20.48780487804878,4
at:48:1549,Lauterach Morgenstraße,47.47092713,9.73555478,3,82,20.48780487804878,4
at:48:155,Schwarzenberg Dorfplatz,47.41370718,9.85223695,3,69,24.347826086956523,4
at:48:1554,Hard Salbachstraße,47.48308852,9.70939583,3,57,29.473684210526315,4
at:48:1556,Lauterach Hasenfeldgasse,47.46764799,9.72835029,3,139,12.086330935251798,3
at:48:1557,Wolfurt Zollamt,47.45731129,9.730102,3,139,12.086330935251798,3
at:48:156,Schwarzenberg Heuberg,47.41390779,9.83657931,3,33,50.90909090909091,5
at:48:1560,Götzis Unteres Tobel,47.34345519,9.65011601,3,29,57.93103448275862,5
at:48:1561,Götzis Möslestraße,47.34766114,9.6456424,3,29,57.93103448275862,5
at:48:1562,Altach Im Widenfeld,47.34850107,9.640522,3,29,57.93103448275862,5
at:48:1563,Altach Gröbliweg,47.34989485,9.64352237,3,29,57.93103448275862,5
at:48:1564,Altach Altweg,47.35246319,9.64523816,3,29,57.93103448275862,5
at:48:1566,Altach Konstanzerstraße,47.35732565,9.6561976,3,30,56.0,5
at:48:1569,Hard Erlachstraße,47.47576045,9.68913882,3,61,27.540983606557376,4
at:48:157,Schwarzenberg Loch,47.40601682,9.85070981,3,65,25.846153846153847,4
at:48:1570,Bregenz Musikschule,47.49304383,9.73353357,3,172,9.767441860465116,2
at:48:1571,Dornbirn Badgasse,47.39904892,9.73518647,3,112,15.0,3
at:48:1572,Fußach Bonigstraße,47.46167822,9.65239773,3,60,28.0,4
at:48:1574,Rankweil Mühlbach,47.270513,9.61536917,3,117,14.35897435897436,3
at:48:1575,Warth Wolfegg,47.26211286,10.17430993,3,18,93.33333333333333,6
at:48:1576,Schoppernau Diedamskopfbahn,47.31660468,10.00849889,3,43,39.06976744186046,4
at:48:1578,Rankweil Netschelweg,47.26670933,9.66941182,3,31,54.193548387096776,5
at:48:158,Schwarzenberg Maien-Freien,47.41816891,9.85043133,3,33,50.90909090909091,5
at:48:1580,Rankweil Rathaus,47.27001317,9.64290254,3,115,14.608695652173912,3
at:48:1582,Rankweil Schaufel,47.27740036,9.63928233,3,121,13.884297520661157,3
at:48:1583,Rankweil Schleipfweg,47.27460896,9.63051477,3,118,14.23728813559322,3
at:48:1584,Rankweil Hirschbündt,47.28075839,9.64499561,3,88,19.09090909090909,3
at:48:1585,Mellau Mischen,47.34784374,9.89062196,3,53,31.69811320754717,4
at:48:159,Schwarzenberg Oberbuchen,47.41447312,9.84655061,3,33,50.90909090909091,5
at:48:1598,Levis Amberggasse,47.24837594,9.61103031,3,433,3.879907621247113,0
at:48:16,Götzis Altacher Straße,47.34103859,9.64557053,3,29,57.93103448275862,5
at:48:160,Schwarzenberg Stangenach,47.42339606,9.86742746,3,36,46.666666666666664,5
at:48:1600,Satteins Alte Schlinserstraße,47.22239837,9.6712893,3,87,19.310344827586206,3
at:48:1601,Dornbirn Kreuzgasse,47.416704,9.74222926,3,302,5.562913907284768,2
at:48:1602,Dornbirn Fang,47.42889616,9.74766407,3,53,31.69811320754717,4
at:48:1603,Dornbirn Simonsgraben,47.43023312,9.74447505,3,53,31.69811320754717,4
at:48:1604,Dornbirn Roter Stein,47.42643486,9.80122162,3,43,39.06976744186046,4
at:48:1605,Riefensberg Springen-Häusler,47.5121054,9.95697153,3,37,45.4054054054054,5
at:48:1607,Sulzberg Süßenwinkel,47.52054466,9.93436093,3,3,560.0,-1
at:48:1608,Thüringen Feuerwehrhaus,47.19809273,9.76906194,3,47,35.744680851063826,4
at:48:161,Schwarzenberg Stüben,47.41405368,9.83126129,3,33,50.90909090909091,5
at:48:1613,Göfis Schildried,47.22730941,9.63339836,3,36,46.666666666666664,5
at:48:1615,Vandans Golmerbahn,47.08989752,9.86897256,3,36,46.666666666666664,5
at:48:1619,Bürserberg Einhornbahn,47.14352163,9.77583523,3,38,44.21052631578947,5
at:48:162,Bludenz Brunnenfeld,47.1395683,9.83737881,3,28,60.0,5
at:48:1620,Amerlügen Kapelle,47.20954212,9.61410255,3,26,64.61538461538461,6
at:48:1621,Amerlügen Alpenrose,47.21131789,9.6130605,3,26,64.61538461538461,6
at:48:1623,Lauterach Karl-Höll-Straße,47.47673799,9.72970674,3,227,7.400881057268722,2
at:48:1626,Lustenau Sägerstraße,47.41763401,9.67252897,3,143,11.748251748251748,3
at:48:1628,Lustenau HAK/HAS,47.43291908,9.66259361,3,119,14.117647058823529,3
at:48:1629,Hohenems Spitzeneckstraße,47.37526237,9.7044551,3,9,186.66666666666666,7
at:48:163,Schwarzenberg Weißtannen,47.41822361,9.81769672,3,33,50.90909090909091,5
at:48:1636,Altenstadt Marienfeld,47.26661789,9.6174353,3,58,28.96551724137931,4
at:48:164,Sibratsgfäll Dorfplatz,47.42709122,10.03735278,3,30,56.0,5
at:48:1645,Großdorf Schmarütte,47.43180703,9.9275517,3,14,120.0,6
at:48:1646,Großdorf Widin,47.42999004,9.93840335,3,14,120.0,6
at:48:1647,Großdorf Ittensberg,47.42947956,9.94985687,3,14,120.0,6
at:48:1648,Großdorf Reute,47.42328666,9.96170565,3,14,120.0,6
at:48:1649,Schetteregg Fohren,47.42522544,9.97736328,3,14,120.0,6
at:48:165,Sibratsgfäll Wieseln,47.43056127,10.03471173,3,30,56.0,5
at:48:1650,Schetteregg Loch,47.42304962,9.98420845,3,14,120.0,6
at:48:1651,Schetteregg Schilift,47.41758538,9.98541219,3,14,120.0,6
at:48:1659,Altenstadt Kirchenbünt,47.26672152,9.62196281,3,58,28.96551724137931,4
at:48:166,Sibratsgfäll Krinegg,47.43751285,10.02478535,3,30,56.0,5
at:48:1661,Thüringerberg Außerberg,47.21320345,9.77201739,3,4,420.0,-1
at:48:1662,Bildstein Knobel,47.45726877,9.77924883,3,7,240.0,-1
at:48:1663,Bildstein Kapf,47.45668568,9.78584246,3,7,240.0,-1
at:48:1664,Bildstein Geisbirn,47.45675857,9.79380154,3,7,240.0,-1
at:48:1665,Bildstein Loban,47.45138894,9.79902973,3,7,240.0,-1
at:48:1669,Bildstein Ankenreuthe Siedlung,47.45956465,9.76195626,3,23,73.04347826086956,6
at:48:167,Sibratsgfäll Waldrast,47.44080602,10.0138259,3,30,56.0,5
at:48:1671,Gisingen Bärenweg,47.25171142,9.59334248,3,58,28.96551724137931,4
at:48:1672,Dünserberg Boden,47.23297636,9.72223276,3,22,76.36363636363636,6
at:48:1674,Dünserberg Futsch,47.23064621,9.71094094,3,22,76.36363636363636,6
at:48:1675,Dünserberg Montanast,47.22649195,9.72548466,3,23,73.04347826086956,6
at:48:1676,Dünserberg Hirt,47.22210553,9.73878871,3,23,73.04347826086956,6
at:48:1678,Dünserberg Bassig,47.21925629,9.74204959,3,23,73.04347826086956,6
at:48:1679,Schlins Bahnhof,47.19516895,9.68985748,1,109,15.412844036697248,2
at:48:168,Bartholomäberg Außergurth,47.0926375,9.94476342,3,36,46.666666666666664,5
at:48:1682,Langenegg Gfäll,47.47399355,9.90282108,3,49,34.285714285714285,4
at:48:1683,Dornbirn Rodelbahn,47.42746193,9.7923822,3,43,39.06976744186046,4
at:48:1684,Schwarzenberg Oberkaltberg,47.41601712,9.83920239,3,33,50.90909090909091,5
at:48:1685,Schlins Rönsberg,47.21130569,9.69553483,3,28,60.0,5
at:48:1686,Schwarzenberg Unterdorf,47.41489256,9.85440189,3,36,46.666666666666664,5
at:48:1687,Schruns Rätikonkreuzung,47.07781058,9.90598315,3,23,73.04347826086956,6
at:48:1688,Klösterle Klostertaler Hof,47.13133686,10.0868769,3,42,40.0,5
at:48:169,Bartholomäberg Abzweigung Innerberg,47.0941481,9.94904839,3,36,46.666666666666664,5
at:48:17,Götzis AHS/Möslestadion,47.34450214,9.64703479,3,28,60.0,5
at:48:170,Silbertal Fescha,47.09570758,9.9633855,3,36,46.666666666666664,5
at:48:171,Silbertal Hofstatt,47.0955975,9.95627982,3,36,46.666666666666664,5
at:48:1717,Koblach Zoll,47.33296015,9.59745677,3,83,20.240963855421686,4
at:48:1719,Koblach Kutzen,47.3452143,9.60932351,3,28,60.0,5
at:48:172,Silbertal Zentrum,47.09499206,9.97883652,3,36,46.666666666666664,5
at:48:1721,Bürserberg Museum,47.14661932,9.77770373,3,37,45.4054054054054,5
at:48:1722,Brand Dorfbahn,47.11067625,9.7443942,3,21,80.0,6
at:48:1723,Altach Zippersfeld,47.35988145,9.65788644,3,29,57.93103448275862,5
at:48:1726,Götzis Im Hag,47.34327258,9.65196654,3,1,1680.0,-1
at:48:1729,Hohenems Emspark,47.37507378,9.67561918,3,100,16.8,3
at:48:173,Alberschwende Näpfle,47.46050605,9.85794125,3,120,14.0,3
at:48:1730,Eichenberg Stegen,47.55155985,9.7855011,3,33,50.90909090909091,5
at:48:1731,Hörbranz Gartenstraße,47.53664282,9.74392707,3,32,52.5,5
at:48:1733,Lustenau Zellgasse,47.44603699,9.66801045,3,57,29.473684210526315,4
at:48:1734,Lustenau Bahngasse,47.44564818,9.6646238,3,57,29.473684210526315,4
at:48:1735,Lustenau Am Schlatt,47.44266517,9.66321345,3,113,14.867256637168142,3
at:48:1736,Rankweil HTL/HBLA,47.27099453,9.63154783,3,1,1680.0,-1
at:48:1737,Batschuns Säge,47.28120327,9.67329254,3,3,560.0,-1
at:48:1739,Stuben Eggena,47.13965996,10.16153588,3,10,168.0,7
at:48:174,Bludenz Brunnenfeld-Siedlung,47.14250125,9.8339203,3,28,60.0,5
at:48:1740,Dornbirn Schollengraben,47.42394913,9.72915877,3,54,31.11111111111111,4
at:48:1741,Dornbirn Am Feuergraben,47.42340821,9.73503375,3,112,15.0,3
at:48:1745,Dornbirn Wasserwerk,47.42191914,9.7443942,3,276,6.086956521739131,2
at:48:1746,Dornbirn Ziehrerweg,47.42180973,9.72817961,3,53,31.69811320754717,4
at:48:1748,Dornbirn Bahnbrücke,47.41416918,9.72914979,3,53,31.69811320754717,4
at:48:1749,Dornbirn Roßmähder,47.410388,9.71859458,3,169,9.940828402366863,2
at:48:175,Silbertal Kristbergbahn,47.09437438,9.98061518,3,36,46.666666666666664,5
at:48:1751,Dornbirn Krankenhaus,47.40573715,9.73947143,3,169,9.940828402366863,2
at:48:1753,Dornbirn Schulgasse,47.4078164,9.74004635,3,54,31.11111111111111,4
at:48:1754,Dornbirn Inatura,47.40872225,9.73700106,3,54,31.11111111111111,4
at:48:1755,Dornbirn Egetensteg,47.40938491,9.73396476,3,54,31.11111111111111,4
at:48:1757,Dornbirn Mittebrunnen,47.41235157,9.7318627,3,110,15.272727272727273,3
at:48:176,Silbertal Sand,47.09577485,9.96942218,3,36,46.666666666666664,5
at:48:1760,Dornbirn Sebastianstraße,47.40874049,9.75059257,3,54,31.11111111111111,4
at:48:1761,Dornbirn Littengasse,47.4065032,9.75035003,3,54,31.11111111111111,4
at:48:1764,Lustenau Industriegebiet Nord,47.44294464,9.67101981,3,140,12.0,3
at:48:1765,Dornbirn Kanalgasse,47.42142074,9.73581529,3,165,10.181818181818182,3
at:48:1766,Dornbirn Im Bündtle,47.3943545,9.74215739,3,56,30.0,4
at:48:177,Sonntag Abzweigung Buchboden,47.24185073,9.90977404,3,46,36.52173913043478,4
at:48:1772,Dornbirn Eschenau,47.40444821,9.76165083,3,56,30.0,4
at:48:1776,Lochau Schule,47.52806665,9.75104173,3,8,210.0,7
at:48:1777,Lochau Herzjesuheim,47.52958911,9.75628789,3,26,64.61538461538461,6
at:48:1778,Lochau Halden,47.52750253,9.75727604,3,26,64.61538461538461,6
at:48:1779,Lochau Kaufmann,47.52588902,9.75777011,3,26,64.61538461538461,6
at:48:178,Sonntag Arzthaus,47.23333014,9.88690293,3,29,57.93103448275862,5
at:48:1780,Lochau Unterhaggen,47.52087225,9.75983624,3,27,62.22222222222222,6
at:48:1781,Lochau Haggen,47.51607342,9.75940505,3,27,62.22222222222222,6
at:48:1782,Lochau Grünegger,47.51746276,9.76148914,3,27,62.22222222222222,6
at:48:1783,Lochau Am Vögel,47.51725041,9.76346543,3,27,62.22222222222222,6
at:48:1784,Lochau Buchenberg,47.51521188,9.76694191,3,27,62.22222222222222,6
at:48:1785,Lochau Lohorn,47.51497526,9.77275401,3,27,62.22222222222222,6
at:48:1786,Lochau Pfänder,47.51263327,9.78436024,3,27,62.22222222222222,6
at:48:1787,Levis Gymnasium,47.25121751,9.61194659,3,7,240.0,-1
at:48:1788,Dornbirn Amtmahd,47.43406148,9.74174417,3,110,15.272727272727273,3
at:48:1789,Dornbirn Dr.-W.-Zumtobel-Str.,47.43307099,9.74575065,3,110,15.272727272727273,3
at:48:179,Sonntag Buchholz,47.24403402,9.91308882,3,28,60.0,5
at:48:1790,Reuthe Platten,47.3757612,9.88890618,3,73,23.013698630136986,4
at:48:1791,Frastanz Hanflandkurve,47.21423468,9.61783954,3,26,64.61538461538461,6
at:48:1792,Amerlügen Aspa,47.21120195,9.61813598,3,26,64.61538461538461,6
at:48:1793,Dünserberg Winkel,47.2341536,9.71269265,3,22,76.36363636363636,6
at:48:1796,Nenzing Campingplatz,47.18279454,9.68221281,3,4,420.0,-1
at:48:1797,Götzis Industriegebiet,47.3431204,9.63809655,3,141,11.914893617021276,3
at:48:18,Schruns Hochjoch Bahn,47.07889338,9.92132638,3,65,25.846153846153847,4
at:48:180,Sonntag Gasthaus Löwen,47.23697763,9.89621846,3,30,56.0,5
at:48:1801,Bürs Zimbapark,47.15183672,9.81191157,3,34,49.411764705882355,5
at:48:1802,Schnifis Seilbahn,47.21483266,9.73270712,3,11,152.72727272727272,7
at:48:1803,Hörbranz Allgäustraße,47.54244035,9.75057461,3,85,19.764705882352942,3
at:48:1806,Götzis BORG,47.34445954,9.64613647,3,5,336.0,-1
at:48:1809,Gisingen Runastraße,47.26032659,9.59916357,3,171,9.824561403508772,2
at:48:181,Sonntag Oberbuchholz,47.24599159,9.91324154,3,27,62.22222222222222,6
at:48:1810,Langenegg Weg,47.46536462,9.90093462,3,50,33.6,4
at:48:1811,Bregenz Wuhrwaldstraße,47.4919634,9.71412996,3,60,28.0,4
at:48:1814,Bregenz Schnabelgässele,47.48938972,9.73312034,3,112,15.0,3
at:48:1815,Lustenau Schmitter,47.39793008,9.67844887,3,116,14.482758620689655,3
at:48:1816,Dornbirn Stiglingen,47.43491219,9.73780955,3,112,15.0,3
at:48:1817,Dornbirn Unterer Schwefel,47.43222633,9.73876176,3,114,14.736842105263158,3
at:48:1819,Lochau Moos,47.51555771,9.78612094,3,2,840.0,-1
at:48:182,Sonntag Gemeindezentrum,47.23946608,9.90249769,3,30,56.0,5
at:48:1820,Eichenberg Hub,47.5222372,9.78984895,3,6,280.0,-1
at:48:1821,Eichenberg Jungholz,47.52610133,9.79390035,3,6,280.0,-1
at:48:1822,Eichenberg Hinteregg,47.53134808,9.80094314,3,6,280.0,-1
at:48:1823,Eichenberg Halden,47.53341024,9.80203909,3,6,280.0,-1
at:48:1824,Eichenberg Gorbachen,47.53641236,9.80083535,3,2,840.0,-1
at:48:1825,Eichenberg Trögen,47.53764349,9.79998195,3,6,280.0,-1
at:48:1826,Eichenberg Schüssellehen,47.54230088,9.79771819,3,6,280.0,-1
at:48:1827,Schlins Feuerwehrhaus,47.20212715,9.69401668,3,51,32.94117647058823,4
at:48:1828,Schröcken Alpenblick,47.26307608,10.10499592,3,18,93.33333333333333,6
at:48:1829,Tisis Kindergarten Gallmist,47.22122088,9.58412577,3,55,30.545454545454547,4
at:48:183,Sonntag Seeberg,47.24105179,9.91841583,3,18,93.33333333333333,6
at:48:1830,Bezau Seilbahn,47.38515294,9.91988907,3,20,84.0,6
at:48:1831,Bezau Mittlere,47.38585239,9.90930692,3,20,84.0,6
at:48:1832,Bezau Kriechere,47.38592537,9.90528246,3,20,84.0,6
at:48:1835,Lustenau Friedensstraße,47.41674047,9.66372548,3,56,30.0,4
at:48:1838,Hohenweiler Oberhub,47.58178714,9.79002861,3,30,56.0,5
at:48:1839,Hard Seniorenhaus,47.4908951,9.6839286,3,56,30.0,4
at:48:184,Sonntag Seilbahn Stein,47.23971613,9.90522857,3,46,36.52173913043478,4
at:48:1840,Hard Sportzentrum,47.48802999,9.68320096,3,56,30.0,4
at:48:1841,Hard Mockenstraße,47.48540755,9.68235654,3,56,30.0,4
at:48:1842,Hard Schwabengasse,47.4831128,9.68266197,3,56,30.0,4
at:48:1843,Tschagguns Paludweg,47.07704588,9.88701972,3,40,42.0,5
at:48:1844,Schruns Wagenweg,47.07575504,9.91767023,3,23,73.04347826086956,6
at:48:1845,Schruns Sportplatz/Aktivpark,47.07250639,9.9151819,3,23,73.04347826086956,6
at:48:1846,Schruns Sanatorium Dr. Schenk,47.07358929,9.91310679,3,23,73.04347826086956,6
at:48:1847,Schruns Stand Montafon,47.0750576,9.91132813,3,23,73.04347826086956,6
at:48:1849,Schruns Sozialzentrum,47.08154217,9.90688147,3,20,84.0,6
at:48:185,Bludenz Bundesschulzentrum,47.1527714,9.8265631,3,65,25.846153846153847,4
at:48:1850,Dornbirn Millöckergasse,47.41372542,9.72542178,3,166,10.120481927710843,3
at:48:1862,Bildstein Hochmoor,47.45968612,9.80557845,3,7,240.0,-1
at:48:1863,Bezau Sozialzentrum,47.37990375,9.89531117,3,108,15.555555555555555,3
at:48:1864,Bludenz Polytechn. Lehrgang,47.15401761,9.83040789,3,3,560.0,-1
at:48:1865,Nüziders Mittelschule,47.17014853,9.7991016,3,1,1680.0,-1
at:48:1866,Nenzing Liebherr,47.17302483,9.74842763,3,4,420.0,-1
at:48:1868,Hohenems Hochquellenstraße,47.35999707,9.69008206,3,55,30.545454545454547,4
at:48:1869,Hohenems Sägerstraße,47.36052039,9.69460058,3,55,30.545454545454547,4
at:48:187,St. Anton im Montafon Bahnhof,47.10984477,9.86625965,1,58,28.96551724137931,3
at:48:1870,Emsreute Buchenau,47.36511439,9.70186795,3,55,30.545454545454547,4
at:48:1871,Emsreute Sennerei,47.36931253,9.70971024,3,55,30.545454545454547,4
at:48:1872,Emsreute Feuerwehr,47.37299323,9.7144264,3,55,30.545454545454547,4
at:48:1876,Bizau Gemeindeamt,47.36925169,9.92954596,3,16,105.0,6
at:48:1877,Beschling Zentrum,47.19107296,9.68362317,3,2,840.0,-1
at:48:1878,Bartholomäberg Roßmahdweg,47.09739543,9.88280662,3,3,560.0,-1
at:48:1879,Bartholomäberg Biguetweg,47.09467405,9.89747611,3,3,560.0,-1
at:48:188,St. Gerold Außerberg,47.22019589,9.81111207,3,25,67.2,6
at:48:1880,Bartholomäberg Branners Ried,47.09413587,9.90111428,3,3,560.0,-1
at:48:1881,Bartholomäberg Fangesweg,47.09323685,9.90512077,3,3,560.0,-1
at:48:1882,Bartholomäberg Gasott,47.09116356,9.91281933,3,29,57.93103448275862,5
at:48:1883,Bartholomäberg Lafasottweg,47.09217881,9.9266983,3,29,57.93103448275862,5
at:48:1884,Bartholomäberg Montjolaweg,47.08588516,9.91380748,3,32,52.5,5
at:48:1885,Schruns Kreuzstallweg,47.08397673,9.91530766,3,32,52.5,5
at:48:1886,Ludesch Gärtnerei Metzler,47.18157342,9.77791932,3,57,29.473684210526315,4
at:48:189,St. Gerold Gashaus Kreuz/Johannishof,47.22286204,9.82390408,3,25,67.2,6
at:48:1890,Partenen Lifinar,46.96683268,10.06974603,3,40,42.0,5
at:48:1891,Hard Brückenwaage,47.48889196,9.68944425,3,283,5.936395759717315,2
at:48:1892,Bürs Birkengasse,47.15478731,9.80167976,3,62,27.096774193548388,4
at:48:1893,Langen a. A. Oberlangen,47.13372637,10.12616023,3,58,28.96551724137931,4
at:48:1898,Bludesch Volksschule,47.19743962,9.74557099,3,2,840.0,-1
at:48:1899,Bildstein Unterdorf Platte,47.45822844,9.76541478,3,23,73.04347826086956,6
at:48:190,St. Gerold Gemeindeamt,47.22072669,9.81478618,3,25,67.2,6
at:48:1900,Bildstein Unterdorf,47.45833776,9.76823549,3,23,73.04347826086956,6
at:48:1903,Bregenz Leutbühel,47.50221439,9.74672083,3,53,31.69811320754717,4
at:48:1904,Bregenz Landesbibliothek,47.49391786,9.7449242,3,25,67.2,6
at:48:1905,Bregenz Abzw. Gebhardsberg,47.49392393,9.75266768,3,25,67.2,6
at:48:1906,Fluh Brittenhütten,47.49722571,9.78883385,3,27,62.22222222222222,6
at:48:1907,Fluh Gasthaus Adler,47.49340194,9.77435301,3,25,67.2,6
at:48:1909,Alberschwende Schwarzen,47.44798101,9.82511681,3,53,31.69811320754717,4
at:48:191,Lauterach Soren,47.45712908,9.71338435,3,27,62.22222222222222,6
at:48:1910,Sulzberg Bühl,47.52316534,9.88842109,3,33,50.90909090909091,5
at:48:1911,Alberschwende Stauder,47.44377698,9.81539704,3,54,31.11111111111111,4
at:48:1912,Schruns Untere Montjola,47.08197036,9.9153436,3,32,52.5,5
at:48:1913,Schruns Flurstraße,47.07903408,9.91185813,3,55,30.545454545454547,4
at:48:1914,Gantschier JUFA,47.08743265,9.89001111,3,20,84.0,6
at:48:1915,Tschagguns Mauren,47.04878094,9.9418439,3,4,420.0,-1
at:48:1916,Bartholomäberg Plattaweg,47.09521833,9.89584117,3,3,560.0,-1
at:48:1919,Röthis Interpark FOCUS,47.30788903,9.62023804,3,58,28.96551724137931,4
at:48:192,Dornbirn Lange Mähder,47.40600466,9.71633083,3,52,32.30769230769231,4
at:48:1921,Bartholomäberg Fornaweg,47.08435598,9.9133134,3,32,52.5,5
at:48:1922,Feldkirch Bahnhof Süd,47.23987471,9.60247835,3,92,18.26086956521739,3
at:48:1923,Nofels Oberer Hasenbach,47.25181508,9.56535098,3,12,140.0,7
at:48:1924,Nofels Bergäcker,47.25289434,9.56836033,3,12,140.0,7
at:48:1925,Nofels GH Bad Nofels,47.25379065,9.57286089,3,12,140.0,7
at:48:1930,Götzis Pfarrer-Knecht-Straße,47.34043595,9.64988245,3,29,57.93103448275862,5
at:48:1931,Götzis Ringstr./Appenzellerstr,47.33769657,9.64383678,3,59,28.47457627118644,4
at:48:1932,Altach Stadion,47.35326653,9.63601246,3,114,14.736842105263158,3
at:48:1933,Eichenberg Volksschule,47.53703096,9.78037172,3,4,420.0,-1
at:48:1935,Hard Feldweg,47.4854986,9.69675654,3,1,1680.0,-1
at:48:1936,Höchst Augasse,47.45810089,9.65931476,3,59,28.47457627118644,4
at:48:1938,Hohenems Otten Areal,47.3488906,9.67223253,3,113,14.867256637168142,3
at:48:194,Lochau Seedomizil,47.52564638,9.74840068,3,26,64.61538461538461,6
at:48:1941,Lustenau Flurstraße,47.41273455,9.6603029,3,119,14.117647058823529,3
at:48:1943,Lustenau Augarten,47.44369193,9.65595506,3,60,28.0,4
at:48:1944,Lustenau Badlochstraße,47.44158978,9.65301757,3,60,28.0,4
at:48:1945,Lustenau Altes Zollamt,47.4376526,9.64709767,3,2,840.0,-1
at:48:1948,Lustenau Teilenstraße,47.425505,9.66399498,3,59,28.47457627118644,4
at:48:1949,Lustenau Frühlingsgarten,47.43534969,9.66772299,3,117,14.35897435897436,3
at:48:195,Bludenz Café Meran,47.1656353,9.81469635,3,29,57.93103448275862,5
at:48:1950,Lustenau Loretokapelle,47.43600594,9.66264751,3,117,14.35897435897436,3
at:48:1951,Wolfurt Senderstraße,47.45466302,9.73313831,3,224,7.5,2
at:48:1952,Fluh Stelen,47.49513784,9.78275226,3,25,67.2,6
at:48:1953,Höchst Bitzestraße,47.45528258,9.66079698,3,3,560.0,-1
at:48:1955,Laterns Buchfeld,47.26499637,9.71050076,3,34,49.411764705882355,5
at:48:1957,Bregenz Landeskrankenhaus,47.49780228,9.74319944,3,113,14.867256637168142,3
at:48:1958,Bregenz Thalbachgasse,47.49961087,9.74790661,3,53,31.69811320754717,4
at:48:1959,Fluh Pfänderweg,47.49215764,9.77081365,3,25,67.2,6
at:48:1960,Hörbranz Lindauerstraße,47.55210551,9.74140281,3,29,57.93103448275862,5
at:48:1961,Dornbirn Kindergarten Kehlegg,47.40084875,9.77785644,3,28,60.0,5
at:48:1962,Wolfurt K.-Doppelmayr-Str.,47.45180201,9.73338984,3,224,7.5,2
at:48:1963,Lustenau Lindenweg,47.42424694,9.66748044,3,59,28.47457627118644,4
at:48:1964,Lustenau Rathaus,47.42609452,9.65953934,3,62,27.096774193548388,4
at:48:1965,Muntlix Engelbrücke,47.28755911,9.66230615,3,121,13.884297520661157,3
at:48:1977,Gortipohl Allmein,47.00676278,10.00467207,3,41,40.97560975609756,5
at:48:1978,Thüringerberg Obere Meiern,47.21380144,9.78728875,3,27,62.22222222222222,6
at:48:1980,Langenegg Kirchdorf,47.46298397,9.90565976,3,50,33.6,4
at:48:1982,Rankweil An der Maut,47.27299987,9.62237603,3,56,30.0,4
at:48:1983,Göfis Gasserplatz,47.24088102,9.61433611,3,62,27.096774193548388,4
at:48:1984,Doren Rotach,47.49998107,9.86023195,3,37,45.4054054054054,5
at:48:1985,Lauterach Alte Landstraße,47.47295523,9.73071286,3,55,30.545454545454547,4
at:48:1989,Dafins Mitdafinerhus,47.29379843,9.68688405,3,32,52.5,5
at:48:199,St. Gallenkirch Badmunt,47.03009056,9.9576273,3,41,40.97560975609756,5
at:48:1990,Gaschurn Klettergarten,46.9753715,10.0429942,3,41,40.97560975609756,5
at:48:1991,Höchst Birkele,47.46696785,9.61541409,3,169,9.940828402366863,2
at:48:1992,Bregenz Oberstadt,47.50041197,9.74880493,3,26,64.61538461538461,6
at:48:1993,Bregenz St.-Anna-Straße,47.50143153,9.74317249,3,27,62.22222222222222,6
at:48:1996,Lauterach Alter Sternen,47.47501969,9.72198123,3,56,30.0,4
at:48:1997,Lauterach Weingartstraße,47.4749104,9.71960968,3,56,30.0,4
at:48:1998,Lauterach Lerchenau,47.47644655,9.7036017,3,56,30.0,4
at:48:2,Schoppernau Riese,47.31431475,10.0128647,3,54,31.11111111111111,4
at:48:20,Schruns Auweg,47.07636682,9.90941472,3,23,73.04347826086956,6
at:48:2008,Lustenau Radetzkystraße,47.43165511,9.66061731,3,56,30.0,4
at:48:2010,Ebnit Unterdorf,47.34970009,9.7543116,3,28,60.0,5
at:48:2011,Hittisau Bütscheln,47.45627265,9.98228605,3,30,56.0,5
at:48:2012,Lingenau Hof Eschach,47.4486371,9.9200328,3,43,39.06976744186046,4
at:48:2017,Brederis Paspels-Seen,47.28080105,9.59158178,3,83,20.240963855421686,4
at:48:2018,Rankweil Fritztobel,47.26950115,9.65768881,3,32,52.5,5
at:48:2019,Andelsbuch Bühel,47.40233234,9.87895284,3,60,28.0,4
at:48:2027,Thüringen Pfadfinderheim,47.19659729,9.77220604,3,69,24.347826086956523,4
at:48:203,St. Gallenkirch Garfrescha Bahn,47.01655079,9.99034394,3,41,40.97560975609756,5
at:48:2030,Brederis Unterer Paspelsweg,47.28560308,9.58585053,3,1,1680.0,-1
at:48:2032,Altach Gallusstraße,47.35069823,9.6503855,3,29,57.93103448275862,5
at:48:2033,Altach Bahnstraße,47.35228669,9.65085263,3,29,57.93103448275862,5
at:48:2035,Altach Mühlbachstraße,47.35676579,9.64607359,3,29,57.93103448275862,5
at:48:2036,Altach Feuerwehr,47.35846361,9.64833734,3,29,57.93103448275862,5
at:48:2037,Altach Staudenstraße,47.35948592,9.65066398,3,29,57.93103448275862,5
at:48:2039,Götzis Hopbach,47.34095946,9.63160173,3,56,30.0,4
at:48:2041,Götzis Gasthaus Rose,47.3460908,9.62268146,3,56,30.0,4
at:48:2042,Mäder Egelseestraße,47.34857411,9.62141484,3,55,30.545454545454547,4
at:48:2043,Mäder Schulheim,47.34920101,9.61508171,3,55,30.545454545454547,4
at:48:2044,Mäder Wies,47.3508869,9.61350966,3,55,30.545454545454547,4
at:48:2045,Mäder Firma Huber,47.35318132,9.6134378,3,112,15.0,3
at:48:2046,Mäder Industriegebiet,47.35744735,9.62110042,3,56,30.0,4
at:48:2047,Mäder Feldweg,47.35566431,9.62298689,3,56,30.0,4
at:48:2048,Mäder Ulimahd,47.35246927,9.62475657,3,56,30.0,4
at:48:2049,Meiningen Stobernweg,47.29033765,9.58293999,3,70,24.0,4
at:48:205,Gortipohl Innergant,47.01163863,9.99474568,3,41,40.97560975609756,5
at:48:2050,Götzis Mösleweg,47.34671772,9.64791514,3,58,28.96551724137931,4
at:48:2051,Altach Widenfeldstraße,47.34730812,9.63865351,3,56,30.0,4
at:48:2052,Rankweil Rüggelen,47.26835518,9.62569082,3,58,28.96551724137931,4
at:48:2053,Schoppernau Vorderhopfreben,47.2912577,10.04636288,3,18,93.33333333333333,6
at:48:2058,Bolgenach Ach,47.46342124,9.96405025,3,14,120.0,6
at:48:2059,Brederis Volksschule,47.27912511,9.60982657,3,1,1680.0,-1
at:48:206,Bludenz Campingplatz,47.16160421,9.81727452,3,28,60.0,5
at:48:2060,Dornbirn Hatlerstraße,47.39775374,9.73172795,3,56,30.0,4
at:48:2061,Schruns Gaueser Wald,47.08299803,9.89920087,3,13,129.23076923076923,7
at:48:2062,Gantschier Kirche,47.08942046,9.88614835,3,20,84.0,6
at:48:2063,Gantschier Campingplatz,47.09293106,9.87879115,3,20,84.0,6
at:48:2064,Vandans Fa. Form,47.09176904,9.87244904,3,15,112.0,6
at:48:2065,Vandans Schwimmbad,47.0932552,9.86752627,3,24,70.0,6
at:48:2066,Lauterach Industriegebiet,47.46312366,9.72795503,3,139,12.086330935251798,3
at:48:2069,Vandans Balzerstraße,47.09311454,9.85899228,3,13,129.23076923076923,7
at:48:2072,Vandans Heitersheimerplatz,47.09674109,9.86413962,3,13,129.23076923076923,7
at:48:2074,Vandans Oberbündta,47.09984762,9.85701598,3,13,129.23076923076923,7
at:48:2075,Vandans Almastraße,47.1018472,9.85728548,3,13,129.23076923076923,7
at:48:2076,Vandans Scheibenkopfstraße,47.1048984,9.8562075,3,13,129.23076923076923,7
at:48:2077,Vandans Gluandistraße,47.10736247,9.85484206,3,13,129.23076923076923,7
at:48:2078,Vandans Untere Venserstraße,47.10889099,9.85937855,3,13,129.23076923076923,7
at:48:2079,Vandans Glusavinastraße,47.10352263,9.86282808,3,13,129.23076923076923,7
at:48:208,St. Gallenkirch Mazeis,47.04058442,9.94342493,3,41,40.97560975609756,5
at:48:2080,Vandans Bündtliweg,47.09968863,9.86296283,3,13,129.23076923076923,7
at:48:2081,Lauterach Achstraße,47.48308852,9.7318088,3,115,14.608695652173912,3
at:48:2082,Bartholomäberg Außerböden,47.10154146,9.86790357,3,3,560.0,-1
at:48:2083,St. Anton i.M. Gufel,47.10541201,9.86673576,3,3,560.0,-1
at:48:2088,Vandans Daunerstraße,47.10664099,9.8610584,3,13,129.23076923076923,7
at:48:2089,Eichenberg Eplisgehr,47.53872904,9.78851944,3,32,52.5,5
at:48:209,St. Gallenkirch Montafonerhüsli,47.03414998,9.95213859,3,41,40.97560975609756,5
at:48:2090,Eichenberg Unterfluh,47.54501143,9.79096286,3,28,60.0,5
at:48:2092,Möggers Ramsach,47.56213259,9.79335238,3,27,62.22222222222222,6
at:48:2093,Wolfurt Schmerzenbildstraße,47.46965193,9.74349588,3,82,20.48780487804878,4
at:48:2096,Hörbranz Backenreute,47.54465973,9.76198321,3,1,1680.0,-1
at:48:2097,Hörbranz Am Bächle,47.54875868,9.75677298,3,56,30.0,4
at:48:2098,Hörbranz Grünau,47.56140518,9.75070037,3,1,1680.0,-1
at:48:2099,Hörbranz Gwigger Straße,47.56849704,9.75876724,3,2,840.0,-1
at:48:21,Schruns Kulturbühne,47.079499,9.9134212,3,55,30.545454545454547,4
at:48:210,St. Gallenkirch Nanaree,47.01923329,9.98169316,3,41,40.97560975609756,5
at:48:2102,Bildstein Obere Bereute,47.44871,9.79806854,3,21,80.0,6
at:48:2103,Lustenau Brändlestraße,47.42570556,9.66890876,3,59,28.47457627118644,4
at:48:211,St. Gallenkirch Zentrum,47.02062961,9.97377901,3,41,40.97560975609756,5
at:48:2115,Lustenau Sandstraße,47.43654673,9.65237976,3,2,840.0,-1
at:48:2127,Thüringen Hubertusweg,47.20204781,9.77575438,3,27,62.22222222222222,6
at:48:2129,Wolfurt Cubus,47.46779981,9.74894866,3,104,16.153846153846153,3
at:48:213,St. Gallenkirch Valisera Bahn,47.02134613,9.96499348,3,40,42.0,5
at:48:2131,Gantschier Hosensee,47.09464958,9.87403906,3,15,112.0,6
at:48:2132,Batschuns Volksschule,47.27845472,9.66761519,3,3,560.0,-1
at:48:2133,Bregenz Landstraße,47.4890073,9.73471934,3,112,15.0,3
at:48:2134,Alberschwende Fischbach,47.46561361,9.83451319,3,22,76.36363636363636,6
at:48:2135,Lauterach Lerchenpark,47.47694442,9.72623026,3,227,7.400881057268722,2
at:48:2136,Wolfurt Bucherstraße,47.47461288,9.76004285,3,22,76.36363636363636,6
at:48:2137,Bildstein Deschen,47.45903624,9.78034478,3,7,240.0,-1
at:48:2138,Alberschwende Untere Bereute,47.44877075,9.80380877,3,21,80.0,6
at:48:2139,Bludenz Autohaus Gunz,47.14314892,9.83264469,3,46,36.52173913043478,4
at:48:2142,Dornbirn Achfurt,47.42680558,9.72093919,3,54,31.11111111111111,4
at:48:2145,Weiler Untere Halde,47.30594593,9.65970103,3,1,1680.0,-1
at:48:2146,Sulz Gemeindeamt,47.28783941,9.65323316,3,255,6.588235294117647,2
at:48:2147,Brederis Betriebsgebiet L190,47.28050243,9.6188726,3,65,25.846153846153847,4
at:48:2148,Rankweil M.-Rheinberger-Str.,47.27535253,9.64352237,3,85,19.764705882352942,3
at:48:2152,Tschagguns Feuerwehrhaus,47.07559598,9.90397092,3,24,70.0,6
at:48:2154,Bregenz Schule Rieden,47.49411816,9.72632908,3,111,15.135135135135135,3
at:48:2155,Thal Hagen,47.53905045,9.8846841,3,27,62.22222222222222,6
at:48:2156,Silbertal Kapell Bahn,47.09579319,9.96775131,3,36,46.666666666666664,5
at:48:2157,Bludenz Betriebsgebiet Alfenz,47.13633576,9.83601337,3,28,60.0,5
at:48:2158,Mäder Im Hau,47.35449586,9.61748021,3,56,30.0,4
at:48:2159,Damüls Unterdamüls Loipe,47.28029523,9.88478291,3,39,43.07692307692308,5
at:48:2160,Damüls Hotel Damülser Hof,47.28067917,9.88117168,3,39,43.07692307692308,5
at:48:2161,Damüls Stofel/Gh Zimba,47.27949078,9.86519964,3,36,46.666666666666664,5
at:48:2162,Damüls Gh Jägerstüble,47.2790276,9.85374612,3,36,46.666666666666664,5
at:48:2163,Damüls Skischule,47.28677915,9.88833126,3,24,70.0,6
at:48:2164,Damüls Hotel Alpenblume,47.28595651,9.89050518,3,22,76.36363636363636,6
at:48:2165,Damüls Parkplatz Walisgaden,47.29272001,9.88426189,3,10,168.0,7
at:48:2167,Au Schrecken,47.32294409,9.98216927,3,25,67.2,6
at:48:2168,Riefensberg Basern,47.48858238,9.95208469,3,21,80.0,6
at:48:2169,Riefensberg Gaden,47.49365687,9.9534142,3,21,80.0,6
at:48:217,Bludenz Im Winkel,47.16124995,9.82508088,3,29,57.93103448275862,5
at:48:2170,Schwarzach Tobelwirtin,47.44586689,9.77576337,3,32,52.5,5
at:48:2171,Altach Gasthaus Hirschen,47.3557495,9.65110416,3,29,57.93103448275862,5
at:48:2176,Lochau Feuerwehr,47.53372562,9.75223649,3,113,14.867256637168142,3
at:48:2180,Lauterach Rathaus,47.47521399,9.73085659,3,225,7.466666666666667,2
at:48:2181,Bezau Dorfplatz,47.3852016,9.90223718,3,65,25.846153846153847,4
at:48:2182,Bezau Brugg,47.38278692,9.89920985,3,20,84.0,6
at:48:2184,Bezau Obere,47.38504346,9.91386138,3,20,84.0,6
at:48:2188,Lustenau Altes Feuerwehrhaus,47.42950387,9.66403091,3,1,1680.0,-1
at:48:2190,Lustenau Sonnenstraße,47.42369995,9.65345774,3,28,60.0,5
at:48:2191,Lustenau Im Schützengarten,47.41974926,9.65412249,3,29,57.93103448275862,5
at:48:2194,Damüls Gästehaus Bertsch,47.28338494,9.90052139,3,41,40.97560975609756,5
at:48:2195,Damüls Oberdamüls,47.28186143,9.88370493,3,77,21.818181818181817,4
at:48:2197,Lauterach Hubertusweg,47.47016201,9.73988465,3,82,20.48780487804878,4
at:48:2198,Mellau Kanisfluh,47.34988876,9.88289645,3,9,186.66666666666666,7
at:48:22,Tschagguns Hotel Cresta,47.07710706,9.90230006,3,24,70.0,6
at:48:2206,Hittisau Hinteregg Busplatz,47.46676137,9.94598513,3,32,52.5,5
at:48:2207,Bartholomäberg Hof,47.09159168,9.91987111,3,29,57.93103448275862,5
at:48:2208,Ebnit Sattelweg,47.3502235,9.75850673,3,28,60.0,5
at:48:2209,Lustenau Reichenau,47.41546396,9.65442792,3,29,57.93103448275862,5
at:48:221,Stuben Hotel Post,47.13936666,10.15761923,3,58,28.96551724137931,4
at:48:2210,Hard Schäfferhofstraße,47.48616637,9.71303401,3,57,29.473684210526315,4
at:48:2211,Hard Wasserturm,47.48464264,9.69911012,3,57,29.473684210526315,4
at:48:2213,Dornbirn Gleggenweg,47.43476028,9.70988092,3,56,30.0,4
at:48:2215,Lustenau Rotkreuzstraße,47.4449799,9.66247683,3,113,14.867256637168142,3
at:48:2216,Dornbirn Bohnenmahdstraße,47.41414486,9.73317424,3,163,10.306748466257668,3
at:48:2219,Lustenau Grüttstraße,47.44519861,9.6596651,3,60,28.0,4
at:48:2221,Hohenems Gutenbergstraße,47.37340692,9.67879922,3,43,39.06976744186046,4
at:48:2222,Hohenems Sohlstraße,47.36984184,9.68495268,3,44,38.18181818181818,4
at:48:2223,Lustenau Scheibenstraße,47.43576896,9.67607732,3,56,30.0,4
at:48:2224,Hohenweiler Grenze,47.59464376,9.779159,3,29,57.93103448275862,5
at:48:2226,Hörbranz Stöhrenholz,47.56622411,9.7526587,3,1,1680.0,-1
at:48:2227,Hohenems Appenzeller Straße,47.35610247,9.66523465,3,60,28.0,4
at:48:2229,Hard Falkenweg,47.47860194,9.6963523,3,56,30.0,4
at:48:2230,Nenzing Bazul,47.18378362,9.68649778,3,4,420.0,-1
at:48:2231,Nenzing Burgweg,47.18226336,9.6944838,3,4,420.0,-1
at:48:2233,Altach Islamischer Friedhof,47.3459995,9.66292598,3,110,15.272727272727273,3
at:48:2234,Götzis Volksschule Moos,47.33085968,9.63439549,3,2,840.0,-1
at:48:2235,Schruns Verwallweg,47.0727144,9.9265366,3,65,25.846153846153847,4
at:48:2237,Bregenz Oberer Forstweg,47.49003315,9.7576174,3,25,67.2,6
at:48:2239,Damüls Furkalift,47.2803196,9.87190107,3,36,46.666666666666664,5
at:48:2241,Hittisau Hangernfluh,47.45198424,9.99945286,3,30,56.0,5
at:48:2242,Koblach DorfMitte,47.33093883,9.60107698,3,83,20.240963855421686,4
at:48:2243,Tosters Am Schellenberg,47.22802925,9.55846988,3,58,28.96551724137931,4
at:48:2246,Götzis Am Garnmarkt,47.33713041,9.64705275,3,60,28.0,4
at:48:2248,Brand Mountain Lodge,47.09776847,9.7351685,3,21,80.0,6
at:48:2252,Au Kreuzgasse,47.32047175,9.98923003,3,25,67.2,6
at:48:2253,Hard Industrie Süd,47.47857159,9.67552935,3,56,30.0,4
at:48:2254,Hard Industrie Mitte,47.48243893,9.67692174,3,56,30.0,4
at:48:2255,Rankweil Römergrund,47.27985034,9.62142382,3,57,29.473684210526315,4
at:48:2256,Vandans Zwischenbachstraße,47.0915244,9.86145366,3,13,129.23076923076923,7
at:48:2257,Hard Industrie Nord,47.48515258,9.68011974,3,56,30.0,4
at:48:2259,Hörbranz Seeblick,47.55927743,9.76207304,3,55,30.545454545454547,4
at:48:226,Sulz Gasthaus Adler,47.28247693,9.65098737,3,104,16.153846153846153,3
at:48:2260,Lochau Bahnhofstraße,47.53055958,9.75069139,3,55,30.545454545454547,4
at:48:2261,Dornbirn Furt,47.42619176,9.71891798,3,56,30.0,4
at:48:227,Bludenz St. Peterstraße,47.15117083,9.8249102,3,44,38.18181818181818,4
at:48:2273,Bartholomäberg Grünerwald,47.08540806,9.91238814,3,32,52.5,5
at:48:2274,Bolgenach Herbigen,47.46498202,9.97902517,3,14,120.0,6
at:48:2275,Bolgenach Schönenbühl,47.46776944,9.95486947,3,21,80.0,6
at:48:2276,Sulz Unterm Berg,47.2910871,9.64853497,3,20,84.0,6
at:48:2277,Röthis Alte Landstraße,47.29477935,9.6461724,3,27,62.22222222222222,6
at:48:2278,Koblach Straßenhäuser Süd,47.31186637,9.61997753,3,61,27.540983606557376,4
at:48:2279,Lech Schlosskopf,47.21203795,10.14503383,3,31,54.193548387096776,5
at:48:228,Sulz Alemannenstraße,47.28688883,9.65114009,3,30,56.0,5
at:48:2282,Hard Grafencenter,47.47775801,9.67947295,3,55,30.545454545454547,4
at:48:2283,Lauterach Zum Kreuz,47.47920301,9.73179982,3,114,14.736842105263158,3
at:48:2285,Bludenz Altstoffsammelzentrum,47.13670852,9.83911256,3,28,60.0,5
at:48:2286,Hittisau Helmisau Stollen,47.45636376,9.99267058,3,30,56.0,5
at:48:2287,Lauterach Rotachstraße,47.4765437,9.71474979,3,56,30.0,4
at:48:2289,Lustenau Raiffeisenstraße,47.42552931,9.65771576,3,28,60.0,5
at:48:229,Sulz Frödisch-Brücke,47.28410402,9.65645811,3,28,60.0,5
at:48:2293,Au Lisse,47.32224381,9.97611463,3,20,84.0,6
at:48:2294,Schoppernau Hinterm Stein,47.30761493,10.02400381,3,18,93.33333333333333,6
at:48:2295,Bizau Eschenmoos,47.37051107,9.9149124,3,36,46.666666666666664,5
at:48:2296,Au Leue,47.3181759,9.96182243,3,20,84.0,6
at:48:2297,Hard Wirke,47.48512223,9.692777,3,56,30.0,4
at:48:2298,Bludenz Untere Bünta,47.15217882,9.8379717,3,19,88.42105263157895,6
at:48:2299,Damüls Parkplatz Uga,47.28612104,9.88798091,3,20,84.0,6
at:48:23,Tschagguns Schanzenzentrum,47.06781354,9.91528071,3,24,70.0,6
at:48:2300,Götzis Kirla/H-B-Straße,47.33223565,9.6372701,3,1,1680.0,-1
at:48:2301,Klösterle Flexengalerie,47.14066207,10.16597356,3,22,76.36363636363636,6
at:48:2303,Lustenau Rosenlächerstraße,47.42862269,9.66061731,3,1,1680.0,-1
at:48:2309,Hohenems Salomon-Sulzer-Straße,47.36737169,9.68911187,3,112,15.0,3
at:48:231,Sulz Lonserstraße,47.28810143,9.64772649,3,30,56.0,5
at:48:2310,Bludenz Spitalgasse,47.15994283,9.82340103,3,29,57.93103448275862,5
at:48:2311,Damüls Sunnegg Kassa,47.29176952,9.87901573,3,12,140.0,7
at:48:2312,Damüls Bunny's Übungswelt,47.29063012,9.88126151,3,12,140.0,7
at:48:232,Sulz Gasthaus Löwen,47.28659025,9.65211027,3,106,15.849056603773585,3
at:48:2326,Sonntag Volksschule,47.23865491,9.8987607,3,1,1680.0,-1
at:48:2327,Sulzberg Fötschern,47.51780857,9.87013139,3,32,52.5,5
at:48:233,Sulz-Röthis Bahnhof,47.29405433,9.63502431,1,94,17.872340425531913,2
at:48:2330,Hard Holzlütweg,47.49033058,9.69450177,3,58,28.96551724137931,4
at:48:2331,Rankweil Rottlaweg,47.27247569,9.6289517,3,118,14.23728813559322,3
at:48:2332,Rankweil Volksschule Montfort,47.27964313,9.63991115,3,58,28.96551724137931,4
at:48:2337,Weiler Buxera,47.30499568,9.64422306,3,39,43.07692307692308,5
at:48:2338,Dornbirn Moosmahdstraße,47.41513571,9.73945346,3,192,8.75,2
at:48:2339,Bezau Unterdorf,47.38531716,9.89643406,3,92,18.26086956521739,3
at:48:234,Sulz Treietstraße,47.29095305,9.65270316,3,49,34.285714285714285,4
at:48:2340,Hörbranz Sozialzentrum,47.55771946,9.75149987,3,1,1680.0,-1
at:48:2341,Schröcken Unterschmitte,47.26096063,10.09437783,3,16,105.0,6
at:48:2342,Dornbirn Messequartier,47.40849123,9.71192908,3,136,12.352941176470589,3
at:48:2344,Dornbirn Egeten,47.40868578,9.73231186,3,54,31.11111111111111,4
at:48:235,Sulz Untere Austraße,47.28211739,9.65149941,3,25,67.2,6
at:48:2355,Bürserberg Tschengla (Bikepark),47.14670486,9.76216287,3,18,93.33333333333333,6
at:48:2358,Wolfurt Lerchenstraße,47.47881444,9.74579557,3,57,29.473684210526315,4
at:48:2359,Wolfurt Montfortstraße,47.47595474,9.74757423,3,57,29.473684210526315,4
at:48:2361,Frastanz Auf Kasal,47.22151983,9.632527,3,36,46.666666666666664,5
at:48:2364,Frastanz Kirchplatz,47.21590047,9.63244615,3,24,70.0,6
at:48:2368,Au Schule,47.32313895,9.98346284,3,3,560.0,-1
at:48:2369,Ebnit Unteres Rappenloch,47.38419195,9.77929375,3,28,60.0,5
at:48:237,Sulzberg Altersheim,47.51884599,9.90962133,3,5,336.0,-1
at:48:2372,Bürserberg Dunzakreuzung,47.14847052,9.76056387,3,18,93.33333333333333,6
at:48:2373,Bürserberg Wanderparkplatz Tschengla,47.14919754,9.75632382,3,18,93.33333333333333,6
at:48:2374,Fußach Dorfstraße,47.47616118,9.66242293,3,115,14.608695652173912,3
at:48:2375,Hard Alpla,47.46936653,9.67114557,3,56,30.0,4
at:48:2376,Lustenau Sender,47.44578791,9.69634331,3,83,20.240963855421686,4
at:48:2377,Lustenau Kindergarten Rotkreuz,47.43963338,9.66219835,3,57,29.473684210526315,4
at:48:2378,Riefensberg Grenzbrücke,47.51865186,9.96869454,3,24,70.0,6
at:48:238,Bludenz Fatimakirche,47.16493294,9.81304345,3,29,57.93103448275862,5
at:48:2380,Feldkirch Blasenberggasse,47.23427559,9.58809632,3,83,20.240963855421686,4
at:48:2383,Lauterach Unterfeld Bahnhof,47.4809272391017,9.7178399976651,1,56,30.0,3
at:48:2384,Koblach Rheinmahd,47.3153562,9.60236157,3,59,28.47457627118644,4
at:48:2385,Feldkirch Schloßgraben,47.23858172,9.59821135,3,142,11.830985915492958,3
at:48:2388,Dornbirn Stöckenstraße,47.38716003,9.71959171,3,56,30.0,4
at:48:239,Sulzberg Badhaus,47.52385689,9.91110355,3,33,50.90909090909091,5
at:48:2393,Lustenau Heimkehrersiedlung,47.43921414,9.65842542,3,57,29.473684210526315,4
at:48:2394,Ludesch MZO Oberland,47.19746404,9.77728152,3,2,840.0,-1
at:48:2395,Brederis L52/Unterer Paspelsweg,47.28758958,9.58707224,3,70,24.0,4
at:48:2397,Alberschwende Kirchplatz,47.45045345,9.83075823,3,56,30.0,4
at:48:2398,Wolfurt Kreiennest,47.45251272,9.75282938,3,30,56.0,5
at:48:24,Tschagguns Steg,47.06315699,9.93186361,3,24,70.0,6
at:48:240,Sulzberg Brögen,47.50902907,9.91034896,3,3,560.0,-1
at:48:2400,Egg Kammern,47.43011158,9.88849295,3,36,46.666666666666664,5
at:48:2404,Tisis Fangsweg,47.21832888,9.5765889,3,27,62.22222222222222,6
at:48:2405,Tisis Am Riedle,47.22014708,9.57780163,3,27,62.22222222222222,6
at:48:241,Sulzberg Brucktobel,47.52868534,9.90540823,3,33,50.90909090909091,5
at:48:2410,Feldkirch Antoniushaus,47.23436098,9.58644342,3,27,62.22222222222222,6
at:48:2411,Vandans Raphaelaweg,47.09231948,9.86382521,3,13,129.23076923076923,7
at:48:2412,Bürs Bremschl,47.15166566,9.81553178,3,27,62.22222222222222,6
at:48:2413,Bürs Almteil,47.14929529,9.81716672,3,27,62.22222222222222,6
at:48:2414,Bludenz Skaterplatz,47.15495836,9.83088399,3,13,129.23076923076923,7
at:48:2415,Doren Moos Kapelle,47.49645491,9.9028121,3,35,48.0,5
at:48:2416,Doren Standbach Brücke,47.51026691,9.86709508,3,37,45.4054054054054,5
at:48:2419,Nenzing Walgaukraftwerk,47.20025341,9.67083116,3,15,112.0,6
at:48:242,Sulzberg Dorfplatz,47.52099358,9.91245102,3,40,42.0,5
at:48:2420,Eichenberg Stockach,47.52437251,9.79234627,3,4,420.0,-1
at:48:2421,Eichenberg Lehen,47.54597555,9.78934589,3,4,420.0,-1
at:48:2422,Eichenberg Möschen,47.5294496,9.79925431,3,4,420.0,-1
at:48:2423,Bregenz Amtsplatz,47.49985363,9.75024223,3,26,64.61538461538461,6
at:48:243,Sulzberg Eschau,47.5142654,9.87457805,3,32,52.5,5
at:48:2439,Ludesch Zimbablick,47.19729313,9.78554602,3,21,80.0,6
at:48:244,Sulzberg Gullenbach,47.52943141,9.96378076,3,6,280.0,-1
at:48:245,Sulzberg Hermannsberg,47.52530669,9.94543716,3,6,280.0,-1
at:48:246,Sulzberg Hermannshansen,47.52300762,9.95351301,3,3,560.0,-1
at:48:247,Sulzberg Hinterberg,47.52838206,9.89685627,3,33,50.90909090909091,5
at:48:248,Sulzberg Holderegg,47.51740815,9.93611265,3,3,560.0,-1
at:48:249,Bludenz Fraßenweg,47.16648423,9.81699604,3,29,57.93103448275862,5
at:48:250,Sulzberg Hompmann,47.51631003,9.88268085,3,32,52.5,5
at:48:2500,Gisingen Beim Viehgatter,47.26664227,9.59123144,3,55,30.545454545454547,4
at:48:2501,Gisingen Breite Lache,47.26992784,9.59075533,3,55,30.545454545454547,4
at:48:2502,Rankweil L190/Betr.geb. Nord,47.28883263,9.62029194,3,57,29.473684210526315,4
at:48:2503,Röthis L190/Frutzbrücke,47.29789868,9.62133399,3,30,56.0,5
at:48:2504,Meiningen Industriegebiet,47.30434998,9.58304779,3,68,24.705882352941178,4
at:48:2505,Göfis L65/Agasella,47.24307045,9.64495968,3,13,129.23076923076923,7
at:48:2506,Göfis Bauhof,47.23764855,9.6381235,3,13,129.23076923076923,7
at:48:2507,Röthis Interpark FOCUS Süd,47.30392967,9.62045364,3,58,28.96551724137931,4
at:48:2508,Frastanz Bahnhofstraße,47.21834109,9.63516804,3,83,20.240963855421686,4
at:48:2509,Rankweil L190/Sennhofweg,47.28112404,9.61820785,3,58,28.96551724137931,4
at:48:251,Sulzberg Schönenbühl,47.52116344,9.88472901,3,33,50.90909090909091,5
at:48:2510,Meiningen Luttenweg,47.30770021,9.58865328,3,41,40.97560975609756,5
at:48:2511,Göfis L65/Büttels,47.23340334,9.63463804,3,37,45.4054054054054,5
at:48:2512,Rankweil L190/Frutzbrücke,47.29719197,9.62091178,3,28,60.0,5
at:48:252,Sulzberg Kreier,47.50521223,9.9035038,3,3,560.0,-1
at:48:253,Sulzberg Landrath,47.52224933,9.92469506,3,3,560.0,-1
at:48:254,Sulzberg Mühnen,47.51567905,9.94267035,3,3,560.0,-1
at:48:255,Sulzberg Gemeindehaus,47.52179435,9.91418477,3,35,48.0,5
at:48:256,Sulzberg Schüssel,47.51573973,9.92268283,3,3,560.0,-1
at:48:257,Sulzberg Simlisgschwend,47.5178207,9.93028258,3,5,336.0,-1
at:48:258,Sulzberg Stein,47.5191372,9.9249376,3,3,560.0,-1
at:48:259,Sulzberg Unterhalden,47.52761778,9.95616304,3,6,280.0,-1
at:48:260,Sulzberg Wandfluh,47.51758409,9.94918313,3,3,560.0,-1
at:48:261,Sulzberg Weissenhalden,47.51130448,9.90235396,3,5,336.0,-1
at:48:262,Thal Dorfplatz,47.53734632,9.88289645,3,26,64.61538461538461,6
at:48:263,Thal Kuhn,47.53330107,9.87918641,3,26,64.61538461538461,6
at:48:264,Thal Martinsbrücke,47.52820616,9.87459601,3,26,64.61538461538461,6
at:48:265,Thüringen Busplatz,47.1978913,9.76563037,3,167,10.059880239520957,3
at:48:266,Thüringen Mittelschule,47.1972382,9.76613343,3,92,18.26086956521739,3
at:48:267,Thüringen John-Douglas-Straße,47.19798286,9.76135439,3,120,14.0,3
at:48:268,Thüringen Kastner,47.20188302,9.76546867,3,27,62.22222222222222,6
at:48:269,Bludenz Friedhof,47.14782902,9.82770396,3,74,22.7027027027027,4
at:48:27,Schruns Mühlbachweg,47.08125466,9.90322532,3,20,84.0,6
at:48:270,Thüringen Quadern,47.20552657,9.77827865,3,27,62.22222222222222,6
at:48:271,Thüringen Sportplatz,47.19382604,9.76637597,3,70,24.0,4
at:48:272,Thüringerberg Meiern,47.21082971,9.78578857,3,27,62.22222222222222,6
at:48:274,Thüringerberg Feuerwehrhaus,47.21553436,9.7849172,3,31,54.193548387096776,5
at:48:275,Thüringerberg Tankstelle,47.21542453,9.79187914,3,27,62.22222222222222,6
at:48:276,Tisis Bahnhof,47.2272179028968,9.57575346915614,1,16,105.0,5
at:48:277,Tisis Dorfstraße,47.22860877,9.57984979,3,84,20.0,4
at:48:278,Tisis Gallmist,47.2202874,9.5818171,3,55,30.545454545454547,4
at:48:279,Alberschwende Hof-Bühel,47.45195387,9.83577981,3,142,11.830985915492958,3
at:48:28,Schruns Gauenstein,47.08171956,9.90936082,3,20,84.0,6
at:48:280,Bludenz Grete-Gulbransson-Weg,47.15461627,9.83417183,3,19,88.42105263157895,6
at:48:281,Tisis Kehrstraße,47.22152593,9.57949046,3,83,20.240963855421686,4
at:48:282,Tisis Landeskrankenhaus,47.2318052,9.58041573,3,222,7.5675675675675675,2
at:48:283,Tisis Leopold-Scheel-Weg,47.23100611,9.5867219,3,143,11.748251748251748,3
at:48:284,Tisis Lorenz-Gehrmann-Straße,47.2315673,9.58393712,3,277,6.064981949458484,2
at:48:285,Tisis Marxerweg,47.22396019,9.58539239,3,55,30.545454545454547,4
at:48:286,Tisis Proßwaldenweg,47.23306786,9.58671292,3,194,8.65979381443299,2
at:48:287,Tisis Rappenwaldstraße,47.22218484,9.57668772,3,169,9.940828402366863,2
at:48:288,Tisis Rheinbergerstraße,47.22574769,9.58202371,3,83,20.240963855421686,4
at:48:289,Tisis Schanzweg,47.22352094,9.58974024,3,55,30.545454545454547,4
at:48:29,Schruns Außerlitz,47.08142594,9.9150741,3,20,84.0,6
at:48:290,Tisis Zellerweg,47.23110981,9.57780163,3,145,11.586206896551724,3
at:48:291,Bludenz Hotel Einhorn,47.16399236,9.81000715,3,87,19.310344827586206,3
at:48:292,Tisis Töbeleweg,47.21947594,9.5727531,3,142,11.830985915492958,3
at:48:293,Tosters Alberweg,47.23690444,9.57852028,3,119,14.117647058823529,3
at:48:294,Tosters Blumenau,47.2493821,9.5835239,3,229,7.336244541484716,2
at:48:295,Tosters Böschenmahdstraße,47.23319595,9.57546601,3,60,28.0,4
at:48:296,Tosters Burgweg,47.24180804,9.58055047,3,178,9.438202247191011,2
at:48:297,Tosters Hub,47.22706539,9.55753564,3,58,28.96551724137931,4
at:48:298,Tosters Kapellenweg,47.23591635,9.5707768,3,60,28.0,4
at:48:299,Tosters Kirche,47.23830726,9.57684043,3,181,9.281767955801104,2
at:48:3,Riefensberg Schwarzen,47.50019349,9.95294707,3,59,28.47457627118644,4
at:48:30,Bludenz Jellerstraße/Begle,47.1550561,9.82630259,3,47,35.744680851063826,4
at:48:300,Tosters Riedteilweg,47.23545279,9.57517855,3,60,28.0,4
at:48:301,Tosters Rote-Au-Weg,47.24444871,9.58673987,3,171,9.824561403508772,2
at:48:303,Tosters Straßbergweg,47.23342164,9.56521623,3,59,28.47457627118644,4
at:48:304,Tosters Untersteinstraße,47.24537566,9.58274236,3,178,9.438202247191011,2
at:48:305,Tosters Vorarlberghalle,47.24078344,9.5893899,3,170,9.882352941176471,2
at:48:306,Tosters Werdenbergstraße,47.23058521,9.56218891,3,58,28.96551724137931,4
at:48:308,Tschagguns Bödma,47.05920993,9.93452263,3,24,70.0,6
at:48:3088,Hard Mühlestraße,47.48259677,9.69446583,3,117,14.35897435897436,3
at:48:31,Thal Au,47.52183682,9.87208073,3,26,64.61538461538461,6
at:48:310,Tschagguns Ganzenahl,47.0705057,9.9116605,3,24,70.0,6
at:48:3100,Hohenems Unterklien Kapelle,47.38053027,9.71359995,3,9,186.66666666666666,7
at:48:3107,Götzis Rathaus,47.33525536,9.64413323,3,42,40.0,5
at:48:311,Tschagguns Innerzelfen,47.06524362,9.92549456,3,24,70.0,6
at:48:312,Tschagguns Lochmühle,47.07473947,9.88869956,3,40,42.0,5
at:48:313,Bludenz Gymnasium,47.15650384,9.82801837,3,76,22.105263157894736,4
at:48:314,Tschagguns Maurenstutz,47.04703033,9.94241882,3,41,40.97560975609756,5
at:48:315,Tschagguns Rasafei,47.07457429,9.90481534,3,24,70.0,6
at:48:3151,Hörbranz Bad Diezlings,47.56866675,9.7535121,3,1,1680.0,-1
at:48:316,Tschagguns Schulsportzentrum,47.07259816,9.90812114,3,24,70.0,6
at:48:3160,Levis Volksschule,47.24114327,9.60157105,3,1,1680.0,-1
at:48:317,Tschagguns Nirastraße,47.07491078,9.89726051,3,40,42.0,5
at:48:318,Tschagguns Zelfen,47.06662649,9.92052688,3,24,70.0,6
at:48:319,Übersaxen Gemeindeamt,47.25261995,9.67106472,3,32,52.5,5
at:48:32,Sulzberg Eientobel,47.53035336,9.90236294,3,33,50.90909090909091,5
at:48:320,Übersaxen Kirchstraße,47.25580883,9.67019335,3,31,54.193548387096776,5
at:48:321,Übersaxen Rainberg,47.26125936,9.67064251,3,32,52.5,5
at:48:3211,Emsreute Kindergarten,47.36886231,9.70806633,3,1,1680.0,-1
at:48:323,Langen a. A. Arlbergexpress,47.1310374,10.11040378,3,42,40.0,5
at:48:324,Bludenz Halde,47.15498279,9.83698355,3,19,88.42105263157895,6
at:48:326,Vandans Bahnhof,47.09868575,9.86885578,1,106,15.849056603773585,2
at:48:327,Vandans Zentrum,47.09526114,9.86578354,3,36,46.666666666666664,5
at:48:331,Viktorsberg Feldkreuz,47.29931815,9.67292423,3,30,56.0,5
at:48:332,Viktorsberg Gasthaus Alpenrose,47.30108483,9.67295118,3,30,56.0,5
at:48:333,Viktorsberg Gemeindeamt,47.30201688,9.67512511,3,30,56.0,5
at:48:335,Viktorsberg Hotel Viktor,47.30391748,9.67772124,3,30,56.0,5
at:48:336,Wald Gasthaus Spullersee,47.13255913,10.05336974,3,42,40.0,5
at:48:338,Wald Außerwald,47.12810993,10.0304627,3,42,40.0,5
at:48:339,Wald Göttschlig (Sonnenkopfb.),47.13051792,10.04908478,3,42,40.0,5
at:48:340,Wald Stelzistobel,47.12823828,10.03962552,3,42,40.0,5
at:48:342,Warth Jägeralpe,47.26746521,10.14939066,3,18,93.33333333333333,6
at:48:344,Warth Dorfplatz,47.25797936,10.18335596,3,18,93.33333333333333,6
at:48:345,Warth Steffisalpe,47.26029001,10.17637605,3,18,93.33333333333333,6
at:48:346,Weiler Feldstraße,47.2983495,9.65115805,3,221,7.601809954751131,2
at:48:347,Weiler Dorfmitte,47.30381393,9.65248756,3,258,6.511627906976744,2
at:48:348,Weiler Halden,47.30782203,9.66264751,3,39,43.07692307692308,5
at:48:353,Bludenz Hofer,47.15206275,9.81748113,3,27,62.22222222222222,6
at:48:356,Wolfurt Bahnhof,47.45528258,9.74178908,1,128,13.125,2
at:48:358,Wolfurt Ach,47.48183183,9.74552607,3,113,14.867256637168142,3
at:48:359,Wolfurt Bildsteinerstraße,47.45309586,9.7567101,3,138,12.173913043478262,3
at:48:360,Wolfurt Kirche,47.47324669,9.75331447,3,22,76.36363636363636,6
at:48:361,Bludenz Im Moos,47.14477417,9.82595224,3,28,60.0,5
at:48:362,Wolfurt Im Wida,47.48339206,9.73638123,3,57,29.473684210526315,4
at:48:363,Wolfurt Inselstraße,47.47889944,9.75063749,3,147,11.428571428571429,3
at:48:364,Wolfurt Mähdle,47.46218838,9.74983799,3,201,8.35820895522388,2
at:48:365,Wolfurt Rathaus-Cubus,47.46733221,9.74999968,3,203,8.275862068965518,2
at:48:367,Wolfurt Rickenbach,47.45688005,9.75238022,3,145,11.586206896551724,3
at:48:368,Wolfurt Sportplatzstraße,47.4789723,9.75602738,3,90,18.666666666666668,3
at:48:369,Wolfurt Dorfzentrum,47.47263949,9.75028715,3,280,6.0,2
at:48:371,Bludenz Winkelweg,47.16437104,9.82139778,3,29,57.93103448275862,5
at:48:376,Zürs Arlberghaus,47.16895766,10.16342234,3,31,54.193548387096776,5
at:48:377,Zürs Seekopfbahn,47.17610859,10.16204792,3,31,54.193548387096776,5
at:48:378,Zürs Trittkopfbahn,47.16773623,10.16399727,3,31,54.193548387096776,5
at:48:379,Alberschwende Zoll,47.4493843,9.80971968,3,88,19.09090909090909,3
at:48:382,Bludenz Kasernplatz,47.15578303,9.81689722,3,107,15.700934579439252,3
at:48:384,Beschling Burggasse/L190,47.1950896,9.68362317,3,34,49.411764705882355,5
at:48:385,Bludenz Klarenbrunn-Fabrik,47.1476213,9.82274526,3,27,62.22222222222222,6
at:48:387,Mäder Stüdlers Mahd,47.35081386,9.62658913,3,115,14.608695652173912,3
at:48:388,Bludenz Krankenhaus,47.15899606,9.82137083,3,57,29.473684210526315,4
at:48:389,Bludenz Lager Schmidt's Erben,47.14164582,9.82977008,3,28,60.0,5
at:48:390,Bludenz Oberfeldweg,47.16290519,9.82312255,3,29,57.93103448275862,5
at:48:391,Bludenz Paschgweg,47.14076594,9.83578879,3,28,60.0,5
at:48:392,Bludenz Post-Kreuzung,47.15669931,9.81884657,3,90,18.666666666666668,3
at:48:393,Bludenz Postamt,47.15665655,9.81837046,3,100,16.8,3
at:48:394,Altach Bahnhof,47.35257882,9.66125512,1,116,14.482758620689655,2
at:48:395,Bludenz Pulverturm-Kreuzung,47.1553432,9.81757096,3,41,40.97560975609756,5
at:48:396,Bludenz Riedmillerplatz,47.15493392,9.82201762,3,60,28.0,4
at:48:397,Bludenz Rosenpark,47.15700473,9.82539529,3,32,52.5,5
at:48:398,Bludenz Rungelin,47.15234377,9.83992104,3,19,88.42105263157895,6
at:48:399,Bludenz Rungelin/Messweg,47.15242319,9.83475573,3,19,88.42105263157895,6
at:48:4,Rankweil Im Grisseler,47.27817437,9.64491476,3,55,30.545454545454547,4
at:48:400,Bludenz VAL BLU/Stadion,47.15715745,9.83075823,3,67,25.074626865671643,4
at:48:401,Bludenz Oberdaneu/Seilbahn Muttersberg,47.16674074,9.81901725,3,29,57.93103448275862,5
at:48:402,Bludenz Sparkassenplatz,47.15539818,9.82052642,3,77,21.818181818181817,4
at:48:403,Altach Apotheke,47.35413071,9.65616167,3,59,28.47457627118644,4
at:48:404,Bludenz Spritzerbau,47.14950911,9.82066117,3,27,62.22222222222222,6
at:48:405,Viktorsberg Kirche,47.30197424,9.67773022,3,30,56.0,5
at:48:407,Bludenz Suchardstraße,47.16114612,9.81996946,3,28,60.0,5
at:48:408,Bludenz Tränkeweg,47.14272121,9.83240215,3,28,60.0,5
at:48:409,Bludenz Unterfeld,47.15223381,9.833013,3,41,40.97560975609756,5
at:48:410,Bludenz Volksschule-Mitte,47.15402983,9.82430833,3,60,28.0,4
at:48:411,Bludenz Wichner,47.15353501,9.81760689,3,45,37.333333333333336,4
at:48:412,Bludenz Obdorfweg,47.16411452,9.81842436,3,29,57.93103448275862,5
at:48:413,Bludenz Moos Bahnhof,47.1421224194527,9.8310456897856,1,55,30.545454545454547,3
at:48:414,Bludesch Dorfzentrum,47.19905711,9.74539133,3,119,14.117647058823529,3
at:48:415,Bludesch Siedlung,47.19996044,9.75157174,3,119,14.117647058823529,3
at:48:416,Bludesch Walgaupark,47.19704898,9.74121416,3,118,14.23728813559322,3
at:48:417,Bolgenach Häusern,47.46374312,9.97020371,3,14,120.0,6
at:48:418,Bolgenach Au,47.47120038,9.94981195,3,21,80.0,6
at:48:419,Bolgenach Gfäll,47.46616017,9.9590107,3,21,80.0,6
at:48:420,Bolgenach Komma,47.46376134,9.96163378,3,22,76.36363636363636,6
at:48:421,Bolgenach Reute,47.46470266,9.98872697,3,14,120.0,6
at:48:422,Brand Galaferda,47.11692418,9.75140106,3,21,80.0,6
at:48:423,Brand Hotel Zimba,47.11420379,9.74723287,3,21,80.0,6
at:48:424,Brand Gemeindezentrum,47.10957575,9.74330724,3,21,80.0,6
at:48:425,Brand Hotel Walliserhof,47.10582779,9.74131298,3,21,80.0,6
at:48:426,Altach Kapelle Bauern,47.35877395,9.66481245,3,147,11.428571428571429,3
at:48:427,Brand Palüdbahn,47.09526114,9.73577935,3,21,80.0,6
at:48:428,Brand Kirche,47.10354097,9.73788141,3,21,80.0,6
at:48:429,Brand Schattenlaganthütte,47.07212094,9.74943375,3,4,420.0,-1
at:48:43,Gaschurn Kirche,46.98742039,10.02642926,3,1,1680.0,-1
at:48:430,Brand Sonnenlagant,47.07857527,9.73387493,3,4,420.0,-1
at:48:432,Außerbraz Abzw. Bahnhof,47.14690648,9.89444878,3,45,37.333333333333336,4
at:48:433,Innerbraz Abz. Schwimmbadweg,47.14556234,9.90902844,3,44,38.18181818181818,4
at:48:434,Außerbraz Barbiel,47.14671097,9.88734311,3,45,37.333333333333336,4
at:48:435,Außerbraz Hotel Traube,47.14625274,9.90141971,3,44,38.18181818181818,4
at:48:436,Innerbraz Kraftwerkssiedlung,47.14179247,9.92557541,3,43,39.06976744186046,4
at:48:437,Altach Emme,47.35397857,9.64219287,3,59,28.47457627118644,4
at:48:438,Innerbraz Mühleplatz,47.13816899,9.93259125,3,43,39.06976744186046,4
at:48:439,Innerbraz Schulen,47.14463975,9.91835295,3,44,38.18181818181818,4
at:48:44,Nüziders Gartenstraße,47.17252409,9.80283859,3,1,1680.0,-1
at:48:440,Brederis Heeb,47.27410307,9.61348271,3,102,16.470588235294116,3
at:48:441,Brederis Hirschmann Automotive,47.28431121,9.58909345,3,46,36.52173913043478,4
at:48:442,Brederis Holderweg,47.27863756,9.60407735,3,103,16.310679611650485,3
at:48:443,Brederis Kirchstraße,47.27704078,9.60847909,3,103,16.310679611650485,3
at:48:444,Brederis Krönele,47.27242083,9.61553985,3,380,4.421052631578948,0
at:48:445,Brederis Kunert,47.28604182,9.58992888,3,119,14.117647058823529,3
at:48:446,Bregenz Achbrücke,47.48722263,9.73331797,3,57,29.473684210526315,4
at:48:447,Altach Gasthaus Schwert,47.35486709,9.66191089,3,59,28.47457627118644,4
at:48:448,Bregenz Achgasse,47.49522888,9.71915154,3,111,15.135135135135135,3
at:48:449,Bregenz Achsiedlung,47.49826354,9.70661106,3,174,9.655172413793103,2
at:48:45,Gaschurn Camping Nova,46.99817383,10.01395166,3,41,40.97560975609756,5
at:48:450,Bregenz Andreas-Hofer-Park,47.49305597,9.72454143,3,1,1680.0,-1
at:48:451,Bregenz Auf der Matte,47.49822105,9.72529601,3,55,30.545454545454547,4
at:48:452,Bregenz Bahnhof,47.50234184,9.73995652,0,1275,1.3176470588235294,0
at:48:453,Bregenz Barbenweg,47.49585404,9.70847955,3,118,14.23728813559322,3
at:48:454,Bregenz Riedenburg Bahnhof,47.49386323,9.721038,0,334,5.029940119760479,0
at:48:455,Bregenz Brachsenweg,47.49782656,9.71135416,3,62,27.096774193548388,4
at:48:456,Bregenz Brielgasse,47.49334731,9.72808079,3,141,11.914893617021276,3
at:48:459,Altach Kirche,47.35407594,9.65090653,3,88,19.09090909090909,3
at:48:46,Nüziders Flurweg,47.17377594,9.79726904,3,1,1680.0,-1
at:48:460,Bregenz City Tunnel,47.49897362,9.73409052,3,168,10.0,2
at:48:461,Bregenz Dorf Rieden,47.4914596,9.73070387,3,115,14.608695652173912,3
at:48:462,Bregenz Druckergasse,47.50268168,9.72776638,3,112,15.0,3
at:48:463,Bregenz Feldmoosgasse,47.49146567,9.73830362,3,112,15.0,3
at:48:464,Bregenz Franz Ritter,47.49362652,9.74049551,3,182,9.23076923076923,2
at:48:465,Bregenz Blumenegg,47.49982328,9.73133269,3,110,15.272727272727273,3
at:48:466,Bregenz Hafen Bahnhof,47.50617102,9.7482839,0,274,6.131386861313868,0
at:48:467,Bregenz Harder Brücke,47.493669,9.71153382,3,223,7.533632286995516,2
at:48:469,Bregenz Inselstraße/Kornmarkt,47.50461753,9.74569675,3,171,9.824561403508772,2
at:48:47,Lustenau Rheindorferstraße,47.43189818,9.65350266,3,57,29.473684210526315,4
at:48:470,Altach Walserstraße,47.35672319,9.66334819,3,147,11.428571428571429,3
at:48:471,Bregenz Kaserne,47.50871354,9.75172445,3,143,11.748251748251748,3
at:48:472,Bregenz Kronhalden,47.48968716,9.74215739,3,118,14.23728813559322,3
at:48:473,Bregenz Kuengasse,47.49580548,9.72527805,3,56,30.0,4
at:48:474,Bregenz Laimgrubengasse,47.4906523,9.71993307,3,54,31.11111111111111,4
at:48:475,Bregenz Wolfordstraße,47.49510143,9.71510912,3,223,7.533632286995516,2
at:48:476,Bregenz Kolumbanstraße/LKH,47.49807539,9.745032,3,27,62.22222222222222,6
at:48:477,Bregenz Michl-Felder-Straße,47.50686279,9.75364684,3,29,57.93103448275862,5
at:48:478,Bregenz M.-Gaismayr-Straße,47.49459765,9.72402939,3,164,10.24390243902439,3
at:48:479,Bregenz Mariahilf,47.49553843,9.72698485,3,109,15.412844036697248,3
at:48:480,Bregenz Sanatorium,47.5024268,9.71745372,3,56,30.0,4
at:48:482,Bregenz Meinradgasse,47.50297297,9.72496364,3,56,30.0,4
at:48:483,Bregenz Montfortstraße,47.50250569,9.74478946,3,491,3.4215885947046845,0
at:48:485,Bregenz Neu Amerika,47.5037194,9.70902752,3,56,30.0,4
at:48:486,Bregenz Pfänderbahn,47.50499377,9.75204784,3,29,57.93103448275862,5
at:48:487,Bregenz Prälatendammstraße,47.49404532,9.71073432,3,118,14.23728813559322,3
at:48:488,Bregenz Quellenstraße,47.50083072,9.73478222,3,110,15.272727272727273,3
at:48:49,Bürserberg Baumgarten,47.13926889,9.77579032,3,18,93.33333333333333,6
at:48:490,Bregenz Reutegasse,47.4970497,9.72602365,3,169,9.940828402366863,2
at:48:491,Bregenz Rheinstraße,47.49743813,9.72908691,3,110,15.272727272727273,3
at:48:492,Altenstadt Churwaldenstr.,47.26575227,9.61509968,3,175,9.6,2
at:48:493,Bregenz Rummergasse,47.50161359,9.72609552,3,56,30.0,4
at:48:494,Bregenz Schule Schendlingen,47.49238222,9.71531573,3,3,560.0,-1
at:48:496,Bregenz Stadion,47.50289408,9.73483612,3,112,15.0,3
at:48:498,Bregenz Stadtwerke,47.50031486,9.72410126,3,55,30.545454545454547,4
at:48:499,Bregenz Steinachstraße,47.49074335,9.71580082,3,54,31.11111111111111,4
at:48:5,Rankweil Lerchenweg,47.28206863,9.64108794,3,29,57.93103448275862,5
at:48:50,Bürserberg Zwischenbäch,47.1405032,9.77075975,3,18,93.33333333333333,6
at:48:500,Bregenz Stoppelfeldgasse,47.49742599,9.71717524,3,59,28.47457627118644,4
at:48:5001,Dornbirn Ausweichschule,47.4217368,9.74771796,3,2,840.0,-1
at:48:5003,Hohenems Unterklien Trafo,47.38294506,9.71306096,3,9,186.66666666666666,7
at:48:5004,Hohenems St.-Valentins-Weg,47.3723362,9.69962216,3,9,186.66666666666666,7
at:48:5009,Lustenau Weiherstraße,47.4317098,9.670382,3,3,560.0,-1
at:48:501,Bregenz Am Tannenbach,47.5083616,9.75406905,3,29,57.93103448275862,5
at:48:5010,Lustenau VKW,47.43550768,9.67404713,3,3,560.0,-1
at:48:5011,Lustenau Mozartstraße,47.43541653,9.67067845,3,3,560.0,-1
at:48:5014,Bregenz Marienberg,47.49670375,9.74645134,3,3,560.0,-1
at:48:502,Altenstadt Breitenstraße,47.26028392,9.60882045,3,129,13.023255813953488,3
at:48:503,Bregenz Tschermakgarten,47.4966734,9.73793531,3,112,15.0,3
at:48:5031,Hörbranz Am Giggelstein,47.5493165,9.76158795,3,1,1680.0,-1
at:48:504,Bregenz Ölrain,47.49689797,9.73530325,3,294,5.714285714285714,2
at:48:505,Bregenz Hechtweg,47.50373154,9.7126657,3,56,30.0,4
at:48:506,Bregenz Vorklostergasse,47.50271202,9.73063201,3,112,15.0,3
at:48:5076,Altach Kirchfeldstraße,47.3521954,9.6544369,3,29,57.93103448275862,5
at:48:508,Bregenz Weinschlößle,47.49413637,9.74138484,3,140,12.0,3
at:48:509,Bregenz Wocherhafen,47.50276057,9.70313458,3,56,30.0,4
at:48:510,Bregenz Wolfeggstraße,47.50009638,9.73966906,3,467,3.5974304068522485,0
at:48:511,Bludenz Brunnenfeld Bahnhof,47.1362502121,9.83888798221705,1,55,30.545454545454547,3
at:48:512,Altenstadt Heimatweg,47.26001567,9.61179388,3,184,9.130434782608695,2
at:48:513,Buch Bach,47.48376845,9.81093241,3,22,76.36363636363636,6
at:48:514,Buch Dorfplatz,47.48147364,9.81783147,3,22,76.36363636363636,6
at:48:515,Buch Heimen/Risar,47.48212324,9.82252068,3,22,76.36363636363636,6
at:48:516,Buch Höfling,47.48577785,9.82084083,3,22,76.36363636363636,6
at:48:517,Buch Ippachwald,47.48138864,9.80058382,3,22,76.36363636363636,6
at:48:518,Buch Mereute,47.48009549,9.8246946,3,22,76.36363636363636,6
at:48:519,Buchboden Kirche,47.24485121,9.95163553,3,17,98.82352941176471,6
at:48:520,Dornbirn Erlgrund,47.4033842,9.72216988,3,52,32.30769230769231,4
at:48:522,Bürs Dorfmitte,47.15079817,9.80254215,3,68,24.705882352941178,4
at:48:524,Bürs Lünerseepark,47.15173286,9.81069885,3,37,45.4054054054054,5
at:48:525,Bürs Schesa,47.15618008,9.80026042,3,61,27.540983606557376,4
at:48:526,Bürserberg Gemeindeamt,47.1415725,9.77772169,3,39,43.07692307692308,5
at:48:527,Bürs Ragazens,47.15350447,9.79338831,3,21,80.0,6
at:48:528,Bürserberg Tschappina,47.13164243,9.77460454,3,21,80.0,6
at:48:529,Dafins Höfle,47.29243364,9.69240869,3,32,52.5,5
at:48:530,Dafins Kirche,47.2937375,9.68526709,3,33,50.90909090909091,5
at:48:531,Dafins Morsch,47.29193403,9.69471736,3,32,52.5,5
at:48:532,Dafins Neugut,47.29355472,9.68179061,3,33,50.90909090909091,5
at:48:533,Dafins Unterberg,47.29210463,9.67999397,3,33,50.90909090909091,5
at:48:534,Altenstadt Kaiserstraße,47.25853417,9.61667173,3,145,11.586206896551724,3
at:48:536,Dalaas Erlenau,47.12422269,10.01300843,3,42,40.0,5
at:48:537,Dalaas Gasthaus Krone,47.12276796,9.98693034,3,43,39.06976744186046,4
at:48:538,Dalaas Kristbergsaal,47.12281686,10.0014022,3,43,39.06976744186046,4
at:48:539,Dalaas Postfeld,47.12226063,9.99519484,3,43,39.06976744186046,4
at:48:540,Dalaas Radona,47.12653307,10.01796713,3,42,40.0,5
at:48:541,Damüls Drei Häuser,47.28460371,9.90828284,3,61,27.540983606557376,4
at:48:542,Damüls Kirchdorf,47.28008193,9.89136756,3,79,21.265822784810126,4
at:48:543,Damüls Schwende,47.28694367,9.91875719,3,20,84.0,6
at:48:544,Altenstadt Kloster,47.26097283,9.6188726,3,134,12.537313432835822,3
at:48:545,Damüls Berghotel Madlener,47.28375667,9.89305639,3,61,27.540983606557376,4
at:48:546,Damüls Uga-Lift,47.28552386,9.88834024,3,85,19.764705882352942,3
at:48:547,Danöfen Haus St. Martin,47.13067071,10.0645897,3,42,40.0,5
at:48:552,Doren Brenden,47.48695553,9.85588411,3,37,45.4054054054054,5
at:48:553,Doren Egg-Dorf,47.48825459,9.86146265,3,37,45.4054054054054,5
at:48:554,Doren Sportplatz,47.49203017,9.85318018,3,37,45.4054054054054,5
at:48:555,Altenstadt Naflastraße,47.26085699,9.61524341,3,188,8.936170212765957,2
at:48:556,Doren Zentrum,47.49264322,9.8805249,3,42,40.0,5
at:48:557,Doren Halden,47.50185027,9.88920262,3,5,336.0,-1
at:48:558,Doren Hemmessen,47.49042164,9.87062546,3,37,45.4054054054054,5
at:48:559,Doren Huban,47.49593294,9.89482607,3,38,44.21052631578947,5
at:48:560,Doren Moos,47.49663092,9.90700723,3,35,48.0,5
at:48:561,Doren Rotach Mitte,47.50298511,9.86245978,3,37,45.4054054054054,5
at:48:562,Doren Schnoran,47.49494969,9.88947212,3,35,48.0,5
at:48:563,Doren Standbach,47.5076031,9.86607999,3,37,45.4054054054054,5
at:48:564,Doren Stein,47.50016921,9.89520337,3,5,336.0,-1
at:48:566,Alberschwende Achrain,47.44522292,9.81958319,3,54,31.11111111111111,4
at:48:567,Altenstadt Bahnhof,47.25622953,9.61545002,1,166,10.120481927710843,2
at:48:569,Dornbirn Achrain Ebene,47.44063589,9.78130597,3,55,30.545454545454547,4
at:48:570,Dornbirn Treffpunkt a.d.Ach,47.41026034,9.72937437,3,253,6.640316205533597,2
at:48:571,Dornbirn Am Eisweiher,47.42752879,9.72607755,3,53,31.69811320754717,4
at:48:578,Göfis Gemeindeamt,47.23591635,9.63070342,3,65,25.846153846153847,4
at:48:579,Dornbirn Am Stiglbach,47.43176449,9.75052969,3,218,7.706422018348624,2
at:48:580,Dornbirn Am Wall,47.41314184,9.75270361,3,110,15.272727272727273,3
at:48:583,Dornbirn Bachmähdle,47.39389841,9.73715378,3,56,30.0,4
at:48:584,Altenstadt Rebberggasse,47.25353456,9.61485713,3,286,5.874125874125874,2
at:48:585,Dornbirn Bahnhof,47.41741518,9.73859108,0,1702,0.9870740305522914,0
at:48:586,Dornbirn Bartle-Zumtobel-Str.,47.43002042,9.73784548,3,112,15.0,3
at:48:587,Dornbirn Birkenwiese,47.41501413,9.7237599,3,82,20.48780487804878,4
at:48:59,Mellau Gewerbepark Brand,47.34710118,9.90209345,3,53,31.69811320754717,4
at:48:590,Dornbirn Bildgasse,47.41583476,9.73509663,3,107,15.700934579439252,3
at:48:594,Dornbirn Bleichestraße,47.3894468,9.7235443,3,168,10.0,2
at:48:595,Schwarzenberg Bödele,47.42329273,9.80932443,3,43,39.06976744186046,4
at:48:596,Dornbirn Bosnien,47.40487989,9.76601665,3,56,30.0,4
at:48:6,Rankweil K.-Moosbrugger-Straße,47.28216004,9.63551839,3,29,57.93103448275862,5
at:48:600,Dornbirn H. Achmühlerstraße,47.40204049,9.74861628,3,162,10.37037037037037,3
at:48:603,Dornbirn Bremenmahd,47.39163616,9.72927555,3,56,30.0,4
at:48:604,Dornbirn Bündtlittenstraße,47.4178042,9.75354803,3,107,15.700934579439252,3
at:48:605,Dornbirn Bürglegasse,47.39832533,9.74613693,3,54,31.11111111111111,4
at:48:606,Altenstadt Susergasse,47.26324068,9.62467572,3,135,12.444444444444445,3
at:48:607,Dornbirn Edlach,47.41934202,9.74336113,3,133,12.631578947368421,3
at:48:608,Dornbirn Eichbrunnen,47.39787535,9.72715553,3,56,30.0,4
at:48:609,Dornbirn Eigenheim,47.42232028,9.74874204,3,112,15.0,3
at:48:61,Schnepfau Bauhof,47.35159897,9.93499873,3,53,31.69811320754717,4
at:48:610,Dornbirn Eisengasse,47.4172693,9.74630761,3,107,15.700934579439252,3
at:48:611,Dornbirn Eisplatzgasse,47.42053335,9.74581354,3,554,3.032490974729242,0
at:48:613,Dornbirn Fallenberggasse,47.42018081,9.75510212,3,107,15.700934579439252,3
at:48:614,Dornbirn Färbergasse,47.42018689,9.73854616,3,165,10.181818181818182,3
at:48:615,Dornbirn Fischbachgasse,47.42266672,9.74626269,3,106,15.849056603773585,3
at:48:616,Altenstadt Hotel Weißes Kreuz,47.26164953,9.61518053,3,87,19.310344827586206,3
at:48:620,Dornbirn Friedhof Rohrbach,47.4250735,9.7262123,3,107,15.700934579439252,3
at:48:621,Dornbirn Gansackerweg,47.40192496,9.73052421,3,56,30.0,4
at:48:623,Dornbirn Gerbergasse,47.42515858,9.75282039,3,113,14.867256637168142,3
at:48:624,Dornbirn Grändelweg,47.41690459,9.71492946,3,163,10.306748466257668,3
at:48:625,Andelsbuch Scheidbuchen,47.42224734,9.89814086,3,60,28.0,4
at:48:626,Dornbirn Hafnergasse,47.41120262,9.75264971,3,110,15.272727272727273,3
at:48:627,Dornbirn Stadtbad,47.40945178,9.74339707,3,385,4.363636363636363,0
at:48:628,Dornbirn Hatlerdorf Bahnhof,47.39724904,9.72576314,1,114,14.736842105263158,2
at:48:629,Dornbirn Hanggasse,47.40266067,9.73365035,3,56,30.0,4
at:48:630,Dornbirn Hatlerdorf Kirche,47.4023141,9.73810599,3,222,7.5675675675675675,2
at:48:631,Dornbirn Zieglergasse,47.39605111,9.73098235,3,223,7.533632286995516,2
at:48:633,Dornbirn Heinzenbeer,47.41345795,9.71358198,3,217,7.741935483870968,2
at:48:634,Dornbirn Im Porst,47.41971279,9.72800893,3,53,31.69811320754717,4
at:48:635,Andelsbuch Gemeindeamt,47.41213881,9.89421522,3,60,28.0,4
at:48:636,Dornbirn Im Schattau,47.40728748,9.75646755,3,56,30.0,4
at:48:638,Dornbirn J.-G.-Ulmer-Straße,47.42644094,9.74082789,3,112,15.0,3
at:48:64,Alberschwende Nannen,47.45444435,9.84182547,3,120,14.0,3
at:48:640,Dornbirn Kapelle Kehlen,47.42234459,9.75547042,3,107,15.700934579439252,3
at:48:641,Dornbirn Karrenseilbahn,47.40074538,9.75344922,3,108,15.555555555555555,3
at:48:642,Dornbirn Kastenlangen,47.42847076,9.74374741,3,55,30.545454545454547,4
at:48:643,Dornbirn Kaufmännen,47.41036368,9.72134343,3,169,9.940828402366863,2
at:48:644,Dornbirn Kehlegg,47.40219249,9.77760491,3,55,30.545454545454547,4
at:48:645,Dornbirn Kehlegger Rank,47.40508052,9.77418233,3,56,30.0,4
at:48:646,Au Argenfall,47.31267642,9.95009043,3,20,84.0,6
at:48:647,Dornbirn Kehlermähder,47.425426,9.74761017,3,108,15.555555555555555,3
at:48:648,Dornbirn Kernstockstraße,47.42372426,9.72845808,3,53,31.69811320754717,4
at:48:649,Dornbirn Kindergarten Forach,47.42787519,9.73494392,3,112,15.0,3
at:48:65,Blons Esch,47.22478989,9.84453839,3,25,67.2,6
at:48:650,Dornbirn Haselstauden Kirche,47.42994142,9.75536263,3,281,5.9786476868327405,2
at:48:651,Dornbirn Kirche Rohrbach,47.42245399,9.73318322,3,54,31.11111111111111,4
at:48:652,Dornbirn Kirchgasse,47.40967672,9.75248802,3,56,30.0,4
at:48:653,Dornbirn Klostergasse,47.41530591,9.74193281,3,354,4.745762711864407,0
at:48:654,Dornbirn Klotzen,47.41151266,9.76222576,3,54,31.11111111111111,4
at:48:655,Dornbirn Knie,47.43396426,9.75909064,3,55,30.545454545454547,4
at:48:656,Dornbirn Köblern,47.41385916,9.70408679,3,112,15.0,3
at:48:657,Au Argenwald,47.29149533,9.92808171,3,20,84.0,6
at:48:658,Dornbirn Kochschule Oberdorf,47.40939707,9.75189513,3,54,31.11111111111111,4
at:48:66,Rankweil Kirche St. Josef,47.27487713,9.63994708,3,198,8.484848484848484,2
at:48:660,Dornbirn Kulturhaus,47.41368287,9.74460081,3,111,15.135135135135135,3
at:48:661,Dornbirn Schoren Bahnhof/ORF,47.4122847,9.72729926,3,252,6.666666666666667,2
at:48:662,Dornbirn Olympiazentrum,47.41723891,9.72190937,3,167,10.059880239520957,3
at:48:663,Dornbirn Langwies,47.4292304,9.78912132,3,43,39.06976744186046,4
at:48:664,Dornbirn Lehargasse,47.4170991,9.73081167,3,53,31.69811320754717,4
at:48:665,Dornbirn Mähdergasse,47.42387012,9.75115851,3,172,9.767441860465116,2
at:48:669,Au Fuchs,47.31929644,9.9857805,3,29,57.93103448275862,5
at:48:67,Rankweil Übersaxnerstraße,47.27471866,9.65331401,3,32,52.5,5
at:48:670,Dornbirn Messepark,47.41157345,9.71291723,3,268,6.268656716417911,2
at:48:671,Dornbirn Mühlebach,47.39610583,9.74366656,3,56,30.0,4
at:48:672,Dornbirn Mühlegasse,47.42755917,9.75523686,3,107,15.700934579439252,3
at:48:673,Dornbirn Müllerstraße,47.40918429,9.75474279,3,110,15.272727272727273,3
at:48:675,Dornbirn Nachbauerstraße,47.41715381,9.74951459,3,107,15.700934579439252,3
at:48:676,Dornbirn Neugrüt,47.41464941,9.72030138,3,84,20.0,4
at:48:677,Dornbirn Niederbahn,47.40134733,9.72536788,3,56,30.0,4
at:48:68,Rankweil LKH,47.26097892,9.6471875,3,106,15.849056603773585,3
at:48:69,Rankweil Vorderlandstraße,47.28163595,9.64114184,3,61,27.540983606557376,4
at:48:690,Ebnit Niedere,47.3782857,9.78314752,3,28,60.0,5
at:48:693,Au Hinterargenzipfel,47.31907111,9.96733808,3,20,84.0,6
at:48:694,Dornbirn Oberfallenberg,47.42223519,9.76997822,3,54,31.11111111111111,4
at:48:695,Altenstadt Studa/Räterweg,47.2683308,9.60668246,3,70,24.0,4
at:48:699,Dornbirn Kehlerpark,47.4172693,9.75140106,3,53,31.69811320754717,4
at:48:7,Rankweil Wiesengasse,47.28030742,9.63691976,3,29,57.93103448275862,5
at:48:70,Rauz Valfagehrbahn,47.13783901,10.17973575,3,10,168.0,7
at:48:704,Göfis Haldenweg,47.23866101,9.63781807,3,65,25.846153846153847,4
at:48:707,Dornbirn Pater-Wehinger-Gasse,47.42620392,9.756764,3,107,15.700934579439252,3
at:48:709,Dornbirn Pfellerau,47.43478458,9.75619806,3,116,14.482758620689655,3
at:48:71,Klösterle Rauzalpe,47.13837675,10.17508248,3,10,168.0,7
at:48:710,Dornbirn Pongartgasse,47.41367071,9.75059257,3,111,15.135135135135135,3
at:48:714,Dornbirn Primelweg,47.43513094,9.73691123,3,113,14.867256637168142,3
at:48:715,Alberschwende Brugg,47.45612687,9.8331747,3,22,76.36363636363636,6
at:48:716,Au Am Stein,47.32850339,9.9746863,3,53,31.69811320754717,4
at:48:717,Dornbirn Raimundweg,47.3997117,9.7258889,3,56,30.0,4
at:48:718,Ebnit Oberes Rappenloch,47.38288423,9.78004833,3,28,60.0,5
at:48:719,Dornbirn Rathaus,47.41356737,9.74400792,3,387,4.341085271317829,0
at:48:72,Reuthe Baien,47.38489141,9.88304916,3,92,18.26086956521739,3
at:48:721,Dornbirn Rickatschwende,47.4274437,9.77975189,3,54,31.11111111111111,4
at:48:722,Dornbirn Ruhgarten,47.40089131,9.77477522,3,56,30.0,4
at:48:723,Dornbirn Ruschen,47.43681408,9.76512731,3,55,30.545454545454547,4
at:48:725,Dornbirn Sandgasse,47.41863086,9.73193456,3,53,31.69811320754717,4
at:48:726,Ebnit Schanerloch,47.35905996,9.77272706,3,28,60.0,5
at:48:728,Dornbirn Haidach,47.40309236,9.77021178,3,56,30.0,4
at:48:73,Reuthe Gemeindeamt,47.37141756,9.8951315,3,36,46.666666666666664,5
at:48:730,Au Lugen,47.31665949,9.99938997,3,54,31.11111111111111,4
at:48:737,Ebnit Alploch/Schmitte,47.37136889,9.77473929,3,28,60.0,5
at:48:738,Dornbirn Schoren Bahnhof,47.413214791894,9.72659857168648,1,72,23.333333333333332,3
at:48:739,Dornbirn Schwefelquelle,47.42579673,9.73615665,3,112,15.0,3
at:48:74,Reuthe Hof,47.38476976,9.87187412,3,94,17.872340425531913,3
at:48:741,Dornbirn Sägerbrücke/Campus V,47.40608369,9.74226519,3,440,3.8181818181818183,0
at:48:742,Au Jaghausen,47.32397319,9.97635717,3,54,31.11111111111111,4
at:48:743,Dornbirn Steggasse,47.41077707,9.73425222,3,192,8.75,2
at:48:744,Dornbirn Steinacker,47.39796657,9.74214841,3,55,30.545454545454547,4
at:48:745,Dornbirn Steinebach,47.40495892,9.75918047,3,56,30.0,4
at:48:746,Dornbirn Gasthaus Sternen,47.43750677,9.78697434,3,55,30.545454545454547,4
at:48:747,Dornbirn Tugstein,47.41038192,9.75838097,3,54,31.11111111111111,4
at:48:75,Reuthe Moorbad,47.37240312,9.90205751,3,36,46.666666666666664,5
at:48:750,Dornbirn Kirche Schoren,47.40911134,9.72749689,3,168,10.0,2
at:48:755,Dornbirn Unterer Kirchweg,47.40218033,9.74125009,3,55,30.545454545454547,4
at:48:756,Dornbirn Mittlerer Schwefel,47.43044581,9.73939956,3,114,14.736842105263158,3
at:48:757,Dornbirn Volkergasse,47.41413271,9.71736389,3,84,20.0,4
at:48:758,Dornbirn VS Mittelfeld,47.39977251,9.74115128,3,55,30.545454545454547,4
at:48:759,Au Öberle,47.30714591,9.94585937,3,20,84.0,6
at:48:76,Blons Gemeindezentrum,47.22316709,9.83390233,3,25,67.2,6
at:48:760,Dornbirn VS Wallenmahd,47.39261526,9.73245559,3,56,30.0,4
at:48:761,Dornbirn Waldbad Enz,47.39741322,9.7618844,3,108,15.555555555555555,3
at:48:762,Dornbirn Waldmüllerstraße,47.42951603,9.74198671,3,53,31.69811320754717,4
at:48:763,Dornbirn Wallenmahd,47.38820003,9.71991511,3,168,10.0,2
at:48:764,Dornbirn Watzenegg,47.41309321,9.76587292,3,54,31.11111111111111,4
at:48:765,Dornbirn Webergasse,47.41271024,9.73585122,3,162,10.37037037037037,3
at:48:768,Dornbirn Werkhof,47.40275187,9.75037698,3,162,10.37037037037037,3
at:48:769,Dornbirn Wieden,47.4316308,9.73383899,3,113,14.867256637168142,3
at:48:770,Au Gemeindeamt,47.32176274,9.98064213,3,49,34.285714285714285,4
at:48:771,Dornbirn Winsau Rose,47.44078779,9.80869561,3,55,30.545454545454547,4
at:48:773,Dornbirn Winsau Schule,47.4392749,9.80277571,3,55,30.545454545454547,4
at:48:774,Dornbirn Winsau Tobel,47.43853363,9.7956341,3,55,30.545454545454547,4
at:48:776,Düns Gemeindeamt,47.22103784,9.71943002,3,31,54.193548387096776,5
at:48:777,Ebnit Alpenheim,47.35061911,9.75159869,3,28,60.0,5
at:48:778,Ebnit Springhaldenweg,47.34983398,9.74734067,3,28,60.0,5
at:48:779,Ebnit Heumöser,47.34540908,9.74242689,3,28,60.0,5
at:48:78,Faschina Hotel Domig/Guggernüllibahn,47.26795896,9.90628858,3,22,76.36363636363636,6
at:48:780,Ebnit Kirche,47.34977921,9.74244485,3,28,60.0,5
at:48:781,Egg Hub,47.43251194,9.90468059,3,51,32.94117647058823,4
at:48:782,Au Vorderargenzipfel,47.32028297,9.97177576,3,20,84.0,6
at:48:783,Egg Pfister,47.42783873,9.89742221,3,60,28.0,4
at:48:784,Egg Zentrum,47.43208656,9.89768272,3,156,10.76923076923077,3
at:48:785,Egg Stadel,47.42861053,9.88074947,3,36,46.666666666666664,5
at:48:786,Egg Tuppen,47.44394102,9.88490867,3,96,17.5,3
at:48:787,Egg Wieden,47.42554755,9.87515297,3,36,46.666666666666664,5
at:48:788,Eichenberg Dorfplatz,47.53525399,9.77906018,3,31,54.193548387096776,5
at:48:789,Lochau Ebnet Hof,47.53646088,9.77093941,3,31,54.193548387096776,5
at:48:79,Riefensberg Golfplatz,47.51647991,9.96185836,3,37,45.4054054054054,5
at:48:790,Eichenberg Abzw. Pfänder,47.53984488,9.79374764,3,28,60.0,5
at:48:793,Eichenberg Lutzenreute,47.54735198,9.78597721,3,32,52.5,5
at:48:794,Au Wieden,47.31537447,9.99211362,3,29,57.93103448275862,5
at:48:798,Dornbirn Hermann-Gmeiner-Park,47.40393749,9.72579907,3,52,32.30769230769231,4
at:48:799,Bludenz VAL BLU,47.15732848,9.83242011,3,19,88.42105263157895,6
at:48:8,Halden Wasserstuba,47.20608193,9.64461832,3,18,93.33333333333333,6
at:48:80,Riefensberg Springen,47.51069771,9.95213859,3,37,45.4054054054054,5
at:48:8002,Lochau Betriebshof Hehle,47.53581195,9.75220954,3,3,560.0,-1
at:48:802,Düns Mühleweg,47.22137951,9.71455216,3,7,240.0,-1
at:48:803,Gaschurn Mottabella,46.97804995,10.03668802,3,41,40.97560975609756,5
at:48:805,Feldkirch Montfortgasse,47.23734969,9.5939713,3,28,60.0,5
at:48:806,Gisingen Beim Gräble,47.26740425,9.6043199,3,70,24.0,4
at:48:809,Fraxern Morgengabe,47.31810891,9.677847,3,34,49.411764705882355,5
at:48:81,Riefensberg Grindel,47.49085261,9.94519461,3,45,37.333333333333336,4
at:48:813,Lingenau Reute,47.45601147,9.91313374,3,50,33.6,4
at:48:815,Sulzberg Fahl,47.51436247,9.86620575,3,98,17.142857142857142,3
at:48:816,Faschina Passhöhe/Seilbahnen,47.2715675,9.90725876,3,22,76.36363636363636,6
at:48:817,Feldkirch Bahnhof,47.24163117,9.60412227,0,1092,1.5384615384615385,0
at:48:818,Feldkirch Busplatz,47.23858172,9.59662133,3,389,4.318766066838046,0
at:48:819,Feldkirch Domplatz,47.23787422,9.59801372,3,137,12.262773722627736,3
at:48:821,Feldkirch Jahnplatz,47.2372521,9.59924441,3,81,20.74074074074074,4
at:48:822,Feldkirch Katzenturm,47.23853292,9.59684591,3,683,2.459736456808199,0
at:48:823,Innerlaterns Bädle,47.26444162,9.7923822,3,9,186.66666666666666,7
at:48:824,Feldkirch Landesgericht,47.23655068,9.5926957,3,447,3.7583892617449663,0
at:48:825,Feldkirch Montforthaus,47.23515392,9.5985078,3,28,60.0,5
at:48:83,Riefensberg Dorf,47.50476317,9.96394245,3,72,23.333333333333332,4
at:48:833,Bürs Unterrainweg,47.15154959,9.80609947,3,63,26.666666666666668,4
at:48:834,Tschagguns Gemeindeamt,47.07721717,9.90090767,3,40,42.0,5
at:48:836,Altenstadt Leusbündtweg/RFL,47.27023871,9.60705976,3,84,20.0,4
at:48:84,Riefensberg Meierhof,47.49885224,9.94621869,3,71,23.661971830985916,4
at:48:840,Göfis Kirche,47.2363494,9.63237428,3,91,18.46153846153846,3
at:48:842,Hochkrumbach Saloberlifte,47.26825155,10.12766041,3,18,93.33333333333333,6
at:48:844,Feldkirch Rösslepark,47.23498313,9.59910967,3,105,16.0,3
at:48:845,Feldkirch Schattenburg,47.23651409,9.6005829,3,62,27.096774193548388,4
at:48:846,Feldkirch Schulzentrum,47.23434268,9.58985702,3,367,4.577656675749319,0
at:48:847,Feldkirch Amberg Bahnhof,47.2553576443819,9.62126212145597,1,57,29.473684210526315,3
at:48:85,Riefensberg Rüstenen,47.50064258,9.95834595,3,80,21.0,4
at:48:850,Alberschwende Fischbach Bühel,47.477333,9.83203384,3,22,76.36363636363636,6
at:48:851,Alberschwende Fischbach Burgen,47.46708323,9.83689372,3,22,76.36363636363636,6
at:48:852,Alberschw. Fischbach Unterrain,47.47243304,9.83344419,3,22,76.36363636363636,6
at:48:854,Tisis Letzestraße,47.22596731,9.5826705,3,142,11.830985915492958,3
at:48:856,Zürs Flexenpass,47.1575606,10.16473389,3,31,54.193548387096776,5
at:48:857,Fluh Grünau,47.49021525,9.77997647,3,65,25.846153846153847,4
at:48:858,Fluh Schülan-Hor,47.49141104,9.78749536,3,65,25.846153846153847,4
at:48:86,Röns Gasthaus Löwen,47.21538792,9.69888555,3,41,40.97560975609756,5
at:48:860,Fluh Trübenbach,47.4929892,9.79240017,3,65,25.846153846153847,4
at:48:861,Sonntag Gasthaus Buchholz,47.24718073,9.91270255,3,27,62.22222222222222,6
at:48:862,Fontanella Dorfzentrum,47.24772956,9.91034896,3,29,57.93103448275862,5
at:48:864,Fontanella Säge,47.25515644,9.9141668,3,22,76.36363636363636,6
at:48:867,Frastanz Amerdonastraße,47.2258575,9.59890305,3,55,30.545454545454547,4
at:48:868,Frastanz Bahnhof,47.21992133,9.63893198,0,294,5.714285714285714,0
at:48:87,Tschagguns Volksschule,47.07669717,9.9026504,3,24,70.0,6
at:48:870,Bardella,47.20749776,9.65143653,3,31,54.193548387096776,5
at:48:871,Frastanz Beim Adler,47.21536351,9.63491651,3,49,34.285714285714285,4
at:48:872,Frastanz Feldkircher Straße,47.22448486,9.619196,3,97,17.31958762886598,3
at:48:873,Frastanz Fellengattner Straße,47.22396019,9.59988222,3,55,30.545454545454547,4
at:48:874,Frastanz Felsenau,47.22880398,9.60361023,3,152,11.052631578947368,3
at:48:875,Alberschwende Dorfzentrum,47.45042308,9.83128823,3,107,15.700934579439252,3
at:48:876,Frastanz Gemeindeamt,47.21694995,9.63043392,3,167,10.059880239520957,3
at:48:877,Frastanz Mittelschule,47.22116597,9.62445114,3,2,840.0,-1
at:48:878,Frastanz Kübla,47.22261801,9.5972232,3,55,30.545454545454547,4
at:48:879,Frastanz Letzestraße,47.22421032,9.59279451,3,55,30.545454545454547,4
at:48:88,Röns Sägewerk,47.2163947,9.70299085,3,41,40.97560975609756,5
at:48:880,Frastanz Maria Ebene,47.22207502,9.60031341,3,55,30.545454545454547,4
at:48:881,Frastanz Maria Grün,47.22862708,9.59683693,3,55,30.545454545454547,4
at:48:882,Frastanz Mühlegasse,47.22122088,9.62760423,3,125,13.44,3
at:48:883,Gampelün Rofel,47.1950835,9.65046635,3,21,80.0,6
at:48:884,Frastanz Satteinser Straße,47.22215433,9.63719823,3,127,13.228346456692913,3
at:48:885,Frastanz Felsenau Schwimmbad,47.22748022,9.60196631,3,55,30.545454545454547,4
at:48:887,Fraxern Dorfplatz,47.31502123,9.67513409,3,40,42.0,5
at:48:888,Fraxern Fäscha,47.31345601,9.67591562,3,40,42.0,5
at:48:889,Lochau-Hörbranz Bahnhof,47.52958911,9.74253468,0,199,8.442211055276381,0
at:48:89,Röthis Kästenholz,47.29204979,9.66399498,3,30,56.0,5
at:48:892,Tschagguns Bahnhof,47.07911972,9.90498602,1,110,15.272727272727273,2
at:48:898,Hittisau Sütten,47.45688612,9.97541394,3,30,56.0,5
at:48:90,Röthis Rössle,47.28988066,9.6561976,3,281,5.9786476868327405,2
at:48:900,Dornbirn Altes Rathaus,47.41285005,9.74431335,3,54,31.11111111111111,4
at:48:901,St. Gallenkirch Grandau,47.01833914,9.98681356,3,41,40.97560975609756,5
at:48:902,St. Gallenkirch Bargalsweg,47.02372833,9.96758063,3,1,1680.0,-1
at:48:903,Feldkirch Elisabethplatz,47.2364348,9.59521996,3,28,60.0,5
at:48:904,Gisingen Stadtwerke,47.27073243,9.60437379,3,14,120.0,6
at:48:909,Dornbirn Ammenegg,47.43026958,9.78404583,3,54,31.11111111111111,4
at:48:91,Röthis Schlößlestraße,47.29001471,9.65979985,3,31,54.193548387096776,5
at:48:910,Gampelün Kosa,47.19884348,9.65330503,3,18,93.33333333333333,6
at:48:915,Fraxern Oberdorf,47.31586777,9.67843989,3,40,42.0,5
at:48:918,Dornbirn Gütle,47.3903408,9.77703897,3,56,30.0,4
at:48:92,Röthis Schwanen,47.29429803,9.6514006,3,219,7.671232876712328,2
at:48:922,Fraxern Schufla,47.31680565,9.67617613,3,40,42.0,5
at:48:924,Fußach Altes Postamt,47.47838944,9.66474058,3,115,14.608695652173912,3
at:48:925,Fußach Bilke,47.46756297,9.65860509,3,115,14.608695652173912,3
at:48:926,Fußach Birkenfeld,47.46303863,9.65830864,3,115,14.608695652173912,3
at:48:927,Fußach Gasthaus Hirschen,47.47244518,9.66034782,3,115,14.608695652173912,3
at:48:928,Gais Sutterlüty,47.19575494,9.71844187,3,113,14.867256637168142,3
at:48:929,Gais Hämmerle-Kaffee,47.19764715,9.72687705,3,119,14.117647058823529,3
at:48:93,Röthis Treietstraße,47.29086166,9.65296367,3,55,30.545454545454547,4
at:48:930,Gais Gaisbühel,47.1967621,9.71516302,3,66,25.454545454545453,4
at:48:931,Gais Sportplatz,47.19665222,9.72071461,3,121,13.884297520661157,3
at:48:932,Gaißau Grenze,47.4645812,9.59625302,3,85,19.764705882352942,3
at:48:933,Gaißau Kesslerplatz,47.46827954,9.59265976,3,169,9.940828402366863,2
at:48:934,Gaißau Kirche,47.46578972,9.59858864,3,170,9.882352941176471,2
at:48:935,Gaißau Ausserdorf,47.46840707,9.60378989,3,169,9.940828402366863,2
at:48:936,Gampelün Kapelle,47.19560845,9.65384402,3,18,93.33333333333333,6
at:48:937,Gampelün Zollwache,47.20191964,9.64899311,3,18,93.33333333333333,6
at:48:94,Röthis Valdruden,47.29396903,9.66327633,3,30,56.0,5
at:48:940,Dornbirn Boden,47.39439707,9.76639394,3,54,31.11111111111111,4
at:48:945,Gantschier Holzbau Fritz,47.09148771,9.88294136,3,20,84.0,6
at:48:946,Bangs Gasthaus Stern,47.26610584,9.54473464,3,112,15.0,3
at:48:95,Satteins Kirchplatz,47.22468008,9.67181931,3,103,16.310679611650485,3
at:48:958,Göfis Büttels,47.23359243,9.63444041,3,47,35.744680851063826,4
at:48:96,Satteins Mittelschule,47.22511933,9.66562991,3,107,15.700934579439252,3
at:48:963,Garsella Abzw. Raggal,47.22694948,9.87580874,3,43,39.06976744186046,4
at:48:964,Blons Haus Burtscher,47.22509492,9.86632253,3,25,67.2,6
at:48:965,Gaschurn Explorer,46.99372566,10.01891037,3,42,40.0,5
at:48:969,Gaschurn Schima Drosa,46.99235315,10.02155141,3,41,40.97560975609756,5
at:48:97,Satteins Trutsch,47.22056806,9.67705648,3,13,129.23076923076923,7
at:48:971,Bangs Zollhäuser,47.26798334,9.54424955,3,112,15.0,3
at:48:972,Gaschurn Rifa,46.98136564,10.03310375,3,41,40.97560975609756,5
at:48:973,Gaschurn Zentrum,46.98829667,10.02532434,3,41,40.97560975609756,5
at:48:974,Gaschurn Versettla Bahn,46.98503656,10.02538722,3,41,40.97560975609756,5
at:48:975,Gisingen Bahnhof,47.2555771414705,9.59798677244119,1,16,105.0,5
at:48:976,Gisingen Bifangstraße,47.25467476,9.58628172,3,72,23.333333333333332,4
at:48:979,Dornbirn Ebniterstraße,47.39181252,9.77363436,3,55,30.545454545454547,4
at:48:98,Blons Mühle,47.22521694,9.85104219,3,25,67.2,6
at:48:983,Gisingen Mörlinweg,47.2608509,9.60542482,3,129,13.023255813953488,3
at:48:984,Gisingen Dammweg,47.2484918,9.59214772,3,58,28.96551724137931,4
at:48:985,Gisingen Fabrikweg,47.24761979,9.58859039,3,130,12.923076923076923,3
at:48:986,Gisingen Flurgasse,47.24497927,9.58938091,3,130,12.923076923076923,3
at:48:987,Gisingen Kapf,47.24132014,9.59051279,3,130,12.923076923076923,3
at:48:988,Bartholomäberg Blaschisweg,47.09026449,9.91354697,3,32,52.5,5
at:48:989,Gisingen Hochhaus,47.25040043,9.58785378,3,72,23.333333333333332,4
at:48:990,Gisingen Im Gisinger Feld,47.26080822,9.5966393,3,58,28.96551724137931,4
at:48:991,Gisingen Kapfstraße,47.25516254,9.59557929,3,58,28.96551724137931,4
at:48:992,Gisingen Ketschelenstraße,47.25980838,9.59027923,3,171,9.824561403508772,2
at:48:993,Gisingen Lehrer-Frick-Straße,47.26146664,9.59205789,3,57,29.473684210526315,4
at:48:995,Gisingen Milchhof,47.25477231,9.58395509,3,128,13.125,3
at:48:996,Gisingen Oberaustraße,47.25290653,9.58732377,3,72,23.333333333333332,4
at:48:997,Gisingen Pfarrer-Allgäuer-Weg,47.26342356,9.59775321,3,58,28.96551724137931,4
at:49:1003,Wien Penzing,48.1925602813794,16.3048536003753,1,282,5.957446808510638,1
at:49:1015,Wien Meidling,48.1746517396117,16.3339051166678,0,716,2.346368715083799,0
at:49:1040,Wien Praterstern,48.2185135609072,16.3923315427551,0,481,3.492723492723493,0
at:49:1062,Wien Spittelau,48.2352699347115,16.3580428483555,0,179,9.385474860335195,0
at:49:1091,Wien Rennweg,48.194386720758,16.3867889374513,0,511,3.287671232876712,0
at:49:1248,Wien Siemensstraße,48.270835097579,16.4202511817894,0,217,7.741935483870968,0
at:49:1257,Wien Grillgasse,48.1671270879371,16.4070100144996,0,208,8.076923076923077,0
at:49:1260,Wien Simmering,48.169924997401,16.4192091360597,0,115,14.608695652173912,1
at:49:1295,Wien Speising,48.17368126535,16.2835725112916,1,56,30.0,3
at:49:1299,Wien Stadlau,48.2186931225587,16.4481169219067,0,115,14.608695652173912,1
at:49:1301,Wien Praterkai,48.1992968251394,16.4408405681043,1,56,30.0,3
at:49:1333,Wien Strebersdorf,48.2856077608137,16.3817404055538,1,110,15.272727272727273,2
at:49:1346,Wien Quartier Belvedere,48.1880448042928,16.3820458327505,0,366,4.590163934426229,0
at:49:1349,Wien Hauptbahnhof,48.1853317334923,16.378650200976,0,961,1.7481789802289283,0
at:49:1357,Wien Süßenbrunn,48.2852192185501,16.4845166572243,0,62,27.096774193548388,2
at:49:1385,Wien Traisengasse,48.2346237191566,16.3851719699397,0,480,3.5,0
at:49:1425,Wien St. Marx,48.1878471682236,16.3999223069069,1,56,30.0,3
at:49:1458,Wien Weidlingau Bahnhof,48.2103368531568,16.211824069539,1,112,15.0,2
at:49:1468,Wien Westbahnhof,48.1962310590477,16.3367976918831,0,268,6.268656716417911,0
at:49:1482,Wien Wolf in der Au,48.2046554873426,16.2362762115761,1,112,15.0,2
at:49:1519,Wien Zentralfriedhof,48.1539263259242,16.4262878604995,1,56,30.0,3
at:49:166,Wien Breitensee,48.1978298310517,16.3066142983325,1,168,10.0,1
at:49:1705,Wien Handelskai,48.2420427399889,16.3852168857039,0,649,2.588597842835131,0
at:49:176,Wien Brünner Straße,48.2693940709544,16.4046833779134,0,112,15.0,1
at:49:1780,Wien Kaiserebersdorf,48.146152885959,16.4653645753642,0,104,16.153846153846153,1
at:49:288,Wien Erzherzog-Karl-Straße,48.2301059657891,16.4536685103633,1,84,20.0,3
at:49:334,Wien Floridsdorf,48.2567938212236,16.4002995993263,0,487,3.4496919917864477,0
at:49:345,Wien Franz-Josefs-Bahnhof,48.2267607761741,16.3610971203219,0,180,9.333333333333334,0
at:49:393,Wien Gersthof,48.2307402704633,16.3292248940369,1,168,10.0,1
at:49:460,Wien Hadersdorf,48.2103907303216,16.2222714762947,1,112,15.0,2
at:49:465,Wien Haidestraße,48.1788509257928,16.4263327762637,1,56,30.0,3
at:49:484,Wien Geiselbergstraße,48.1751070175034,16.4070100144996,1,56,30.0,3
at:49:491,Wien Heiligenstadt,48.2489701766462,16.3657414103414,0,347,4.8414985590778095,0
at:49:505,Wien Hernals,48.2230143830027,16.3144206581525,1,168,10.0,1
at:49:511,Wien Hetzendorf,48.1665099695865,16.3150584620044,1,174,9.655172413793103,1
at:49:532,Wien Hirschstetten,48.2326969910045,16.4691195332523,1,84,20.0,3
at:49:560,Wien Hütteldorf,48.1975005000747,16.2609439492815,0,494,3.4008097165991904,0
at:49:582,Wien Blumental,48.1388818260272,16.3692987388671,1,45,37.333333333333336,3
at:49:591,Wien Jedlersdorf,48.2728201797427,16.3966614224251,0,116,14.482758620689655,1
at:49:723,Wien Krottenbachstraße,48.2400385138165,16.3402023068104,1,168,10.0,1
at:49:743,Wien Mitte-Landstraße,48.2057930083024,16.3843365367253,0,480,3.5,0
at:49:769,Wien Leopoldau,48.2777287415485,16.4498416872524,0,254,6.6141732283464565,0
at:49:788,Wien Liesing,48.1346913575282,16.2841923488377,0,262,6.412213740458015,0
at:49:849,Wien Matzleinsdorfer Platz,48.1801327771602,16.3579619999799,0,432,3.888888888888889,0
at:49:910,Wien Aspern Nord,48.2338518398808,16.5046299364385,0,115,14.608695652173912,1
at:49:94,Wien Atzgersdorf,48.1470159936855,16.2886569758004,1,173,9.710982658959537,1
at:49:948,Wien Nußdorf,48.260208813659,16.3676638050497,1,54,31.11111111111111,3
at:49:959,Wien Oberdöbling,48.2440109931453,16.344100995144,1,168,10.0,1
at:49:981,Wien Ottakring,48.2118154614423,16.3111148579065,1,168,10.0,1
