stop_id,stop_name,stop_lat,stop_lon,rank,count,interval,category
at:41:10005,Sieggraben Gemeindeamt,47.64996626,16.37935089,3,99,16.96969696969697,3
at:41:10018,Antau Kleine Zeile,47.77449804,16.47530893,3,36,46.666666666666664,5
at:41:10019,Stöttera Ost,47.76992773,16.46441236,3,37,45.4054054054054,5
at:41:10020,Zemendorf Volksschule,47.76544759,16.45464767,3,37,45.4054054054054,5
at:41:10021,Zemendorf Wr. Neustädter Str.,47.76235595,16.45163832,3,37,45.4054054054054,5
at:41:10022,Zemendorf Schmale Gasse,47.75991633,16.44795523,3,37,45.4054054054054,5
at:41:10024,Pöttelsdorf Gemeindeamt,47.75300141,16.43690595,3,37,45.4054054054054,5
at:41:10025,Pöttelsdorf Mühlweg,47.75041639,16.43127351,3,37,45.4054054054054,5
at:41:10026,Walbersdorf Kirchäckergasse,47.74342773,16.42103272,3,64,26.25,4
at:41:10027,Walbersdorf Kirche,47.74104762,16.42025118,3,64,26.25,4
at:41:10031,Mattersburg Martinsplatz,47.73751351,16.39664346,3,269,6.245353159851301,2
at:41:10032,Mattersburg Brunnenplatz,47.73774912,16.4000301,3,239,7.02928870292887,2
at:41:10054,Mattersburg Berufsschule,47.73689728,16.40453965,3,201,8.35820895522388,2
at:41:10055,Mattersburg Felixstraße,47.73397312,16.40969598,3,99,16.96969696969697,3
at:41:10056,Marz Industriestraße,47.72504856,16.41241787,3,72,23.333333333333332,4
at:41:10057,Marz Ortsmitte,47.71912621,16.41699928,3,71,23.661971830985916,4
at:41:10058,Marz Forchtensteinweg,47.71482907,16.41013615,3,31,54.193548387096776,5
at:41:10059,Marz B50/Lehrnertal,47.69691746,16.39573616,3,23,73.04347826086956,6
at:41:10063,Kalkgruben Ortsmitte,47.62121338,16.39611345,3,101,16.633663366336634,3
at:41:10064,Kalkgruben B50 Süd,47.61736231,16.39838619,3,101,16.633663366336634,3
at:41:10065,Tschurndorf Ortsmitte,47.60435986,16.40740527,3,101,16.633663366336634,3
at:41:10066,Tschurndorf Hauptstraße Süd,47.59612794,16.41248075,3,101,16.633663366336634,3
at:41:10067,Markt St. Martin Kirchenplatz,47.56388441,16.42813839,3,102,16.470588235294116,3
at:41:10068,Markt St. Martin Mühlweg,47.56092023,16.43092317,3,100,16.8,3
at:41:10069,Neutal Bahngasse,47.54594524,16.44386789,3,103,16.310679611650485,3
at:41:10070,Neutal Gemeindeamt,47.54317409,16.44742522,3,102,16.470588235294116,3
at:41:10071,Neutal Süd/Gemeindegrenze,47.53524792,16.4607652,3,101,16.633663366336634,3
at:41:10072,Markt St. Martin Volksschule,47.56323582,16.4260543,3,2,840.0,-1
at:41:10074,Stoob Evangelische Kirche,47.5251611,16.48040237,3,101,16.633663366336634,3
at:41:10075,Stoob-Süd B50,47.50988464,16.49977005,3,108,15.555555555555555,3
at:41:10076,Liebing Hauptstraße,47.41414486,16.49385015,3,31,54.193548387096776,5
at:41:10078,Stoob-Süd Fachmarktzentrum,47.51371934,16.49069707,3,5,336.0,-1
at:41:10084,Rechnitz Pointgasse,47.31210391,16.43523508,3,14,120.0,6
at:41:10087,Schachendorf Abzw. Schandorf,47.2627164,16.42476971,3,41,40.97560975609756,5
at:41:10088,Dürnbach im Bgld Süd,47.26094234,16.39164882,3,36,46.666666666666664,5
at:41:10090,Neuhof bei Dürnbach West,47.25663193,16.35041615,3,33,50.90909090909091,5
at:41:10091,Neuhof bei Dürnbach Ost,47.25862562,16.35452145,3,33,50.90909090909091,5
at:41:10092,Rechnitz Herrengasse,47.30429516,16.43891817,3,6,280.0,-1
at:41:10093,Großpetersdorf Wildentengraben,47.24067366,16.31610051,3,74,22.7027027027027,4
at:41:10094,Rechnitz Weirergasse Süd,47.30454491,16.43739104,3,6,280.0,-1
at:41:10095,Rotenturm an der Pinka Bahnhofstraße,47.2582842,16.26322567,3,63,26.666666666666668,4
at:41:10096,Rotenturm an der Pinka Hauptstraße,47.25383333,16.24212424,3,50,33.6,4
at:41:10097,Rotenturm an der Pinka Schloßplatz,47.25234556,16.24455868,3,48,35.0,4
at:41:10098,Unterwart Marienplatz,47.259028,16.23520722,3,46,36.52173913043478,4
at:41:10099,Unterwart Kirchenallee,47.25928407,16.23389568,3,11,152.72727272727272,7
at:41:10100,Rechnitz Dr.-Karl-Renner-Str. 7,47.3023763,16.4311747,3,5,336.0,-1
at:41:10101,Oberwart Platanengasse,47.27919215,16.22536168,3,7,240.0,-1
at:41:10102,Rechnitz Dr.-Karl-Renner-Str. 41,47.30573883,16.43339353,3,5,336.0,-1
at:41:10103,Oberwart Internat/BAfEp,47.28135562,16.20382008,3,155,10.838709677419354,3
at:41:10104,Oberwart Dornburggasse,47.2857737,16.19414522,3,5,336.0,-1
at:41:10105,Rechnitz Weirergasse 79/81,47.30705454,16.43606153,3,5,336.0,-1
at:41:10106,Rechnitz Nußgrabengasse,47.3074992,16.43443558,3,5,336.0,-1
at:41:10107,Rechnitz Föhrenweg,47.31591649,16.4317047,3,10,168.0,7
at:41:10108,Kemeten Tulpengasse,47.24380838,16.15244543,3,53,31.69811320754717,4
at:41:10109,Rechnitz Evangelischer Friedhof,47.30766975,16.43873851,3,6,280.0,-1
at:41:10110,Rechnitz Hochstraße 93,47.31190292,16.43953801,3,6,280.0,-1
at:41:10112,Rechnitz Faludigasse,47.31342555,16.43969971,3,6,280.0,-1
at:41:10113,Rechnitz Obere Taborgasse,47.3087296,16.44321212,3,6,280.0,-1
at:41:10114,Bocksdorf Güssinger Straße,47.1464177,16.18362595,3,63,26.666666666666668,4
at:41:10115,Rechnitz Günserstr./Pilleng.,47.30664034,16.44758692,3,5,336.0,-1
at:41:10116,Rechnitz Pillengasse 11,47.30501395,16.44902422,3,6,280.0,-1
at:41:10117,Rechnitz Steinamanger Straße 23,47.3024433,16.44861998,3,6,280.0,-1
at:41:10118,Deutsch Tschantschendorf Nord,47.10704453,16.28712984,3,56,30.0,4
at:41:10119,Deutsch Tschantschendorf Ortsmitte,47.10494732,16.29007631,3,56,30.0,4
at:41:10120,Rechnitz Steinamangerstr. 34/36,47.30360681,16.44623046,3,6,280.0,-1
at:41:10121,Güssing Wiener Straße Nord,47.07359541,16.31982852,3,56,30.0,4
at:41:10123,Güssing Hauptplatz,47.05903858,16.32208329,3,172,9.767441860465116,2
at:41:10124,Deutsch Tschantschendorf Bergen,47.13241246,16.307306,3,3,560.0,-1
at:41:10125,Rechnitz Katharinengasse,47.302888,16.44344568,3,5,336.0,-1
at:41:10126,Rechnitz Hyrtlgasse/Kreuzgasse,47.3000492,16.44565554,3,6,280.0,-1
at:41:10127,Rechnitz Lisztgasse,47.29814237,16.44536808,3,6,280.0,-1
at:41:10128,Rechnitz Mariengasse,47.29808754,16.44197245,3,5,336.0,-1
at:41:10129,Rechnitz Alzey-Straße,47.29688126,16.43772341,3,5,336.0,-1
at:41:10130,Rechnitz Martingasse,47.29770373,16.43768748,3,5,336.0,-1
at:41:10131,Rechnitz Neuegasse,47.30068886,16.43804681,3,5,336.0,-1
at:41:10132,Rechnitz Schulgasse,47.30188286,16.4393314,3,34,49.411764705882355,5
at:41:10134,Rechnitz Alois-Hofer-Gasse,47.2984287,16.43765155,3,4,420.0,-1
at:41:10135,Rotenturm an der Pinka Meierhof,47.2525102,16.25095468,3,25,67.2,6
at:41:10141,Güssing Batthyánystraße,47.05335917,16.32387992,3,80,21.0,4
at:41:10142,Güssing Schulzentrum,47.06382399,16.32405958,3,117,14.35897435897436,3
at:41:10143,Güssing Krankenhaus,47.05064778,16.32204735,3,58,28.96551724137931,4
at:41:10160,Mogersdorf Ost,46.94792963,16.23437178,3,28,60.0,5
at:41:10162,Jennersdorf Lindenallee Süd,46.9393987,16.14257294,3,56,30.0,4
at:41:10169,Steingraben Güssinger Straße,47.06431964,16.28324013,3,34,49.411764705882355,5
at:41:10197,Krottendorf bei Güssing Mitte,47.0577779,16.30824025,3,5,336.0,-1
at:41:10198,Krottendorf bei Güssing Glockenturm,47.06036654,16.30787194,3,5,336.0,-1
at:41:10224,Wallendorf Kapelle,46.97245387,16.23376093,3,12,140.0,7
at:41:10225,Deutsch Minihof Kapelle,46.97017972,16.24373223,3,12,140.0,7
at:41:10227,Heiligenkreuz im Lafnitztal Ortsmitte,46.98858468,16.257719,3,61,27.540983606557376,4
at:41:10247,Heiligenbrunn Ortsmitte,47.02697996,16.41657707,3,6,280.0,-1
at:41:10259,Gerersdorf bei Güssing Ortsmitte,47.06843764,16.25342505,3,35,48.0,5
at:41:10260,Rehgraben bei Güssing Dorfstraße Mitte,47.0807347,16.23675232,3,33,50.90909090909091,5
at:41:10262,Kukmirn Gemeindeamt,47.07391967,16.2059401,3,44,38.18181818181818,4
at:41:10263,Kukmirn Volksschule,47.06903727,16.20548196,3,18,93.33333333333333,6
at:41:10271,Rudersdorf Bergstraße Mitte,47.06737299,16.13687763,3,12,140.0,7
at:41:10295,Oberpullendorf Kammergasse,47.50127374,16.50643555,3,93,18.06451612903226,3
at:41:10297,Großwarasdorf Mittelschule,47.53669741,16.55662443,3,4,420.0,-1
at:41:10298,Großwarasdorf Martin-Mersich-Straße,47.53763742,16.5570107,3,17,98.82352941176471,6
at:41:10300,Oberpullendorf Augasse Mitte,47.50015707,16.5080615,3,2,840.0,-1
at:41:10301,Kroatisch Geresdorf Kirche,47.49386323,16.60869976,3,16,105.0,6
at:41:10302,Kroatisch Geresdorf Ortsmitte,47.49107113,16.61067606,3,16,105.0,6
at:41:10304,Lutzmannsburg Minihofer Weg,47.46458728,16.64388677,3,17,98.82352941176471,6
at:41:10309,Kleinwarasdorf Ignaz-Horvath-Gasse,47.539196,16.59180245,3,17,98.82352941176471,6
at:41:10310,Kroatisch Minihof Ortsmitte,47.52744188,16.64572832,3,19,88.42105263157895,6
at:41:10311,Nikitsch Schlosstor,47.53410165,16.65135177,3,19,88.42105263157895,6
at:41:10315,Deutschkreutz Friedhofgasse,47.59618852,16.62849863,3,14,120.0,6
at:41:10316,Deutschkreutz Kirche,47.60119808,16.62464486,3,6,280.0,-1
at:41:10317,Deutschkreutz Webergasse,47.5976666,16.62880406,3,6,280.0,-1
at:41:10318,Deutschkreutz Mühlallee,47.59976856,16.63192121,3,7,240.0,-1
at:41:10319,Deutschkreutz Zinkendorferstraße,47.60389954,16.62600131,3,7,240.0,-1
at:41:10321,Girm Ortsmitte,47.59983519,16.6078823,3,7,240.0,-1
at:41:10326,Großwarasdorf Johannesgasse,47.54264046,16.55142318,3,14,120.0,6
at:41:10327,Raiding Sechshauser Straße,47.56370862,16.53154346,3,16,105.0,6
at:41:10329,Raiding Augasse,47.56892131,16.52300947,3,16,105.0,6
at:41:10331,Unterfrauenhaid Feldgasse Ost,47.57083654,16.49845851,3,15,112.0,6
at:41:10334,Lackenbach Schloßgasse,47.58793108,16.46681985,3,18,93.33333333333333,6
at:41:10335,Lackenbach Haydngasse,47.58858543,16.46329845,3,36,46.666666666666664,5
at:41:10336,Lackenbach Wiener Straße,47.5866042,16.46130419,3,36,46.666666666666664,5
at:41:10337,Lackenbach Feldgasse,47.5916995,16.46699951,3,45,37.333333333333336,4
at:41:10339,Ritzing Hauptplatz,47.6066917,16.49621272,3,45,37.333333333333336,4
at:41:10344,Mitterpullendorf Engelberggasse,47.49529565,16.50948084,3,94,17.872340425531913,3
at:41:10345,Oberpullendorf Kirche,47.49678265,16.50752251,3,110,15.272727272727273,3
at:41:10346,Horitschon Bahnstraße,47.58929429,16.54791077,3,45,37.333333333333336,4
at:41:10348,Horitschon Florianigasse,47.5879432,16.54878213,3,31,54.193548387096776,5
at:41:10351,Neckenmarkt Elisabethgasse,47.594147,16.54845874,3,90,18.666666666666668,3
at:41:10352,Neckenmarkt Feldgasse,47.60236712,16.54792873,3,9,186.66666666666666,7
at:41:10353,Neckenmarkt Hofstatt,47.60257306,16.54132612,3,9,186.66666666666666,7
at:41:10354,Neckenmarkt Rathausgasse Nord,47.5974667,16.54871027,3,45,37.333333333333336,4
at:41:10355,Neckenmarkt Lange Zeile,47.60055601,16.54284427,3,9,186.66666666666666,7
at:41:10357,Bad Tatzmannsdorf Falcogasse,47.32814416,16.22831714,3,5,336.0,-1
at:41:10358,Unterpetersdorf Kirche,47.59066351,16.58167844,3,53,31.69811320754717,4
at:41:10360,Jormannsdorf Batthyányallee,47.34069162,16.22629593,3,5,336.0,-1
at:41:10361,Mitterpullendorf Süd,47.48758078,16.52220098,3,37,45.4054054054054,5
at:41:10363,Bad Tatzmannsdorf Evangelische Kirche,47.33575457,16.22716729,3,45,37.333333333333336,4
at:41:10365,Bad Tatzmannsdorf Volksschule,47.3342691,16.22755357,3,5,336.0,-1
at:41:10367,Mariasdorf Ortsmitte,47.36504746,16.23134446,3,19,88.42105263157895,6
at:41:10368,Mariasdorf Kirche,47.36821131,16.23417415,3,21,80.0,6
at:41:10369,Grodnau B50,47.3753962,16.24727159,3,51,32.94117647058823,4
at:41:10371,Rettenbach im Bgld Angergasse,47.41117222,16.24014795,3,3,560.0,-1
at:41:10372,Stuben im Bgld Am Graben,47.42810613,16.24746024,3,3,560.0,-1
at:41:10374,Bernstein im Bgld Hauptplatz,47.4058101,16.25564389,3,59,28.47457627118644,4
at:41:10375,Bad Tatzmannsdorf Glockenstraße,47.33220521,16.23769555,3,5,336.0,-1
at:41:10377,Bernstein im Bgld Graben,47.40830885,16.2633155,3,52,32.30769230769231,4
at:41:10380,Redlschlag Abzw. Redlshöhe,47.43776197,16.27630514,3,12,140.0,7
at:41:10382,Mattersburg Gymnasium,47.736565,16.40056909,3,63,26.666666666666668,4
at:41:10388,Steinbach im Bgld Ortsmitte,47.47373852,16.3140793,3,10,168.0,7
at:41:10389,Lebenbrunn Kirche,47.46253455,16.30168255,3,10,168.0,7
at:41:10391,Kogl im Bgld Kirche,47.44536872,16.29875404,3,11,152.72727272727272,7
at:41:10392,Pilgersdorf Ägidyplatz,47.44087893,16.34977835,3,16,105.0,6
at:41:10394,Bubendorf B55,47.42913317,16.35618334,3,15,112.0,6
at:41:10395,Bubendorf Ortsmitte,47.42738293,16.34722713,3,11,152.72727272727272,7
at:41:10397,Weißenbachl B50,47.39218957,16.34579881,3,46,36.52173913043478,4
at:41:10398,Langeck im Bgld Kirchengasse,47.40291604,16.3738532,3,49,34.285714285714285,4
at:41:10400,Deutsch Gerisdorf B55,47.4176644,16.36582226,3,10,168.0,7
at:41:10401,Deutsch Gerisdorf Ortsmitte,47.41354305,16.36287578,3,10,168.0,7
at:41:10402,Hochstraß im Bgld Ortsmitte,47.42867131,16.40432405,3,16,105.0,6
at:41:10403,Lockenhaus Abzw. Hochstraß,47.41506884,16.40762087,3,37,45.4054054054054,5
at:41:10404,Lockenhaus Neugasse,47.41275887,16.41248075,3,37,45.4054054054054,5
at:41:10406,Lockenhaus Hauptplatz,47.40681326,16.41841862,3,39,43.07692307692308,5
at:41:10407,Piringsdorf Volksschule,47.44683891,16.4158135,3,37,45.4054054054054,5
at:41:10408,Piringsdorf Rabnitzstraße/Reitwiesen,47.44966374,16.41814014,3,14,120.0,6
at:41:10410,Piringsdorf B50/Reitwiesen,47.44982169,16.4224251,3,37,45.4054054054054,5
at:41:10414,Weingraben Hauptplatz,47.51414405,16.36381902,3,16,105.0,6
at:41:10415,Weingraben Untere Hauptstraße,47.51227529,16.36920891,3,16,105.0,6
at:41:10420,Oberrabnitz Kirche,47.49289815,16.35432382,3,13,129.23076923076923,7
at:41:10421,Schwendgraben Friedhof,47.47139469,16.35544672,3,13,129.23076923076923,7
at:41:10425,Piringsdorf Wehrgasse,47.44823616,16.41351382,3,13,129.23076923076923,7
at:41:10426,Steinberg/Rabnitz Untere Hauptstraße,47.47345314,16.4888106,3,17,98.82352941176471,6
at:41:10428,Steinberg/Rabnitz Sonnriegel Süd,47.47830444,16.49385914,3,6,280.0,-1
at:41:10430,Mitterpullendorf Kleine Gasse,47.49189056,16.51548159,3,47,35.744680851063826,4
at:41:10432,Unterpullendorf Ortsmitte,47.47532935,16.54164951,3,35,48.0,5
at:41:10433,Unterpullendorf Günser Straße,47.47327098,16.54621295,3,35,48.0,5
at:41:10434,Unterloisdorf Kirche,47.43704498,16.53184889,3,31,54.193548387096776,5
at:41:10436,Mannersdorf/Rabnitz Volksschule,47.42869561,16.52768969,3,35,48.0,5
at:41:10437,Unterloisdorf Volksschule,47.4349608,16.53576554,3,7,240.0,-1
at:41:10441,Klostermarienberg Feuerwehr,47.4222595,16.56461045,3,9,186.66666666666666,7
at:41:10442,Unterloisdorf Ortsmitte,47.43571428,16.53476841,3,12,140.0,7
at:41:10444,Langental Kirche,47.50344632,16.54358987,3,14,120.0,6
at:41:10445,Glashütten bei Langeck Feldgasse Ost,47.37448369,16.38367178,3,5,336.0,-1
at:41:10446,Glashütten bei Langeck Florianigasse,47.37801196,16.38212668,3,4,420.0,-1
at:41:10448,Unterschützen Kirche,47.32216465,16.20250854,3,7,240.0,-1
at:41:10449,Rechnitz Hauptplatz,47.3049104,16.44104718,3,52,32.30769230769231,4
at:41:10450,Unterschützen Süd,47.31596522,16.20576044,3,17,98.82352941176471,6
at:41:10452,Rotenturm an der Pinka Abzw. Eisenzicken,47.26511219,16.25219436,3,31,54.193548387096776,5
at:41:10453,Oberwart Hauptplatz,47.28753474,16.21333324,3,362,4.640883977900552,0
at:41:10454,Oberwart Krankenhaus,47.280539,16.20454772,3,151,11.125827814569536,3
at:41:10455,Oberwart Badgasse,47.28679133,16.20965913,3,1,1680.0,-1
at:41:10456,Riedlingsdorf Privatgasse,47.34823327,16.13316758,3,75,22.4,4
at:41:10457,Pinkafeld Marktplatz,47.37088218,16.12268424,3,126,13.333333333333334,3
at:41:10458,Pinkafeld Hocharter Straße,47.39043202,16.11220989,3,6,280.0,-1
at:41:10459,Litzelsdorf Ortsmitte,47.20763202,16.16157231,3,9,186.66666666666666,7
at:41:10460,Stegersbach P+R/Hauptplatz,47.15846464,16.16832764,3,129,13.023255813953488,3
at:41:10461,Rauchwart im Bgld Abzw. Badesee,47.1333047,16.22566711,3,47,35.744680851063826,4
at:41:10462,St. Michael im Bgld Abzw. Schallendorf,47.12863554,16.2577729,3,47,35.744680851063826,4
at:41:10463,St. Michael im Bgld Hauptplatz,47.126093,16.26910964,3,93,18.06451612903226,3
at:41:10465,Tobaj Gemeindeamt,47.09149994,16.30432359,3,56,30.0,4
at:41:10466,Pinkafeld HTL,47.3657776,16.12128287,3,46,36.52173913043478,4
at:41:10467,Stegersbach Berghäuser,47.15272252,16.14986726,3,5,336.0,-1
at:41:10468,Pinkafeld Burgenlandsiedlung Nord,47.39592949,16.10717932,3,4,420.0,-1
at:41:10473,Weppersdorf Ortsmitte,47.58138116,16.42585667,3,134,12.537313432835822,3
at:41:10474,Weppersdorf Raiffeisenplatz,47.57842403,16.42702448,3,132,12.727272727272727,3
at:41:10475,Weppersdorf Busbahnhof/P+R,47.58655573,16.42167052,3,167,10.059880239520957,3
at:41:10476,Hornstein Meierhofgasse,47.88212506,16.44339178,3,1,1680.0,-1
at:41:10477,Hornstein Esterhazystraße,47.8861614,16.43914275,3,59,28.47457627118644,4
at:41:10481,Güssing Badstraße,47.05720263,16.31857087,3,24,70.0,6
at:41:10482,Güssing Raiffeisenstraße,47.06447873,16.32629639,3,4,420.0,-1
at:41:10485,Steinberg/Rabnitz Meierhofgasse,47.46988268,16.49303269,3,17,98.82352941176471,6
at:41:10492,Burgauberg B57a/Marienkapelle,47.16237992,16.13131705,3,27,62.22222222222222,6
at:41:10493,Burgauberg Golfstraße,47.16098731,16.12541512,3,26,64.61538461538461,6
at:41:10494,Burgauberg Lafnitzstraße,47.1528447,16.11474314,3,24,70.0,6
at:41:10496,Burgauberg Bergstraße,47.1394522,16.12291781,3,3,560.0,-1
at:41:10498,Burgauberg Alte Volksschule,47.1511525,16.12316035,3,3,560.0,-1
at:41:10499,Burgauberg Gemeindeamt,47.15489116,16.12440901,3,3,560.0,-1
at:41:10500,Markt Allhau Abzw. Berghäuser,47.2806426,16.11147327,3,10,168.0,7
at:41:10502,Jormannsdorf Meierhofweg,47.34407606,16.23170379,3,5,336.0,-1
at:41:10503,Markt Allhau Hutweide,47.289576,16.08005918,3,18,93.33333333333333,6
at:41:10504,Jormannsdorf Königsberger Allee,47.34710726,16.23011377,3,5,336.0,-1
at:41:10508,Oberwart Wiener Straße/P+R,47.29615017,16.20555383,3,168,10.0,2
at:41:10509,Oberwart Johann-Strauß-Gasse Ost,47.29141003,16.20747622,3,171,9.824561403508772,2
at:41:10510,Oberwart Mühlgasse Süd,47.28740068,16.19422607,3,25,67.2,6
at:41:10512,Pinkafeld Mittelschule,47.36747512,16.12523546,3,26,64.61538461538461,6
at:41:10513,Pinkafeld Schloßgasse,47.36697621,16.12296272,3,138,12.173913043478262,3
at:41:10519,Stegersbach HAK,47.16343046,16.15894025,3,62,27.096774193548388,4
at:41:10520,Stegersbach Oberbergen,47.16038261,16.14655248,3,33,50.90909090909091,5
at:41:10523,Steinbrückl Abzw. Markt Allhau,47.27542567,16.15723345,3,80,21.0,4
at:41:10528,Unterwaldbauern Landesstraße,47.37175217,16.08594315,3,12,140.0,7
at:41:10529,Wolfau Abzw. Obere Bergen,47.26884893,16.08779368,3,18,93.33333333333333,6
at:41:10533,Wolfau Kemeter Straße,47.25279068,16.10439454,3,21,80.0,6
at:41:10534,Wolfau Untere Bergen,47.24683924,16.10367589,3,19,88.42105263157895,6
at:41:10562,Lutzmannsburg Therme,47.46548,16.65814304,3,1,1680.0,-1
at:41:10565,Hackerberg Volksschule,47.19438763,16.11416821,3,3,560.0,-1
at:41:10566,Hackerberg Csarhäuser,47.18537711,16.11430296,3,3,560.0,-1
at:41:10568,Strebersdorf im Bgld Kirche,47.45541014,16.61463763,3,22,76.36363636363636,6
at:41:10570,Neudauberg Landesgrenze,47.17272561,16.10777221,3,3,560.0,-1
at:41:10582,Hirm Hauptstraße,47.78818241,16.4589506,3,19,88.42105263157895,6
at:41:10583,Hirm Kirche,47.78729518,16.45455784,3,26,64.61538461538461,6
at:41:10584,Hirm Kleinfrauenhaider Straße,47.7828769,16.45234799,3,26,64.61538461538461,6
at:41:10585,Kleinfrauenhaid Friedhof,47.77374943,16.43770545,3,26,64.61538461538461,6
at:41:10586,Krensdorf Gemeindeamt,47.7850378,16.41509485,3,29,57.93103448275862,5
at:41:18100,Sulzriegel Glockenturm,47.33956545,16.23548569,3,5,336.0,-1
at:41:18266,Langzeil Tränkbrücke,47.03920699,16.29269939,3,46,36.52173913043478,4
at:41:18278,Neutal Technologiezentrum,47.53982669,16.43342048,3,7,240.0,-1
at:41:18279,Hammerteich Friedhof,47.41018131,16.43713053,3,24,70.0,6
at:41:18280,Hammerteich Abzw. Teich,47.4096828,16.43155199,3,22,76.36363636363636,6
at:41:18281,Geschriebenstein Kalköfen,47.364439,16.41753827,3,4,420.0,-1
at:41:18282,Geschriebenstein Passhöhe,47.34777678,16.41152854,3,4,420.0,-1
at:41:18286,Rechnitz Haydngasse,47.29825203,16.44427213,3,46,36.52173913043478,4
at:41:18291,Großpetersdorf Sportplatzgasse,47.24024674,16.3237811,3,41,40.97560975609756,5
at:41:18292,Unterwart Obere Mühlgasse,47.26427703,16.22884714,3,58,28.96551724137931,4
at:41:18293,Unterwart Rosengasse,47.26767856,16.2261522,3,56,30.0,4
at:41:18295,Oberwart Fichtengasse,47.2816908,16.22132825,3,82,20.48780487804878,4
at:41:18299,Rax Bergen Nord,46.96830393,16.17070818,3,7,240.0,-1
at:41:18300,Neumarkt/Raab Jennersdorfer Straße Süd,46.92720403,16.15937144,3,13,129.23076923076923,7
at:41:18301,Neumarkt/Raab Münzgraben Nord,46.92509974,16.15775447,3,13,129.23076923076923,7
at:41:18302,Neumarkt/Raab Kapellenzipf,46.92673164,16.16936969,3,6,280.0,-1
at:41:18303,St. Martin/Raab Hauptplatz,46.92105043,16.13364369,3,18,93.33333333333333,6
at:41:18305,St. Martin/Raab Martinihalle,46.91962083,16.12444494,3,13,129.23076923076923,7
at:41:18306,Eisenberg Oberberg Süd,46.89208898,16.13638355,3,5,336.0,-1
at:41:18307,St. Martin an der Raab Oberdrosener Straße,46.90496676,16.13473963,3,4,420.0,-1
at:41:18308,Oberdrosen Feuerwehr,46.88741711,16.11854301,3,8,210.0,7
at:41:18309,Oberdrosen Süd,46.88032564,16.1063888,3,8,210.0,7
at:41:18310,Eisenberg Mitterberg,46.90140696,16.14039902,3,5,336.0,-1
at:41:18311,Eisenberg Rasenkreuz,46.90496676,16.14203396,3,5,336.0,-1
at:41:18312,Deutsch Minihof Ziegelofen,46.96133965,16.24936467,3,28,60.0,5
at:41:18313,Mogersdorf West,46.94748809,16.22723018,3,29,57.93103448275862,5
at:41:18314,Jennersdorf Wollingergasse,46.93593932,16.14701062,3,9,186.66666666666666,7
at:41:18316,Steingraben Ort,47.06458276,16.27688006,3,2,840.0,-1
at:41:18317,Jennersdorf Grabengasse West,46.94994718,16.14413601,3,7,240.0,-1
at:41:18318,Jennersdorf Bergen Süd,46.95981916,16.14575298,3,5,336.0,-1
at:41:18319,Jennersdorf Bergen Mitte,46.96640969,16.14730707,3,5,336.0,-1
at:41:18320,Hoislgraben Gh. Körbler,46.96124769,16.15135847,3,2,840.0,-1
at:41:18321,Hoislgraben Haus Deutsch,46.95359573,16.14967862,3,2,840.0,-1
at:41:18322,Jennersdorf Bergen Nord,46.9726255,16.14454924,3,7,240.0,-1
at:41:18323,Rudersdorf Kirche,47.04875645,16.12230695,3,19,88.42105263157895,6
at:41:18324,Henndorf Mitterhenndorf Mitte,46.98061181,16.14247413,3,7,240.0,-1
at:41:18325,Zahling Ort,47.02524088,16.21258764,3,8,210.0,7
at:41:18326,Dobersdorf B65/Kirchenstraße,47.02468976,16.14559128,3,29,57.93103448275862,5
at:41:18327,Königsdorf im Bgld Abzw. Ort,47.01262478,16.17678079,3,17,98.82352941176471,6
at:41:18328,Königsdorf im Bgld Gemeindeamt,47.00175784,16.16895646,3,12,140.0,7
at:41:18329,Rax Abzw. Kandlgraben,46.96157876,16.15747599,3,3,560.0,-1
at:41:18330,Rax Abzw. Körblereck,46.95392071,16.15638903,3,3,560.0,-1
at:41:18331,Eltendorf Kirche,47.00809817,16.1980529,3,41,40.97560975609756,5
at:41:18332,Eltendorf Siedlungsstraße,47.00636461,16.2009814,3,26,64.61538461538461,6
at:41:18333,Poppendorf im Bgld Ortsmitte,46.99634805,16.22696068,3,26,64.61538461538461,6
at:41:18334,Poppendorf im Bgld West,47.00053869,16.21672887,3,26,64.61538461538461,6
at:41:18335,Neuhaus am Klausenbach Altenhof Abzw. Ort,46.87247174,16.04595015,3,13,129.23076923076923,7
at:41:18336,Neuhaus am Klausenbach Altenhof Eritz,46.87016264,16.04901341,3,2,840.0,-1
at:41:18337,Neuhaus am Klausenbach Altenhof Mitte,46.86634871,16.05602027,3,2,840.0,-1
at:41:18338,Neuhaus am Klausenbach Ortsmitte,46.86868869,16.03064286,3,12,140.0,7
at:41:18339,Neuhaus am Klausenbach Schulen,46.8702609,16.03353544,3,19,88.42105263157895,6
at:41:18340,Neuhaus am Klausenbach Bachstraße,46.866361,16.02636688,3,9,186.66666666666666,7
at:41:18341,Neuhaus am Klausenbach Steinleiten Nord,46.86852901,16.03632021,3,13,129.23076923076923,7
at:41:18342,Krottendorf bei Neuhaus Abzw. Bonisdorf,46.8494991,16.0361675,3,9,186.66666666666666,7
at:41:18343,Kalch im Bgld Feuerwehr,46.83987101,16.01026907,3,9,186.66666666666666,7
at:41:18344,Windisch-Minihof Ort,46.89072,16.09525868,3,12,140.0,7
at:41:18345,Minihof-Liebau Doiber Straße,46.88262817,16.07488489,3,12,140.0,7
at:41:18346,Minihof-Liebau Abzw. Judenburg,46.88157209,16.06681802,3,11,152.72727272727272,7
at:41:18347,Minihof-Liebau Abzw. Theresienberg,46.87891951,16.05931708,3,11,152.72727272727272,7
at:41:18348,Minihof-Liebau Abzw. Mühlgraben,46.88243169,16.07219892,3,4,420.0,-1
at:41:18349,Tauka Feuerwehr,46.86287234,16.07388776,3,8,210.0,7
at:41:18350,Mühlgraben Ortsmitte,46.88669265,16.03755989,3,13,129.23076923076923,7
at:41:18351,Mühlgraben Groiskyweg,46.88941237,16.05219344,3,6,280.0,-1
at:41:18352,Tauka West,46.86227654,16.065228,3,2,840.0,-1
at:41:18353,Rax Ost,46.94145336,16.16848036,3,34,49.411764705882355,5
at:41:18354,Maria Bild Ortsmitte,46.95922444,16.18418291,3,5,336.0,-1
at:41:18356,Rax Bergen Hobischberg,46.96330764,16.1721904,3,7,240.0,-1
at:41:18357,Henndorf Abzw. Hobischberg,46.97485051,16.17200175,3,14,120.0,6
at:41:18358,Maria Bild Süd,46.95577861,16.18663531,3,5,336.0,-1
at:41:18359,Henndorf Abzw. Retzelberg,46.97809285,16.16109621,3,5,336.0,-1
at:41:18360,Henndorf Florianikapelle,46.97990088,16.1537929,3,4,420.0,-1
at:41:18361,Henndorf Volksschule,46.98259135,16.14688486,3,6,280.0,-1
at:41:18362,Krobotek West,46.97524279,16.1765113,3,5,336.0,-1
at:41:18363,Krobotek Zipf,46.97147924,16.19095621,3,5,336.0,-1
at:41:18364,Krobotek Kirche,46.97081109,16.19478303,3,5,336.0,-1
at:41:18365,Krobotek Ost,46.96976288,16.20113412,3,5,336.0,-1
at:41:18366,Rosendorf West,46.97708768,16.20484416,3,4,420.0,-1
at:41:18367,Güssing Bergstraße,47.04823617,16.3248501,3,6,280.0,-1
at:41:18368,Kleinmürbisch Süd,47.02296898,16.33000643,3,7,240.0,-1
at:41:18369,Kleinmürbisch Nord,47.03263768,16.32478722,3,7,240.0,-1
at:41:18370,Kleinmürbisch Friedhof,47.02671665,16.32417636,3,7,240.0,-1
at:41:18371,Inzenhof Ost,47.01184076,16.31935241,3,7,240.0,-1
at:41:18372,Inzenhof Ortsmitte,47.01260028,16.31549864,3,8,210.0,7
at:41:18373,Tschanigraben West,47.00554375,16.30020931,3,3,560.0,-1
at:41:18374,Tschanigraben Ost,47.00745499,16.31357624,3,3,560.0,-1
at:41:18375,Inzenhof West,47.01710812,16.2923221,3,3,560.0,-1
at:41:18376,Langzeil Abzw. Inzenhof,47.0182044,16.28801019,3,5,336.0,-1
at:41:18377,Großmürbisch Hütterische Häuser Mitte,47.019613,16.33717498,3,7,240.0,-1
at:41:18378,Großmürbisch Zollhaus,47.0189332,16.35403636,3,7,240.0,-1
at:41:18380,Großmürbisch Kirche,47.0166794,16.36108814,3,7,240.0,-1
at:41:18381,Großmürbisch Ost,47.01500124,16.36481615,3,7,240.0,-1
at:41:18382,Reinersdorf Abzw. Bergen,47.01152226,16.38312381,3,5,336.0,-1
at:41:18383,Reinersdorf West,47.01035846,16.38905269,3,5,336.0,-1
at:41:18384,Reinersdorf Ost,47.01192652,16.39738007,3,5,336.0,-1
at:41:18385,Heiligenbrunn Kellerviertel,47.02781886,16.41399891,3,5,336.0,-1
at:41:18386,Heiligenbrunn Zollhaus,47.02268116,16.42225442,3,5,336.0,-1
at:41:18387,Deutsch Bieling Ort,47.01147326,16.43093215,3,5,336.0,-1
at:41:18388,Hagensdorf Ortsmitte,47.01448676,16.45553701,3,5,336.0,-1
at:41:18389,Hagensdorf Ost,47.0147685,16.45886077,3,5,336.0,-1
at:41:18390,Luising Ort,47.01268603,16.47943219,3,4,420.0,-1
at:41:18391,Heiligenbrunn Abzw. Hochbergen,47.02321393,16.41266042,3,5,336.0,-1
at:41:18392,Inzenhof Landesstraße,47.01652629,16.29967032,3,3,560.0,-1
at:41:18393,Inzenhof Schabhüttl,47.01322503,16.3098662,3,3,560.0,-1
at:41:18394,Tschanigraben Feuerwehr,47.00671378,16.30497038,3,3,560.0,-1
at:41:18395,Inzenhof Nord,47.01867598,16.32412246,3,7,240.0,-1
at:41:18396,Sulz im Bgld Untere Hauptstraße,47.07487407,16.27070864,3,33,50.90909090909091,5
at:41:18397,Kukmirn Marktplatz,47.07614046,16.21064728,3,42,40.0,5
at:41:18398,Neusiedl bei Güssing Pfarrkirche,47.08066129,16.17572976,3,12,140.0,7
at:41:18399,Heutal Gh. Bock,47.08050224,16.15432291,3,12,140.0,7
at:41:18400,Heutal Fliederberg,47.07878327,16.1463818,3,12,140.0,7
at:41:18401,Luising Hagensdorfer Straße,47.01403352,16.47874049,3,4,420.0,-1
at:41:18402,Deutsch Kaltenbrunn Unterberg,47.08049613,16.124948,3,9,186.66666666666666,7
at:41:18403,Deutsch Kaltenbrunn Kracherberg,47.09304115,16.12344781,3,9,186.66666666666666,7
at:41:18404,Deutsch Kaltenbrunn Gemeindeamt,47.08786691,16.10655948,3,28,60.0,5
at:41:18405,Rudersdorf Abzw. Bergen,47.05856124,16.11739317,3,33,50.90909090909091,5
at:41:18406,Rudersdorf Abzw. Weichenberg,47.06800934,16.11371906,3,28,60.0,5
at:41:18407,Deutsch Kaltenbrunn Mitterberg,47.08668032,16.12189373,3,9,186.66666666666666,7
at:41:18408,Rudersdorf Bergen Abzw. Unterberg,47.07325892,16.13182909,3,15,112.0,6
at:41:18409,Deutsch Kaltenbrunn Katholische Kirche,47.09035012,16.10606541,3,28,60.0,5
at:41:18410,Deutsch Kaltenbrunn Volksschule,47.08310813,16.10844595,3,28,60.0,5
at:41:18411,Deutsch Kaltenbrunn Holzstraße,47.09080883,16.11534501,3,9,186.66666666666666,7
at:41:18412,Langzeil B57,47.03853969,16.3001105,3,46,36.52173913043478,4
at:41:18413,Langzeil Mitte,47.03375813,16.30356003,3,5,336.0,-1
at:41:18414,Langzeil West,47.03343976,16.29460382,3,5,336.0,-1
at:41:18415,Langzeil Alte Landstraße,47.02943539,16.28707594,3,5,336.0,-1
at:41:18416,Langzeil Süd,47.02279139,16.28731849,3,5,336.0,-1
at:41:18417,Neustift bei Güssing Oberer Graben,47.03790911,16.27750888,3,47,35.744680851063826,4
at:41:18418,Oberdrosen Ortsmitte,46.88336496,16.11203022,3,8,210.0,7
at:41:18419,Langzeil Nord,47.04025996,16.31862477,3,5,336.0,-1
at:41:18420,Langzeil Ost,47.03632957,16.31204012,3,5,336.0,-1
at:41:18421,Unterfrauenhaid Gemeindeamt,47.5733032,16.50143193,3,15,112.0,6
at:41:18422,Großwarasdorf Kirchenberg,47.53851072,16.55410914,3,21,80.0,6
at:41:18423,Nebersdorf Florianigasse,47.5170138,16.56691912,3,4,420.0,-1
at:41:18424,Nebersdorf Hauptstraße,47.51367687,16.56945237,3,6,280.0,-1
at:41:18425,Eisenberg Unterberg Mitte,46.91298159,16.14453127,3,5,336.0,-1
at:41:18428,Kleinwarasdorf Große Zeile,47.54098496,16.58387033,3,17,98.82352941176471,6
at:41:18429,Kleinwarasdorf Hauptstraße,47.53956592,16.58802054,3,17,98.82352941176471,6
at:41:18430,Nikitsch Ortsmitte,47.53578163,16.65962526,3,19,88.42105263157895,6
at:41:18431,Nikitsch Brückenwaage,47.53850465,16.66062239,3,17,98.82352941176471,6
at:41:18436,Deutschkreutz Europaschule,47.59859947,16.62650437,3,14,120.0,6
at:41:18437,Großwarasdorf Ortsmitte,47.5396387,16.55256404,3,26,64.61538461538461,6
at:41:18438,Raiding Gemeindeamt,47.56739999,16.53010616,3,17,98.82352941176471,6
at:41:18439,Unterfrauenhaid Kirche,47.57444861,16.50329145,3,16,105.0,6
at:41:18442,Lackenbach Bergstraße,47.5893064,16.46585865,3,45,37.333333333333336,4
at:41:18444,Ritzing Gemeindeamt,47.60961695,16.49784766,3,40,42.0,5
at:41:18445,Ritzing Obere Berggasse West,47.61381376,16.49444304,3,11,152.72727272727272,7
at:41:18448,Horitschon Günser Straße Nord,47.58492585,16.54967146,3,12,140.0,7
at:41:18449,Horitschon Schulen,47.58666479,16.54668906,3,7,240.0,-1
at:41:18451,Haschendorf im Bgld Kirche,47.59729103,16.57349479,3,7,240.0,-1
at:41:18452,Großwarasdorf Obere Hauptstraße,47.5427011,16.5522676,3,12,140.0,7
at:41:18453,Bad Tatzmannsdorf Joseph-Haydn-Platz,47.33209562,16.22991614,3,50,33.6,4
at:41:18455,Jormannsdorf Oberschützener Straße,47.35116077,16.221993,3,20,84.0,6
at:41:18456,Bernstein Hauptstraße 12,47.40202833,16.25210453,3,10,168.0,7
at:41:18458,Redlschlag Feuerwehr,47.43999793,16.28680645,3,15,112.0,6
at:41:18459,Oberschützen Willersdorfer Straße,47.35530525,16.20195158,3,3,560.0,-1
at:41:18463,Bernstein im Bgld Rettenbacher Straße,47.40265459,16.25272436,3,38,44.21052631578947,5
at:41:18464,Steinbach im Bgld Unterort,47.47736336,16.32332296,3,22,76.36363636363636,6
at:41:18465,Pilgersdorf Kirchschlager Straße,47.442732,16.34803562,3,10,168.0,7
at:41:18466,Pilgersdorf Schulgasse,47.43784703,16.35110785,3,16,105.0,6
at:41:18467,Salmannsdorf im Bgld Ort,47.40903838,16.32327805,3,11,152.72727272727272,7
at:41:18468,Lockenhaus Abzw. Pilgersdorf,47.41180446,16.38043785,3,14,120.0,6
at:41:18469,Lockenhaus Schulen,47.40939707,16.41769997,3,23,73.04347826086956,6
at:41:18471,Dörfl im Bgld Obere Hauptstraße,47.48145543,16.48373512,3,34,49.411764705882355,5
at:41:18473,Steinberg/Rabnitz Gemeindeamt,47.47523828,16.48685228,3,21,80.0,6
at:41:18475,Draßmarkt Hauptstraße,47.51222675,16.40427015,3,16,105.0,6
at:41:18476,Draßmarkt Herrschaftsgarten,47.50831306,16.39516124,3,13,129.23076923076923,7
at:41:18479,Unterrabnitz Pfarrlehen,47.45748743,16.37234403,3,13,129.23076923076923,7
at:41:18484,Hammerteich Abzw. Hammer,47.41107496,16.44349958,3,23,73.04347826086956,6
at:41:18492,Lockenhaus Günser Straße,47.40905662,16.41912829,3,20,84.0,6
at:41:18494,Oberschützen Hauptplatz,47.35070431,16.2078625,3,101,16.633663366336634,3
at:41:18495,Schachendorf Ortsmitte,47.26306998,16.4343188,3,40,42.0,5
at:41:18496,Oberschützen Sixtina-Quelle,47.35102079,16.1789098,3,2,840.0,-1
at:41:18497,Heiligenbrunn Volksschule,47.02983339,16.41723284,3,1,1680.0,-1
at:41:18498,Mogersdorf Saubachbrücke,46.9460408,16.20809606,3,29,57.93103448275862,5
at:41:18499,Güssing Abzw. Krottendorf,47.05577055,16.31037824,3,23,73.04347826086956,6
at:41:18500,Rudersdorf Theresiensiedlung,47.05386104,16.11271294,3,31,54.193548387096776,5
at:41:18501,Rudersdorf Feuerwehr,47.04531027,16.12450782,3,29,57.93103448275862,5
at:41:18502,Zahling Kukmirner Straße,47.02190342,16.20790741,3,8,210.0,7
at:41:18503,Rudersdorf Bergen Abzw. Pußta,47.07145405,16.13830595,3,6,280.0,-1
at:41:18504,Rudersdorf Bergstraße West,47.06226969,16.12600801,3,5,336.0,-1
at:41:18505,Königsdorf im Bgld Kirche,47.00460036,16.17146276,3,13,129.23076923076923,7
at:41:18506,Burgauberg B57a Süd,47.13544968,16.11426703,3,19,88.42105263157895,6
at:41:18507,Burgauberg Sportplatz,47.13837675,16.11701587,3,22,76.36363636363636,6
at:41:18510,Markt Allhau Mirtisgraben,47.28559089,16.09952568,3,6,280.0,-1
at:41:18511,Markt Allhau Zipf Nord,47.28551168,16.09019218,3,7,240.0,-1
at:41:18516,Limbach im Bgld Grabenstraße,47.04616725,16.16741136,3,11,152.72727272727272,7
at:41:18518,Poppendorf im Bgld Kirchengasse,46.99559443,16.23049106,3,26,64.61538461538461,6
at:41:18519,Rohrbrunn Ortsmitte,47.12320194,16.1147072,3,21,80.0,6
at:41:18520,Rohrbrunn Abzw. Untererlau,47.10901938,16.11158107,3,21,80.0,6
at:41:18521,Deutsch Kaltenbrunn Abzw. Oberberg,47.10185331,16.10897595,3,21,80.0,6
at:41:18522,Rudersdorf Neue Allee,47.05304091,16.11943234,3,18,93.33333333333333,6
at:41:18523,Rudersdorf Antoniusplatz,47.05216569,16.11985455,3,62,27.096774193548388,4
at:41:18524,Stegersbach Steinbach Nord,47.1750522,16.155338,3,6,280.0,-1
at:41:18525,Stegersbach Steinbach Süd,47.16753469,16.15809583,3,27,62.22222222222222,6
at:41:18526,Stinatz Nord,47.21120805,16.10793391,3,7,240.0,-1
at:41:18527,Stinatz Ortsmitte,47.20401303,16.13143383,3,8,210.0,7
at:41:18528,Stinatz Hauptstraße,47.20142527,16.13402098,3,7,240.0,-1
at:41:18529,Stinatz Feldgasse Nord,47.20592325,16.12416646,3,7,240.0,-1
at:41:18530,Wolfau Gemeindeamt,47.25594907,16.09114439,3,19,88.42105263157895,6
at:41:18531,Wolfau Rosenweg,47.25615027,16.09454003,3,21,80.0,6
at:41:18532,Wolfau Sandriegel,47.25683923,16.09955263,3,21,80.0,6
at:41:18534,Königsdorf im Bgld Bergen,47.02859651,16.17705028,3,3,560.0,-1
at:41:18535,Grafenschachen Kirche,47.36282048,16.06657547,3,28,60.0,5
at:41:18545,Wörterberg Grabenhäuser,47.23483675,16.10088213,3,7,240.0,-1
at:41:18546,Wörterberg Turmgasse,47.22759613,16.09916635,3,7,240.0,-1
at:41:18547,Wörterberg Hubertusweg,47.22367346,16.09962449,3,7,240.0,-1
at:41:18548,Wörterberg Gemeindeamt,47.21987862,16.09992093,3,7,240.0,-1
at:41:18549,Wörterberg Mitterberg,47.21538792,16.10383759,3,7,240.0,-1
at:41:18550,Ollersdorf im Bgld Waldsiedlung,47.19209851,16.15199627,3,5,336.0,-1
at:41:18552,Stinatz Friedhof,47.20000317,16.13664406,3,7,240.0,-1
at:41:18553,Deutschkreutz Sportplatzgasse,47.60634041,16.62688166,3,4,420.0,-1
at:41:18554,Neustift bei Güssing Ringweg,47.02356299,16.25813222,3,47,35.744680851063826,4
at:41:18555,Deutschkreutz Esterhazygasse,47.60309396,16.6340592,3,4,420.0,-1
at:41:18556,Deutschkreutz Schloßgasse,47.60126471,16.63363699,3,4,420.0,-1
at:41:18557,Deutschkreutz Arbeitergasse Mitte,47.59916282,16.63528091,3,4,420.0,-1
at:41:18558,Deutschkreutz Neubaugasse,47.59618852,16.63602651,3,4,420.0,-1
at:41:18560,Neustift bei Güssing Kohsiedlung,47.01669165,16.25767408,3,47,35.744680851063826,4
at:41:18578,Minihof-Liebau Gemeindeamt,46.88200189,16.07174078,3,11,152.72727272727272,7
at:41:18633,Großpetersdorf Hauptplatz,47.23832556,16.3191458,3,119,14.117647058823529,3
at:41:18753,Markt Allhau Bildungszentrum,47.29300637,16.07669948,3,25,67.2,6
at:41:18762,Wolfau Siedlungsstraße,47.25844271,16.08933878,3,19,88.42105263157895,6
at:41:18773,Königsdorf im Bgld B65/Römersiedlung,47.01352515,16.17699639,3,15,112.0,6
at:41:18782,Steinberg/Rabnitz P+R,47.48979642,16.49482932,3,81,20.74074074074074,4
at:41:18783,Jormannsdorf B50,47.3482637,16.22551439,3,25,67.2,6
at:41:18786,Lockenhaus B50/B55,47.41169503,16.38238719,3,30,56.0,5
at:41:18787,Steinberg/Rabnitz B50/Businesspark,47.4895961,16.49146063,3,55,30.545454545454547,4
at:41:20001,Neudörfl Pflegeheim,47.80089774,16.28053621,3,125,13.44,3
at:41:20002,Neudörfl Siedlergasse,47.79803148,16.29134294,3,118,14.23728813559322,3
at:41:20004,Bad Sauerbrunn Reichelgasse,47.77916453,16.32135565,3,55,30.545454545454547,4
at:41:20006,Bad Sauerbrunn Badstraße,47.77121374,16.3315695,3,88,19.09090909090909,3
at:41:20007,Pöttsching Römersee,47.75977743,16.34536762,3,61,27.540983606557376,4
at:41:20008,Dörfl im Bgld Ortsmitte,47.48711336,16.47636894,3,52,32.30769230769231,4
at:41:20009,Bad Sauerbrunn Eisenstädter Straße,47.77713016,16.33283612,3,20,84.0,6
at:41:20010,Steinberg/Rabnitz Neugasse,47.47660441,16.48660973,3,15,112.0,6
at:41:20011,Kaisersdorf Mühlgasse,47.53438064,16.39594277,3,11,152.72727272727272,7
at:41:20012,Kaisersdorf Mittelgasse,47.53868658,16.38901676,3,12,140.0,7
at:41:20013,Draßmarkt Am Anger,47.51322181,16.4084563,3,16,105.0,6
at:41:20014,Bad Sauerbrunn Weinberggasse,47.77938788,16.3206909,3,13,129.23076923076923,7
at:41:20015,Karl im Bgld Hauptplatz,47.50890771,16.34654441,3,21,80.0,6
at:41:20016,Oberrabnitz Nord,47.49964121,16.35277872,3,13,129.23076923076923,7
at:41:20017,Unterrabnitz Ortsmitte,47.45446865,16.37674577,3,13,129.23076923076923,7
at:41:20018,Unterrabnitz Sportplatzgasse,47.45146184,16.38011445,3,13,129.23076923076923,7
at:41:20019,Neudörfl Matthias-Kollwentz-Str.,47.79994435,16.30141305,3,30,56.0,5
at:41:20021,Rohrbach/Mattersburg Hauptstraße Mitte,47.71224819,16.42439242,3,40,42.0,5
at:41:20022,Rohrbach/Mattersburg Karl-Stix-Platz,47.70885116,16.42479666,3,40,42.0,5
at:41:20023,Rohrbach bei Mattersburg Volksschule,47.70672941,16.42814737,3,40,42.0,5
at:41:20024,Rohrbach bei Mattersburg Bachgasse,47.70248565,16.43094113,3,40,42.0,5
at:41:20025,Loipersbach im Bgld Kirchen,47.69489196,16.47426688,3,41,40.97560975609756,5
at:41:20026,Loipersbach im Bgld Volksschule,47.69767927,16.48118391,3,41,40.97560975609756,5
at:41:20027,Schattendorf Bahnhofstraße,47.70777518,16.50724403,3,41,40.97560975609756,5
at:41:20028,Schattendorf Kirchengasse,47.71077335,16.51081035,3,41,40.97560975609756,5
at:41:20029,Schattendorf Mühlgasse,47.7137653,16.51454734,3,41,40.97560975609756,5
at:41:20030,Baumgarten im Bgld Raiffeisenplatz,47.73714498,16.50409993,3,37,45.4054054054054,5
at:41:20031,Baumgarten im Bgld Florianiplatz,47.73889698,16.50096481,3,37,45.4054054054054,5
at:41:20032,Rohrbach/Mattersburg Pulverstampfgasse,47.71491973,16.42739279,3,40,42.0,5
at:41:20033,Oberloisdorf Untere Pielgasse,47.44546592,16.50268958,3,2,840.0,-1
at:41:20034,Sigleß Hauptstraße,47.77213747,16.39404732,3,46,36.52173913043478,4
at:41:20035,Pöttsching Florianigasse,47.80167613,16.37698832,3,71,23.661971830985916,4
at:41:20037,Pöttsching Neugasse,47.80688922,16.36176187,3,42,40.0,5
at:41:20039,Stöttera Feuerwehr,47.767416,16.45969621,3,37,45.4054054054054,5
at:41:20040,Pöttelsdorf Weinbergstraße,47.75599094,16.44283483,3,37,45.4054054054054,5
at:41:20041,Walbersdorf Rosengasse,47.74025624,16.41231007,3,63,26.666666666666668,4
at:41:20042,Mattersburg Stadion,47.73878823,16.40586915,3,26,64.61538461538461,6
at:41:20043,Mattersburg HAK,47.73956151,16.40322811,3,111,15.135135135135135,3
at:41:20047,Sieggraben Sattelhöhe,47.6592667,16.37926106,3,28,60.0,5
at:41:20048,Sieggraben Fischergasse,47.65521876,16.37824596,3,99,16.96969696969697,3
at:41:20049,Sieggraben Abzw. Schwarzenbach,47.64431984,16.38020429,3,99,16.96969696969697,3
at:41:20050,Tschurndorf Brunnenstraße,47.60806652,16.40566254,3,101,16.633663366336634,3
at:41:20053,Stoob Abzw. Unterfrauenhaid,47.53250654,16.47238042,3,100,16.8,3
at:41:20054,Stoob Gemeindeamt,47.52901895,16.47691691,3,101,16.633663366336634,3
at:41:20055,Oberpullendorf Spitalstraße/Hauptplatz,47.50334922,16.50473773,3,160,10.5,3
at:41:20057,Unterpullendorf Kapelle,47.4763494,16.53852337,3,37,45.4054054054054,5
at:41:20060,Großmutschen Ortsmitte,47.46624518,16.58342117,3,14,120.0,6
at:41:20061,Großmutschen Neue Siedlung,47.46155068,16.58067233,3,14,120.0,6
at:41:20062,Frankenau im Bgld Mutschener Straße,47.45016187,16.60382191,3,17,98.82352941176471,6
at:41:20063,Frankenau im Bgld Strebersdorfer Straße,47.44982776,16.60786433,3,19,88.42105263157895,6
at:41:20064,Strebersdorf im Bgld Kleine Gasse,47.45747529,16.61867106,3,22,76.36363636363636,6
at:41:20065,Strebersdorf im Bgld Untere Bahnzeile,47.46084616,16.62217449,3,22,76.36363636363636,6
at:41:20066,Lutzmannsburg Bachgasse,47.46317224,16.63218172,3,24,70.0,6
at:41:20067,Lutzmannsburg Ortsmitte,47.46402855,16.6366194,3,20,84.0,6
at:41:20068,Kobersdorf Ortsmitte,47.59475886,16.39306816,3,38,44.21052631578947,5
at:41:20070,Kobersdorf Kaiser-Franz-Josef-Park,47.59394103,16.39561938,3,15,112.0,6
at:41:20071,Kobersdorf Schloßgasse,47.59767266,16.39102899,3,22,76.36363636363636,6
at:41:20072,Oberpetersdorf Am Anger,47.60741243,16.38147989,3,19,88.42105263157895,6
at:41:20073,Oberpetersdorf Schulgasse,47.61526712,16.37601814,3,13,129.23076923076923,7
at:41:20074,Oberpetersdorf Landesgrenze,47.62140713,16.36972993,3,4,420.0,-1
at:41:20075,Lindgraben Kirche,47.57567884,16.39865568,3,14,120.0,6
at:41:20077,Kleinmutschen Feuerwehr,47.46434435,16.57296478,3,14,120.0,6
at:41:20078,Neudorf bei Landsee Kirche,47.56065957,16.38672606,3,10,168.0,7
at:41:20080,Landsee Kirche,47.55907132,16.33182103,3,9,186.66666666666666,7
at:41:20083,Oberpullendorf J.-Haydn-Schule,47.50557633,16.50607622,3,59,28.47457627118644,4
at:41:20084,Kobersdorf Schulen,47.59713959,16.39408326,3,11,152.72727272727272,7
at:41:20085,Neudorf bei Landsee Orstmitte,47.561878,16.38089599,3,9,186.66666666666666,7
at:41:20086,Lindgraben Brunnengasse,47.57298805,16.40058706,3,14,120.0,6
at:41:20087,Weppersdorf Schule,47.58234461,16.43077045,3,3,560.0,-1
at:41:20090,Oberpetersdorf Bachweg,47.61582423,16.37631458,3,4,420.0,-1
at:41:20091,Landsee Neudorfer Straße,47.5621629,16.3397262,3,9,186.66666666666666,7
at:41:20092,Lackendorf Heldenplatz,47.58973656,16.50358789,3,45,37.333333333333336,4
at:41:20093,Lackendorf Rochusgasse,47.58874901,16.4981441,3,46,36.52173913043478,4
at:41:20094,Stoob Schulen,47.53334959,16.47371891,3,9,186.66666666666666,7
at:41:20096,Jennersdorf Schulzentrum,46.9404475,16.14807962,3,59,28.47457627118644,4
at:41:20097,Wiesen Rathausplatz,47.73946485,16.33806432,3,27,62.22222222222222,6
at:41:20099,Forchtenstein Hochbergstraße Ost,47.72454096,16.35856387,3,16,105.0,6
at:41:20101,Mattersburg Rohrbrücke,47.71974265,16.3761439,3,19,88.42105263157895,6
at:41:20102,Forchtenstein Industriegelände,47.71692631,16.36733143,3,20,84.0,6
at:41:20103,Forchtenstein Am Haidbach,47.71258668,16.36563361,3,2,840.0,-1
at:41:20104,Forchtenstein Lehnweg,47.71583842,16.3587615,3,20,84.0,6
at:41:20105,Forchtenstein Wiesener Straße,47.71472632,16.35411721,3,22,76.36363636363636,6
at:41:20106,Forchtenstein Volksschule,47.71354771,16.35048802,3,28,60.0,5
at:41:20107,Forchtenstein Gemeindeamt,47.71125691,16.34451422,3,28,60.0,5
at:41:20108,Forchtenstein Neustiftgasse,47.70962488,16.33731871,3,27,62.22222222222222,6
at:41:20109,Forchtenstein Talgasse,47.70774496,16.3339141,3,28,60.0,5
at:41:20110,Forchtenstein Hausberggasse,47.71258063,16.33538734,3,26,64.61538461538461,6
at:41:20111,Forchtenstein Burg,47.70974577,16.33012321,3,26,64.61538461538461,6
at:41:20112,Forchtenstein Biberweg,47.71022934,16.32404161,3,24,70.0,6
at:41:20114,Forchtenstein Am Forst,47.70756361,16.31825646,3,24,70.0,6
at:41:20115,Rosalia Kapelle,47.6966877,16.30972247,3,24,70.0,6
at:41:20116,Oberpullendorf Gymnasiumstraße,47.50487241,16.50303094,3,81,20.74074074074074,4
at:41:20118,Oberloisdorf Evang. Kirche,47.44806606,16.51047797,3,14,120.0,6
at:41:20119,Mannersdorf/Rabnitz Gartengasse,47.42474531,16.52041334,3,35,48.0,5
at:41:20120,Rattersdorf Bahnhofstraße,47.41087434,16.49980598,3,31,54.193548387096776,5
at:41:20121,Kroatisch Geresdorf Obere Gasse,47.48810283,16.61458373,3,15,112.0,6
at:41:20122,Nebersdorf Schloßgasse,47.51209327,16.57043153,3,10,168.0,7
at:41:20123,Forchtenstein Angergasse Ost,47.71574171,16.3349831,3,26,64.61538461538461,6
at:41:20125,Oberloisdorf Kath. Kirche,47.44664451,16.50628284,3,2,840.0,-1
at:41:20126,Wiesen Hauptplatz,47.7378035,16.33886382,3,17,98.82352941176471,6
at:41:20127,Lutzmannsburg Volksschule,47.46194544,16.63991622,3,2,840.0,-1
at:41:20859,Pöttsching Scheibenwaldsiedlung,47.81073837,16.3495897,3,42,40.0,5
at:41:21020,Forchtenstein Abzw. Heuberg,47.7028786,16.30451224,3,5,336.0,-1
at:41:21022,Draßmarkt Kirchenplatz,47.51168067,16.40112605,3,16,105.0,6
at:41:21023,Bad Sauerbrunn Waldheim,47.78643811,16.31398947,3,41,40.97560975609756,5
at:41:21065,Rosalia Hochwolkersdorfer Straße,47.69131844,16.30999196,3,24,70.0,6
at:41:30000,Oberwart BAKI,47.28075839,16.20404466,3,23,73.04347826086956,6
at:41:30003,Oberwart Volksschule,47.28608448,16.21136593,3,28,60.0,5
at:41:30004,Oberwart Mittelschule,47.28329353,16.20668571,3,132,12.727272727272727,3
at:41:30005,Oberwart Zederngasse,47.27649835,16.22890104,3,72,23.333333333333332,4
at:41:30007,Oberwart Akaziengasse,47.28393948,16.21771702,3,3,560.0,-1
at:41:30008,Oberwart Augartengasse,47.2867304,16.20203243,3,4,420.0,-1
at:41:30010,Oberwart Wiesengasse,47.29156235,16.19883443,3,4,420.0,-1
at:41:30011,Oberwart Rechte Bachgasse Nord,47.29126989,16.20108022,3,4,420.0,-1
at:41:30012,Oberwart Beethovengasse Mitte,47.29376797,16.21088084,3,4,420.0,-1
at:41:30013,Oberwart Mozartgasse Mitte,47.29739302,16.20823979,3,4,420.0,-1
at:41:30015,Oberwart Molkereistraße,47.29293935,16.21035083,3,4,420.0,-1
at:41:30016,Oberwart Obere Hochstraße,47.29269564,16.2167648,3,4,420.0,-1
at:41:30017,Oberwart Prinz-Eugen-Straße Mitte,47.28960038,16.21433037,3,4,420.0,-1
at:41:30018,Oberwart Am Anger,47.27614486,16.20804216,3,4,420.0,-1
at:41:30019,Stegersbach B57b/Grazer Straße,47.16059029,16.16458167,3,9,186.66666666666666,7
at:41:30020,Oberwart Taubengasse,47.28475605,16.1988524,3,4,420.0,-1
at:41:30022,Oberwart Raimundgasse,47.29292107,16.20353262,3,4,420.0,-1
at:41:30023,Stegersbach Schoaderstraße/Gassl,47.16278303,16.17179514,3,5,336.0,-1
at:41:30027,Bocksdorf Erlenweg,47.13959886,16.16719577,3,5,336.0,-1
at:41:30029,Stegersbach Volksschule,47.1622089,16.15954212,3,13,129.23076923076923,7
at:41:30030,Güssing Wiener Straße/Schulstraße,47.06472962,16.32511959,3,54,31.11111111111111,4
at:41:30031,Oberwart Traklgasse,47.29628421,16.20259837,3,3,560.0,-1
at:41:30034,Güssing Rosenberg Mitte,47.0451756,16.29596028,3,4,420.0,-1
at:41:30035,Güssing Rotkreuzberg-Straße Mitte,47.04564082,16.31586695,3,4,420.0,-1
at:41:30036,Oberwart Schlaininger Straße,47.28895449,16.21860635,3,3,560.0,-1
at:41:30037,Güssing Ludwigshof West,47.08285734,16.33584548,3,4,420.0,-1
at:41:30038,Güssing Ludwigshof Waldhäuser,47.07530232,16.33918721,3,4,420.0,-1
at:41:30039,Güssing Kasernenstraße Mitte,47.07008965,16.3315156,3,5,336.0,-1
at:41:30040,Güssing Punitzerstraße,47.06487035,16.32931473,3,3,560.0,-1
at:41:30041,Güssing Meierhofgasse Süd,47.06524973,16.32632334,3,4,420.0,-1
at:41:30042,Güssing Kasernenstraße Süd,47.06879864,16.32932371,3,4,420.0,-1
at:41:30043,Güssing Meierhofgasse Nord,47.06641845,16.32808403,3,4,420.0,-1
at:41:30044,Güssing Josef-Reichl-Straße,47.05064166,16.32464349,3,4,420.0,-1
at:41:30045,St. Michael/Bgld Berghäuser,47.12908781,16.27946721,3,2,840.0,-1
at:41:30046,Güssing Dammstraße,47.06311416,16.32779657,3,4,420.0,-1
at:41:30047,Stegersbach Unterbergen Süd,47.13463081,16.150541,3,5,336.0,-1
at:41:30048,Punitz Pagelberg Nord,47.12096477,16.32794929,3,3,560.0,-1
at:41:30049,Punitz Ort,47.11988894,16.34136113,3,3,560.0,-1
at:41:30050,Punitz Rinngraben Mitte,47.11214965,16.32793132,3,3,560.0,-1
at:41:30051,Tobaj Jaklerberg,47.11047449,16.31798697,3,4,420.0,-1
at:41:30052,Bocksdorf Fuchsgraben,47.13397081,16.15522122,3,5,336.0,-1
at:41:30053,Tudersdorf Ort,47.10036739,16.27816465,3,4,420.0,-1
at:41:30054,Kroatisch Tschantschendorf Feuerwehr,47.09766451,16.2864561,3,4,420.0,-1
at:41:30055,Hasendorf im Burgenland Ort,47.07741294,16.29793657,3,5,336.0,-1
at:41:30056,Glasing Ost,47.0435718,16.3620673,3,8,210.0,7
at:41:30057,Pinkafeld Karolingergasse,47.3822699,16.12016896,3,4,420.0,-1
at:41:30058,Pinkafeld Marktfeldstraße Nord,47.38261052,16.12205542,3,4,420.0,-1
at:41:30059,Pinkafeld Rathausplatz,47.37236662,16.12517258,3,18,93.33333333333333,6
at:41:30060,Pinkafeld Carl-Vaugoin-Straße Nord,47.37785989,16.1209505,3,4,420.0,-1
at:41:30061,Pinkafeld Turbagasse,47.3750312,16.12139067,3,2,840.0,-1
at:41:30062,Pinkafeld Josef-Haydn-Straße,47.37405177,16.1150845,3,4,420.0,-1
at:41:30063,Pinkafeld Gfangen Mitte,47.38189279,16.1009001,3,4,420.0,-1
at:41:30064,Pinkafeld SOS-Kinderdorf,47.3711377,16.11541687,3,4,420.0,-1
at:41:30066,Pinkafeld Ing.-Julius-Raab-Straße,47.36528475,16.11782436,3,4,420.0,-1
at:41:30067,Pinkafeld Wiesflecker Straße,47.37696567,16.13046365,3,4,420.0,-1
at:41:30068,Pinkafeld Marktfeldstraße Mitte,47.38015922,16.12413053,3,4,420.0,-1
at:41:30069,Pinkafeld Marktfeldstraße Süd,47.37769564,16.12608886,3,4,420.0,-1
at:41:30070,Riedlingsdorf Pinkagasse,47.33854884,16.14317482,3,73,23.013698630136986,4
at:41:30071,Riedlingsdorf Sternengasse,47.34112382,16.14139615,3,73,23.013698630136986,4
at:41:30072,Pinkafeld Hochstraßgasse,47.37956311,16.11056597,3,4,420.0,-1
at:41:30073,Pinkafeld Fachhochschule,47.36255883,16.12595411,3,76,22.105263157894736,4
at:41:30074,Oberwart Ing.-Thomas-Wagner-Straße,47.30162701,16.19999326,3,25,67.2,6
at:41:30075,Bocksdorf Grabenstraße Mitte,47.13801011,16.15658666,3,5,336.0,-1
at:41:30076,Stegersbach Feldling,47.15725518,16.15966788,3,5,336.0,-1
at:41:30077,Pinkafeld Kaunitzgasse,47.37674668,16.12367239,3,99,16.96969696969697,3
at:41:30084,Riedlingsdorf Mühlgasse,47.34403345,16.13799154,3,75,22.4,4
at:41:30087,Glasing West,47.04321063,16.35688402,3,8,210.0,7
at:41:30088,Wiesfleck Gemeindeamt,47.38375402,16.14503433,3,3,560.0,-1
at:41:30089,Schreibersdorf Dorfstraße,47.39843478,16.1545924,3,3,560.0,-1
at:41:30090,Weinberg im Bgld Weinberger Straße,47.38641194,16.17749944,3,3,560.0,-1
at:41:30091,Schönherrn Lindenweg,47.40929372,16.16284792,3,3,560.0,-1
at:41:30092,Oberweinberg Abzw. Ort,47.39617272,16.16837256,3,3,560.0,-1
at:41:30094,Bocksdorf Obere Bergstraße,47.14071095,16.16159028,3,5,336.0,-1
at:41:30095,Stegersbach Leitenweg,47.14587394,16.16449184,3,5,336.0,-1
at:41:30096,Hochart Kirche,47.40450901,16.11315312,3,2,840.0,-1
at:41:30097,Eisenzicken Storchengasse,47.27565727,16.25389217,3,9,186.66666666666666,7
at:41:30098,Spitzzicken Kirche,47.27955172,16.28054519,3,9,186.66666666666666,7
at:41:30099,Siget in der Wart Süd,47.26005224,16.27280171,3,9,186.66666666666666,7
at:41:30100,Eisenzicken Ortsmitte,47.27592545,16.25850951,3,9,186.66666666666666,7
at:41:30101,Siget in der Wart Mühlgasse,47.26547186,16.27797601,3,9,186.66666666666666,7
at:41:30103,Miedlingsdorf Nord,47.26840395,16.31792409,3,2,840.0,-1
at:41:30104,Podler Kirche,47.2826171,16.3282098,3,2,840.0,-1
at:41:30106,Welgersdorf West,47.23363513,16.35045208,3,22,76.36363636363636,6
at:41:30107,Hannersdorf West,47.22904189,16.38230634,3,23,73.04347826086956,6
at:41:30108,Burg im Bgld Ortsmitte,47.21555877,16.40542898,3,21,80.0,6
at:41:30109,St. Nikolaus Ost,47.04502869,16.33503699,3,12,140.0,7
at:41:30110,Zuberbach Feuerwehr,47.27933842,16.35638097,3,4,420.0,-1
at:41:30111,Schandorf B56,47.24381447,16.41995474,3,20,84.0,6
at:41:30112,Welgersdorf Ost,47.23297026,16.35354229,3,22,76.36363636363636,6
at:41:30113,Hannersdorf Mitte,47.22871248,16.38578282,3,23,73.04347826086956,6
at:41:30114,Hannersdorf Ost,47.2293347,16.39093915,3,23,73.04347826086956,6
at:41:30115,Riedlingsdorf Industriestraße,47.35194588,16.13193689,3,77,21.818181818181817,4
at:41:30116,Oberdorf im Bgld Nord,47.23102441,16.21494122,3,14,120.0,6
at:41:30117,Oberdorf im Bgld Gemeindeamt,47.2232769,16.21575869,3,14,120.0,6
at:41:30118,Oberdorf im Bgld Wiesengasse,47.21775535,16.2175643,3,14,120.0,6
at:41:30119,Olbendorf Haxbach Süd,47.19588313,16.20989269,3,13,129.23076923076923,7
at:41:30120,Olbendorf Dorf Mitte,47.18991308,16.20364042,3,14,120.0,6
at:41:30121,Olbendorf Tulmen Nord,47.20459282,16.22056468,3,8,210.0,7
at:41:30122,Olbendorf Bergen Mitte,47.1894186,16.19034535,3,4,420.0,-1
at:41:30123,Olbendorf Landesstraße Nord,47.20716822,16.21578564,3,13,129.23076923076923,7
at:41:30124,Olbendorf Greiner West,47.19310573,16.21386325,3,8,210.0,7
at:41:30125,Olbendorf Dorf Nord,47.19261739,16.20718876,3,14,120.0,6
at:41:30126,Neuberg im Bgld Kleinfavoriten,47.17889909,16.25134994,3,10,168.0,7
at:41:30127,Neuberg im Bgld Feuerwehr,47.17537583,16.25226622,3,10,168.0,7
at:41:30128,Neuberg im Bgld Obere Hauptstraße,47.1726218,16.25593135,3,10,168.0,7
at:41:30129,Neuberg im Bgld Bergen Nord,47.1966156,16.25925512,3,1,1680.0,-1
at:41:30130,Neuberg im Bgld Abzw. Neuberger Bergen,47.20282902,16.24655294,3,6,280.0,-1
at:41:30131,Neuberg im Bgld Kirche,47.16862788,16.25968631,3,10,168.0,7
at:41:30132,St. Nikolaus Mitte,47.04627131,16.33208154,3,12,140.0,7
at:41:30133,Wiesfleck Hubertusstraße,47.38671604,16.13919528,3,3,560.0,-1
at:41:30134,Güttenbach Ost,47.15766445,16.2956818,3,40,42.0,5
at:41:30135,Kleinpetersdorf Süd,47.2113301,16.33509988,3,44,38.18181818181818,4
at:41:30136,Kotezicken Kirche,47.19253193,16.34327455,3,50,33.6,4
at:41:30138,Kohfidisch Am Anger,47.17642001,16.35492569,3,48,35.0,4
at:41:30139,Woppendorf Ortsmitte,47.20762592,16.38937609,3,8,210.0,7
at:41:30140,Badersdorf Eisenberger Straße,47.19566949,16.37429337,3,17,98.82352941176471,6
at:41:30141,Eisenberg/Pinka Abzw. Großdorf,47.18217788,16.42425767,3,15,112.0,6
at:41:30142,Deutsch Schützen Gemeindeamt,47.16353429,16.44879964,3,12,140.0,7
at:41:30143,Höll Nord,47.14287397,16.44022971,3,9,186.66666666666666,7
at:41:30144,Harmisch Nord,47.14883097,16.38160566,3,9,186.66666666666666,7
at:41:30145,St. Kathrein im Bgld Ortsmitte,47.13928722,16.41511282,3,11,152.72727272727272,7
at:41:30146,Edlitz im Bgld Kirche,47.13480192,16.43532491,3,11,152.72727272727272,7
at:41:30147,Winten Abzw. Bildein,47.12729706,16.44022073,3,9,186.66666666666666,7
at:41:30148,Bildein Hauptstraße,47.13299303,16.46296607,3,12,140.0,7
at:41:30149,Eberau Flurgasse,47.10758258,16.4590584,3,13,129.23076923076923,7
at:41:30150,Kulm im Burgenland Glockenturm,47.10398734,16.45213239,3,11,152.72727272727272,7
at:41:30151,Gaas Feuerwehr,47.08167063,16.46314574,3,10,168.0,7
at:41:30152,Moschendorf Dorfstraße,47.06081939,16.47706962,3,11,152.72727272727272,7
at:41:30153,Olbendorf Bergen Süd,47.18338677,16.19578914,3,10,168.0,7
at:41:30154,Strem Kirche,47.0441717,16.41427739,3,16,105.0,6
at:41:30155,Urbersdorf Feuerwehr,47.05653555,16.37377235,3,12,140.0,7
at:41:30156,St. Nikolaus Kapelle,47.04787504,16.32767979,3,12,140.0,7
at:41:30157,Badersdorf Abzw. Feldhäuser,47.20014965,16.36843636,3,5,336.0,-1
at:41:30158,Burg im Bgld Nord,47.21712079,16.40250047,3,21,80.0,6
at:41:30160,Großpetersdorf Bahnstraße,47.23503803,16.32310737,3,48,35.0,4
at:41:30161,Kleinzicken Süd,47.20841926,16.3373277,3,44,38.18181818181818,4
at:41:30162,Kotezicken Nord,47.1947844,16.34161266,3,45,37.333333333333336,4
at:41:30163,Harmisch Mitte,47.14731582,16.38324059,3,10,168.0,7
at:41:30164,Kohfidisch Parkrandsiedlung,47.17080198,16.35974066,3,46,36.52173913043478,4
at:41:30165,Harmisch Ost,47.14727916,16.38536062,3,10,168.0,7
at:41:30166,Eisenberg/Pinka Hauptstraße,47.17952189,16.42586565,3,15,112.0,6
at:41:30167,Deutsch Schützen Obere Hauptstraße,47.1676263,16.44973389,3,12,140.0,7
at:41:30168,Deutsch Schützen Neubaugasse,47.16079796,16.44956321,3,12,140.0,7
at:41:30169,Dreihütten Ort,47.42051511,16.22011552,3,2,840.0,-1
at:41:30170,Tauchen im Bgld Kriegerdenkmal,47.39692067,16.2233764,3,5,336.0,-1
at:41:30171,Bergwerk Ortsmitte,47.36312472,16.25542829,3,5,336.0,-1
at:41:30172,Neustift bei Schlaining Abzw. Bergwerk,47.35407594,16.25038874,3,5,336.0,-1
at:41:30173,Mariasdorf B50,47.36375144,16.24065999,3,44,38.18181818181818,4
at:41:30174,Schmiedrait Ort,47.41444273,16.1812544,3,4,420.0,-1
at:41:30175,Aschau im Bgld Feuerwehr,47.40470357,16.20293973,3,4,420.0,-1
at:41:30178,Jormannsdorf Kirche,47.34759419,16.22207385,3,5,336.0,-1
at:41:30180,Höll Süd,47.14169471,16.43975361,3,10,168.0,7
at:41:30181,Loipersdorf im Bgld Ortsmitte,47.33680776,16.07722949,3,31,54.193548387096776,5
at:41:30182,St. Kathrein im Bgld Ost,47.13808344,16.42144594,3,11,152.72727272727272,7
at:41:30183,Kitzladen Kirche,47.32354085,16.08572755,3,32,52.5,5
at:41:30184,Buchschachen im Bgld Ortsmitte,47.31855348,16.10167265,3,15,112.0,6
at:41:30187,Mariasdorf Kreuz,47.36982359,16.23853997,3,17,98.82352941176471,6
at:41:30188,Winten Kapelle,47.11751103,16.44457756,3,6,280.0,-1
at:41:30190,Oberwart Alfred-Pahr-Gasse Mitte,47.28187362,16.21742956,3,4,420.0,-1
at:41:30191,Holzschlag Kirche,47.38470894,16.30432359,3,5,336.0,-1
at:41:30192,Holzschlag Süd,47.38209959,16.3065065,3,2,840.0,-1
at:41:30194,Loipersdorf im Bgld Volksschule,47.33328283,16.0777056,3,4,420.0,-1
at:41:30195,Loipersdorf im Bgld Am Sand,47.34142818,16.07766966,3,6,280.0,-1
at:41:30197,Glashütten bei Schlaining Feuerwehr,47.36019788,16.33164136,3,5,336.0,-1
at:41:30198,Oberkohlstätten Nord,47.37396052,16.33774092,3,8,210.0,7
at:41:30199,Oberkohlstätten Feuerwehr,47.37088827,16.34035502,3,7,240.0,-1
at:41:30200,Unterkohlstätten Gemeindeamt,47.37540228,16.32555977,3,9,186.66666666666666,7
at:41:30201,Unterkohlstätten Feuerwehr,47.37693526,16.32343974,3,2,840.0,-1
at:41:30202,Unterkohlstätten Pittlermühle,47.3752867,16.30446732,3,8,210.0,7
at:41:30203,Goberling Nord,47.36334985,16.28447981,3,8,210.0,7
at:41:30204,Goberling Sportplatz,47.36860678,16.28634831,3,8,210.0,7
at:41:30205,Goberling Ortsmitte,47.36032567,16.28207232,3,8,210.0,7
at:41:30206,Goberling Süd,47.3557495,16.27866771,3,8,210.0,7
at:41:30207,Stadtschlaining Stiller Graben Nord,47.34182385,16.27860483,3,8,210.0,7
at:41:30208,Miedlingsdorf Kirche,47.26561816,16.31855291,3,2,840.0,-1
at:41:30210,Allersdorf im Bgld Kirche,47.30167574,16.31700781,3,11,152.72727272727272,7
at:41:30211,Rumpersdorf Kirche,47.31533183,16.32659283,3,7,240.0,-1
at:41:30212,Allersgraben Ort,47.31524657,16.314771,3,6,280.0,-1
at:41:30213,Mönchmeierhof Abzw. Allersgraben,47.31891887,16.3090128,3,5,336.0,-1
at:41:30214,Altschlaining Abzw. Mönchmeierhof,47.31130603,16.28988767,3,18,93.33333333333333,6
at:41:30216,Altschlaining Ortsmitte,47.31410768,16.28568355,3,19,88.42105263157895,6
at:41:30218,Siget in der Wart Ortsmitte,47.26103989,16.27750888,3,9,186.66666666666666,7
at:41:30219,Stadtschlaining Hauptplatz,47.32312068,16.2791528,3,20,84.0,6
at:41:30220,Stadtschlaining Kirchenplatz,47.32362001,16.27607158,3,20,84.0,6
at:41:30221,Stadtschlaining Baumschulgasse,47.32221336,16.27390664,3,20,84.0,6
at:41:30222,Drumling Oberwarter Straße,47.31010006,16.25432337,3,20,84.0,6
at:41:30223,St. Martin in der Wart Ortsmitte,47.29922677,16.23840522,3,20,84.0,6
at:41:30224,Neumarkt im Tauchental Abzw. Allersdorf,47.29987862,16.29700232,3,18,93.33333333333333,6
at:41:30225,Eisenberg/Pinka Am Naturpark,47.19048692,16.41009124,3,14,120.0,6
at:41:30226,Rotenturm Kreuz,47.25416259,16.24179187,3,20,84.0,6
at:41:30227,Neuhaus in der Wart Ortsmitte,47.21680351,16.26009953,3,10,168.0,7
at:41:30228,Jabing Ortsmitte,47.23898426,16.27337663,3,45,37.333333333333336,4
at:41:30229,Altschlaining Schlaininger Straße,47.31650724,16.28478524,3,19,88.42105263157895,6
at:41:30230,Oberwart Werfelgasse Mitte,47.29522411,16.20367635,3,4,420.0,-1
at:41:30231,Neuhaus in der Wart Weingartengasse,47.21737706,16.26875929,3,7,240.0,-1
at:41:30232,Mischendorf Hauptplatz,47.19400917,16.31414218,3,10,168.0,7
at:41:30233,Rohrbach an der Teich Ortsmitte,47.20936515,16.28734544,3,12,140.0,7
at:41:30234,Großbachselten Ortsmitte,47.20431208,16.30285036,3,10,168.0,7
at:41:30236,Kohfidisch Schulen,47.17413623,16.35559045,3,23,73.04347826086956,6
at:41:30238,Unterwart Gewerbepark,47.27290235,16.23593485,3,68,24.705882352941178,4
at:41:30239,Wiesfleck Sportplatz,47.37655202,16.15040625,3,3,560.0,-1
at:41:30240,Wiesfleck Friedhof,47.38448998,16.14938217,3,3,560.0,-1
at:41:30241,Kirchfidisch Ortsmitte,47.16248375,16.34729001,3,46,36.52173913043478,4
at:41:30242,Güttenbach Abzw. Kirchfidisch,47.14785957,16.30915653,3,40,42.0,5
at:41:30243,Stegersbach Unterbergen Poschhäuser,47.14442591,16.14886115,3,5,336.0,-1
at:41:30244,Kroatisch Tschantschendorf West,47.09696124,16.28519846,3,4,420.0,-1
at:41:30245,Güssing Kasernenstraße Nord,47.07151523,16.33397698,3,4,420.0,-1
at:41:30246,Oberwart Einkaufszentrum EO,47.2855848,16.18632988,3,21,80.0,6
at:41:30249,Oberkohlstätten Mitte,47.37197726,16.34019332,3,8,210.0,7
at:41:30250,Sumetendorf Ort,47.0444288,16.3945953,3,8,210.0,7
at:41:30251,Olbendorf Bergen Nord,47.19436321,16.18404816,3,4,420.0,-1
at:41:30252,Eisenzicken Meierhof,47.27558414,16.26525586,3,9,186.66666666666666,7
at:41:30253,Spitzzicken Süd,47.27737599,16.28058112,3,9,186.66666666666666,7
at:41:30254,Kitzladen Dorfstraße Mitte,47.322597,16.07980766,3,6,280.0,-1
at:41:30255,Kitzladen Sonnengasse Nord,47.32515449,16.07902612,3,6,280.0,-1
at:41:30256,Loipersdorf im Bgld Untere Hauptstraße,47.33397687,16.07852306,3,31,54.193548387096776,5
at:41:30257,Loipersdorf im Bgld Hammerfeldstraße Mitte,47.33736784,16.07342962,3,6,280.0,-1
at:41:30259,Olbendorf Haxbach Nord,47.20620398,16.2118061,3,13,129.23076923076923,7
at:41:30262,Gamischdorf Ost,47.1077232,16.26093497,3,4,420.0,-1
at:41:30264,St. Michael im Bgld Schulen,47.12672254,16.27230764,3,13,129.23076923076923,7
at:41:30265,Gamischdorf West,47.10908052,16.25603915,3,4,420.0,-1
at:41:30266,Schallendorf im Bgld Ort,47.120109,16.24550191,3,4,420.0,-1
at:41:30267,Pinkafeld E-Werkstraße,47.37608969,16.11327888,3,4,420.0,-1
at:41:30269,Rauchwart im Bgld Ortsmitte,47.13370804,16.23397652,3,47,35.744680851063826,4
at:41:30270,Güssing Ludwigshof Nord,47.08197648,16.34139707,3,4,420.0,-1
at:41:30293,Buchschachen im Bgld Allhauer Landesstraße,47.3118481,16.08327515,3,11,152.72727272727272,7
at:41:30294,Markt Allhau Gemeindeamt,47.29312823,16.08042749,3,45,37.333333333333336,4
at:41:30296,Markt Allhau Am Berg,47.2928114,16.11119479,3,9,186.66666666666666,7
at:41:30297,Markt Allhau Oberbergen,47.29461485,16.10145705,3,7,240.0,-1
at:41:30298,Markt Allhau Sägewerk,47.29422492,16.09027303,3,7,240.0,-1
at:41:30299,Markt Allhau Triftweg,47.28530449,16.0835177,3,34,49.411764705882355,5
at:41:30301,Wolfau Obere Höhenstraße Nord,47.26911713,16.10706254,3,12,140.0,7
at:41:30302,Wolfau Waldgasse,47.25695507,16.10562524,3,12,140.0,7
at:41:30303,Rauchwart im Bgld Brunnergraben Nord,47.11716259,16.22537965,3,4,420.0,-1
at:41:30304,Güttenbach Gemeindeamt,47.15945417,16.28799222,3,44,38.18181818181818,4
at:41:30305,Güttenbach Untere Hauptstraße,47.15568529,16.28363539,3,44,38.18181818181818,4
at:41:30306,Markt Allhau P+R,47.27932623,16.08721876,3,37,45.4054054054054,5
at:41:30307,Wolfau Obere Höhenstraße Mitte,47.26636796,16.10517608,3,12,140.0,7
at:41:30309,Eberau Schulzentrum,47.10774155,16.46200488,3,13,129.23076923076923,7
at:41:30311,Gamischdorf Brunnergraben Süd,47.11008932,16.23935743,3,4,420.0,-1
at:41:30313,Grodnau Ortsmitte,47.37548137,16.26292024,3,7,240.0,-1
at:41:30319,Olbendorf Haxbach Mitte,47.20118113,16.21128508,3,9,186.66666666666666,7
at:41:30321,Stadtschlaining Volksschule,47.31972881,16.27346646,3,20,84.0,6
at:41:30326,Stegersbach Jagdgasse,47.16531771,16.17639451,3,5,336.0,-1
at:41:30327,Stegersbach Leitenwaldgasse,47.15085926,16.16351267,3,1,1680.0,-1
at:41:30344,Dürnbach im Bgld Bildungscampus,47.2690196,16.39040915,3,2,840.0,-1
at:41:30353,Weiden bei Rechnitz Kirche,47.3024433,16.34598746,3,6,280.0,-1
at:41:30354,Oberpodgoria Kirche,47.32162877,16.34531372,3,4,420.0,-1
at:41:30355,Unterpodgoria Abzw. Ort,47.31574597,16.35683012,3,4,420.0,-1
at:41:30356,Parapatitschberg Ort,47.31756082,16.36529225,3,2,840.0,-1
at:41:30357,Althodis Ortsmitte,47.31405287,16.37671882,3,4,420.0,-1
at:41:30358,Markt Neuhodis Ortsmitte,47.29678988,16.39502649,3,8,210.0,7
at:41:30387,Markt Neuhodis Süd,47.29313432,16.39614938,3,8,210.0,7
at:41:3041,Andau Friedhof,47.77374943,17.02995573,3,33,50.90909090909091,5
at:41:3042,Andau Kirche,47.77475763,17.03353103,3,33,50.90909090909091,5
at:41:3044,Andau Ödenburger Straße,47.77370113,17.02513178,3,33,50.90909090909091,5
at:41:3050,Apetlon Feuerwehr,47.74226789,16.8309789,3,36,46.666666666666664,5
at:41:3051,Apetlon Obere Akaziengasse,47.7465809,16.83722219,3,38,44.21052631578947,5
at:41:3052,Apetlon Illmitzer Straße,47.74633928,16.8276731,3,38,44.21052631578947,5
at:41:3053,Apetlon Quergasse,47.74280553,16.83580285,3,36,46.666666666666664,5
at:41:3054,Apetlon Wasserzeile,47.74261826,16.82937091,3,36,46.666666666666664,5
at:41:30639,Tobaj Sauerberg,47.08575059,16.29201667,3,5,336.0,-1
at:41:30746,Strem Pflegekompetenzzentrum,47.04401254,16.41926303,3,16,105.0,6
at:41:30751,Oberdorf im Bgld Tuscherberg,47.22704709,16.21301883,3,14,120.0,6
at:41:30753,Olbendorf Schoada Süd,47.20863895,16.22559524,3,8,210.0,7
at:41:30770,Neuberg im Bgld Beim Ziehbrunnen,47.18291054,16.24853822,3,10,168.0,7
at:41:30811,Kemeten Obere Hauptstraße,47.25485158,16.15248136,3,55,30.545454545454547,4
at:41:30812,Litzelsdorf Abzw. Waldhäuser,47.2259185,16.16418641,3,53,31.69811320754717,4
at:41:30813,Litzelsdorf Blumengasse,47.2127702,16.16451879,3,18,93.33333333333333,6
at:41:30814,Litzelsdorf Volksschule,47.20793715,16.16203944,3,9,186.66666666666666,7
at:41:30815,Ollersdorf im Bgld Königsleitn,47.18825258,16.16406963,3,52,32.30769230769231,4
at:41:30816,Ollersdorf im Bgld B57/Gemeindeamt,47.18303265,16.16406065,3,55,30.545454545454547,4
at:41:30817,Stegersbach B57 Nord,47.16955616,16.1629108,3,55,30.545454545454547,4
at:41:30819,Stegersbach B57 Süd,47.15385878,16.17157056,3,67,25.074626865671643,4
at:41:30820,Bocksdorf Feuerwehr,47.14359495,16.17946675,3,19,88.42105263157895,6
at:41:30821,Bocksdorf Untere Hauptstraße,47.13842563,16.17677181,3,19,88.42105263157895,6
at:41:30822,Bocksdorf Am Kogelberg,47.13026124,16.18219763,3,19,88.42105263157895,6
at:41:30823,Rohr im Bgld Teichweg,47.11604389,16.16978291,3,9,186.66666666666666,7
at:41:30824,Eisenhüttl Kirche,47.10433587,16.19821459,3,19,88.42105263157895,6
at:41:30825,Eisenhüttl Fedenberger Bach,47.10115622,16.19912189,3,19,88.42105263157895,6
at:41:30827,Heugraben Ortsmitte,47.11685693,16.19154011,3,19,88.42105263157895,6
at:41:30828,Bocksdorf Zieglersiedlung,47.14151751,16.19986749,3,44,38.18181818181818,4
at:41:30829,Neudauberg Wehrweg,47.17187678,16.11069173,3,2,840.0,-1
at:41:30830,Neudauberg Abzw. Mitterberg,47.17613912,16.11954912,3,5,336.0,-1
at:41:30831,Hackerberg Stinatzer Berg,47.19084709,16.12526241,3,3,560.0,-1
at:41:30832,Ollersdorf im Bgld Sauberg,47.18747725,16.14026427,3,3,560.0,-1
at:41:30833,Ollersdorf im Bgld Kölbingweg,47.18470553,16.14683994,3,3,560.0,-1
at:41:30834,Ollersdorf im Bgld Kirchengasse,47.18220841,16.15877855,3,10,168.0,7
at:41:30838,Limbach im Bgld Holzbergstraße Mitte,47.06311416,16.15449359,3,9,186.66666666666666,7
at:41:30841,Limbach im Bgld Hauptstraße,47.0589835,16.16689932,3,10,168.0,7
at:41:30842,Limbach im Bgld Volksschule,47.0606052,16.1695224,3,7,240.0,-1
at:41:30844,Limbach im Bgld Gründelsberg Mitte,47.06159656,16.1838146,3,6,280.0,-1
at:41:30846,Limbach im Bgld Birkenweg,47.06725673,16.17518179,3,8,210.0,7
at:41:30847,Limbach im Bgld Zellenberg,47.07280618,16.18825228,3,4,420.0,-1
at:41:30853,Rudersdorf Bergkammweg Süd,47.04742208,16.13450607,3,6,280.0,-1
at:41:30859,Rudersdorf Marbachstraße Nord,47.06388518,16.14072241,3,6,280.0,-1
at:41:30864,Limbach im Bgld Am Wiesengrund Mitte,47.05310824,16.1613118,3,7,240.0,-1
at:41:3087,Bad Sauerbrunn Bahnhof,47.7738701730191,16.324886031214,1,45,37.333333333333336,3
at:41:30878,Litzelsdorf P+R,47.20927971,16.16100637,3,36,46.666666666666664,5
at:41:3088,Bad Sauerbrunn Schubertallee,47.77667136,16.32855116,3,68,24.705882352941178,4
at:41:30883,Neuberg im Bgld Untere Hauptstraße,47.16509173,16.26238125,3,8,210.0,7
at:41:30898,Rohrbach an der Teich Abzw. Bergen,47.20819346,16.28549491,3,2,840.0,-1
at:41:30900,Rohrbach an der Teich Bergen Feuerwehr,47.20209053,16.2782994,3,2,840.0,-1
at:41:30901,Großpetersdorf Römerweg,47.2271447,16.32387992,3,47,35.744680851063826,4
at:41:30902,Großpetersdorf Zieglergasse,47.23068891,16.32248753,3,4,420.0,-1
at:41:30904,Großpetersdorf Rosenhügel Nord,47.23614813,16.3279403,3,4,420.0,-1
at:41:30905,Großpetersdorf Rosenhügel Mitte,47.23509903,16.33203662,3,4,420.0,-1
at:41:30906,Großpetersdorf Rosenhügel Süd,47.23425119,16.33481242,3,4,420.0,-1
at:41:30907,Großpetersdorf Burgerstraße,47.2363982,16.33036575,3,18,93.33333333333333,6
at:41:30908,Großpetersdorf Badgasse Mitte,47.24318633,16.33094068,3,4,420.0,-1
at:41:30910,Großpetersdorf Evangelische Kirche,47.24064927,16.32152633,3,4,420.0,-1
at:41:30911,Großpetersdorf Blumentalstraße Mitte,47.2437291,16.31620831,3,4,420.0,-1
at:41:30912,Großpetersdorf Fasangasse,47.2452537,16.31128554,3,4,420.0,-1
at:41:30913,Großpetersdorf Mozartgasse,47.24702218,16.31011773,3,4,420.0,-1
at:41:30914,Großpetersdorf Blumentalstraße Nord,47.24669898,16.31358522,3,4,420.0,-1
at:41:30915,Großpetersdorf Neubaugasse,47.24347906,16.31264199,3,4,420.0,-1
at:41:30917,Großpetersdorf Feldgasse,47.23606274,16.32209227,3,3,560.0,-1
at:41:30920,Großpetersdorf Hofäcker Nord,47.24225324,16.30847381,3,4,420.0,-1
at:41:30921,Großpetersdorf Zentralschule,47.23659948,16.31394455,3,39,43.07692307692308,5
at:41:30948,Neuberg im Bgld Winkelweg,47.1595458,16.26451026,3,8,210.0,7
at:41:30977,Neuberg im Bgld Feldweg,47.15657714,16.26542654,3,8,210.0,7
at:41:31024,Mattersburg Raiffeisengasse,47.73185239,16.40543796,3,26,64.61538461538461,6
at:41:31033,Mattersburg Kindergarten Mühlgasse,47.73342935,16.3868069,3,26,64.61538461538461,6
at:41:31037,Mattersburg Gerichtsberggasse,47.74341565,16.39737109,3,52,32.30769230769231,4
at:41:31041,Kemeten Kinogasse,47.248193,16.15094524,3,57,29.473684210526315,4
at:41:31042,Kemeten Bergen,47.25029067,16.14298617,3,1,1680.0,-1
at:41:31043,Mattersburg Märzenkreuz,47.7467017,16.40100927,3,26,64.61538461538461,6
at:41:31046,Tschurndorf Alois-Wessely-Straße West,47.60123443,16.40966004,3,101,16.633663366336634,3
at:41:31048,Walbersdorf Arena West,47.74742654,16.41726878,3,26,64.61538461538461,6
at:41:31066,Deutschkreutz Wiesengasse,47.60279717,16.61435017,3,44,38.18181818181818,4
at:41:31093,Oberpullendorf Wiener Straße,47.50841014,16.50318365,3,108,15.555555555555555,3
at:41:31095,Oberpullendorf Berggasse,47.50146187,16.51311003,3,10,168.0,7
at:41:31096,Oberpullendorf Lehárgasse,47.50029666,16.50957067,3,8,210.0,7
at:41:31097,Oberpullendorf Mittelschule,47.49863375,16.51068458,3,84,20.0,4
at:41:31098,Oberpullendorf Mühlbachgasse,47.50531539,16.4990514,3,5,336.0,-1
at:41:31099,Oberpullendorf Schloßplatz,47.50303973,16.50334535,3,5,336.0,-1
at:41:31102,Mitterpullendorf Rottwiese,47.48991175,16.52270404,3,10,168.0,7
at:41:31103,Mitterpullendorf Florianigasse,47.49474332,16.5123285,3,10,168.0,7
at:41:31105,Mitterpullendorf Kirche,47.4944884,16.5187784,3,10,168.0,7
at:41:31107,Mattersburg Haydngasse,47.73639583,16.39247527,3,4,420.0,-1
at:41:31110,Mattersburg Schubertstraße,47.7354473,16.3943258,3,26,64.61538461538461,6
at:41:31112,Mattersburg Angergasse,47.73974275,16.39708363,3,26,64.61538461538461,6
at:41:31113,Mattersburg Wiener Straße,47.74189336,16.39239442,3,84,20.0,4
at:41:31114,Mattersburg Hirtengasse West,47.74011126,16.39882636,3,4,420.0,-1
at:41:31115,Mattersburg Arbeitergasse,47.74168192,16.40799816,3,30,56.0,5
at:41:31116,Mattersburg Fachmarktzentrum,47.73049895,16.41284906,3,26,64.61538461538461,6
at:41:31126,Mattersburg Hirtengasse Ost,47.7420625,16.40347964,3,30,56.0,5
at:41:31127,Mattersburg Pielgasse,47.73257139,16.39111882,3,69,24.347826086956523,4
at:41:31139,Mattersburg Bergstraße,47.7291213,16.39642786,3,30,56.0,5
at:41:31151,Mattersburg Josef-Hyrtl-Gasse,47.74072745,16.40788138,3,17,98.82352941176471,6
at:41:31160,Walbersdorf Arena Ost,47.74765607,16.41972118,3,26,64.61538461538461,6
at:41:31199,Markt Allhau Wolfauer Straße,47.28212957,16.08573654,3,33,50.90909090909091,5
at:41:31203,Mattersburg Awarenweg,47.73005182,16.39211595,3,26,64.61538461538461,6
at:41:31207,Oberpullendorf Spitalstraße/Krankenhaus,47.50700236,16.50771116,3,41,40.97560975609756,5
at:41:31209,Mühlgraben Gamperlberg Mitte,46.89351932,16.0544033,3,7,240.0,-1
at:41:31210,Mühlgraben Tostlerkogel,46.89345793,16.04504285,3,7,240.0,-1
at:41:31211,Mühlgraben Tostlereck,46.89418843,16.03617648,3,7,240.0,-1
at:41:31212,Mühlgraben Aschbuch,46.901364,16.03644598,3,7,240.0,-1
at:41:31213,Mühlgraben Uhudlerweg,46.90561732,16.04207841,3,7,240.0,-1
at:41:31214,Mühlgraben Deutscheck Kreuzgasse,46.9087043,16.05147479,3,7,240.0,-1
at:41:31215,Deutscheck Deutscheck Wartegg,46.91485317,16.06207491,3,7,240.0,-1
at:41:31216,Welten Bachstraße Nord,46.92809357,16.07797509,3,7,240.0,-1
at:41:31217,Welten Bergstraße,46.92746782,16.08297871,3,7,240.0,-1
at:41:31218,Gritsch Hauptstraße,46.92375614,16.09656124,3,7,240.0,-1
at:41:31219,Doiber Hauptstraße Mitte,46.92069457,16.11341363,3,7,240.0,-1
at:41:31221,St. Martin/Raab Volksschule,46.9214247,16.13783882,3,10,168.0,7
at:41:31222,Jennersdorf Abzw. Loipersdorf,46.93705567,16.13101163,3,5,336.0,-1
at:41:31223,Jennersdorf Volksschule,46.93738076,16.144145,3,14,120.0,6
at:41:31226,Oberpullendorf Krankenhaus/Höhenstraße,47.50681425,16.51070255,3,10,168.0,7
at:41:31229,Bildein Kirche,47.12777989,16.46733189,3,13,129.23076923076923,7
at:41:31232,Mattersburg BH,47.73982128,16.39424495,3,13,129.23076923076923,7
at:41:31233,Mattersburg Donnerweg,47.7305352,16.39839517,3,26,64.61538461538461,6
at:41:31235,Mattersburg Dr.-Karl-Renner-Platz,47.73452292,16.40578831,3,26,64.61538461538461,6
at:41:31236,Mattersburg Franz-Liszt-Gasse,47.74086639,16.39803584,3,26,64.61538461538461,6
at:41:31237,Moschendorf Gemeindeamt,47.05779014,16.47741098,3,4,420.0,-1
at:41:31239,Moschendorf Weinmuseum,47.05369579,16.45930095,3,11,152.72727272727272,7
at:41:31240,Strem Volksschule,47.04269029,16.41334314,3,8,210.0,7
at:41:31242,Güssing LFS,47.06324878,16.33378834,3,18,93.33333333333333,6
at:41:31244,Güssing Marktplatz,47.05965055,16.32614367,3,53,31.69811320754717,4
at:41:31245,Moschendorf Mühlstraße,47.05815733,16.47059277,3,11,152.72727272727272,7
at:41:31247,Mattersburg Gartengasse,47.73373748,16.39046305,3,26,64.61538461538461,6
at:41:31248,Mattersburg Hans-Suchard-Gasse,47.74273304,16.40755799,3,26,64.61538461538461,6
at:41:31249,Mattersburg Ederergasse,47.7339127,16.39280765,3,26,64.61538461538461,6
at:41:31250,Mattersburg Hirschkreitgasse,47.73109108,16.38855862,3,26,64.61538461538461,6
at:41:31256,Güssing Ludwigshof Mitte,47.0792176,16.34199894,3,4,420.0,-1
at:41:31277,Jabing Untere Hauptstraße,47.23431829,16.27948518,3,45,37.333333333333336,4
at:41:31278,Jabing Obere Hauptstraße,47.24335709,16.27086135,3,46,36.52173913043478,4
at:41:31279,Neuhaus in der Wart Obertrum,47.21541843,16.25398201,3,7,240.0,-1
at:41:31297,Mattersburg Kindergarten Hochstraße,47.73428729,16.39702973,3,26,64.61538461538461,6
at:41:31312,Mattersburg Wassergasse,47.73303058,16.39271782,3,26,64.61538461538461,6
at:41:31313,Mattersburg Johann-Strauß-Gasse,47.73243847,16.40096435,3,26,64.61538461538461,6
at:41:31314,Mattersburg Kremsergasse,47.73635959,16.39756872,3,26,64.61538461538461,6
at:41:31315,Mattersburg Kulturzentrum,47.7373081,16.40804308,3,26,64.61538461538461,6
at:41:31317,Mattersburg Tillbrunngasse,47.73810557,16.38850472,3,26,64.61538461538461,6
at:41:31318,Mattersburg Leitgebgasse,47.73671604,16.39320291,3,26,64.61538461538461,6
at:41:31319,Mariasdorf Nord,47.37017645,16.23792911,3,5,336.0,-1
at:41:31320,Mariasdorf Süd,47.36320382,16.22759849,3,20,84.0,6
at:41:31321,Oberschützen Friedhof,47.34626122,16.21006337,3,50,33.6,4
at:41:31322,Bad Tatzmannsdorf Waldweg,47.32892351,16.22237927,3,44,38.18181818181818,4
at:41:31323,Mattersburg Mühlgasse Ost,47.73470417,16.38916049,3,26,64.61538461538461,6
at:41:31324,Mattersburg Otto-Glöckel-Gasse,47.74107783,16.40580627,3,13,129.23076923076923,7
at:41:31326,Mattersburg Quellengasse,47.73822639,16.385154,3,26,64.61538461538461,6
at:41:31327,Mattersburg Römerweg,47.72928444,16.39371495,3,30,56.0,5
at:41:31328,Mattersburg Schwimmbad,47.74040727,16.40771968,3,26,64.61538461538461,6
at:41:31329,Mattersburg Seminargasse,47.73558022,16.40433303,3,26,64.61538461538461,6
at:41:31330,Mattersburg Siedlungsgasse,47.73995419,16.39844009,3,26,64.61538461538461,6
at:41:31331,Großpetersdorf P+R,47.24805885,16.29683164,3,36,46.666666666666664,5
at:41:31332,Großpetersdorf Halbgasse,47.2415153,16.31398048,3,77,21.818181818181817,4
at:41:31335,Kleinpetersdorf Nord,47.21637029,16.33213544,3,44,38.18181818181818,4
at:41:31336,Kotezicken Süd,47.18783134,16.34114554,3,48,35.0,4
at:41:31337,Kohfidisch West,47.17794044,16.35101802,3,49,34.285714285714285,4
at:41:31338,Mattersburg Theodor-Körner-Straße,47.74186919,16.39057084,3,26,64.61538461538461,6
at:41:31339,Mattersburg Triftgasse,47.73986961,16.39281663,3,26,64.61538461538461,6
at:41:31340,St. Michael im Bgld Abzw. Neuberg,47.13620744,16.2716878,3,47,35.744680851063826,4
at:41:31341,St. Michael im Bgld Liebmanngasse,47.1313613,16.27112186,3,47,35.744680851063826,4
at:41:31342,Mattersburg Veranstaltungsplatz,47.73710269,16.39896111,3,13,129.23076923076923,7
at:41:31343,Mattersburg Viadukt,47.74015959,16.40482711,3,13,129.23076923076923,7
at:41:31345,Neustift bei Güssing Grubenberg Nord,47.03268666,16.27224476,3,47,35.744680851063826,4
at:41:31346,Neustift bei Güssing Feuerwehr,47.02601245,16.26265075,3,46,36.52173913043478,4
at:41:31347,Mattersburg Sozialzentrum,47.7389151,16.39958095,3,26,64.61538461538461,6
at:41:31348,Heiligenkreuz im Lafnitztal Güssinger Str. Nord,47.00547024,16.26038699,3,47,35.744680851063826,4
at:41:31349,Poppendorf im Bgld Abzw. Wallendorf,46.99264113,16.23940235,3,41,40.97560975609756,5
at:41:31350,Mattersburg Volksschule,47.73834722,16.39789211,3,65,25.846153846153847,4
at:41:31351,Mogersdorf Hauptplatz,46.94761688,16.22990716,3,30,56.0,5
at:41:31352,Walbersdorf Bahnstraße,47.73697582,16.41740352,3,26,64.61538461538461,6
at:41:31353,Walbersdorf Friedhof,47.74560839,16.42339529,3,26,64.61538461538461,6
at:41:31354,Weichselbaum im Bgld Abzw. Maria Bild,46.94114056,16.18438054,3,34,49.411764705882355,5
at:41:31355,Rax West,46.94298051,16.1603506,3,35,48.0,5
at:41:31356,Walbersdorf Hauptstraße,47.7403227,16.41856235,3,13,129.23076923076923,7
at:41:31357,Walbersdorf Hintergasse,47.74046768,16.41563384,3,13,129.23076923076923,7
at:41:31359,Walbersdorf Marzer Straße,47.73939236,16.418751,3,13,129.23076923076923,7
at:41:31360,Walbersdorf Stierwiese,47.73989378,16.41480739,3,13,129.23076923076923,7
at:41:31373,Redlschlag Abzw. Kalteneck,47.44588511,16.27181356,3,12,140.0,7
at:41:31375,Kohfidisch Marienkapelle,47.16469474,16.35433281,3,46,36.52173913043478,4
at:41:31383,Kohfidisch Kirche,47.17455147,16.35764759,3,49,34.285714285714285,4
at:41:31391,Oberpullendorf Hotterweg,47.49803898,16.51474497,3,8,210.0,7
at:41:31392,Mattersburg Dr.-A.-Schärf-Str.,47.73618438,16.38496536,3,30,56.0,5
at:41:31403,Rauchwart im Bgld Bergen,47.12053688,16.22116655,3,3,560.0,-1
at:41:31410,Rauchwart im Bgld Abzw. Bergen,47.12031071,16.23200023,3,3,560.0,-1
at:41:3145,Baumgarten-Schattendorf Bahnhof,47.7275139949144,16.5182573793005,0,35,48.0,3
at:41:31473,Horitschon Friedhof,47.58721615,16.55261794,3,53,31.69811320754717,4
at:41:31474,Willersdorf im Bgld Süd,47.36437207,16.19832239,3,3,560.0,-1
at:41:31475,Willersdorf im Bgld Ortsmitte,47.37108295,16.19501659,3,3,560.0,-1
at:41:31478,Aschau im Bgld Süd,47.40064201,16.20517654,3,4,420.0,-1
at:41:31479,Aschau im Bgld Ortsmitte,47.40366997,16.20417941,3,4,420.0,-1
at:41:31480,Aschau im Bgld Abzw. Offenegg,47.41387739,16.2003436,3,4,420.0,-1
at:41:31481,Grodnau West,47.373413,16.25756628,3,7,240.0,-1
at:41:31482,Bildein Feuerwehr,47.13378748,16.46628086,3,13,129.23076923076923,7
at:41:31483,Rettenbach im Bgld Schmelz,47.39907932,16.24264527,3,3,560.0,-1
at:41:31484,Rettenbach im Bgld Am Rettenbach,47.4078164,16.23994134,3,3,560.0,-1
at:41:31485,Rettenbach im Bgld Mühle,47.42196776,16.24429817,3,3,560.0,-1
at:41:31486,Stuben im Bgld Feuerwehr,47.43011158,16.24824177,3,3,560.0,-1
at:41:31488,Tauchen im Bgld Abzw. Rettenbach,47.38508604,16.23756979,3,4,420.0,-1
at:41:31495,Bernstein im Bgld Raiffeisenplatz,47.40414421,16.25868019,3,12,140.0,7
at:41:31499,Stadtschlaining Obere Heide,47.31950349,16.27171475,3,20,84.0,6
at:41:31500,Altschlaining Abzw. Goberling,47.31754864,16.28495592,3,4,420.0,-1
at:41:31501,Neumarkt im Tauchental Ortsmitte,47.2971737,16.29746047,3,15,112.0,6
at:41:31503,Bildein Friedhof,47.13019401,16.46761036,3,13,129.23076923076923,7
at:41:31507,Günseck B50,47.39620313,16.32134667,3,41,40.97560975609756,5
at:41:31510,Günseck Volksschule,47.39498693,16.32293669,3,6,280.0,-1
at:41:31519,Günseck Süd,47.39308961,16.3255957,3,6,280.0,-1
at:41:31532,Tobaj Süd,47.08877213,16.30462004,3,56,30.0,4
at:41:31539,Rotenturm an der Pinka Berg,47.24702828,16.24702006,3,2,840.0,-1
at:41:31540,Rotenturm an der Pinka Parkgasse,47.24949796,16.25023603,3,1,1680.0,-1
at:41:31541,Mischendorf Nord,47.1967682,16.30884212,3,10,168.0,7
at:41:31542,Mischendorf Untere Hauptstraße,47.19238542,16.31582203,3,7,240.0,-1
at:41:31543,Altschlaining Abzw Schönau,47.32618354,16.28092248,3,2,840.0,-1
at:41:31544,Stadtschlaining Stiller Graben Süd,47.32962371,16.27489479,3,6,280.0,-1
at:41:31545,Stadtschlaining Stiller Graben Mitte,47.33347765,16.27521818,3,6,280.0,-1
at:41:31547,St. Michael im Bgld Abzw. Gamischdorf,47.11935713,16.27135542,3,58,28.96551724137931,4
at:41:31548,Tauchen im Bgld Sägewerk,47.39037121,16.22976343,3,3,560.0,-1
at:41:31550,Rechnitz Prangergasse Nord,47.30324132,16.43571119,3,11,152.72727272727272,7
at:41:31555,Rotenturm an der Pinka Steinriegel,47.24624161,16.25250877,3,1,1680.0,-1
at:41:31557,Rotenturm an der Pinka Getreidegasse,47.25116264,16.25372149,3,22,76.36363636363636,6
at:41:31558,Pinkafeld Wiener Straße/P+R,47.38441091,16.11787826,3,80,21.0,4
at:41:3186,Breitenbrunn Bahnhof,47.9412290178053,16.7463845457344,0,45,37.333333333333336,2
at:41:3187,Breitenbrunn/Neusiedler See Eisenstädter Str.,47.94160212,16.7293974,3,26,64.61538461538461,6
at:41:3188,Breitenbrunn/Neusiedler See Türkenturm,47.94595273,16.73315236,3,26,64.61538461538461,6
at:41:3218,Bruckneudorf Neubaugasse,48.0193044,16.78974622,3,30,56.0,5
at:41:3219,Bruckneudorf Feriensiedlung,48.01639613,16.8068771,3,30,56.0,5
at:41:3220,Bruckneudorf Kiralystraße,48.02095075,16.7837365,3,30,56.0,5
at:41:3275,Deutsch Jahrndorf Obere Hauptstr.,48.01173895,17.1053693,3,19,88.42105263157895,6
at:41:3276,Deutsch Jahrndorf Mühlstraße,48.0139384,17.10107535,3,19,88.42105263157895,6
at:41:3277,Deutsch Jahrndorf Kirche,48.01030266,17.1088907,3,20,84.0,6
at:41:3293,Eisenstadt Polizeidirektion,47.84614557,16.54261969,3,121,13.884297520661157,3
at:41:3294,Deutschkreutz Bahnhof,47.60379657,16.62028803,0,108,15.555555555555555,1
at:41:3298,Donnerskirchen Bahnhof,47.8885710090209,16.6604157730322,0,45,37.333333333333336,2
at:41:3299,Donnerskirchen Bundesstraße,47.89402835,16.64743512,3,28,60.0,5
at:41:3303,Draßburg Bahnhof,47.747831237274,16.4947754177703,0,35,48.0,3
at:41:3304,Draßburg Baumgartner Straße,47.74212895,16.49052639,3,37,45.4054054054054,5
at:41:3305,Draßburg Rosenplatz,47.74530636,16.4884423,3,37,45.4054054054054,5
at:41:3307,Draßburg Antoniweg,47.74816345,16.4939849,3,35,48.0,5
at:41:3308,Draßburg Eisenstädter Straße,47.75195051,16.49847648,3,36,46.666666666666664,5
at:41:3337,Edelstal Hauptstraße,48.09753171,16.98883086,3,17,98.82352941176471,6
at:41:3338,Edelstal Sportplatz,48.09889958,16.99066342,3,17,98.82352941176471,6
at:41:3351,Eisenstadt Bahnhof,47.83915168,16.52905513,0,359,4.67966573816156,0
at:41:3352,Eisenstadt Bahnstraße/Ödenburger Straße,47.84189509,16.52649493,3,39,43.07692307692308,5
at:41:3353,Eisenstadt Bahnstraße/VS,47.84410779,16.5238988,3,30,56.0,5
at:41:3354,St. Georgen Sandgrubweg,47.85500113,16.53970017,3,28,60.0,5
at:41:3355,Eisenstadt Schlosspark West,47.8478517,16.51663143,3,19,88.42105263157895,6
at:41:3356,Eisenstadt St.-Rochus-Straße,47.84457806,16.52450965,3,39,43.07692307692308,5
at:41:3357,Eisenstadt Bründlfeldweg 75,47.83395389,16.522192,3,40,42.0,5
at:41:3358,Eisenstadt Bürgerspitalgasse/Gymnasium,47.84791198,16.52970192,3,140,12.0,3
at:41:3360,Eisenstadt Domplatz,47.84597676,16.52579424,3,557,3.0161579892280073,0
at:41:3361,Eisenstadt Esterházystraße,47.84589236,16.51789805,3,99,16.96969696969697,3
at:41:3362,Eisenstadt Schloss Esterházy,47.8447951,16.51992825,3,117,14.35897435897436,3
at:41:3363,Eisenstadt Finanzamt,47.84738749,16.53342992,3,124,13.548387096774194,3
at:41:3364,Eisenstadt Franz-Werfel-Gasse,47.83849445,16.52675544,3,210,8.0,2
at:41:3366,Eisenstadt Hotterweg,47.83627548,16.52298252,3,1,1680.0,-1
at:41:3367,Eisenstadt Eisbachstraße,47.83155381,16.5306721,3,209,8.038277511961722,2
at:41:3368,Eisenstadt Glorietteallee,47.85027514,16.51381072,3,19,88.42105263157895,6
at:41:3369,Eisenstadt Bergstraße,47.8522102,16.53203754,3,118,14.23728813559322,3
at:41:3370,Eisenstadt Kasernenstraße,47.84884038,16.54192799,3,13,129.23076923076923,7
at:41:3371,Eisenstadt Landesgerichtsstraße,47.84441527,16.50763031,3,167,10.059880239520957,3
at:41:3372,Eisenstadt Langriedgasse,47.84882229,16.54078713,3,48,35.0,4
at:41:3373,Eisenstadt Martinkaserne,47.85120349,16.53156143,3,32,52.5,5
at:41:3374,Eisenstadt Mattersburger Straße Nord,47.83649858,16.52430304,3,76,22.105263157894736,4
at:41:3376,Eisenstadt Oberberg,47.84541608,16.51264291,3,216,7.777777777777778,2
at:41:3377,Eisenstadt Gymnasium Wolfgarten,47.85338566,16.51283155,3,22,76.36363636363636,6
at:41:3378,Eisenstadt Ruster Straße/Gartengasse,47.84319137,16.52210217,3,301,5.5813953488372094,2
at:41:3380,Eisenstadt Georgistraße,47.84762261,16.53665488,3,29,57.93103448275862,5
at:41:3400,Eisenstadt Einkaufszentrum EZE,47.8351961,16.52934259,3,209,8.038277511961722,2
at:41:3443,Frauenkirchen Bahnhof,47.8397727307877,16.9158517241071,0,36,46.666666666666664,3
at:41:3444,Frauenkirchen Kirchenplatz,47.83594986,16.92751186,3,44,38.18181818181818,4
at:41:3445,Frauenkirchen Halbturner Straße,47.83582926,16.932767,3,19,88.42105263157895,6
at:41:3447,Frauenkirchen Mühlteich,47.83819297,16.92266095,3,27,62.22222222222222,6
at:41:3487,Gattendorf Hauptplatz,48.01526042,16.98280316,3,32,52.5,5
at:41:3488,Gattendorf Alte Villa,48.01721936,16.97770073,3,32,52.5,5
at:41:3489,Gattendorf Obere Hauptstraße,48.01939453,16.97218508,3,33,50.90909090909091,5
at:41:3490,Eisenstadt Schule,47.8438726612536,16.536699792086,0,59,28.47457627118644,2
at:41:3531,Gols Bahnhof,47.8919021043317,16.9046407493598,0,36,46.666666666666664,3
at:41:3532,Gols Badgasse,47.89266106,16.92026245,3,39,43.07692307692308,5
at:41:3533,Gols Kirche,47.89794331,16.90934792,3,39,43.07692307692308,5
at:41:3534,Gols Obere Hauptstraße,47.9022976,16.90157749,3,39,43.07692307692308,5
at:41:3562,Großhöflein Wiener Straße,47.8360584,16.48010593,3,128,13.125,3
at:41:3591,Großhöflein Steinbruchweg,47.83613679,16.46660425,3,124,13.548387096774194,3
at:41:3644,Großhöflein Eisenstädter Str.,47.83663124,16.48730143,3,128,13.125,3
at:41:3688,Halbturn Kriegerdenkmal,47.87071317,16.97394577,3,34,49.411764705882355,5
at:41:3689,Halbturn Erzherzog-Friedrich-Straße,47.86802552,16.97256237,3,32,52.5,5
at:41:3691,Halbturn Wiener Straße,47.87262939,16.9691308,3,34,49.411764705882355,5
at:41:3787,Hornstein Gemeindeamt,47.87910061,16.44193651,3,15,112.0,6
at:41:3788,Hornstein Wiener Straße,47.88110689,16.43899902,3,90,18.666666666666668,3
at:41:3789,Hornstein Eisenstädter Straße,47.87723284,16.44057107,3,67,25.074626865671643,4
at:41:3803,Illmitz Abzw. Hölle,47.80766149,16.82229219,3,39,43.07692307692308,5
at:41:3808,Illmitz Gemeindeamt,47.7621748,16.80151415,3,39,43.07692307692308,5
at:41:3809,Illmitz Obere Hauptstraße,47.76627482,16.80289756,3,39,43.07692307692308,5
at:41:3831,Jois Bahnhof,47.9566742664362,16.7907703039289,0,45,37.333333333333336,2
at:41:3832,Jois Neuberghöhe,47.96426584,16.79884616,3,26,64.61538461538461,6
at:41:3839,Kaisersteinbruch Gemeindeamt,47.98907202,16.70302287,3,22,76.36363636363636,6
at:41:3886,Kittsee Hauptplatz,48.09145983,17.06569071,3,43,39.06976744186046,4
at:41:3887,Kittsee Krankenhaus,48.09261186,17.06497206,3,22,76.36363636363636,6
at:41:3888,Kittsee Schloss,48.09408786,17.06035472,3,44,38.18181818181818,4
at:41:3889,Kittsee Untere Hauptstraße,48.08725349,17.06754124,3,41,40.97560975609756,5
at:41:3904,Kleinhöflein im Bgld Wiener Str.,47.84097863,16.50056955,3,167,10.059880239520957,3
at:41:3923,Klingenbach Dr.-Karl-Renner-Platz,47.75492802,16.53992474,3,13,129.23076923076923,7
at:41:4024,Lackenbach Bahnweg,47.58683444,16.47503943,3,18,93.33333333333333,6
at:41:4109,Loipersbach-Schattendorf Bhf.,47.70090775,16.49179301,0,80,21.0,2
at:41:4110,Loretto Hauptplatz,47.91563522,16.51530192,3,24,70.0,6
at:41:4111,Loretto Johannesbergsiedlung,47.91434075,16.52089843,3,24,70.0,6
at:41:4176,Marz-Rohrbach Bahnhof,47.71738564,16.42903671,0,80,21.0,2
at:41:4177,Mattersburg Bahnhof,47.73549564,16.40922885,0,201,8.35820895522388,0
at:41:4227,Müllendorf Bahnhof,47.83455691,16.45954349,0,121,13.884297520661157,1
at:41:4228,Müllendorf Hauptstraße,47.83707745,16.46379252,3,58,28.96551724137931,4
at:41:4229,Müllendorf Waldgasse,47.83875976,16.46286726,3,66,25.454545454545453,4
at:41:4230,Müllendorf Angerweg,47.84500009,16.45929196,3,66,25.454545454545453,4
at:41:4306,Mönchhof Marienkron,47.88642647,16.9371418,3,35,48.0,5
at:41:4307,Mönchhof Quergasse,47.87769677,16.94482239,3,38,44.21052631578947,5
at:41:4308,Mönchhof Stiftsgasse,47.88281187,16.9426844,3,38,44.21052631578947,5
at:41:4309,Mönchhof-Halbturn Bahnhof,47.87426836,16.94774192,0,71,23.661971830985916,2
at:41:4310,Mörbisch am See Friedhof,47.75009627,16.6638114,3,33,50.90909090909091,5
at:41:4312,Mörbisch am See Ödenburger Str.,47.74746882,16.66132307,3,33,50.90909090909091,5
at:41:4322,Neudorf/Parndorf Ob. Bundesstr.,48.01458139,16.92480793,3,32,52.5,5
at:41:4323,Neudorf/Parndorf U. Bundesstr.,48.01653434,16.93059308,3,15,112.0,6
at:41:4325,Neudörfl Bahnhof,47.7938977544503,16.3004159228712,1,45,37.333333333333336,3
at:41:4327,Neufeld an der Leitha Bahnhof,47.8684051775141,16.381273281606,0,63,26.666666666666668,2
at:41:4328,Neufeld/Leitha Hauptplatz,47.86893548,16.37649424,3,77,21.818181818181817,4
at:41:4329,Neufeld/Leitha Steinbrunner Straße,47.86493396,16.38141701,3,33,50.90909090909091,5
at:41:4340,Neufeld/Leitha Feldgasse,47.86325853,16.37702425,3,29,57.93103448275862,5
at:41:4348,Neusiedl am See Bad Bahnhof,47.9426913096469,16.8449746481802,0,36,46.666666666666664,3
at:41:4350,Neusiedl/See Un. Hauptstr.,47.93926118,16.85339186,3,73,23.013698630136986,4
at:41:4351,Neusiedl am See Bahnhof,47.95570569,16.82358576,0,145,11.586206896551724,1
at:41:4352,Neusiedl am See Bahnstraße,47.95595836,16.82772699,3,27,62.22222222222222,6
at:41:4353,Neusiedl am See Bezirkshauptmannschaft,47.95127166,16.83728507,3,147,11.428571428571429,3
at:41:4354,Neusiedl am See Hirschfeldspitz,47.96739358,16.83811152,3,61,27.540983606557376,4
at:41:4355,Neusiedl/See Energie Bgld.,47.96209435,16.83653048,3,61,27.540983606557376,4
at:41:4356,Neusiedl am See Hauptplatz,47.94880481,16.84273784,3,156,10.76923076923077,3
at:41:4357,Neusiedl am See Kaserngasse,47.94149982,16.85140659,3,73,23.013698630136986,4
at:41:4358,Neusiedl am See Klosterschule,47.94571204,16.84772349,3,109,15.412844036697248,3
at:41:4360,Neusiedl am See Herberggasse,47.95741422,16.83585675,3,61,27.540983606557376,4
at:41:4361,Neusiedl am See Zur Alten Mauth,47.9677304,16.8118897,3,28,60.0,5
at:41:4367,Nickelsdorf Bahnhof,47.94251078,17.08687299,0,41,40.97560975609756,3
at:41:4368,Nickelsdorf Mittlere Hauptstr.,47.94033838,17.070335,3,14,120.0,6
at:41:4370,Nickelsdorf Sportplatzgasse,47.94237839,17.06233101,3,14,120.0,6
at:41:4371,Nickelsdorf Untere Hauptstr.,47.93719697,17.07970443,3,14,120.0,6
at:41:4372,Neusiedl/See Pannonia Shop. P.,47.97157964,16.84063579,3,33,50.90909090909091,5
at:41:4409,Neusiedl am See Reitschacher Sdlg.,47.95639753,16.83978239,3,1,1680.0,-1
at:41:4416,Neusiedl am See Kräftenweg/Taborsiedlung,47.9523787,16.84405837,3,1,1680.0,-1
at:41:4437,Oggau Hauptstraße,47.83181312,16.66443124,3,24,70.0,6
at:41:4441,Neusiedl am See Weinbergstr./Satzgasse,47.94890108,16.84738213,3,1,1680.0,-1
at:41:4450,Oslip Ortsmitte,47.83173472,16.62000955,3,25,67.2,6
at:41:4451,Oslip Weinbergstraße,47.83412274,16.62406095,3,25,67.2,6
at:41:4461,Pama Hauptplatz,48.04854022,17.03349509,3,20,84.0,6
at:41:4462,Pama Obere Hauptstraße,48.05157278,17.0299198,3,20,84.0,6
at:41:4463,Pama Untere Hauptstraße,48.04551349,17.03781599,3,20,84.0,6
at:41:4464,Pamhagen Bahnhof,47.7043294888001,16.9037873498397,0,45,37.333333333333336,2
at:41:4465,Pamhagen Marktstraße,47.69963815,16.91052471,3,9,186.66666666666666,7
at:41:4466,Pamhagen Marktplatz Süd,47.70312647,16.91104574,3,9,186.66666666666666,7
at:41:4467,Pamhagen Hauptstraße,47.69727418,16.9068506,3,9,186.66666666666666,7
at:41:4468,Pamhagen Kirchenplatz,47.70029714,16.90614992,3,9,186.66666666666666,7
at:41:4469,Parndorf Bahnhof,47.98696772,16.87034307,0,57,29.473684210526315,2
at:41:4470,Parndorf Neugasse,48.0007764,16.87438549,3,33,50.90909090909091,5
at:41:4471,Parndorf Meierhofgasse,47.99404986,16.8571019,3,96,17.5,3
at:41:4473,Parndorf Ort Bahnhof,47.99197582,16.85158625,0,225,7.466666666666667,0
at:41:4482,Parndorf Designer Outlet,47.97740708,16.8499603,3,19,88.42105263157895,6
at:41:4487,Neusiedl am See Weinbergstraße/Unterer Kirchberg,47.94958098,16.85173896,3,1,1680.0,-1
at:41:4491,Neusiedl am See Weichselfeldgasse,47.94838964,16.85850328,3,1,1680.0,-1
at:41:4492,Neusiedl am See Triftgasse,47.9443762,16.85968007,3,1,1680.0,-1
at:41:4494,Neusiedl am See Weiherlaufsdlg./Lenaugasse,47.94123504,16.85699411,3,1,1680.0,-1
at:41:4499,Neusiedl am See Schulzentrum,47.94325094,16.84199224,3,59,28.47457627118644,4
at:41:4553,Podersdorf am See Hauptstraße,47.85401257,16.83747372,3,54,31.11111111111111,4
at:41:4554,Podersdorf/See Krautgarteng.,47.85260202,16.8391895,3,54,31.11111111111111,4
at:41:4555,Podersdorf am See Strandplatz,47.85913,16.83135619,3,49,34.285714285714285,4
at:41:4567,Potzneusiedl Untere Hauptstraße,48.04453457,16.94950261,3,50,33.6,4
at:41:4568,Potzneusiedl Obere Hauptstraße,48.04528528,16.94647529,3,19,88.42105263157895,6
at:41:4571,Potzneusiedl Siedlung,48.04133943,16.94781378,3,24,70.0,6
at:41:4591,Purbach am See Türkentor,47.91462975,16.69324021,3,28,60.0,5
at:41:4592,Purbach am Neusiedler See Bf.,47.9062420403619,16.6985223073898,0,45,37.333333333333336,2
at:41:4612,Pöttsching Kirche,47.80591784,16.36943349,3,71,23.661971830985916,4
at:41:4679,Rust am See Franz-Josef-Platz,47.80095205,16.67140217,3,52,32.30769230769231,4
at:41:4703,Pöttsching Hauptstraße,47.80365524,16.37440117,3,80,21.0,4
at:41:4709,Steinbrunn Steinfeldweg,47.85516388,16.39357122,3,33,50.90909090909091,5
at:41:4731,Schützen am Gebirge Haltestelle,47.8515591575304,16.630492890914,0,45,37.333333333333336,2
at:41:4732,Schützen am Gebirge Bahnhof,47.84812298,16.6190753,0,79,21.265822784810126,2
at:41:4733,Schützen am Gebirge Ruster Straße,47.85048613,16.63104086,3,9,186.66666666666666,7
at:41:4736,Schützen am Gebirge Ortsmitte,47.8500762,16.62576775,3,35,48.0,5
at:41:4737,Schützen am Geb. Osliper Betonwerk,47.84260654,16.5819659,3,53,31.69811320754717,4
at:41:4738,Schützen am Gebirge Neusiedler Str.,47.85550144,16.63309801,3,27,62.22222222222222,6
at:41:4766,Siegendorf im Bgld Siedlungsgasse,47.78837555,16.54158663,3,61,27.540983606557376,4
at:41:4767,Siegendorf im Bgld Rathausplatz,47.77948447,16.53796642,3,71,23.661971830985916,4
at:41:4768,Siegendorf im Bgld Eisenstädter Str.,47.78418673,16.54192799,3,63,26.666666666666668,4
at:41:4769,Eisenstadt Siegendorfer Str.,47.81216212,16.53297178,3,61,27.540983606557376,4
at:41:4770,Siegendorf im Bgld Gewerbegebiet Ost,47.76859339,16.53132787,3,26,64.61538461538461,6
at:41:4788,Sigleß Ortsmitte,47.77578997,16.39438868,3,52,32.30769230769231,4
at:41:4819,St. Andrä/Zicksee Reha-Zentrum,47.79054225,16.91355204,3,3,560.0,-1
at:41:4820,St. Andrä/Zicksee Söllnergasse,47.78538184,16.94515477,3,33,50.90909090909091,5
at:41:4821,St. Andrä am Zicksee Bahnhof,47.78290104,16.9280778,0,63,26.666666666666668,2
at:41:4823,St. Andrä/Zicksee Ortsmitte,47.78405394,16.94073506,3,42,40.0,5
at:41:4844,St. Georgen/Leithageb. Hauptstr.,47.85054039,16.55115369,3,9,186.66666666666666,7
at:41:4845,St. Georgen/Leithageb. Querstr.,47.8523187,16.55149504,3,41,40.97560975609756,5
at:41:4846,St. Margarethen Abzw. Oslip,47.80185715,16.62017125,3,29,57.93103448275862,5
at:41:4847,St. Margarethen Hauptplatz,47.80279844,16.60656177,3,29,57.93103448275862,5
at:41:4863,Steinbrunn Süd,47.83247646,16.41739454,3,60,28.0,4
at:41:4864,Steinbrunn Bethausweg,47.85925657,16.38997796,3,33,50.90909090909091,5
at:41:4865,Steinbrunn Untere Hauptstraße,47.83666139,16.41471756,3,34,49.411764705882355,5
at:41:4917,Stotzing Ortsmitte,47.90710917,16.54385936,3,43,39.06976744186046,4
at:41:4942,St. Margarethen Familypark,47.80206834,16.6451534,3,19,88.42105263157895,6
at:41:50001,Eisenstadt Landhaus,47.84857512,16.52806698,3,108,15.555555555555555,3
at:41:50002,Eisenstadt Kurzwiese,47.84889463,16.53241483,3,28,60.0,5
at:41:50003,Eisenstadt Gölbeszeile,47.84849072,16.53385213,3,41,40.97560975609756,5
at:41:50004,Eisenstadt Krautgartenweg,47.84507846,16.53254059,3,54,31.11111111111111,4
at:41:50005,Eisenstadt Schulzentrum,47.8459225,16.53423841,3,41,40.97560975609756,5
at:41:50006,St. Georgen Dr.-Isidor-Pap-Str.,47.84996769,16.54531464,3,28,60.0,5
at:41:50007,St. Georgen Sonnenweg,47.85068506,16.5506147,3,13,129.23076923076923,7
at:41:50009,St. Georgen Kaufhaus Jagenbrein,47.85347005,16.55207895,3,41,40.97560975609756,5
at:41:50010,St. Georgen Volksschule,47.85573049,16.55047097,3,41,40.97560975609756,5
at:41:50011,St. Georgen Aumüllnerweg,47.85435013,16.54652736,3,28,60.0,5
at:41:50013,St. Georgen Dreifaltigkeitsstr.,47.85342183,16.54337427,3,41,40.97560975609756,5
at:41:50015,St. Georgen Friedhof,47.85820781,16.55503441,3,11,152.72727272727272,7
at:41:50016,Eisenstadt Energie Burgenland,47.85387393,16.53780472,3,24,70.0,6
at:41:50017,Eisenstadt Leithabergstraße,47.85527841,16.53554995,3,45,37.333333333333336,4
at:41:50018,Eisenstadt Burgstallgasse,47.85440438,16.53391501,3,41,40.97560975609756,5
at:41:50019,Eisenstadt Joseph-Haydn-Gasse,47.8470318,16.52275794,3,39,43.07692307692308,5
at:41:50020,Eisenstadt Buchgrabenweg/Jägergasse,47.85358459,16.53231601,3,26,64.61538461538461,6
at:41:50021,Eisenstadt Buchgrabenweg/ORF,47.85797877,16.53023192,3,26,64.61538461538461,6
at:41:50022,Eisenstadt Hartlsteig/Feiersteigweg,47.85486249,16.52795918,3,26,64.61538461538461,6
at:41:50023,Eisenstadt Stadiongasse,47.85204744,16.52458152,3,26,64.61538461538461,6
at:41:50026,Eisenstadt J.-Haydn-Konservatorium,47.85007018,16.51468208,3,26,64.61538461538461,6
at:41:50027,Eisenstadt Weingartenstraße 5,47.84867761,16.51266088,3,26,64.61538461538461,6
at:41:50028,Eisenstadt Weingartenstr./Haus St. Martin,47.84742366,16.51053187,3,26,64.61538461538461,6
at:41:50029,Eisenstadt Krankenhaus,47.84747189,16.51337953,3,26,64.61538461538461,6
at:41:50030,Eisenstadt Arbeiterkammer,47.84521713,16.50909456,3,26,64.61538461538461,6
at:41:50033,Eisenstadt Schlossplatz,47.84596471,16.52051215,3,39,43.07692307692308,5
at:41:50034,Eisenstadt Kulturzentrum,47.84741763,16.52706985,3,28,60.0,5
at:41:50035,Eisenstadt Josef-Joachim-Str.,47.84439116,16.52300947,3,93,18.06451612903226,3
at:41:50036,Eisenstadt Feldstraße,47.84448762,16.52708782,3,54,31.11111111111111,4
at:41:50041,Eisenstadt Fachmarktzentrum,47.82634922,16.53016904,3,39,43.07692307692308,5
at:41:50042,Eisenstadt Technologiezentrum,47.82862893,16.5329089,3,39,43.07692307692308,5
at:41:50044,Eisenstadt Haidäcker Park,47.82749512,16.52451864,3,39,43.07692307692308,5
at:41:50045,Eisenstadt Möbelix,47.83036578,16.52079961,3,26,64.61538461538461,6
at:41:50048,Eisenstadt Blütenstraße,47.83995965,16.51427784,3,26,64.61538461538461,6
at:41:50055,Kleinhöflein im Bgld Untere Kirchberggasse,47.83665536,16.50710929,3,39,43.07692307692308,5
at:41:50056,Kleinhöfein im Bgld Ortsmitte,47.83815679,16.5029411,3,39,43.07692307692308,5
at:41:50057,Kleinhöflein im Bgld Volksschule,47.83974258,16.49980598,3,39,43.07692307692308,5
at:41:50084,St. Georgen/Leithageb. Kirche,47.85586913,16.5530132,3,41,40.97560975609756,5
at:41:5010,Trausdorf/Wulka Friedhof,47.81447261,16.56357739,3,29,57.93103448275862,5
at:41:5011,Trausdorf/Wulka Obere Hptstr.,47.81375474,16.55507034,3,29,57.93103448275862,5
at:41:5012,Trausdorf/Wulka Feriensiedlung,47.8288581,16.57822891,3,3,560.0,-1
at:41:5077,Parndorf Fashion Outlet,47.9805701,16.85212524,3,19,88.42105263157895,6
at:41:5143,Wallern im Bgld Bahnhof,47.73348372,16.93067393,0,44,38.18181818181818,2
at:41:5145,Wallern im Bgld Pamhagener Straße,47.72243798,16.93293768,3,9,186.66666666666666,7
at:41:5146,Wallern im Bgld Ortsmitte,47.72510295,16.93630636,3,9,186.66666666666666,7
at:41:5157,Weiden am See Bahnhof,47.9257671141044,16.8638482523022,0,36,46.666666666666664,3
at:41:5159,Weiden/See Ob. Hauptstraße,47.93029362,16.86342604,3,72,23.333333333333332,4
at:41:5160,Weiden am See Raiffeisenplatz,47.92671819,16.86759423,3,76,22.105263157894736,4
at:41:5161,Weiden/See Un. Hauptstraße,47.92295591,16.87408905,3,76,22.105263157894736,4
at:41:5212,Zillingtal Steinbrunner Str.,47.81551622,16.40828562,3,27,62.22222222222222,6
at:41:5233,Wiesen-Sigleß Bahnhof,47.7532732,16.36994553,1,192,8.75,1
at:41:5246,Wimpassing/Leitha Hauptstraße,47.91774846,16.42891094,3,59,28.47457627118644,4
at:41:5247,Wimpassing/Leitha Ziegelofengasse,47.91328107,16.42768923,3,59,28.47457627118644,4
at:41:5248,Winden am See Bahnhof,47.9469997150699,16.7589609597138,0,45,37.333333333333336,2
at:41:5249,Winden/See Eisenstädter Straße,47.95181917,16.75178342,3,26,64.61538461538461,6
at:41:5285,Wulkaprodersdorf Obere Hauptstraße,47.79374688,16.493401,3,38,44.21052631578947,5
at:41:5286,Wulkaprodersdorf Bahnhof,47.78938347,16.4908947,0,108,15.555555555555555,1
at:41:5288,Wulkaprodersdorf Haltestelle,47.7990754213249,16.4965001831161,0,62,27.096774193548388,2
at:41:5289,Wulkaprodersdorf Untere Hauptstraße,47.796547,16.50701946,3,39,43.07692307692308,5
at:41:5290,Wulkaprodersdorf Rathausgasse,47.79537628,16.4989975,3,39,43.07692307692308,5
at:41:5291,Wulkaprodersdorf Wiener Straße,47.79877371,16.50654335,3,32,52.5,5
at:41:5295,Zagersdorf Hauptstraße,47.7649585,16.51592176,3,40,42.0,5
at:41:5307,Zillingtal Feldgasse,47.81108224,16.40384794,3,27,62.22222222222222,6
at:41:5312,Zurndorf Bahnhof,47.96819954,17.02368549,0,28,60.0,3
at:41:5313,Zurndorf Deutsch-Jahrndorfer-Str.,47.97914496,17.00927651,3,34,49.411764705882355,5
at:41:5314,Zurndorf Obere Hauptstraße,47.98412376,17.0033117,3,32,52.5,5
at:41:5315,Zurndorf Gemeindeamt,47.98112932,17.00704869,3,39,43.07692307692308,5
at:41:5317,Zurndorf Untere Hauptstraße,47.97486931,17.01166603,3,23,73.04347826086956,6
at:41:5424,Müllendorf Fabrikstraße,47.83734277,16.45654312,3,58,28.96551724137931,4
at:41:5431,Steinbrunn Obere Hauptstraße,47.8400923,16.41018107,3,33,50.90909090909091,5
at:41:5441,Neufeld/Leitha Strandbad,47.86513886,16.38677097,3,15,112.0,6
at:41:5445,Mörbisch am See Ruster Straße,47.75625063,16.66936299,3,33,50.90909090909091,5
at:41:5446,Mörbisch am See Hauptstraße,47.75250616,16.66671296,3,33,50.90909090909091,5
at:41:5447,Oggau Sebastianstraße,47.83458706,16.66659618,3,24,70.0,6
at:41:5448,Rust am See Heidegasse,47.80441548,16.67145607,3,24,70.0,6
at:41:5449,Rust am See Mörbischer Str.,47.7965651,16.67365694,3,33,50.90909090909091,5
at:41:5450,Oslip Bahnstraße,47.82653015,16.62290213,3,1,1680.0,-1
at:41:5451,Trausdorf/Wulka Gutshof,47.81991966,16.54242206,3,32,52.5,5
at:41:5452,Trausdorf/Wulka Mühlweg,47.81438212,16.54968943,3,32,52.5,5
at:41:5453,St. Margarethen Hauptstraße,47.808663,16.60583414,3,29,57.93103448275862,5
at:41:5454,St. Margarethen Schmiedgasse,47.80412586,16.61042453,3,29,57.93103448275862,5
at:41:5456,St. Margarethen Abzw. Berg,47.80130806,16.64162302,3,27,62.22222222222222,6
at:41:5457,Trausdorf/Wulka Bachgasse,47.81815833,16.56082854,3,3,560.0,-1
at:41:5489,Rust am See Eisenstädter Str.,47.79978746,16.66803349,3,28,60.0,5
at:41:5492,Edelstal Siedlung,48.10182119,16.98527353,3,17,98.82352941176471,6
at:41:5532,Zurndorf Mühlgasse,47.98019127,17.01207027,3,25,67.2,6
at:41:5533,Zurndorf Neue Mittelschule,47.98428611,17.0091777,3,28,60.0,5
at:41:5648,Apetlon Schmiedgasse,47.74362103,16.83867746,3,36,46.666666666666664,5
at:41:5649,Kittsee Schulen,48.09551583,17.06134287,3,9,186.66666666666666,7
at:41:5650,Stotzing Kirche,47.90487507,16.54679686,3,36,46.666666666666664,5
at:41:5651,Neudorf/Parndorf Kriegerdenkmal,48.01495996,16.93005409,3,18,93.33333333333333,6
at:41:5658,Zagersdorf Feldgasse,47.76853301,16.51965875,3,40,42.0,5
at:41:5659,Zagersdorf Gartengasse,47.76448751,16.51631702,3,4,420.0,-1
at:41:5660,Klingenbach Grünberggasse,47.75229477,16.54077814,3,29,57.93103448275862,5
at:41:5661,Draßburg Hauptplatz,47.74585001,16.48985265,3,19,88.42105263157895,6
at:41:5750,Zurndorf Friedrichshof,47.94813693,16.94153456,3,10,168.0,7
at:41:5751,Zurndorf Neusiedler Gasse,47.98206135,17.00042811,3,10,168.0,7
at:41:5755,Müllendorf Industriegebiet,47.83264532,16.4424755,3,6,280.0,-1
at:41:5763,Pamhagen Marktplatz Nord,47.70544785,16.91247406,3,9,186.66666666666666,7
at:41:5790,Illmitz Hauptschule,47.75986198,16.80691303,3,39,43.07692307692308,5
at:41:5794,Bruckneudorf Dammstraße,48.01432299,16.77201348,3,4,420.0,-1
at:41:5795,Bruckneudorf Kriegerdenkmal,48.01703308,16.77902932,3,4,420.0,-1
at:41:5797,Bruckneudorf Eigenheimsiedlung,48.01585532,16.77556183,3,4,420.0,-1
at:41:5873,Leithaprodersdorf Hauptstraße,47.93646876,16.4840136,3,24,70.0,6
at:41:5882,Jois Eisenstädter Straße,47.96415155,16.79262083,3,28,60.0,5
at:41:5894,Parndorf PADO Shopping Galerien,47.97638477,16.85611376,3,19,88.42105263157895,6
at:41:5931,Eisenstadt Tierschutzhaus,47.80131409,16.53876592,3,61,27.540983606557376,4
at:41:5944,Parndorf Volksschule,47.9977168,16.8657437,3,34,49.411764705882355,5
at:41:5945,Donnerskirchen Industriegebiet,47.87388272,16.64905208,3,27,62.22222222222222,6
at:41:5946,Klingenbach St.-Antoni-Gasse,47.75781477,16.53846947,3,29,57.93103448275862,5
at:41:5947,Klingenbach Sportplatzgasse,47.75353894,16.54025712,3,16,105.0,6
at:41:5948,Klingenbach Berggasse,47.74971575,16.54118239,3,29,57.93103448275862,5
at:41:5949,Leithaprodersdorf Schulgasse,47.93499426,16.47953999,3,29,57.93103448275862,5
at:41:5961,Eisenstadt Leichtathletikarena,47.84453585,16.53856829,3,13,129.23076923076923,7
at:41:5969,Neudorf,48.008908385848,16.9384174040474,0,32,52.5,3
at:41:5970,Gattendorf Bahnhof,48.0106452074367,16.9808448349222,0,32,52.5,3
at:41:5971,Pama Bahnhof,48.04229439,17.04148112,0,51,32.94117647058823,2
at:41:5972,Kittsee Bahnhof,48.08110837,17.0712423,0,72,23.333333333333332,2
at:41:5980,Mattersburg Nord Bahnhof,47.74152486,16.40235674,1,71,23.661971830985916,3
at:41:5986,Eisenstadt Viktor-Kaplan-Str.,47.82716945,16.53192075,3,170,9.882352941176471,2
at:41:5989,Eisenstadt Mattersburger Straße Süd,47.82893047,16.52211115,3,115,14.608695652173912,3
at:41:5991,Gattendorf Volksschule,48.01626394,16.98444708,3,4,420.0,-1
at:41:6040,Bruckneudorf Carolusgasse,48.01862542,16.7943456,3,3,560.0,-1
at:41:6044,Gols Autobahnzubringer,47.9138651,16.88530002,3,76,22.105263157894736,4
at:41:6051,Großhöflein Ödenburger Str.,47.82783285,16.47980949,3,2,840.0,-1
at:41:6066,Eisenstadt Joseph-Roth-Gasse,47.8362393,16.52152725,3,39,43.07692307692308,5
at:41:6070,Eisenstadt Dr.-Ludwig-Leser-G.,47.84000788,16.5171255,3,39,43.07692307692308,5
at:41:6075,Eisenstadt Dr.-Josef-Marschall-Str.,47.83765632,16.52007198,3,39,43.07692307692308,5
at:41:6076,Eisenstadt Mitterjochweg,47.83146938,16.52212014,3,13,129.23076923076923,7
at:41:6077,Eisenstadt Winzerweg,47.83162617,16.52178776,3,26,64.61538461538461,6
at:41:6085,Gattendorf Kittseer Straße,48.02058423,16.97879668,3,6,280.0,-1
at:41:6120,Draßburg Waldgasse,47.74983051,16.48309732,3,6,280.0,-1
at:41:6128,Tadten Volksschule,47.76320134,16.9885973,3,33,50.90909090909091,5
at:41:6129,Tadten Obere Hauptstraße,47.76487396,16.98521963,3,33,50.90909090909091,5
at:41:6145,Winden/See Kirchengasse,47.94852201,16.75753264,3,2,840.0,-1
at:41:6149,Siegendorf im Bgld Sonnengasse,47.77581412,16.53164228,3,71,23.661971830985916,4
at:41:6154,Jois Joseph-Haydn-Gasse,47.96356808,16.79397729,3,2,840.0,-1
at:41:6155,Jois Sätzgasse,47.96128228,16.7967441,3,2,840.0,-1
at:41:6178,Kittsee Intercity-Park/K1,48.08580129,17.04852391,3,13,129.23076923076923,7
at:41:6182,Donnerskirchen Friedhof,47.89443191,16.63732009,3,1,1680.0,-1
at:41:6183,Donnerskirchen Kirche,47.89731091,16.64224285,3,1,1680.0,-1
at:41:6185,Eisenstadt ÖGK/SVS,47.82828517,16.5270429,3,77,21.818181818181817,4
at:41:6199,Winden/See Gemeindeamt,47.95086855,16.75341835,3,2,840.0,-1
at:41:6203,Siegendorf im Bgld Mittelschule,47.78307006,16.54808145,3,6,280.0,-1
at:41:6204,Zagersdorf Römerstraße,47.76822508,16.52436592,3,4,420.0,-1
at:41:6219,Oslip Sportplatzgasse,47.82766399,16.61887767,3,25,67.2,6
at:41:6238,Potzneusiedl Feldgasse,48.04175986,16.9541469,3,24,70.0,6
at:41:6286,Eisenstadt Pfarrgasse,47.84534373,16.5229915,3,39,43.07692307692308,5
at:41:6287,Eisenstadt Gutkeledweg,47.85035954,16.54071526,3,13,129.23076923076923,7
at:41:6306,Eisenstadt Fachhochschule,47.82777857,16.5344001,3,13,129.23076923076923,7
at:41:7048,Pinkafeld Grazer Straße Ost,47.37090044,16.11685418,3,21,80.0,6
at:41:7049,Pinkafeld Steinamanger Straße,47.35725871,16.12946652,3,76,22.105263157894736,4
at:41:7051,Oberwart Bahnhof,47.29065449,16.21247984,3,1,1680.0,-1
at:41:7075,Jennersdorf Bahnhof,46.93505604,16.13939291,0,75,22.4,2
at:41:7455,Mogersdorf Bahnhof,46.9455072546069,16.2293232512761,0,21,80.0,4
at:41:8124,Neudörfl Abzw. Pöttsching,47.79990814,16.28481219,3,125,13.44,3
at:41:8125,Neudörfl Kirchenplatz,47.79569612,16.29801742,3,91,18.46153846153846,3
at:41:8126,Neudörfl Rathausplatz,47.79617285,16.29781081,3,30,56.0,5
at:41:8127,Wiesen Bahnstraße Mitte,47.74147049,16.34763137,3,43,39.06976744186046,4
at:41:8129,Pöttsching Waldgasse,47.8086992,16.35560841,3,42,40.0,5
at:41:8130,Sigleß Sauerbrunner Straße,47.77775195,16.39400241,3,46,36.52173913043478,4
at:41:8210,Oberpetersdorf Ortsmitte,47.61200305,16.37846155,3,19,88.42105263157895,6
at:41:8214,Landsee Ortsmitte,47.56061107,16.33589938,3,9,186.66666666666666,7
at:41:8219,Krensdorf Mühlgasse,47.78629929,16.41221126,3,29,57.93103448275862,5
at:41:8226,Krensdorf Ödenburger Straße,47.78278032,16.41903846,3,18,93.33333333333333,6
at:42:2121,Mallnitz-Obervellach Bahnhof,46.98108985089,13.1762819767839,0,47,35.744680851063826,2
at:42:2125,Kolbnitz Bahnhof,46.8788581111353,13.3206142935035,1,4,420.0,-1
at:42:2126,Mühldorf-Möllbrücke Bahnhst,46.8515019211913,13.3668146485722,1,4,420.0,-1
at:42:2127,Pusarnitz Bahnhof,46.8351331367142,13.4044810084406,1,4,420.0,-1
at:42:2128,Spittal-Millstätter See Bahnhof,46.7962557337978,13.487359576565,0,88,19.09090909090909,1
at:42:2130,Rothenthurn Bahnhof,46.7595164800127,13.5824911651665,1,55,30.545454545454547,3
at:42:2131,Ferndorf Bahnhst,46.7324320025529,13.629446105074,1,55,30.545454545454547,3
at:42:2132,Markt Paternion Bahnhst,46.7245688006156,13.6438460990804,1,55,30.545454545454547,3
at:42:2133,Paternion-Feistritz Bahnhst,46.7070525855435,13.6743528861333,0,60,28.0,2
at:42:2134,Weissenstein-Kellerberg Bahnhst,46.6794117238044,13.720328662381,1,55,30.545454545454547,3
at:42:2136,Puch b.Villach Bahnhst,46.6630275614128,13.7603845409055,1,56,30.0,3
at:42:2137,Gödersdorf Bahnhst,46.5685338729107,13.847476207713,1,26,64.61538461538461,5
at:42:2138,Finkenstein Bahnhst,46.5688179587691,13.8684518696001,1,26,64.61538461538461,5
at:42:2139,Faak am See Bahnhof,46.5643094641601,13.911957278816,1,37,45.4054054054054,4
at:42:2143,Rosenbach Bahnhof,46.5304343692453,14.0350713885218,1,27,62.22222222222222,5
at:42:2149,Ledenitzen Bahnhst,46.5628580197273,13.9659280610934,1,26,64.61538461538461,5
at:42:3625,Friesach Bahnhof,46.9533136648543,14.4106839583229,0,56,30.0,2
at:42:3626,Micheldorf-Hirt Bahnhst,46.9140247743941,14.4316506370572,0,29,57.93103448275862,3
at:42:3627,Treibach-Althofen,46.8681666574154,14.4655081401204,0,42,40.0,3
at:42:3628,Kappel am Krappfeld Bahnhst,46.837425312588,14.4758207995835,0,29,57.93103448275862,3
at:42:3629,Passering Bahnhst,46.8067094108657,14.4699278513189,0,29,57.93103448275862,3
at:42:3631,Launsdorf-Hochosterwitz Bahnhof,46.768906691072,14.4556715877579,0,30,56.0,3
at:42:3632,St. Georgen am Längsee Bahnhst,46.7618241868455,14.4231795239268,1,28,60.0,4
at:42:3633,St. Veit an der Glan Bahnhof,46.7707894590548,14.3669719365916,0,85,19.764705882352942,1
at:42:3636,Glandorf Bahnhst,46.7506108820189,14.3811563349298,1,45,37.333333333333336,3
at:42:3639,Maria Saal Bahnhof,46.6831772832799,14.3399146802301,0,47,35.744680851063826,2
at:42:3640,Klagenfurt Annabichl Bahnhst,46.6500116197395,14.3151930436077,0,46,36.52173913043478,2
at:42:3641,Klagenfurt Ostbahnhof g2,46.621323565271,14.3220831218379,0,48,35.0,2
at:42:3642,Klagenfurt Hauptbahnhof,46.6158074986651,14.3136659076245,0,180,9.333333333333334,0
at:42:3643,Klagenfurt West Bahnhst,46.6229215153809,14.2667289340227,0,57,29.473684210526315,2
at:42:3645,Klagenfurt Lend Bahnhst,46.6213976026115,14.2843359135939,0,55,30.545454545454547,2
at:42:3646,Krumpendorf Bahnhof,46.6262221510254,14.2211304501945,0,60,28.0,2
at:42:3647,Pritschitz Bahnhst,46.6278076184633,14.1712020866962,1,50,33.6,3
at:42:3648,Pörtschach Bahnhof g1,46.6362338761419,14.1458067136106,0,76,22.105263157894736,2
at:42:3649,Töschling Bahnhst,46.6332237677966,14.1115090360581,1,50,33.6,3
at:42:3650,Velden am Wörthersee Bahnhof,46.6199847058943,14.0448270925086,0,78,21.53846153846154,2
at:42:3651,Lind-Rosegg Bahnhst,46.6062240022682,14.000962357179,0,52,32.30769230769231,2
at:42:3652,Föderlach Bahnhof,46.6020704214706,13.9590379828633,0,54,31.11111111111111,2
at:42:3653,Villach Seebach Bahnhst,46.6210459243424,13.8733117552878,0,52,32.30769230769231,2
at:42:3654,Villach Hauptbahnhof,46.6185409218168,13.8489045290149,0,219,7.671232876712328,0
at:42:3655,Villach Landskron Bahnhst,46.629806351704,13.8756743244854,1,30,56.0,4
at:42:3656,Villach Westbahnhof,46.6083531289848,13.8403346012032,0,62,27.096774193548388,2
at:42:3657,Villach Warmbad Bahnhst,46.5890645067452,13.8286834519666,0,63,26.666666666666668,2
at:42:3659,Fürnitz Bahnhof,46.5631853701609,13.8131156480906,0,36,46.666666666666664,3
at:42:3660,Neuhaus an der Gail Bahnhst,46.5549330660153,13.7785844085642,1,31,54.193548387096776,4
at:42:3661,Pöckau Bahnhst,46.5520667026661,13.744960467475,1,31,54.193548387096776,4
at:42:3662,Arnoldstein Bahnhof,46.5514242211463,13.7079498777641,0,37,45.4054054054054,3
at:42:3663,Thörl-Maglern Bahnhof,46.5404081867626,13.6482478439732,0,4,420.0,-1
at:42:3715,Wolfsberg Bahnhof,46.8420646722767,14.83858746082,0,50,33.6,2
at:42:3716,Wolfsberg Reding Bahnhst,46.8256254011159,14.8457380504826,0,33,50.90909090909091,3
at:42:3717,St. Stefan Bahnhof,46.8070537327306,14.8462321238889,0,34,49.411764705882355,3
at:42:3718,St. Andrä Bahnhof,46.7635533637155,14.8416058001751,0,34,49.411764705882355,3
at:42:3721,St.Paul im Lavanttal Bahnhof,46.7214958675488,14.8557003669849,0,35,48.0,3
at:42:3800,St. Veit an der Glan Westbahnhof,46.7625134027838,14.3614113649821,1,16,105.0,5
at:42:3802,Liebenfels Bahnhst,46.7360830448766,14.2926093973618,1,17,98.82352941176471,5
at:42:3803,Tauchendorf-Haidensee Bahnhst,46.728485150973,14.237066563337,1,17,98.82352941176471,5
at:42:3804,Glanegg in Ktn Bahnhst,46.717849996504,14.2114915271945,1,17,98.82352941176471,5
at:42:3805,Mautbrücken Bahnhst,46.7214958675488,14.1890875440055,1,17,98.82352941176471,5
at:42:3806,St.Martin-Sittich Bahnhst (Bundesstraße),46.732438159662,14.1530022190374,1,17,98.82352941176471,5
at:42:3807,Feldkirchen in Kärnten Bahnhof,46.7215697677928,14.0997321226817,1,30,56.0,4
at:42:3808,Tiffen Bahnhst,46.701668471539,14.0604667616073,1,30,56.0,4
at:42:3809,Steindorf am Ossiachersee Bahnhst,46.6985079806172,14.0146886147222,1,30,56.0,4
at:42:3810,Ossiach-Bodensdorf Bahnhof,46.6828568203505,13.9744171405296,1,30,56.0,4
at:42:3811,St. Urban am Ossiacher See Bahnhst,46.6748507929956,13.9600979948987,1,30,56.0,4
at:42:3812,Sattendorf Bahnhof,46.6628796005259,13.9171585243118,1,30,56.0,4
at:42:3813,Annenheim Bahnhst,46.6585453998948,13.9009349502784,1,30,56.0,4
at:42:3814,Villach St. Ruprecht Bahnhof,46.6416430147855,13.8758360212366,1,31,54.193548387096776,4
at:42:3819,Klagenfurt Ebenthal Bahnhst g1,46.6166404977643,14.3333210460438,1,30,56.0,4
at:42:3820,Grafenstein Bahnhof,46.6189666570215,14.4593097646591,1,30,56.0,4
at:42:3823,Mittlern Bahnhst,46.5986510387203,14.7154194521972,1,29,57.93103448275862,4
at:42:3824,St. Michael ob Bleiburg Bahnhst,46.5826992981071,14.7503190009901,1,29,57.93103448275862,4
at:42:3825,Bleiburg Bahnhof,46.5742770588353,14.7865211069452,1,33,50.90909090909091,4
at:42:3826,Bleiburg Stadt Bahnhst,46.5906263690515,14.7941478037084,1,29,57.93103448275862,4
at:42:3831,Kühnsdorf-Klopeinersee Bahnhof,46.6247785332796,14.6198926048707,0,35,48.0,3
at:42:3832,Wiederndorf-Aich Bahnhst,46.6208731692683,14.7950371358398,1,29,57.93103448275862,4
at:42:3842,Klagenfurt Süd Bahnhst,46.6111239540767,14.3021944214447,1,38,44.21052631578947,4
at:42:3843,Maria Rain Bahnhst,46.5625677261808,14.2839855706331,1,30,56.0,4
at:42:3844,Weizelsdorf Bahnhof,46.5395369411569,14.2429145958374,1,31,54.193548387096776,4
at:42:3847,Köttmannsdorf Lambichl Bahnhst,46.5799887641562,14.2828626765278,1,30,56.0,4
at:42:3861,Lendorf Bahnhst,46.8276168178814,13.418027602927,1,28,60.0,4
at:42:3862,Möllbrücke-Sachsenburg Bahnhof,46.8311262030368,13.3669493958649,1,28,60.0,4
at:42:3863,Sachsenburg Markt Bahnhst,46.8260556517265,13.3479051118389,1,28,60.0,4
at:42:3864,Kleblach-Lind Bahnhof,46.771349354484,13.3418055510588,1,28,60.0,4
at:42:3865,Steinfeld im Drautal Bahnhof,46.7531651605031,13.2604810683762,1,29,57.93103448275862,4
at:42:3866,Greifenburg-Weißensee Bahnhof,46.7416976562355,13.1920923257867,0,31,54.193548387096776,3
at:42:3867,Berg im Drautal Bahnhst,46.7428057341317,13.1271441307358,1,27,62.22222222222222,5
at:42:3868,Dellach im Drautal Bahnhof,46.7358614034863,13.0752394736121,1,27,62.22222222222222,5
at:42:3869,Irschen Bahnhst g1,46.7405218375633,13.0135341967374,1,27,62.22222222222222,5
at:42:3870,Oberdrauburg Bahnhof,46.7463329637924,12.974439515567,0,32,52.5,3
at:42:3901,Nötsch Bahnhof,46.5886385364869,13.6260594564524,0,28,60.0,3
at:42:3902,Emmersdorf im Gailtal Bahnhst,46.5953363769105,13.5723042698432,0,28,60.0,3
at:42:3903,St. Stefan-Vorderberg Bahnhof,46.6004348230719,13.5331107739916,0,28,60.0,3
at:42:3904,Görtschach-Förolach Bahnhof,46.6229091761785,13.4710731204616,0,28,60.0,3
at:42:3905,Pressegger See Bahnhst,46.6315212553441,13.4365867966995,0,28,60.0,3
at:42:3906,Vellach-Khünburg Bahnhst,46.631299184554,13.4081910505645,0,28,60.0,3
at:42:3907,Hermagor Bahnhof,46.6259630429828,13.3752318627856,0,28,60.0,3
at:42:99979,TP Bleiburg Staatsgrenze,46.5666872785636,14.8395127255628,1,8,210.0,6
at:43:10001,Spiegelsberg/Amstetten Ost,48.08026216,14.78744637,3,36,46.666666666666664,5
at:43:10003,Großheinrichschlag St. Johann,48.42345487,15.38455654,3,7,240.0,-1
at:43:10006,Litschau Busbahnhof,48.94329965,15.044122,3,75,22.4,4
at:43:10007,Loimanns Litschauer Straße,48.93307358,15.06830465,3,34,49.411764705882355,5
at:43:10008,Eisgarn Marktplatz,48.91662959,15.09832634,3,37,45.4054054054054,5
at:43:10009,Pfaffenschlag/Waidhofen Bundesstraße,48.84395985,15.19214639,3,32,52.5,5
at:43:10010,Schrems Busbahnhof,48.79332824,15.06675954,3,108,15.555555555555555,3
at:43:10011,Brunn an der Wild Florianistraße,48.69414706,15.5191062,3,45,37.333333333333336,4
at:43:10012,Karlstein/Thaya HTBLA,48.88114975,15.41136227,3,24,70.0,6
at:43:10013,Großsiegharts Raabser Straße,48.79123918,15.40443626,3,70,24.0,4
at:43:10015,Großtaxen Ort,48.94324654,15.26803607,3,13,129.23076923076923,7
at:43:10597,Arbesbach Bärenwald,48.48055682,14.92719728,3,6,280.0,-1
at:43:10598,Kamp/Arbesbach Bundesstraße,48.50172136,14.96012952,3,5,336.0,-1
at:43:10599,Groß Gerungs Griesbach,48.5247274,14.94832566,3,3,560.0,-1
at:43:10602,Groß Gerungs Hauptplatz,48.57423882,14.95791068,3,34,49.411764705882355,5
at:43:10658,Amstetten Graben,48.12210591,14.87419668,3,546,3.076923076923077,0
at:43:10659,Amstetten Köppermühlstraße,48.10976329,14.88304508,3,25,67.2,6
at:43:10661,Amstetten Agathastr./Stadlbauer,48.12601558,14.88590173,3,25,67.2,6
at:43:10662,Amstetten Eishalle,48.11688255,14.87908351,3,25,67.2,6
at:43:10663,Amstetten Anton-Schwarz-Str.,48.12532002,14.88414103,3,25,67.2,6
at:43:10664,Amstetten Wiener Str./Arbeiterkammer,48.12302938,14.88225457,3,28,60.0,5
at:43:10665,Amstetten Gartenstraße,48.11792606,14.8891177,3,49,34.285714285714285,4
at:43:10666,Amstetten Weitenfeldstraße,48.10708807,14.87690061,3,25,67.2,6
at:43:10667,Amstetten A.-Schnitzler-Straße,48.10731001,14.88238931,3,27,62.22222222222222,6
at:43:10669,Amstetten Ardaggerstraße 34,48.12700495,14.86884272,3,23,73.04347826086956,6
at:43:10675,Kienings Bundesstraße,48.39589381,15.24751854,3,7,240.0,-1
at:43:10683,Ossarn Karl-Grundmann-Str. Nord,48.2819135,15.70975566,3,16,105.0,6
at:43:10684,Amstetten Haabergstraße,48.11922743,14.85613156,3,60,28.0,4
at:43:10685,Amstetten Negrellistraße,48.11733834,14.88594664,3,24,70.0,6
at:43:10687,Purgstall/Erlauf Kirchenplatz,48.05789554,15.13612745,3,24,70.0,6
at:43:10688,Ossarn Karl-Grundmann-Str. Süd,48.27739992,15.70867768,3,16,105.0,6
at:43:10689,Amstetten Bezirkshauptmannschaft,48.12404279,14.87463685,3,47,35.744680851063826,4
at:43:10690,Purgstall/Erlauf Feuerwehr,48.06535817,15.13376488,3,17,98.82352941176471,6
at:43:10691,Purgstall/Erlauf Heinrich-Schläger-Str.,48.05891024,15.14323312,3,7,240.0,-1
at:43:10722,Oed bei Amstetten Gewerbepark,48.12009099,14.73648495,3,23,73.04347826086956,6
at:43:10812,Ybbs/Donau Busbahnhof,48.17645486,15.08294718,3,202,8.316831683168317,2
at:43:10814,Neusarling,48.1619143,15.10247656,3,91,18.46153846153846,3
at:43:10815,Wieselburg Rathausplatz,48.1302847,15.13760967,3,22,76.36363636363636,6
at:43:10828,Au bei St. Leonhard,48.15368061,15.26010394,3,24,70.0,6
at:43:10855,Persenbeug Teichstraße,48.18756569,15.08225548,3,37,45.4054054054054,5
at:43:10857,Persenbeug Industriestraße,48.19059005,15.09860482,3,42,40.0,5
at:43:10858,Gottsdorf Kirchenstraße,48.18970372,15.10875578,3,20,84.0,6
at:43:10859,Metzling Donaustraße,48.1965604,15.10578236,3,16,105.0,6
at:43:10860,Gottsdorf Ökosiedlung,48.19050621,15.10381505,3,20,84.0,6
at:43:10881,St. Pantaleon Arthof,48.21817838,14.53956525,3,6,280.0,-1
at:43:10882,Ennsdorf Schulstraße,48.20936705,14.49563763,3,13,129.23076923076923,7
at:43:10911,Amstetten Höf Bundesstraße,48.11643275,14.84723824,3,59,28.47457627118644,4
at:43:10912,Greinsfurth/Amst. Ortsplatz,48.10979928,14.84699569,3,33,50.90909090909091,5
at:43:10942,Wieselburg Am Brunnenfeld,48.1319215,15.15150661,3,26,64.61538461538461,6
at:43:10971,Retz Schulen,48.75809848,15.9547981,3,70,24.0,4
at:43:11021,Gaaden/Hohe Wand Hinterfeldgasse,47.82842991,16.08594315,3,22,76.36363636363636,6
at:43:11022,Gaaden/Hohe Wand Oberort,47.83057686,16.08427228,3,20,84.0,6
at:43:11041,Kirchberg am Walde Schloss,48.72285586,15.08610925,3,16,105.0,6
at:43:11042,Kirchberg am Walde Hollensteiner Sdlg.,48.72113723,15.0945624,3,17,98.82352941176471,6
at:43:11075,Brand/Litschau Süd,48.85660976,15.00264678,3,18,93.33333333333333,6
at:43:11079,Gopprechts Abzw. Thaures,48.89197117,15.03451002,3,21,80.0,6
at:43:11100,Gmünd Bahnhofstraße,48.76937872,14.98532726,3,124,13.548387096774194,3
at:43:11101,Gmünd Schubertplatz,48.76118378,14.97242746,3,120,14.0,3
at:43:11102,Gmünd Ignaz-Pilz-Gasse,48.77952581,14.98452776,3,4,420.0,-1
at:43:11107,Warnungs Gerhartsmühle,48.71881995,15.15652819,3,9,186.66666666666666,7
at:43:11136,Gmünd Schulzentrum,48.76582616,14.97936245,3,111,15.135135135135135,3
at:43:11137,Gmünd Weitraer Straße,48.76268194,14.97057693,3,29,57.93103448275862,5
at:43:11138,Hirschbach bei Gmünd Ortsmitte,48.74461809,15.12585971,3,5,336.0,-1
at:43:11139,Gmünd Sole-Felsen-Bad,48.75733453,14.99182208,3,19,88.42105263157895,6
at:43:11148,Vitis Schulen,48.75617378,15.18573242,3,80,21.0,4
at:43:11156,Mistelbach/Weitra Ort,48.66676273,14.93356634,3,1,1680.0,-1
at:43:11159,Hollabrunn Znaimer Straße,48.57023261,16.07550473,3,84,20.0,4
at:43:11165,Eggenburg Hauptplatz,48.64299622,15.81625992,3,86,19.53488372093023,3
at:43:11168,Platt Ortsmitte,48.67270112,15.96281107,3,12,140.0,7
at:43:11169,Zellerndorf Gemeindeamt,48.69479931,15.95690016,3,38,44.21052631578947,5
at:43:11170,Zellerndorf Schulen,48.69546341,15.96102343,3,18,93.33333333333333,6
at:43:11171,Zellerndorf Raiffeisenkasse,48.69634689,15.96285599,3,40,42.0,5
at:43:11178,Altmanns bei Mistelbach Unterort,48.61357671,16.47028734,3,9,186.66666666666666,7
at:43:11184,Retz Kremser Straße,48.75447406,15.95210315,3,26,64.61538461538461,6
at:43:11201,Watzelsdorf Ort,48.69669672,15.98238536,3,26,64.61538461538461,6
at:43:11205,Schöngrabern Ortsmitte,48.60136451,16.06331459,3,54,31.11111111111111,4
at:43:11206,Schöngrabern Neugasse,48.60014669,16.07134553,3,3,560.0,-1
at:43:11217,Laa/Thaya Stadtplatz,48.72028974,16.3845701,3,157,10.700636942675159,3
at:43:11218,Laa/Thaya Therme,48.72297438,16.39530497,3,16,105.0,6
at:43:11219,Laa/Thaya St.-Vitus-Heim,48.72255362,16.37944072,3,3,560.0,-1
at:43:11220,Laa/Thaya Volksschule,48.71985118,16.3937419,3,21,80.0,6
at:43:11222,Wartberg Landesstraße,48.6366091,15.87972589,3,8,210.0,7
at:43:11229,Eggenburg Schulen,48.64928757,15.81603534,3,28,60.0,5
at:43:11232,Waitzendorf bei Retz Ort,48.73863486,15.87467736,3,4,420.0,-1
at:43:11233,Waitzendorf bei Retz Brückenwaage,48.73762179,15.87610568,3,7,240.0,-1
at:43:11235,Pulkau Mühle,48.70261973,15.87389583,3,41,40.97560975609756,5
at:43:11236,Pulkau Campingplatz,48.70574993,15.84216733,3,5,336.0,-1
at:43:11237,Pulkau Hauptplatz,48.70516303,15.86113077,3,53,31.69811320754717,4
at:43:11239,Großreipersdorf Ortsmitte,48.6990921,15.85165354,3,34,49.411764705882355,5
at:43:11300,Mailberg Hauptplatz,48.672624,16.18253899,3,18,93.33333333333333,6
at:43:11326,Obermarkersdorf Feuerwehr,48.74019886,15.89658727,3,20,84.0,6
at:43:11329,Deinzendorf Ortsmitte,48.69594963,15.9206711,3,28,60.0,5
at:43:11330,Dietmannsdorf bei Zellerndorf Ort,48.696086,15.91228982,3,28,60.0,5
at:43:11331,Rohrendorf/Pulkau Ortsmitte,48.69810787,15.89024516,3,32,52.5,5
at:43:11332,Pillersdorf Am Anger,48.71886144,15.92302469,3,3,560.0,-1
at:43:11335,Ernsdorf bei Staatz Kapellenstraße,48.66321478,16.49357168,3,25,67.2,6
at:43:11345,Pillersdorf Landesstraße,48.7197445,15.92162332,3,15,112.0,6
at:43:11369,Hollabrunn Gymnasium,48.55860449,16.08311346,3,36,46.666666666666664,5
at:43:11372,Raschala Ortsmitte,48.54561183,16.08771283,3,45,37.333333333333336,4
at:43:11377,Mistelbach Oserstraße,48.56684433,16.57346784,3,42,40.0,5
at:43:11378,Mistelbach Karl-Fitzka-Straße,48.56591697,16.57451887,3,46,36.52173913043478,4
at:43:11384,Eggenburg Kastanienallee,48.64139952,15.80786067,3,24,70.0,6
at:43:11413,Laa/Thaya Gymnasium,48.71854139,16.38249499,3,71,23.661971830985916,4
at:43:11424,Merkersdorf/Hardegg Ortsmitte,48.82908916,15.87232377,3,17,98.82352941176471,6
at:43:11466,Hadersdorf/Kamp Hauptplatz,48.45859709,15.71979882,3,28,60.0,5
at:43:11468,Rohrendorf bei Krems Gemeindeamt,48.41902536,15.6555064,3,16,105.0,6
at:43:11469,Krems Wiener Str./Straßenmeisterei,48.41848878,15.62826948,3,34,49.411764705882355,5
at:43:11470,Rohrendorf bei Krems Neustifter Straße,48.4169923,15.66263902,3,2,840.0,-1
at:43:11479,Hohenwarth P+R,48.50403077,15.8227727,3,10,168.0,7
at:43:11535,Allentsteig Dr.-Ernst-Krenn-Straße,48.69514915,15.32851065,3,26,64.61538461538461,6
at:43:11566,Stockern Ortsmitte,48.65224305,15.73577985,3,18,93.33333333333333,6
at:43:11578,Kühnring Ort,48.63415139,15.78427989,3,25,67.2,6
at:43:11579,Kühnring Bogengasse,48.63250097,15.78017459,3,5,336.0,-1
at:43:11594,Krug b. Neupölla Bundesstraße,48.64263415,15.49785206,3,24,70.0,6
at:43:11595,Ramsau b. Neupölla Bundesstraße,48.64214742,15.48768314,3,20,84.0,6
at:43:11596,Neupölla Ramsau Kapelle,48.64262228,15.48741364,3,1,1680.0,-1
at:43:11598,Wegscheid am Kamp Ort,48.61209786,15.48509599,3,3,560.0,-1
at:43:11603,Franzen Ortsmitte,48.6190166,15.39530039,3,4,420.0,-1
at:43:11608,Edelhof bei Zwettl Fachschule,48.60633053,15.22127876,3,8,210.0,7
at:43:11613,Horn Mittelschule,48.66648388,15.65622505,3,84,20.0,4
at:43:11693,Krems Eyblparkstraße,48.41182285,15.60607211,3,149,11.275167785234899,3
at:43:11694,Krems Moshammergasse,48.42098083,15.59861609,3,89,18.876404494382022,3
at:43:11695,Rehberg Schmittbrücke,48.42029523,15.59100736,3,89,18.876404494382022,3
at:43:11696,Rehberg Hauptstraße,48.42500481,15.5858151,3,20,84.0,6
at:43:11697,Rehberg Waldhofweg,48.42764556,15.58934548,3,90,18.666666666666668,3
at:43:11698,Rehberg Eiserne Brücke,48.43089415,15.58789021,3,90,18.666666666666668,3
at:43:11699,Rehberg Friedhof,48.43588883,15.58381185,3,90,18.666666666666668,3
at:43:11701,Imbach Pointgasse,48.43727748,15.58113487,3,16,105.0,6
at:43:11713,Gföhleramt Mold,48.50589964,15.50705081,3,5,336.0,-1
at:43:11714,Gföhleramt Abzw. Mittelberg,48.50447716,15.52229522,3,1,1680.0,-1
at:43:11716,Gföhl Hauptplatz,48.51684368,15.49038706,3,89,18.876404494382022,3
at:43:11738,Altpölla Ort,48.62334553,15.47343586,3,3,560.0,-1
at:43:11739,Rehberg Mühlhofstraße,48.42234007,15.58792614,3,89,18.876404494382022,3
at:43:11744,Felling bei Riegersburg Ortsmitte,48.86523824,15.79777259,3,12,140.0,7
at:43:11745,Felling bei Riegersburg Am Berg,48.86516733,15.80530945,3,11,152.72727272727272,7
at:43:11747,Lichtenau/Waldviertel Ortsmitte,48.49688793,15.39189578,3,27,62.22222222222222,6
at:43:11753,Brunn am Wald Wasserschloss,48.49716771,15.40840681,3,26,64.61538461538461,6
at:43:11754,Lichtenau/Waldviertel Abzw. Ebergersch,48.49894755,15.36475767,3,2,840.0,-1
at:43:11755,Allentsgschwendt Ort,48.49891184,15.34358438,3,6,280.0,-1
at:43:11756,Gloden Ort,48.48682673,15.31209843,3,2,840.0,-1
at:43:11757,Großreinprechts Abzw. Grainbrunn,48.47804983,15.30872975,3,3,560.0,-1
at:43:11758,Engelschalks Ort,48.4938043,15.33461919,3,2,840.0,-1
at:43:11759,Sallingberg Marktplatz,48.46629331,15.23293889,3,24,70.0,6
at:43:11760,Ottenschlag Oberer Markt,48.42426561,15.22051519,3,64,26.25,4
at:43:11761,Krems Stadtpark,48.40753544,15.59676556,3,92,18.26086956521739,3
at:43:11762,Stein/Donau Karl-Eybl-Gasse,48.40457161,15.58943531,3,63,26.666666666666668,4
at:43:11763,Stein/Donau Linzer Tor/DPU,48.39998538,15.5763199,3,62,27.096774193548388,4
at:43:11764,Stein/Donau Friedhof,48.40510237,15.58577916,3,64,26.25,4
at:43:11765,Ottenschlag Schulen,48.42253084,15.22064993,3,8,210.0,7
at:43:11766,Sallingberg Friedhof,48.46769304,15.22996546,3,12,140.0,7
at:43:11820,Kottes Marktplatz,48.41559714,15.30257629,3,25,67.2,6
at:43:11833,Spielberg/Melk Fichtengasse,48.22419937,15.35488519,3,31,54.193548387096776,5
at:43:11853,Kottes Abzw. Richterhof,48.40776204,15.28810443,3,3,560.0,-1
at:43:11860,Bernhardshof Ort,48.40127959,15.23261549,3,5,336.0,-1
at:43:11861,Kirchschlag/Zwettl Gemeindeamt,48.39399702,15.2233359,3,8,210.0,7
at:43:11862,Jungschlag Landesstraße,48.41000417,15.22336285,3,5,336.0,-1
at:43:11880,Arbesbach Purrath,48.46889618,14.92371182,3,3,560.0,-1
at:43:11927,Ramplach Bründlweg,47.69616169,16.09230322,3,23,73.04347826086956,6
at:43:11930,Wartmannstetten Neunkirchner Str.,47.6941543,16.0749298,3,23,73.04347826086956,6
at:43:11932,Neunkirchen Raiffeisenstraße,47.72014757,16.0841555,3,12,140.0,7
at:43:11952,Neunkirchen Gymnasium/HAK,47.73163487,16.08001427,3,79,21.265822784810126,4
at:43:11953,Neunkirchen Mittelschulen,47.72052226,16.0869313,3,35,48.0,5
at:43:11965,Kirchberg/Wechsel Köck,47.61006511,15.98834119,3,38,44.21052631578947,5
at:43:11966,Kirchberg/Wechsel Ortsmitte,47.60942315,15.99085648,3,50,33.6,4
at:43:11972,Breitenau Feldgasse,47.7317678,16.13256571,3,26,64.61538461538461,6
at:43:11973,Breitenau Unterer Anger,47.73435375,16.14598654,3,30,56.0,5
at:43:11974,Breitenau Leeberfeldgasse,47.73307892,16.15495173,3,26,64.61538461538461,6
at:43:11975,Schwarzau/Steinfeld Schloßplatz,47.73048686,16.16867799,3,46,36.52173913043478,4
at:43:11983,Pitten Marktplatz,47.71587468,16.18582683,3,34,49.411764705882355,5
at:43:11984,Schwarzau/Steinfeld Pittener Straße,47.72394271,16.17957455,3,26,64.61538461538461,6
at:43:11998,Wimpassing/Schwarza Gemeindeamt,47.69978929,16.02727418,3,37,45.4054054054054,5
at:43:12003,Feistritz/Wechsel Ortsmitte,47.59955655,16.05267853,3,23,73.04347826086956,6
at:43:12009,Kirchberg/Wechsel Mittelschule,47.60896287,15.99385685,3,37,45.4054054054054,5
at:43:12030,Seebenstein Wehrgasse,47.69667561,16.13536846,3,15,112.0,6
at:43:12080,Rothengrub Ortsmitte,47.79139322,16.04487217,3,25,67.2,6
at:43:12083,Grünbach/Schneeberg Bahnstraße,47.79683666,15.99283277,3,6,280.0,-1
at:43:12122,Puchberg/Schneeberg Burggasse,47.78721068,15.91310729,3,21,80.0,6
at:43:12152,Gutenstein Markt,47.87667249,15.89061347,3,21,80.0,6
at:43:12191,Schwarzau/Geb. Ortsmitte,47.81252408,15.70479696,3,19,88.42105263157895,6
at:43:12192,Schwarzau/Geb. Mittelschule,47.81482249,15.70273083,3,11,152.72727272727272,7
at:43:12227,Aspang Markt Andreas-Hofer-Straße,47.56193256,16.09694751,3,7,240.0,-1
at:43:12228,Aspang Markt Ufergasse,47.55848936,16.09382137,3,74,22.7027027027027,4
at:43:12229,Aspang Markt Hauptplatz,47.55463974,16.09065032,3,73,23.013698630136986,4
at:43:12258,Loipersbach Feuerwehr,47.71731916,16.11916285,3,42,40.0,5
at:43:12260,Neunkirchen Mühlfeldschule,47.71730707,16.08336498,3,44,38.18181818181818,4
at:43:12261,Neunkirchen Friedhof,47.72562867,16.09470172,3,25,67.2,6
at:43:12262,Neunkirchen Fa. Retter,47.72663781,16.09900465,3,26,64.61538461538461,6
at:43:12267,Waidmannsfeld Feuerwehr,47.8698394,15.98139722,3,10,168.0,7
at:43:12271,Aspang Markt Abzw. Königsberg,47.58529546,16.10011856,3,8,210.0,7
at:43:12272,Aspang Markt Höll,47.58121149,16.09980415,3,12,140.0,7
at:43:12288,Olbersdorf Abzw. Raifbach,47.59488002,16.11158107,3,30,56.0,5
at:43:12291,Neunkirchen Landesklinikum/BH,47.72640819,16.08459568,3,12,140.0,7
at:43:12341,Ameis Kirche,48.6708384,16.53705912,3,28,60.0,5
at:43:12344,Staatz Burgring/Schulen,48.67678818,16.49268234,3,4,420.0,-1
at:43:12345,Staatz Hauptstraße,48.67460529,16.48704991,3,45,37.333333333333336,4
at:43:12347,Staatz Neudorfer Straße,48.67744658,16.48597193,3,9,186.66666666666666,7
at:43:12384,Zlabern Antoniweg,48.71596321,16.53169618,3,24,70.0,6
at:43:12394,Kirchstetten bei Laa Schloss,48.7311163,16.51114272,3,15,112.0,6
at:43:12396,Neudorf im Weinviertel Hauptplatz,48.72103055,16.49242183,3,46,36.52173913043478,4
at:43:12397,Kirchstetten bei Laa Kirche,48.7318925,16.50966949,3,7,240.0,-1
at:43:12398,Melk Mittelschule,48.22451058,15.33951501,3,36,46.666666666666664,5
at:43:12399,Neudorf im Weinviertel Staatzer Straße,48.71959634,16.49218827,3,6,280.0,-1
at:43:12400,St. Pölten Neugebäudeplatz,48.20472134,15.63073086,3,399,4.2105263157894735,0
at:43:12404,St. Pölten Karl-Pfeffer-Gasse,48.18109714,15.62029244,3,55,30.545454545454547,4
at:43:12405,Hart/St. Pölten Teslastraße,48.15703058,15.61280947,3,20,84.0,6
at:43:12406,St. Pölten Spratzerner Kirchenweg,48.19504542,15.62413723,3,28,60.0,5
at:43:12407,St. Pölten Aquilin-Hacker-Str.,48.1719739,15.61836106,3,56,30.0,4
at:43:12408,St. Pölten Laimgrubenstraße,48.19925491,15.60229918,3,32,52.5,5
at:43:12409,Viehofen Johann-Heßl-Gasse,48.23122497,15.64929006,3,28,60.0,5
at:43:12410,Herzogenburg Rathausplatz,48.28500402,15.69472684,3,51,32.94117647058823,4
at:43:12411,Fugging Statzendorfer Straße,48.28924198,15.63334496,3,29,57.93103448275862,5
at:43:12412,Herzogenburg Fischergasse,48.2829417,15.69756552,3,38,44.21052631578947,5
at:43:12413,Anzenhof Abzw. Hausheim,48.31129281,15.60483243,3,12,140.0,7
at:43:12414,Spratzern Wörther Straße,48.16208208,15.61899886,3,76,22.105263157894736,4
at:43:12424,Ambach Ortsmitte,48.30609469,15.58206014,3,41,40.97560975609756,5
at:43:12425,Oberwölbling Ambacher Straße,48.3152956,15.5892287,3,41,40.97560975609756,5
at:43:12427,Oberwölbling Postgasse,48.31974012,15.593334,3,41,40.97560975609756,5
at:43:12428,Unterwölbling West,48.32325842,15.60214647,3,41,40.97560975609756,5
at:43:12429,Unterwölbling Ost,48.32398714,15.60979113,3,41,40.97560975609756,5
at:43:12472,Stössing Ortsmitte,48.12308335,15.81328649,3,24,70.0,6
at:43:12530,Gansbach Hauptplatz,48.3062859,15.47227703,3,26,64.61538461538461,6
at:43:12537,Maria Langegg Langegger Hof,48.32517576,15.45165171,3,9,186.66666666666666,7
at:43:12577,Flinsdorf Mamauer Straße,48.24682863,15.62151415,3,2,840.0,-1
at:43:12578,Flinsdorf Weiterner Straße,48.24439985,15.61795682,3,22,76.36363636363636,6
at:43:12579,Wilhelmsburg Hauptplatz,48.10504257,15.60590143,3,35,48.0,5
at:43:12589,Traisen Hubhof,48.04747128,15.62108296,3,30,56.0,5
at:43:12590,Traisen Rathaus,48.04134544,15.60940486,3,45,37.333333333333336,4
at:43:12592,Traisen Stahlwerk,48.03837835,15.60874909,3,55,30.545454545454547,4
at:43:12593,Lilienfeld Utzgasse,48.01766402,15.59699014,3,47,35.744680851063826,4
at:43:12594,Lilienfeld Kolweißgasse,48.01547074,15.59608284,3,47,35.744680851063826,4
at:43:12595,Traisen Volksschule,48.04718302,15.62312213,3,6,280.0,-1
at:43:12596,Freiland Schloss,47.97751532,15.5690705,3,61,27.540983606557376,4
at:43:12597,Lilienfeld Schulen,48.01308507,15.58897717,3,5,336.0,-1
at:43:12630,Etzersdorf Ortsstraße,48.26644612,15.75253343,3,13,129.23076923076923,7
at:43:12645,Katzenberg Landesstraße,48.26241558,15.77359892,3,27,62.22222222222222,6
at:43:12652,Wieselbruck Ort,48.26238568,15.8138704,3,2,840.0,-1
at:43:12653,Grunddorf Ortsmitte,48.26462225,15.81909859,3,2,840.0,-1
at:43:12654,Grunddorf Reiserhofstraße,48.26776166,15.82668936,3,2,840.0,-1
at:43:12659,Diesendorf Landesstraße,48.25120733,15.90663043,3,9,186.66666666666666,7
at:43:12660,Diesendorf Ort,48.25251728,15.90576805,3,4,420.0,-1
at:43:12700,St. Pölten Josefskirche,48.19542267,15.62230466,3,249,6.746987951807229,2
at:43:12701,St. Pölten Wurmbstraße,48.19100327,15.61846886,3,75,22.4,4
at:43:12702,St. Pölten Grillparzerstraße,48.19613525,15.6213794,3,36,46.666666666666664,5
at:43:12703,St. Pölten Viktor-Adler-Straße,48.19601549,15.61901683,3,28,60.0,5
at:43:12748,Loosdorf/Melk Otto-Glöckel-Straße,48.19999737,15.40012435,3,43,39.06976744186046,4
at:43:12779,St. Pölten Linzer Tor,48.20237438,15.62119974,3,238,7.0588235294117645,2
at:43:12781,St. Pölten Gymnasium,48.19064994,15.62265501,3,256,6.5625,2
at:43:12794,St. Pölten Aquacity,48.20554156,15.62026549,3,341,4.926686217008798,0
at:43:12795,St. Pölten Josefstraße,48.19923695,15.62224178,3,37,45.4054054054054,5
at:43:12824,St. Pölten Daniel-Gran-Schule,48.21017522,15.62624827,3,283,5.936395759717315,2
at:43:12859,Herzogenburg Robert-Eichhorn-Gasse,48.29083187,15.68955255,3,32,52.5,5
at:43:12860,Wielandsthal Kremser Straße,48.29909731,15.6885105,3,32,52.5,5
at:43:12861,Walpersdorf/Traisen Pastelligasse,48.31243394,15.68122516,3,32,52.5,5
at:43:12862,Walpersdorf/Traisen Schloss,48.31384388,15.67765885,3,32,52.5,5
at:43:12872,Traismauer Bahnhofstraße,48.34932452,15.74589488,3,53,31.69811320754717,4
at:43:12890,Aggsbach Dorf Donauterrasse,48.29152519,15.40717612,3,23,73.04347826086956,6
at:43:13069,Speisendorf Ortsmitte,48.86389088,15.43017299,3,9,186.66666666666666,7
at:43:13070,St Johann/Grafenwörth Hegerweg,48.39746248,15.78812468,3,10,168.0,7
at:43:13071,St. Johann/Grafenwörth Kreisverkehr,48.39771299,15.79421526,3,10,168.0,7
at:43:13072,Raggendorf Busbahnhof,48.38984531,16.65535826,3,113,14.867256637168142,3
at:43:13081,Raabs/Thaya Mittelschule,48.84969408,15.48949773,3,4,420.0,-1
at:43:13082,Raabs/Thaya Pflegeheim,48.85327026,15.48701838,3,26,64.61538461538461,6
at:43:13083,Lindau bei Raabs Ort,48.82724997,15.48815924,3,5,336.0,-1
at:43:13084,Modsiedl Ortsmitte,48.86155654,15.50452655,3,8,210.0,7
at:43:13087,Süßenbach bei Weikertschlag Kapelle,48.89089031,15.49352219,3,8,210.0,7
at:43:13091,Heidenreichstein Busbahnhof,48.86480685,15.12276052,3,72,23.333333333333332,4
at:43:13115,Eibenstein Ort,48.84582207,15.58054199,3,2,840.0,-1
at:43:13144,Scheideldorf Kirche,48.73829717,15.3423986,3,12,140.0,7
at:43:13145,Weinpolz Ort,48.75560524,15.33449343,3,31,54.193548387096776,5
at:43:13146,Lichtenberg Bundesstraße,48.77360594,15.32141396,3,25,67.2,6
at:43:13153,Heidenreichstein Mittelschule,48.86752513,15.11589739,3,19,88.42105263157895,6
at:43:13155,Heidenreichstein Eisertweg,48.86701694,15.11185497,3,3,560.0,-1
at:43:13232,St. Peter/Au-Dorf Abzw. Kürnberg,48.0187456,14.59835999,3,9,186.66666666666666,7
at:43:13237,Seitenstetten Gemeindeamt,48.03666649,14.65110008,3,62,27.096774193548388,4
at:43:13238,Seitenstetten Am Klosterberg,48.03584357,14.65392977,3,20,84.0,6
at:43:13239,Seitenstetten Stiftsgymnasium,48.03377722,14.65522335,3,18,93.33333333333333,6
at:43:13282,Galtberg Weißes Kreuz,48.08221863,14.80191823,3,33,50.90909090909091,5
at:43:13297,Waldheim B121/Meisenstr.,48.09921155,14.82071099,3,14,120.0,6
at:43:13305,St. Georgen/Leys Lagerhaus,48.03165071,15.22987563,3,14,120.0,6
at:43:13312,Texing Plankenstein,48.03421572,15.28659526,3,16,105.0,6
at:43:13313,Texing Rosenbichl,48.03816812,15.29824641,3,16,105.0,6
at:43:13314,Texing Hinterberg,48.03329666,15.27289595,3,15,112.0,6
at:43:13315,Texing Abzw. Großhollenstein,48.04339347,15.31517965,3,16,105.0,6
at:43:13316,Texing Rosslauf/Sportplatz,48.04034842,15.30916094,3,16,105.0,6
at:43:13342,Scheibbs Landesklinikum,48.01129425,15.16235826,3,50,33.6,4
at:43:13345,Scheibbs Sportzentrum,47.99955018,15.16251097,3,46,36.52173913043478,4
at:43:13513,Gaweinstal Hauptplatz,48.47684691,16.5901765,3,112,15.0,3
at:43:13514,Gaweinstal Martinsdorfer Straße,48.48133092,16.59408417,3,21,80.0,6
at:43:13564,Ottenthal/Mistelbach Volksschule,48.76122523,16.57731263,3,29,57.93103448275862,5
at:43:13565,Pottenhofen Ortsmitte,48.7648314,16.54579074,3,29,57.93103448275862,5
at:43:13566,Neuruppersdorf Landesstraße,48.75466358,16.51584091,3,29,57.93103448275862,5
at:43:13567,Wildendürnbach Ortsmitte,48.75632184,16.50215957,3,28,60.0,5
at:43:13605,Edlitz Abzw. Königsberg,47.5920327,16.14559128,3,27,62.22222222222222,6
at:43:13606,Edlitz Schauerberg,47.58349589,16.14596858,3,22,76.36363636363636,6
at:43:13607,Thomasberg Ort,47.56847886,16.14255498,3,27,62.22222222222222,6
at:43:13608,Krumbach Ortsmitte,47.52347472,16.19297741,3,37,45.4054054054054,5
at:43:13609,Krumbach Unterhaus,47.50865893,16.19887036,3,20,84.0,6
at:43:13610,Hochneukirchen Ortsmitte,47.45757854,16.19975071,3,15,112.0,6
at:43:13613,Kirchschlag/Bucklige Welt Abzw. Taschenhof,47.50669895,16.24726261,3,22,76.36363636363636,6
at:43:13614,Kirchschlag/Bucklige Welt Rosnersiedlung,47.50432625,16.25884189,3,22,76.36363636363636,6
at:43:13615,Kirchschlag/Bucklige Welt Kobauerbrücke,47.49879762,16.26450128,3,22,76.36363636363636,6
at:43:13616,Kirchschlag/Bucklige Welt Abzw. Bernstein,47.49404532,16.28166808,3,30,56.0,5
at:43:13617,Kirchschlag/Bucklige Welt Pinzkerweg,47.49470691,16.28605186,3,38,44.21052631578947,5
at:43:13618,Kirchschlag/Bucklige Welt Gemeindeamt,47.50197771,16.29689453,3,40,42.0,5
at:43:13619,Bad Schönau Hennmühle,47.49609681,16.22100485,3,22,76.36363636363636,6
at:43:13631,Zwettl Busbahnhof,48.60544547,15.16410997,3,129,13.023255813953488,3
at:43:13636,Zwettl Kampparkplatz,48.60701361,15.17180853,3,200,8.4,2
at:43:13644,Arbesbach Ortsmitte,48.49398884,14.95514387,3,12,140.0,7
at:43:13653,Göttlesbrunn Volksschule,48.05601621,16.74121025,3,3,560.0,-1
at:43:13696,Hohenberg Thorhof,47.88642647,15.59893948,3,26,64.61538461538461,6
at:43:13727,Mostbach Abzweigung Ort,48.82399131,15.44778895,3,22,76.36363636363636,6
at:43:13728,Oberndorf/Raabs Siedlung Linde,48.83280872,15.46251234,3,22,76.36363636363636,6
at:43:13733,Zwettl Brunnengasse,48.60781549,15.16475676,3,31,54.193548387096776,5
at:43:13744,Niederstrahlbach Demutsgraben,48.61069618,15.13619931,3,14,120.0,6
at:43:13752,Rosenau/Zwettl Dorf,48.62277549,15.05480297,3,4,420.0,-1
at:43:13753,Jagenbach Abzw. Purken,48.6382297,15.03468969,3,20,84.0,6
at:43:13759,Engelstein bei Großschönau Ort,48.64133422,14.94917906,3,18,93.33333333333333,6
at:43:13760,Großschönau Ortsmitte,48.65116889,14.94251356,3,16,105.0,6
at:43:13761,Sitzmanns Bundesstraße,48.62050119,14.95584455,3,5,336.0,-1
at:43:13762,Wurmbrand Ort,48.61004878,14.97196033,3,5,336.0,-1
at:43:13763,Groß Gerungs Schall,48.60145956,14.98032365,3,3,560.0,-1
at:43:13764,Groß Gerungs Etlas,48.59516818,14.97687412,3,5,336.0,-1
at:43:13765,Groß Gerungs Haid,48.58771138,14.96558229,3,5,336.0,-1
at:43:13768,Zwettl Gymnasium,48.60382382,15.15938483,3,63,26.666666666666668,4
at:43:13772,Rieggers Abzw. Ort,48.62471124,15.06852922,3,13,129.23076923076923,7
at:43:13793,Böhmhöf bei Zwettl Hauswiesen,48.5698403,15.16383149,3,22,76.36363636363636,6
at:43:13794,Großweißenbach Ortsmitte,48.55120176,15.16129824,3,25,67.2,6
at:43:13795,Großgöttfritz Ortsmitte,48.53877225,15.18936161,3,15,112.0,6
at:43:13796,Großgöttfritz Süd,48.536399,15.19045756,3,3,560.0,-1
at:43:13797,Großgöttfritz Volksschule,48.53934919,15.18866093,3,3,560.0,-1
at:43:13802,Grainbrunn Abzw. Großnondorf,48.48594554,15.26976083,3,10,168.0,7
at:43:13806,Voitschlag Ort,48.48248611,15.22781849,3,7,240.0,-1
at:43:13811,Lugendorf Kapelle,48.46565002,15.20002462,3,17,98.82352941176471,6
at:43:13812,Armschlag Ort,48.45258584,15.21982348,3,21,80.0,6
at:43:13858,Rothfarn Ort,48.64467597,15.00105676,3,4,420.0,-1
at:43:13859,Hirschenhof Ort,48.66495912,14.98293774,3,7,240.0,-1
at:43:13860,Wörnharts Siedlung,48.67252909,14.96374075,3,6,280.0,-1
at:43:13865,Kleinotten Kapelle,48.68672861,15.18058507,3,5,336.0,-1
at:43:13866,Mayerhöfen bei Zwettl Kapelle,48.69539226,15.18458258,3,5,336.0,-1
at:43:13867,Niederglobnitz Kapelle,48.70208615,15.18315425,3,5,336.0,-1
at:43:13868,Wolfenstein Kapelle,48.7172375,15.17541078,3,12,140.0,7
at:43:13869,Haimschlag Kapelle,48.71934742,15.20567502,3,9,186.66666666666666,7
at:43:13870,Kaltenbach/Vitis Kapelle,48.74542962,15.18282188,3,11,152.72727272727272,7
at:43:13886,Zwettl Ottenschläger Straße,48.60041402,15.16925732,3,29,57.93103448275862,5
at:43:13892,Kleinschönau/Vitis Kapelle,48.73096225,15.16045383,3,9,186.66666666666666,7
at:43:13897,Kleinschönau/Zwettl Landesstraße,48.57534434,15.23522061,3,6,280.0,-1
at:43:13898,Oberwaltenreith Ort,48.56769439,15.24411393,3,11,152.72727272727272,7
at:43:13900,Guttenbrunn/Zwettl Abzw. Ort,48.60559397,15.07505998,3,4,420.0,-1
at:43:13904,Niedernondorf Ort,48.54854365,15.27480936,3,6,280.0,-1
at:43:13905,Niederwaltenreith Kapelle,48.55678512,15.29048496,3,5,336.0,-1
at:43:13914,Marbach im Felde Ortsmitte,48.54457703,15.34889342,3,9,186.66666666666666,7
at:43:13915,Niedergrünbach Ortsmitte,48.53014117,15.35841557,3,9,186.66666666666666,7
at:43:13916,Obergrünbach bei Gföhl Abzw. Erdweis,48.51867043,15.36462292,3,9,186.66666666666666,7
at:43:13923,Marbach im Felde Bundesstraße,48.54927509,15.35331314,3,4,420.0,-1
at:43:13924,Sperkental Bundesstraße,48.54168662,15.36969841,3,4,420.0,-1
at:43:13925,Großmotten 2/43,48.53437659,15.39456377,3,5,336.0,-1
at:43:13926,Großmotten Ortsmitte,48.53537591,15.39044051,3,5,336.0,-1
at:43:13927,Grottendorf Bundesstraße,48.53167596,15.41173956,3,6,280.0,-1
at:43:13929,Rastbach Bundesstraße,48.52600653,15.43794342,3,1,1680.0,-1
at:43:13940,St. Pölten Kalcherstraße,48.20002731,15.62199025,3,198,8.484848484848484,2
at:43:13979,Stadt Haag Ziegelgasse,48.10654221,14.57115002,3,35,48.0,5
at:43:13981,Stadt Haag St. Valentiner Straße,48.11529325,14.56968576,3,4,420.0,-1
at:43:14361,Rems Feuerwehr,48.20026083,14.52735715,3,6,280.0,-1
at:43:14443,Windpassing bei Enns Ort,48.22404976,14.51712534,3,33,50.90909090909091,5
at:43:14469,Krems Mehrlbrücke,48.41777334,15.60096968,3,88,19.09090909090909,3
at:43:14479,Werschenschlag Abzw. Ort,48.55888987,15.31111927,3,5,336.0,-1
at:43:14487,Jettsdorf Untere Ortsstraße,48.40391561,15.75781552,3,14,120.0,6
at:43:14488,Jettsdorf Kapelle,48.40577624,15.75597398,3,14,120.0,6
at:43:14489,Jettsdorf Kirchenwegsiedlung,48.40458353,15.76899057,3,14,120.0,6
at:43:14490,Maria Schutz Friedhof,47.6409789,15.85663021,3,27,62.22222222222222,6
at:43:14981,Klostertal Wegscheid,47.82955767,15.83432504,3,7,240.0,-1
at:43:14982,Klostertal Eichelmühle,47.84439116,15.83820576,3,7,240.0,-1
at:43:14995,Horn Raabser Straße,48.67540016,15.64941582,3,28,60.0,5
at:43:14996,Mödring Bachstraße,48.69226142,15.64784377,3,20,84.0,6
at:43:14997,Pernegg Ort,48.73850452,15.63010204,3,20,84.0,6
at:43:14998,Hötzelsdorf Pulkaubrücke,48.74553625,15.6719276,3,20,84.0,6
at:43:14999,Goggitsch Ortsmitte,48.77471893,15.67711088,3,18,93.33333333333333,6
at:43:15000,Langau/Geras Sommerzeile,48.83283238,15.70988142,3,13,129.23076923076923,7
at:43:15001,Langau/Geras West,48.83490788,15.70388966,3,13,129.23076923076923,7
at:43:15002,Wolfsbach bei Drosendorf Ort,48.84999556,15.66399548,3,11,152.72727272727272,7
at:43:15003,Heinrichsreith Drosendorfer Straße,48.86391451,15.65880321,3,11,152.72727272727272,7
at:43:15004,Oberhöflein bei Geras Weitersfelder Str.,48.80061856,15.7422567,3,11,152.72727272727272,7
at:43:15005,Langau/Geras Hauptplatz,48.83082775,15.71577437,3,25,67.2,6
at:43:15006,Geras Hauptstraße/Stift,48.79738183,15.67369728,3,25,67.2,6
at:43:15007,Elsern Bundesstraße,48.84891379,15.62302332,3,12,140.0,7
at:43:15008,Drosendorf Schulen,48.86488958,15.62256518,3,25,67.2,6
at:43:15010,Zissersdorf bei Geras Ortsmitte,48.82985202,15.62503554,3,12,140.0,7
at:43:15011,Klostertal Jörglhans,47.84912372,15.84430532,3,7,240.0,-1
at:43:15012,Vois Wegscheidhof,47.80773389,15.78621127,3,6,280.0,-1
at:43:15013,Klostertal Abzw. Urgersbach,47.84182274,15.83380401,3,7,240.0,-1
at:43:15014,Klostertal B21,47.87034558,15.86022347,3,7,240.0,-1
at:43:15015,Hirschwang Mittelschule,47.69965024,15.82184744,3,13,129.23076923076923,7
at:43:15016,Hirschwang Abzw. Mittelschule,47.70128258,15.82091319,3,37,45.4054054054054,5
at:43:15018,Unterhöflein Volksschule,47.79549697,16.03534105,3,3,560.0,-1
at:43:15019,Vois Abzw. Grubbauer,47.80187525,15.74531098,3,6,280.0,-1
at:43:15020,Plosdorf Siedlung,48.1784436,15.75775264,3,25,67.2,6
at:43:15024,Oistal Polzberg,47.86589821,15.08659434,3,14,120.0,6
at:43:15025,Nondorf bei Gmünd Dorfstraße,48.74827877,15.03245288,3,4,420.0,-1
at:43:15026,Euratsfeld Bäckerberg,48.08070627,14.93599179,3,33,50.90909090909091,5
at:43:15027,Dietmanns/Großgerungs Bundesstraße,48.57099941,14.98420437,3,27,62.22222222222222,6
at:43:15028,Freitzenschlag Bundesstraße,48.56281375,14.99467872,3,27,62.22222222222222,6
at:43:15029,Großmeinharts Feuerwehr,48.55825965,15.0172444,3,26,64.61538461538461,6
at:43:15030,Etzen/Großgerungs Bundesstraße,48.55800993,15.02845538,3,3,560.0,-1
at:43:15031,Selbitz Ort,48.54251927,15.04428369,3,9,186.66666666666666,7
at:43:15032,Kirchbach/Rappottenstein Ort,48.53867709,15.05268294,3,9,186.66666666666666,7
at:43:15034,Rappottenstein Ortsmitte,48.52160381,15.07914731,3,20,84.0,6
at:43:15035,Rappottenstein Ritterkamp Siedlung,48.52387066,15.08845386,3,16,105.0,6
at:43:15036,Rappottenstein Ritterkamp Ort,48.52680969,15.09385273,3,16,105.0,6
at:43:15037,Annatsberg Bundesstraße,48.53951573,15.08969353,3,15,112.0,6
at:43:15038,Haselbach/Arbesbach Kapelle,48.51455271,14.9852554,3,2,840.0,-1
at:43:15039,Rottenbach/Zwettl Ort,48.55281321,15.09512834,3,13,129.23076923076923,7
at:43:15040,Merzenstein Ort,48.56975113,15.0954697,3,23,73.04347826086956,6
at:43:15041,Gschwendt/Zwettl Bundesstraße,48.5824464,15.12745871,3,25,67.2,6
at:43:15042,Moidrams Bergwirt,48.60084768,15.15635751,3,39,43.07692307692308,5
at:43:15043,Karlstift Abzw. Gugu,48.56319423,14.72775332,3,7,240.0,-1
at:43:15044,Karlstift B38/Abzw. Ort,48.59177562,14.7537865,3,19,88.42105263157895,6
at:43:15045,Bad Großpertholz Brennerhof,48.61879094,14.77803203,3,10,168.0,7
at:43:15046,Bad Großpertholz Rindlberg,48.61853559,14.78702416,3,10,168.0,7
at:43:15047,Nondorf/Gmünd Hotel Leonardo,48.7471178,15.04659236,3,15,112.0,6
at:43:15048,Steinbach bei Schrems Feuerwehr,48.82437574,15.01235757,3,12,140.0,7
at:43:15049,St. Martin/Weitra Ortsmitte,48.66469807,14.83839881,3,18,93.33333333333333,6
at:43:15050,St. Martin/Weitra Roßbruck,48.67351974,14.84012358,3,18,93.33333333333333,6
at:43:15051,St. Pölten Ziegelbahnstraße,48.19656639,15.60167036,3,28,60.0,5
at:43:15052,St. Martin/Weitra Schützenberg,48.69463329,14.87208564,3,18,93.33333333333333,6
at:43:15053,Weitra Busbahnhof,48.70060397,14.89662761,3,54,31.11111111111111,4
at:43:15054,Weitra Abzw. Brühl,48.70985801,14.90072393,3,26,64.61538461538461,6
at:43:15055,Altweitra Bundesstraße,48.72154615,14.90560178,3,26,64.61538461538461,6
at:43:15056,Eichberg/Gmünd Bundesstraße,48.7361288,14.91776497,3,26,64.61538461538461,6
at:43:15057,Dietmanns/Gmünd Kirchenplatz,48.74725996,14.94659191,3,31,54.193548387096776,5
at:43:15058,Ehrendorf Sempersiedlung,48.75674824,14.95809034,3,41,40.97560975609756,5
at:43:15059,St. Pölten Plöcknerstraße,48.20383526,15.64575968,3,57,29.473684210526315,4
at:43:15060,St. Pölten Dr.-O.-Tschadek-Str.,48.20109907,15.64485238,3,28,60.0,5
at:43:15061,St. Pölten Tierheim,48.19504542,15.59419638,3,56,30.0,4
at:43:15062,St. Pölten M.-Corvinus-Str.,48.21344966,15.6355099,3,57,29.473684210526315,4
at:43:15064,Reinsberg Feuerwehr,47.98449655,15.07391912,3,27,62.22222222222222,6
at:43:15066,Kleinpertenschlag Bundesstraße,48.43280148,14.96500737,3,4,420.0,-1
at:43:15067,Altmelon Kronegg,48.43845154,14.96097394,3,4,420.0,-1
at:43:15068,Altmelon Fichtenbach,48.44446446,14.9591773,3,4,420.0,-1
at:43:15069,Brunning b. Wieselburg Landesstraße,48.09716574,15.10914206,3,16,105.0,6
at:43:15070,Kernhof Abzw. Thalerl,47.81596865,15.54336072,3,26,64.61538461538461,6
at:43:15072,Ehrendorf Schlösslgasse,48.75780238,14.96018342,3,18,93.33333333333333,6
at:43:15073,Amstetten Anzengruberstr./Ärztecenter,48.12004901,14.87354091,3,114,14.736842105263158,3
at:43:15074,Amstetten Stadtbad,48.11651072,14.87414278,3,66,25.454545454545453,4
at:43:15075,Amstetten Reckentragstraße,48.11198854,14.87121427,3,43,39.06976744186046,4
at:43:15076,Amstetten Max-Christ-Straße,48.11680458,14.87124122,3,57,29.473684210526315,4
at:43:15077,Oberhöflein/Geras Schloss,48.79990851,15.74045109,3,4,420.0,-1
at:43:15079,Amstetten Viehdorfer Straße,48.12527205,14.87028002,3,100,16.8,3
at:43:15080,Amstetten Reihenhaussiedlung,48.13207139,14.86202451,3,24,70.0,6
at:43:15081,Ehrendorf Gmünder Straße,48.75962043,14.9645133,3,40,42.0,5
at:43:15083,Amstetten Parksiedlung,48.12991896,14.86111721,3,52,32.30769230769231,4
at:43:15084,Amstetten Radinger Straße,48.12853393,14.87354091,3,50,33.6,4
at:43:15085,Amstetten Wiener Str./Agathastr.,48.12241773,14.88635088,3,100,16.8,3
at:43:15087,Amstetten Industriestraße,48.11675061,14.90763197,3,52,32.30769230769231,4
at:43:15088,Amstetten Josef-Umdasch-Platz,48.11799803,14.90268226,3,50,33.6,4
at:43:15089,Amstetten Linzer Straße,48.12493625,14.86950747,3,25,67.2,6
at:43:15090,Amstetten Kochgasse,48.12066669,14.86199756,3,27,62.22222222222222,6
at:43:15091,Greinsfurth/Amst. Leinerstraße,48.10562444,14.83252383,3,63,26.666666666666668,4
at:43:15092,Waldheim Südlandstraße,48.10230111,14.82311847,3,31,54.193548387096776,5
at:43:15093,Waldheim/Mauer Veilchenstraße,48.09852162,14.82111523,3,13,129.23076923076923,7
at:43:15094,Waldheim Narzissenstraße,48.09599581,14.82109726,3,27,62.22222222222222,6
at:43:15095,Waldheim Gladiolenstraße,48.09738772,14.82407967,3,14,120.0,6
at:43:15096,Hart bei Amstetten Dingfurth,48.11302016,14.92566116,3,40,42.0,5
at:43:15097,Wallsee Marktplatz,48.167187,14.71554522,3,20,84.0,6
at:43:15099,Amstetten Krankenhausstraße,48.12618947,14.88404221,3,76,22.105263157894736,4
at:43:15100,Amstetten Siedlungsstraße,48.12067268,14.87007341,3,18,93.33333333333333,6
at:43:15101,Amstetten Pestalozzistraße,48.11913747,14.87539144,3,2,840.0,-1
at:43:15102,Amstetten Eggersdorf,48.11779413,14.88426679,3,49,34.285714285714285,4
at:43:15104,Amstetten Friedenstraße,48.11916746,14.89783135,3,76,22.105263157894736,4
at:43:15105,Amstetten Reichsstraße/Luft,48.11554514,14.91282424,3,58,28.96551724137931,4
at:43:15106,Hart bei Amstetten Ortsplatz,48.12029488,14.92734101,3,12,140.0,7
at:43:15107,Hart bei Amstetten Föhrenstraße,48.11736833,14.92569709,3,12,140.0,7
at:43:15108,Matzendorf/Amstetten Abzw. Ort,48.11029712,14.9361445,3,13,129.23076923076923,7
at:43:15109,Leutzmannsdorf Ringstraße,48.10859365,14.95040076,3,13,129.23076923076923,7
at:43:15111,Galtbrunn Ort,48.11787209,14.94900838,3,21,80.0,6
at:43:15112,Hermannsdorf bei Amstetten,48.11528725,14.963606,3,20,84.0,6
at:43:15113,St. Georgen am Ybbsfelde Ortsmitte,48.1290076,14.95478454,3,18,93.33333333333333,6
at:43:15114,Amstetten Krautbergstraße,48.12451051,14.86062313,3,32,52.5,5
at:43:15115,Amstetten Elsa-Brandström-Str.,48.12969112,14.8637852,3,35,48.0,5
at:43:15116,Zeillern Autobahnbrücke,48.13281483,14.83239807,3,37,45.4054054054054,5
at:43:15117,Ludwigsdorf Friedlmühle,48.12443256,14.81945335,3,14,120.0,6
at:43:15118,Wallsee Abzw. Grubmühle,48.12662719,14.71090093,3,17,98.82352941176471,6
at:43:15119,Wallsee B1/Wallseer Straße,48.13987094,14.6981179,3,34,49.411764705882355,5
at:43:15120,Wallsee Abzw. Kroisbach,48.14729171,14.69787535,3,35,48.0,5
at:43:15121,Wallsee Ardaggerstraße,48.16284905,14.71554522,3,35,48.0,5
at:43:15122,Strengberg Steinbruckmühle,48.14027258,14.66978504,3,17,98.82352941176471,6
at:43:15123,Strengberg Markt,48.14290411,14.65109109,3,17,98.82352941176471,6
at:43:15124,Strengberg Buch,48.14492413,14.64260202,3,17,98.82352941176471,6
at:43:15125,Strengberg Thürnbuch,48.15917588,14.61738631,3,17,98.82352941176471,6
at:43:15126,Oed bei Amstetten Abzw. Dorf,48.12341316,14.75428955,3,17,98.82352941176471,6
at:43:15127,Strengberg Abzw. Henning,48.14979103,14.6251747,3,8,210.0,7
at:43:15128,Wallsee Sindelburg,48.15899611,14.71636268,3,18,93.33333333333333,6
at:43:15129,Wallsee Straß,48.13150182,14.70646325,3,17,98.82352941176471,6
at:43:15130,Oed bei Amstetten Sturmhof,48.12163816,14.74244078,3,17,98.82352941176471,6
at:43:15131,Zeillern Abzw. Flachsberg,48.11840583,14.77129466,3,17,98.82352941176471,6
at:43:15133,Ludwigsdorf Ort,48.11973717,14.80814356,3,14,120.0,6
at:43:15134,Zeillern Boxhofen,48.12742467,14.82613681,3,14,120.0,6
at:43:15135,Amstetten Silberweisstraße,48.12608754,14.85605071,3,17,98.82352941176471,6
at:43:15136,Amstetten Lehárstraße,48.12501421,14.85579918,3,57,29.473684210526315,4
at:43:15137,Amstetten Ybbsstr./Burgenlandstr.,48.11993507,14.8706663,3,55,30.545454545454547,4
at:43:15138,Amstetten Allersdorf VS,48.10949938,14.86830373,3,57,29.473684210526315,4
at:43:15139,Winklarn Amstettner Straße,48.10339891,14.86012008,3,8,210.0,7
at:43:15140,Winklarn Föhrenweg,48.11060902,14.86312045,3,17,98.82352941176471,6
at:43:15141,Winklarn Abzw. Kleingreinsfurth,48.1103691,14.854299,3,17,98.82352941176471,6
at:43:15142,Winklarn Lindenstraße,48.10638025,14.85448764,3,17,98.82352941176471,6
at:43:15143,Winklarn Harter Straße 8,48.10380083,14.85896125,3,9,186.66666666666666,7
at:43:15144,Winklarn Arthofen,48.09645778,14.85692208,3,17,98.82352941176471,6
at:43:15145,Winklarn Ortsmitte,48.09177184,14.84801977,3,17,98.82352941176471,6
at:43:15146,Ulmerfeld Abzw. Tanngraben,48.08113838,14.84142614,3,1,1680.0,-1
at:43:15147,Ulmerfeld Sonnenstraße,48.07947595,14.8315806,3,34,49.411764705882355,5
at:43:15149,Ulmerfeld Graben,48.07783748,14.82796937,3,40,42.0,5
at:43:15150,Dippersdorf Ort,48.07466242,14.83896475,3,15,112.0,6
at:43:15151,Neuhofen/Ybbs Abzw. Pfosendorf,48.06434961,14.84021341,3,20,84.0,6
at:43:15152,Neuhofen/Ybbs Feuerwehr,48.05880216,14.85289762,3,20,84.0,6
at:43:15153,Neuhofen/Ybbs Elzbach,48.05329616,14.85099319,3,3,560.0,-1
at:43:15154,Neuhofen/Ybbs Amesleithen,48.0496752,14.85366119,3,3,560.0,-1
at:43:15155,Neuhofen/Ybbs Stopfenau,48.0456276,14.85692208,3,3,560.0,-1
at:43:15156,Neuhofen/Ybbs Wurmlehen,48.04195805,14.86530336,3,3,560.0,-1
at:43:15157,Neuhofen/Ybbs Ungförten,48.0335009,14.86273418,3,3,560.0,-1
at:43:15158,Neuhofen/Ybbs Eben,48.03215531,14.85440679,3,3,560.0,-1
at:43:15159,Neuhofen/Ybbs Hiesbach,48.02885728,14.8407524,3,6,280.0,-1
at:43:15160,Neuhofen/Ybbs Fuchslug,48.0305754,14.83306282,3,3,560.0,-1
at:43:15161,Neuhofen/Ybbs Abzw. Schauberg,48.03590364,14.82021691,3,3,560.0,-1
at:43:15162,Neuhofen/Ybbs Hörlesberg,48.05100832,14.84135427,3,3,560.0,-1
at:43:15163,Neuhofen/Ybbs Weg,48.04338146,14.83429351,3,3,560.0,-1
at:43:15164,Neuhofen/Ybbs Brandstetten,48.03859458,14.83040381,3,3,560.0,-1
at:43:15165,Neuhofen an der Ybbs Mittelschule,48.05646053,14.85069675,3,7,240.0,-1
at:43:15166,Hausmening Hauptstraße,48.07596488,14.81799807,3,17,98.82352941176471,6
at:43:15167,Galtberg Boog-Straße,48.08368293,14.80208891,3,56,30.0,4
at:43:15168,Mauer/Amstetten Mittelschule,48.09262986,14.80020245,3,62,27.096774193548388,4
at:43:15169,Oberhömbach Ort,48.07504055,14.85605969,3,15,112.0,6
at:43:15170,Öhling Kindergartenstraße,48.10095733,14.80178348,3,7,240.0,-1
at:43:15171,Ludwigsdorf Kleinberg,48.11457355,14.80067856,3,7,240.0,-1
at:43:15172,Ludwigsdorf Abzw. Mauer,48.11820793,14.8019362,3,7,240.0,-1
at:43:15173,Zeillern Oberzeillern,48.12490027,14.78774282,3,20,84.0,6
at:43:15175,Zeillern Schloss,48.12891167,14.80859271,3,19,88.42105263157895,6
at:43:15176,Stephanshart Moos Nr. 20,48.15809125,14.79450713,3,6,280.0,-1
at:43:15177,Triesenegg Egelseeweg,48.12891167,14.94266627,3,8,210.0,7
at:43:15178,Allersdorf am Ybbsfelde West,48.12967314,14.93114088,3,8,210.0,7
at:43:15179,Atzelsdorf/Amstetten Abzw. Hart,48.12984701,14.92448437,3,24,70.0,6
at:43:15180,Atzelsdorf/Amstetten Abzw. Haubenberg,48.12679508,14.91546528,3,24,70.0,6
at:43:15181,Amstetten Gutenbergstraße,48.12909754,14.8673066,3,52,32.30769230769231,4
at:43:15182,Eisenreichdornach Preinsbacher Str.,48.12925343,14.89366317,3,73,23.013698630136986,4
at:43:15183,Amstetten Hauptplatz,48.12295743,14.87260666,3,108,15.555555555555555,3
at:43:15184,Amstetten Finanzamt,48.12210591,14.87223835,3,55,30.545454545454547,4
at:43:15187,Zeillern Luppenberg,48.13616016,14.82369339,3,8,210.0,7
at:43:15188,Stephanshart Haselhof,48.14232267,14.81992047,3,8,210.0,7
at:43:15189,Stephanshart Pfaffenbach,48.16437097,14.81799807,3,6,280.0,-1
at:43:15191,Ardagger Stift Schulen,48.16761838,14.83952171,3,4,420.0,-1
at:43:15193,Stephanshart Empfing,48.16124918,14.80839508,3,6,280.0,-1
at:43:15194,Stephanshart Weg,48.1500847,14.81767468,3,8,210.0,7
at:43:15195,Ardagger Stift Pfaffenberg,48.15799538,14.83609014,3,7,240.0,-1
at:43:15196,Raxendorf Moos,48.31245783,15.26538604,3,18,93.33333333333333,6
at:43:15197,Stephanshart Abzw. Kälbersberg,48.15736017,14.78781468,3,6,280.0,-1
at:43:15198,Stephanshart Albersberg,48.15656915,14.78467956,3,6,280.0,-1
at:43:15200,Stephanshart Leitzing,48.15614966,14.76630901,3,6,280.0,-1
at:43:15201,Stephanshart Dorfplatz,48.15846279,14.81885147,3,8,210.0,7
at:43:15203,Zeillern Abzw. Destelberg,48.13319254,14.77084551,3,10,168.0,7
at:43:15204,Zeillern Edla,48.13520095,14.77940645,3,10,168.0,7
at:43:15205,Zeillern Abzw. Rosenfeld,48.14320982,14.77360333,3,10,168.0,7
at:43:15206,Zeillern Gebetsberg,48.13648988,14.78467058,3,10,168.0,7
at:43:15207,Zeillern Pyhra,48.13227524,14.79440832,3,10,168.0,7
at:43:15208,Altenmarkt/Yspertal Gemeindeamt,48.28330635,15.06597801,3,22,76.36363636363636,6
at:43:15209,Ferschnitz Freidegg,48.10030342,14.97680225,3,12,140.0,7
at:43:15210,Ferschnitz Marktplatz,48.09415986,14.98375521,3,17,98.82352941176471,6
at:43:15211,Ferschnitz Oberleiten,48.09997346,14.99457991,3,6,280.0,-1
at:43:15212,Innerochsenbach,48.09507784,15.00314984,3,6,280.0,-1
at:43:15213,Windischendorf bei Ferschnitz,48.08499116,15.00054472,3,6,280.0,-1
at:43:15214,Zinsenwang,48.08018414,14.99468771,3,6,280.0,-1
at:43:15216,Felberach bei Steinakirchen,48.07594687,15.01545676,3,33,50.90909090909091,5
at:43:15217,Blindenmarkt/Amstetten Ortsmitte,48.1285699,14.98908222,3,21,80.0,6
at:43:15218,Karlsbach Schlossstraße,48.15862458,15.04678999,3,39,43.07692307692308,5
at:43:15219,Ybbs/Donau Dammäckerstraße,48.1663482,15.06772074,3,27,62.22222222222222,6
at:43:15220,Ybbs/Donau Feldmüllerstraße,48.17129094,15.07768306,3,19,88.42105263157895,6
at:43:15221,Wang Oberer Markt,48.04366974,15.02472737,3,38,44.21052631578947,5
at:43:15222,Saffen Süd,48.01989926,15.15506394,3,48,35.0,4
at:43:15223,Gaming Rathaus,47.92848186,15.0877352,3,53,31.69811320754717,4
at:43:15224,Ysper Marktplatz,48.28795688,15.06086659,3,49,34.285714285714285,4
at:43:15227,Yspertal Brauhaus,48.29811127,15.06857414,3,34,49.411764705882355,5
at:43:15228,Yspertal Kammerbach,48.31064158,15.07667694,3,29,57.93103448275862,5
at:43:15229,Yspertal Pisching Kirche,48.32343761,15.06941856,3,7,240.0,-1
at:43:15230,Yspertal Abzw. Wimberg,48.3259821,15.06327408,3,7,240.0,-1
at:43:15231,Yspertal Wimburgweg,48.33080194,15.06130677,3,7,240.0,-1
at:43:15232,Yspertal Ysperklamm,48.33846975,15.06048032,3,7,240.0,-1
at:43:15233,Yspertal Höf,48.32061225,15.06512461,3,7,240.0,-1
at:43:15234,Yspertal Parming,48.31153179,15.06591513,3,7,240.0,-1
at:43:15235,Yspertal Au,48.30690133,15.06754108,3,7,240.0,-1
at:43:15236,Yspertal Hofedl,48.30212704,15.06639123,3,7,240.0,-1
at:43:15237,Yspertal Abzw. Türkenreith,48.30281423,15.07229317,3,15,112.0,6
at:43:15238,Ysper Abzw. Prannleithen,48.27932497,15.05290752,3,12,140.0,7
at:43:15239,Stiegeramt Handberg,48.27674228,15.04127434,3,12,140.0,7
at:43:15240,Stiegeramt Abzw. Losenegg,48.27524164,15.03636055,3,12,140.0,7
at:43:15241,St. Oswald/Ysper Ortsmitte,48.26860478,15.03920821,3,12,140.0,7
at:43:15242,Urthaleramt Brandstätten,48.25904858,15.02580535,3,5,336.0,-1
at:43:15243,Urthaleramt Tiefenböck,48.25629142,15.01956206,3,5,336.0,-1
at:43:15244,Fünflingeramt Glatzhof,48.25056132,15.0143159,3,5,336.0,-1
at:43:15245,Fünflingeramt Unterer Gsoll,48.22995636,15.0226343,3,5,336.0,-1
at:43:15246,Fünflingeramt Schmieding,48.24572194,15.01766661,3,5,336.0,-1
at:43:15247,Fünflingeramt Oberfell,48.24030176,15.01998427,3,5,336.0,-1
at:43:15248,Fünflingeramt Unterfell,48.2354614,15.02137665,3,5,336.0,-1
at:43:15249,Fünfling Siedlung,48.24392724,15.00817142,3,5,336.0,-1
at:43:15250,Kottingburgstall Ort,48.12735272,15.00368883,3,21,80.0,6
at:43:15251,Hubertendorf Dr.-Karl-Renner-Straße,48.13409183,15.01790916,3,21,80.0,6
at:43:15252,Ennsbach Ortsmitte,48.14620683,15.02904827,3,22,76.36363636363636,6
at:43:15253,St. Martin/Ybbsfelde Abzw. Eitzing,48.15659312,15.02489805,3,3,560.0,-1
at:43:15254,St. Martin/Ybbsfeld Ortsmitte,48.16349617,15.02150242,3,20,84.0,6
at:43:15255,Karlsbach Pflanzbeet,48.15987698,15.03544427,3,19,88.42105263157895,6
at:43:15256,Ybbs/Donau Göttsbach,48.16432303,15.06306747,3,27,62.22222222222222,6
at:43:15257,Ybbs/Donau Therapiezentrum,48.18034841,15.0797402,3,50,33.6,4
at:43:15258,Ybbs/Donau Stauwerkstraße,48.18473879,15.07527557,3,13,129.23076923076923,7
at:43:15259,Ybbs/Donau Abzw. Donaudorf,48.18691288,15.06887957,3,50,33.6,4
at:43:15260,Hofamt Priel Donaubrücke,48.19139252,15.07419759,3,50,33.6,4
at:43:15261,Persenbeug Volksschule,48.18603846,15.08566908,3,8,210.0,7
at:43:15262,Brunn im Felde Kapelle,48.4292371,15.69805061,3,7,240.0,-1
at:43:15264,Hofamt Priel Abzw. Fahrenbach,48.19770409,15.05780334,3,14,120.0,6
at:43:15265,Weins Ortsmitte,48.19914713,15.03226424,3,14,120.0,6
at:43:15266,Ysperdorf Yspermündung,48.19590172,15.00332052,3,14,120.0,6
at:43:15267,Ysperdorf Jakobi,48.20057218,15.00447036,3,14,120.0,6
at:43:15268,Ysperdorf Gaisruck,48.20761898,15.00826125,3,12,140.0,7
at:43:15269,Ysperdorf Abzw. Niederndorf,48.20979808,15.01515133,3,21,80.0,6
at:43:15270,Großes Yspertal Abzw. Nöchling,48.21485037,15.02278701,3,11,152.72727272727272,7
at:43:15271,Niederndorf bei Nöchling Siedlung,48.21560457,15.00878227,3,9,186.66666666666666,7
at:43:15272,Nöchling Oberer Markt,48.2237984,14.98290181,3,9,186.66666666666666,7
at:43:15273,Großes Yspertal Abzw. Gleisen,48.21719676,15.02478127,3,11,152.72727272727272,7
at:43:15274,Großes Yspertal Rote Säge,48.23534772,15.0367109,3,11,152.72727272727272,7
at:43:15275,Großes Yspertal Abzw. St. Oswald,48.25455093,15.04762543,3,11,152.72727272727272,7
at:43:15276,Hofamt Priel Fürholz,48.19794959,15.07809628,3,7,240.0,-1
at:43:15277,Hofamt Priel Abzw. Mitterberg,48.20391309,15.07553608,3,7,240.0,-1
at:43:15278,Hofamt Priel Auf der Eben,48.21067807,15.06788244,3,7,240.0,-1
at:43:15279,Hofamt Priel Abzw. Viehtrift,48.21628694,15.056384,3,7,240.0,-1
at:43:15280,Hofamt Priel Abzw. Kleehof,48.23321757,15.05965387,3,7,240.0,-1
at:43:15281,Hofamt Priel Pemperreith,48.24197693,15.04399623,3,20,84.0,6
at:43:15282,Altenmarkt/Yspertal Arthof,48.25371953,15.05173971,3,7,240.0,-1
at:43:15283,Altenmarkt/Yspertal Haslau,48.25876749,15.05912386,3,20,84.0,6
at:43:15284,Altenmarkt/Yspertal Waira,48.26913097,15.06117202,3,19,88.42105263157895,6
at:43:15285,Altenmarkt/Yspertal Talstraße,48.27314305,15.06445087,3,17,98.82352941176471,6
at:43:15286,Altenmarkt/Yspertal Ostrongstraße,48.28044887,15.06576241,3,18,93.33333333333333,6
at:43:15287,Altenmarkt/Yspertal Ysperstraße,48.28987555,15.06794532,3,34,49.411764705882355,5
at:43:15288,Laimbach/Ostrong Haide,48.31557638,15.08622604,3,23,73.04347826086956,6
at:43:15289,Laimbach/Ostrong Au,48.3190651,15.09932347,3,11,152.72727272727272,7
at:43:15290,Laimbach/Ostrong Brandstatt,48.31865889,15.10770475,3,23,73.04347826086956,6
at:43:15291,Würnsdorf Thannhof,48.31677715,15.14312533,3,18,93.33333333333333,6
at:43:15292,Würnsdorf Am Teich,48.31640079,15.15132694,3,18,93.33333333333333,6
at:43:15293,Hofamt Priel Dorfplatz,48.19612327,15.07878798,3,24,70.0,6
at:43:15294,Yspertal Stangles,48.31189624,15.07651525,3,3,560.0,-1
at:43:15295,Amstetten Allersdorfer Platz,48.11152071,14.87313667,3,33,50.90909090909091,5
at:43:15297,Schaffenfeld Euratsfelder Str.,48.10144925,14.87990996,3,25,67.2,6
at:43:15298,Doislau Abzw. Gießhübl,48.10066337,14.89934951,3,26,64.61538461538461,6
at:43:15299,Euratsfeld Hauptstraße,48.08347289,14.93109597,3,40,42.0,5
at:43:15301,Neuhofen/Ybbs Perbersdorf,48.06475783,14.86924696,3,7,240.0,-1
at:43:15302,Perwarth Ort,48.03070757,14.99259463,3,38,44.21052631578947,5
at:43:15304,Gresten Schulen,47.98596363,15.02589518,3,9,186.66666666666666,7
at:43:15307,Ybbsbachamt Zellhof,47.95739618,15.03389019,3,24,70.0,6
at:43:15308,Brettl Ort,47.95538082,15.05776741,3,24,70.0,6
at:43:15309,St. Oswald/Ysper Abzw. Urthaleramt,48.26470597,15.03194084,3,5,336.0,-1
at:43:15310,St. Oswald/Ysper Volksschule,48.26714575,15.0374026,3,5,336.0,-1
at:43:15311,Gaming Erlauftalstraße 35-40,47.93438639,15.09439172,3,52,32.30769230769231,4
at:43:15312,Altenmarkt/Yspertal Kaiserstraße,48.27747167,15.06410053,3,24,70.0,6
at:43:15313,Gaming Süd,47.91506927,15.07427844,3,31,54.193548387096776,5
at:43:15314,Lunz am See Mausrodl,47.87821493,15.05446161,3,43,39.06976744186046,4
at:43:15315,Lunz am See Abzw. Weißenbach,47.86369246,15.03946872,3,44,38.18181818181818,4
at:43:15317,Maierhöfen/Gaming Schäftalstraße,47.86495807,15.11294193,3,14,120.0,6
at:43:15318,Amstetten Voralpensiedlung,48.11201253,14.88018844,3,27,62.22222222222222,6
at:43:15319,Preinsbach Ort,48.12829409,14.90524245,3,49,34.285714285714285,4
at:43:15320,Amstetten Reitbauernstraße,48.13140589,14.87123224,3,61,27.540983606557376,4
at:43:15321,Amstetten Reitbauernsiedlung,48.12611752,14.87478058,3,26,64.61538461538461,6
at:43:15323,Franzhausen bei Amstetten,48.1011253,14.88800378,3,25,67.2,6
at:43:15324,Doislau Nr. 51,48.09934953,14.90812605,3,25,67.2,6
at:43:15325,Doislau Ost,48.09803567,14.91826803,3,25,67.2,6
at:43:15326,Schönbichl Ostarrichi-Kaserne,48.09515584,14.8897016,3,10,168.0,7
at:43:15327,Schönbichl/Amstetten Schmiedsberg,48.09228185,14.89994239,3,10,168.0,7
at:43:15328,Schönbichl Waidahammer,48.08539323,14.90759604,3,10,168.0,7
at:43:15329,Euratsfeld Pichl,48.09159783,14.92796085,3,36,46.666666666666664,5
at:43:15330,Euratsfeld Mittelschule,48.0804182,14.93116783,3,8,210.0,7
at:43:15331,Obergafring Abzw. Völkrahof,48.07400217,14.94358255,3,33,50.90909090909091,5
at:43:15332,Mittergafring,48.07130708,14.95537743,3,33,50.90909090909091,5
at:43:15333,Untergafring Ort,48.07030463,14.96379465,3,33,50.90909090909091,5
at:43:15334,Untergafring Abzw. Bach,48.07130708,14.97320899,3,33,50.90909090909091,5
at:43:15335,Senftenegg Abzw. Ferschnitz,48.07350998,14.98287486,3,33,50.90909090909091,5
at:43:15336,Segenbaum,48.08340087,14.98229096,3,5,336.0,-1
at:43:15337,Ochsenbach Landesstraße,48.07881577,15.02555382,3,33,50.90909090909091,5
at:43:15338,Wolfpassing/Steinakirchen Schloss,48.0782276,15.06463952,3,38,44.21052631578947,5
at:43:15339,Seisenegg Schloss,48.13613618,14.92184332,3,12,140.0,7
at:43:15340,Viehdorf Eichhornkapelle,48.1426044,14.90410159,3,12,140.0,7
at:43:15341,Viehdorf Volksschule,48.14959924,14.89019567,3,11,152.72727272727272,7
at:43:15342,Viehdorf Ortsmitte,48.15079791,14.89451657,3,20,84.0,6
at:43:15343,Viehdorf Abzw. Schiltdorf,48.15540057,14.90192767,3,16,105.0,6
at:43:15344,Reikersdorf bei Amstetten Ort,48.16029643,14.90842249,3,18,93.33333333333333,6
at:43:15345,Stiefelberg,48.16899637,14.88660241,3,9,186.66666666666666,7
at:43:15346,Kollmitzberg Abzw. Ort,48.17829984,14.8697051,3,9,186.66666666666666,7
at:43:15347,Kollmitzberg Abzw. Neustadtl,48.18399611,14.87509499,3,9,186.66666666666666,7
at:43:15348,Neustadtl Steinberg,48.17150662,14.92872442,3,12,140.0,7
at:43:15349,Hainstetten Ort,48.16157276,14.924682,3,21,80.0,6
at:43:15350,Hainstetten Polzmühle,48.16668971,14.9253737,3,13,129.23076923076923,7
at:43:15351,Neustadtl Steinödt,48.18698475,14.88965668,3,9,186.66666666666666,7
at:43:15352,Neustadtl Beidenstein,48.17889286,14.93159903,3,13,129.23076923076923,7
at:43:15353,Neustadtl Hofstadt,48.18046821,14.93069173,3,12,140.0,7
at:43:15354,Neustadtl Thonaholz,48.19088948,14.91472866,3,12,140.0,7
at:43:15355,Neustadtl Abzw. Kleinwolfstein,48.18225315,14.94145354,3,7,240.0,-1
at:43:15356,Neustadtl Trilling Strkrzg.,48.17069185,14.9436095,3,6,280.0,-1
at:43:15357,Neustadtl Haag,48.17583785,14.95444318,3,6,280.0,-1
at:43:15358,Neustadtl Zwischenthann,48.17000288,14.95430844,3,5,336.0,-1
at:43:15359,Neustadtl Matzenwinkel,48.18714046,14.94847837,3,11,152.72727272727272,7
at:43:15363,Amstetten Koplarn,48.13845021,14.87405295,3,10,168.0,7
at:43:15364,Neustadtl Streit,48.16910421,14.95049958,3,5,336.0,-1
at:43:15365,Neustadtl Abzw. Großberg,48.16577301,14.96199801,3,5,336.0,-1
at:43:15366,Neustadtl Raidl,48.16550938,14.96967861,3,5,336.0,-1
at:43:15367,Neustadtl Unterholz,48.17683224,14.96670519,3,6,280.0,-1
at:43:15368,Neustadtl Oberholz,48.18341513,14.95831492,3,6,280.0,-1
at:43:15369,Neustadtl Reitbauernhöhe,48.18836222,14.95553913,3,6,280.0,-1
at:43:15370,Amstetten Franz-Pilz-Straße,48.10834772,14.87337921,3,25,67.2,6
at:43:15371,Winklarn Tanngraben,48.07994408,14.85483798,3,15,112.0,6
at:43:15372,Winklarn Volksschule,48.09118381,14.8482713,3,15,112.0,6
at:43:15373,Steinakirchen/Forst Lehmhäusl,48.07195535,15.04788594,3,33,50.90909090909091,5
at:43:15374,Hausmening Parkstraße,48.07714727,14.81586907,3,26,64.61538461538461,6
at:43:15375,Gleiß Kloster,48.0142028,14.74688744,3,32,52.5,5
at:43:15376,Holzhausen bei Ardagger Landesstraße,48.17510702,14.87257971,3,9,186.66666666666666,7
at:43:15377,Stephanshart Abzw. Hundertleiten,48.15748002,14.82944261,3,7,240.0,-1
at:43:15378,Hollenstein/Ybbs Staudach,47.80619538,14.76850989,3,40,42.0,5
at:43:15379,Otterthal Volksschule,47.62315696,15.94808769,3,33,50.90909090909091,5
at:43:15380,Göstling/Ybbs Gh. Stanglwirt,47.79147168,14.91803446,3,20,84.0,6
at:43:15381,Zarnsdorf Purgstaller Straße,48.08188255,15.09122965,3,18,93.33333333333333,6
at:43:15382,Loising Landesstraße,48.09042777,15.08292023,3,5,336.0,-1
at:43:15383,Thorwarting Ort,48.08369493,15.07761119,3,5,336.0,-1
at:43:15384,Scheibbs Töpperpark,48.00770039,15.16710136,3,43,39.06976744186046,4
at:43:15385,Bodensdorf/Wieselb. Landesstr.,48.11940134,15.11971523,3,20,84.0,6
at:43:15386,Marbach an der kl. Erlauf Nord,48.11176662,15.11418161,3,16,105.0,6
at:43:15387,Wang Volksschule,48.04811385,15.02797927,3,38,44.21052631578947,5
at:43:15388,Unteretzerstetten,48.10532451,15.09282865,3,5,336.0,-1
at:43:15389,Gresten Hörhag,47.99987477,15.00554834,3,35,48.0,5
at:43:15390,Steinakirchen/Forst Marktplatz,48.06950027,15.04960172,3,58,28.96551724137931,4
at:43:15392,Etzerstetten Ort,48.10402879,15.0865674,3,5,336.0,-1
at:43:15393,Yspertal Pisching Volksschule,48.32276862,15.0736586,3,7,240.0,-1
at:43:15394,Zeillern Reitzberg,48.11998304,14.76296728,3,17,98.82352941176471,6
at:43:15395,Ferschnitz Rudling,48.09670377,14.99023206,3,6,280.0,-1
at:43:15396,Zarnsdorf Grestner Straße,48.08229064,15.0879508,3,27,62.22222222222222,6
at:43:15397,Eisenreichdornach Feuerwehr,48.13003288,14.8913545,3,49,34.285714285714285,4
at:43:15398,Zarnsdorf Kapelle,48.08293278,15.09208305,3,20,84.0,6
at:43:15399,Amstetten Wagmeisterstraße,48.1250262,14.88342238,3,27,62.22222222222222,6
at:43:15400,Amstetten Krankenhaus,48.12761654,14.88224558,3,49,34.285714285714285,4
at:43:15402,Amstetten Wienerbergersiedlung,48.12936135,14.87079206,3,50,33.6,4
at:43:15403,Amstetten Hans-Kudlich-Straße,48.11251035,14.91269847,3,27,62.22222222222222,6
at:43:15404,Amstetten Leonhardstraße,48.11280424,14.91649835,3,52,32.30769230769231,4
at:43:15405,Amstetten Invalidensiedlung,48.11835186,14.86657897,3,24,70.0,6
at:43:15406,Amstetten Wickenburgstraße,48.13113609,14.85777548,3,24,70.0,6
at:43:15407,Amstetten Sparkassenstraße,48.13180759,14.86673168,3,26,64.61538461538461,6
at:43:15410,Greinsfurth Heidestraße/Kindergarten,48.10689612,14.84278259,3,27,62.22222222222222,6
at:43:15411,Randegg Ziegelboden,48.01212957,14.95122721,3,3,560.0,-1
at:43:15415,Amstetten Friedhof,48.12520609,14.86241977,3,25,67.2,6
at:43:15416,Amstetten Wasseringstraße,48.10854566,14.87663111,3,45,37.333333333333336,4
at:43:15418,Schottwien Gemeindeamt,47.65748783,15.8728987,3,32,52.5,5
at:43:15419,Maria Schutz Kirche,47.64200178,15.86931442,3,28,60.0,5
at:43:15420,Schrems Neugasse,48.79219199,15.0761649,3,1,1680.0,-1
at:43:15421,Kirchberg am Walde Marktplatz,48.7245448,15.08687282,3,31,54.193548387096776,5
at:43:15422,Gebharts Abzw. Schrems,48.80409173,15.12551835,3,7,240.0,-1
at:43:15423,Wielands Gmünder Straße,48.75925327,14.95233214,3,9,186.66666666666666,7
at:43:15424,Wielands Kapelle,48.75312964,14.93675536,3,7,240.0,-1
at:43:15425,Eichberg/Gmünd Schöberleiten,48.74986024,14.91471968,3,12,140.0,7
at:43:15426,Unterlembach Ort,48.74512752,14.88806667,3,12,140.0,7
at:43:15427,Oberlembach Feuerwehr,48.75157788,14.87123224,3,3,560.0,-1
at:43:15428,Heinrichs Kirche,48.74730143,14.83774304,3,3,560.0,-1
at:43:15429,Schagges Abzw. Unserfrau,48.73237244,14.86201552,3,3,560.0,-1
at:43:15430,Reinprechts Ost,48.71291663,14.85043624,3,11,152.72727272727272,7
at:43:15431,Wultschau Ort,48.70103677,14.82840057,3,11,152.72727272727272,7
at:43:15432,Moorbad Harbach Ortsmitte,48.71000621,14.79847768,3,21,80.0,6
at:43:15433,Moorbad Harbach Abzw. Maißen,48.70123242,14.79550426,3,10,168.0,7
at:43:15434,Lauterbach Feuerwehr,48.69722442,14.77838237,3,10,168.0,7
at:43:15435,Lauterbach Abzw. Rotes Kreuz,48.69264093,14.77229179,3,10,168.0,7
at:43:15436,Maißen West,48.68892876,14.7910576,3,10,168.0,7
at:43:15437,Lauterbach Abzw. Waldhäuser,48.68898213,14.76974956,3,10,168.0,7
at:43:15438,Lauterbach Nr. 55,48.68813411,14.76176354,3,10,168.0,7
at:43:15439,Hirschenwies Ort,48.68400052,14.75130715,3,10,168.0,7
at:43:15440,Oberlembach Abzw. Reinpolz,48.75292827,14.86257248,3,3,560.0,-1
at:43:15441,Weitra Lainsitzbrücke,48.70164743,14.88903685,3,14,120.0,6
at:43:15443,Neunagelberg Ortsmitte,48.82397357,14.97482596,3,17,98.82352941176471,6
at:43:15444,Grillenstein Nord,48.77796895,14.9911753,3,11,152.72727272727272,7
at:43:15445,Großeibenstein Ort,48.78606646,14.99148971,3,11,152.72727272727272,7
at:43:15446,Kleineibenstein Ort,48.79449997,14.98570455,3,11,152.72727272727272,7
at:43:15447,Breitensee/Gmünd Steinbergstr.,48.79909785,14.96960675,3,17,98.82352941176471,6
at:43:15448,Neunagelberg Bahnhof,48.82176158,14.97116981,3,17,98.82352941176471,6
at:43:15450,Alt-Nagelberg Kirche,48.84012286,14.99451703,3,23,73.04347826086956,6
at:43:15451,Alt-Nagelberg Sportplatz,48.84550284,14.99806537,3,23,73.04347826086956,6
at:43:15452,Alt-Nagelberg Kreuzfeldsiedlung,48.84877192,14.99914335,3,18,93.33333333333333,6
at:43:15453,Brand/Litschau Abzw. Friedhof,48.86313445,15.00865651,3,18,93.33333333333333,6
at:43:15454,Brand/Litschau Ortsmitte,48.86480094,15.01209706,3,18,93.33333333333333,6
at:43:15455,Finsternau Ort,48.87539548,15.01390267,3,17,98.82352941176471,6
at:43:15458,Finsternau Gopprechtshäuser,48.88105523,15.02042444,3,18,93.33333333333333,6
at:43:15459,Litschau Volksschule,48.947465,15.04825425,3,11,152.72727272727272,7
at:43:15460,Hoheneich Schremser Straße,48.77523989,15.02870691,3,26,64.61538461538461,6
at:43:15461,Neuniederschrems Bundesstraße,48.78127204,15.03901058,3,34,49.411764705882355,5
at:43:15462,Niederschrems Gmünder Straße,48.78650444,15.05100309,3,25,67.2,6
at:43:15463,Niederschrems Ortsmitte,48.78459266,15.05617739,3,20,84.0,6
at:43:15464,Kleedorf/Schrems Feuerwehr,48.77589701,15.05789317,3,10,168.0,7
at:43:15465,Schrems Dr.-A.-Besenböck-Straße,48.7923281,15.06156728,3,64,26.25,4
at:43:15466,Schrems Feldgasse,48.79769545,15.0647024,3,27,62.22222222222222,6
at:43:15467,Schrems Heidenreichsteiner Str. 77,48.80270131,15.06240271,3,27,62.22222222222222,6
at:43:15468,Kollersdorf/Schrems Ort,48.80526321,15.05957302,3,27,62.22222222222222,6
at:43:15469,Eugenia Ort,48.81036888,15.05527009,3,29,57.93103448275862,5
at:43:15470,Neulangegg Bundesstraße,48.83339413,15.04892798,3,26,64.61538461538461,6
at:43:15471,Langegg Kirche,48.83189808,15.04777814,3,26,64.61538461538461,6
at:43:15472,Aalfang Heidenreichsteiner Str. 65/96,48.83516214,15.05898013,3,17,98.82352941176471,6
at:43:15473,Aalfang Hüttenweg/Arzthaus,48.83937199,15.06727158,3,19,88.42105263157895,6
at:43:15474,Aalfang Falkendorf,48.8338731,15.06934669,3,8,210.0,7
at:43:15475,Kleinpertholz/Heidenreichstein Ort,48.86139698,15.10689627,3,10,168.0,7
at:43:15476,Gmünd Bezirkshauptmannschaft,48.77183576,14.98700711,3,131,12.82442748091603,3
at:43:15477,Gmünd Schremser Straße,48.77036747,14.9951189,3,48,35.0,4
at:43:15478,Haid bei Gmünd Ort,48.76264641,15.01765763,3,15,112.0,6
at:43:15479,Nondorf bei Gmünd Sportplatzgasse,48.7515305,15.03708819,3,15,112.0,6
at:43:15480,Ullrichs Feuerwehr,48.74367622,15.05991438,3,15,112.0,6
at:43:15481,Hollenstein bei Gmünd Kapelle,48.71641366,15.1069861,3,17,98.82352941176471,6
at:43:15482,Süßenbach bei Vitis Ort,48.70560172,15.14080767,3,10,168.0,7
at:43:15483,Schrems Arbeiterstraße,48.78692467,15.07046959,3,9,186.66666666666666,7
at:43:15484,Ehrenhöbarten Landesstraße,48.77774992,15.08018037,3,19,88.42105263157895,6
at:43:15485,Fromberg Ort,48.73597476,15.08541755,3,14,120.0,6
at:43:15486,Weißenalbern Ort,48.71122137,15.07168231,3,8,210.0,7
at:43:15487,Kleedorf/Schrems Kapelle,48.77651268,15.05360821,3,10,168.0,7
at:43:15488,Hörmanns bei Weitra Feuerwehr,48.7220973,14.96526788,3,6,280.0,-1
at:43:15489,Großwolfgers Kreisverkehr,48.68606439,14.97300238,3,3,560.0,-1
at:43:15490,Weitra Am Berg,48.69759796,14.88935126,3,26,64.61538461538461,6
at:43:15491,St. Martin/Weitra Anger,48.68280249,14.85490087,3,18,93.33333333333333,6
at:43:15493,Harmanschlag Ort,48.65310948,14.78730264,3,4,420.0,-1
at:43:15494,Harmanschlag Süd,48.64530512,14.78938673,3,4,420.0,-1
at:43:15495,Angelbach Stegmühle,48.64026577,14.79001555,3,4,420.0,-1
at:43:15496,Breitenberg Abzw. Bad Großpertholz,48.64078219,14.81065884,3,4,420.0,-1
at:43:15497,Steinbach/Großpertholz Ort,48.63709588,14.83729389,3,18,93.33333333333333,6
at:43:15498,Bad Großpertholz Schloss,48.62941372,14.82539121,3,18,93.33333333333333,6
at:43:15499,Bad Großpertholz Süd,48.62684285,14.8225705,3,15,112.0,6
at:43:15500,Karlstift Am Sand,48.59597024,14.75646348,3,10,168.0,7
at:43:15501,Schrems Gazeile,48.79564208,15.07651525,3,4,420.0,-1
at:43:15502,Langschwarza Abzw. Eulenbach,48.77975075,15.12555428,3,7,240.0,-1
at:43:15503,Niederschrems Süd,48.78099975,15.05829741,3,10,168.0,7
at:43:15504,Schrems Waldviertler Wohnpark,48.79864223,15.05773147,3,10,168.0,7
at:43:15505,Kottinghörmanns Ort,48.8015061,15.04340335,3,8,210.0,7
at:43:15506,Neuniederschrems Siedlung,48.78761123,15.03245288,3,6,280.0,-1
at:43:15507,Hoheneich Bundesstraße,48.77367106,15.01525913,3,26,64.61538461538461,6
at:43:15508,Hoheneich Gmünder Straße,48.77367106,15.02239175,3,26,64.61538461538461,6
at:43:15509,Schrems Horner Straße 22,48.79162977,15.07694644,3,15,112.0,6
at:43:15510,Langschwarza Gebhartser Straße,48.77665476,15.11756826,3,16,105.0,6
at:43:15511,Großrupprechts Bundesstraße,48.76339844,15.14900929,3,18,93.33333333333333,6
at:43:15512,Vitis Schremser Straße,48.75919997,15.17739605,3,10,168.0,7
at:43:15513,Vitis Hauptplatz,48.7588032,15.18404359,3,34,49.411764705882355,5
at:43:15514,Grafenschlag/Vitis Ort,48.77129108,15.21031931,3,29,57.93103448275862,5
at:43:15515,Eschenau/Vitis Bundesstraße,48.7823967,15.22979478,3,23,73.04347826086956,6
at:43:15516,Nonndorf bei Grünau Feuerwehr,48.78740999,15.23683758,3,29,57.93103448275862,5
at:43:15517,Kainraths Bundesstraße,48.79090184,15.25510033,3,26,64.61538461538461,6
at:43:15518,Götzweis Abzw. Ort,48.79449405,15.26530519,3,27,62.22222222222222,6
at:43:15519,Jasnitz Kapelle,48.80442306,15.27250069,3,9,186.66666666666666,7
at:43:15520,Eschenau/Vitis Ort,48.7801,15.23140277,3,6,280.0,-1
at:43:15521,Grünau bei Vitis Ort,48.78099383,15.24690769,3,3,560.0,-1
at:43:15522,Vitis Ziergarten,48.76255759,15.17408127,3,7,240.0,-1
at:43:15524,Langschwarza Auf der Halde,48.78638015,15.093709,3,7,240.0,-1
at:43:15525,Spital/Weitra Abzw. Ort,48.68780201,14.92151094,3,16,105.0,6
at:43:15526,Suttenbrunn Ortsmitte,48.58334969,16.07065382,3,52,32.30769230769231,4
at:43:15527,Windpassing bei Hollabrunn Ortsmitte,48.61765669,16.04113518,3,11,152.72727272727272,7
at:43:15528,Windpassing bei Hollabrunn Bundesstr.,48.61050018,16.03839532,3,28,60.0,5
at:43:15529,Mittergrabern Ortsmitte,48.61776952,16.01655728,3,34,49.411764705882355,5
at:43:15530,Großnondorf bei Guntersdorf Kirche,48.63421669,15.98411013,3,19,88.42105263157895,6
at:43:15532,Unternalb Hauptstraße Nord,48.74119411,15.95769966,3,3,560.0,-1
at:43:15533,Unternalb Kirchfeldstraße Nord,48.74019886,15.95599286,3,7,240.0,-1
at:43:15534,Obernalb Unternalber Str.,48.74575542,15.94038912,3,12,140.0,7
at:43:15535,Schöngrabern Volksschule,48.60216053,16.06434765,3,2,840.0,-1
at:43:15536,Herrnleis Ortsmitte,48.52564957,16.44784743,3,12,140.0,7
at:43:15537,Ybbsitz B22/Neue Straße,47.94907556,14.89332181,3,34,49.411764705882355,5
at:43:15538,Laa/Thaya Vorgartenstraße,48.72526776,16.40467439,3,7,240.0,-1
at:43:15539,Mittergrabern Volksschule,48.61933134,16.01420369,3,3,560.0,-1
at:43:15540,Kleinreinprechtsdorf Ortsmitte,48.64968521,15.8873975,3,9,186.66666666666666,7
at:43:15542,Obermarkersdorf Retzer Straße,48.73884221,15.90137529,3,18,93.33333333333333,6
at:43:15543,Großnondorf bei Guntersdorf Siedlung,48.63467975,15.97940296,3,27,62.22222222222222,6
at:43:15544,Radlbrunn Ortsmitte,48.51116069,15.91038539,3,6,280.0,-1
at:43:15545,Reichenbach Abzw. Ort,48.9083229,15.03823803,3,19,88.42105263157895,6
at:43:15546,Obernalb Retzer Straße,48.74755021,15.93940098,3,15,112.0,6
at:43:15547,Hollabrunn Krankenhaus,48.56369361,16.09130609,3,40,42.0,5
at:43:15548,Hollabrunn Elsa-Brandström-Str.,48.56150583,16.09055151,3,40,42.0,5
at:43:15549,Unternalb Hauptstraße Süd,48.73970715,15.95908306,3,7,240.0,-1
at:43:15550,Unternalb Kirchfeldstraße Süd,48.73907326,15.95743016,3,5,336.0,-1
at:43:15551,Marbach an der Kleinen Krems West,48.42834298,15.34350353,3,7,240.0,-1
at:43:15552,Roseldorf bei Sitzendorf Ortsmitte,48.64526357,15.92969019,3,38,44.21052631578947,5
at:43:15554,Obersteinabrunn Ortsmitte,48.62674191,16.0205458,3,12,140.0,7
at:43:15555,Mittergrabern Dorfbergsiedlung,48.61814365,16.00981991,3,11,152.72727272727272,7
at:43:15557,Obergrabern Ortsmitte,48.60815405,15.99630027,3,10,168.0,7
at:43:15558,Sitzenhart Ortsmitte,48.61086248,15.97854057,3,8,210.0,7
at:43:15559,Sitzendorf/Schmida Mittelschule,48.59942193,15.94282356,3,12,140.0,7
at:43:15560,Sitzendorf/Schmida Klosterplatz,48.59788919,15.94042506,3,20,84.0,6
at:43:15561,Niederschleinz Am Anger,48.59419975,15.88850243,3,20,84.0,6
at:43:15562,Goggendorf Ortsmitte,48.61949168,15.93557415,3,15,112.0,6
at:43:15564,Braunsdorf Ortsmitte,48.6360214,15.93641857,3,15,112.0,6
at:43:15565,Röschitz Gemeindeamt,48.66596772,15.88573562,3,31,54.193548387096776,5
at:43:15566,Stoitzendorf Ort,48.64795814,15.86696083,3,27,62.22222222222222,6
at:43:15567,Stoitzendorf Bundesstraße,48.64612419,15.86599065,3,11,152.72727272727272,7
at:43:15568,Oberparschenbrunn Ortsmitte,48.47422658,16.09285119,3,7,240.0,-1
at:43:15569,Eggenburg Rathausstraße,48.64366694,15.81998793,3,9,186.66666666666666,7
at:43:15570,Eggenburg Krankenhaus,48.64608264,15.82136235,3,34,49.411764705882355,5
at:43:15572,Hollabrunn Aspersdorfer Str.,48.56934098,16.08297871,3,42,40.0,5
at:43:15574,Waitzendorf bei Retz Ost,48.73646058,15.88157642,3,23,73.04347826086956,6
at:43:15576,Pulkau Hauptstraße,48.70359794,15.86639489,3,51,32.94117647058823,4
at:43:15577,Hagendorf Fallbacher Straße,48.66680425,16.4375168,3,15,112.0,6
at:43:15578,Roggendorf Feuerwehr,48.6683171,15.84753926,3,19,88.42105263157895,6
at:43:15579,Kleinjetzelsdorf Ort,48.67343669,15.83553776,3,19,88.42105263157895,6
at:43:15580,Kattau Ortsmitte,48.67808126,15.80794152,3,12,140.0,7
at:43:15583,Gauderndorf Bundesstraße,48.65904948,15.82633003,3,11,152.72727272727272,7
at:43:15584,Aspersdorf Altbachgasse,48.58819863,16.09775599,3,15,112.0,6
at:43:15585,Hetzmannsdorf bei Hollabrunn Ortsmitte,48.61080903,16.0959953,3,16,105.0,6
at:43:15586,Wullersdorf Marienplatz,48.6284222,16.101484,3,13,129.23076923076923,7
at:43:15587,Diepolz bei Großharras Kapelle,48.65981493,16.22548745,3,12,140.0,7
at:43:15588,Wullersdorf Schulen,48.62690222,16.09782786,3,20,84.0,6
at:43:15589,Kleinwetzdorf Kastanienallee,48.4997809,15.95257028,3,10,168.0,7
at:43:15590,Haslach bei Hollabrunn Ortsmitte,48.60662158,16.19258216,3,10,168.0,7
at:43:15591,Nappersdorf Volksschule,48.62674191,16.19098315,3,7,240.0,-1
at:43:15592,Nappersdorf Nr. 108,48.62814314,16.18815346,3,13,129.23076923076923,7
at:43:15593,Stronsdorf Hauptplatz,48.65262286,16.29754131,3,66,25.454545454545453,4
at:43:15594,Neustift/Scheibbs Strudenbrücke,47.99394766,15.163562,3,45,37.333333333333336,4
at:43:15595,Großwetzdorf Ortsmitte,48.50175707,15.95812187,3,10,168.0,7
at:43:15596,Wolfsbrunn Ortsmitte,48.54269769,16.03181067,3,15,112.0,6
at:43:15597,Kleinstelzendorf Ortsmitte,48.57000079,15.97950177,3,10,168.0,7
at:43:15598,Pfaffstetten Ortsmitte,48.52957602,15.84931792,3,8,210.0,7
at:43:15600,Hollabrunn Emmy-Stradal-Straße,48.54822847,16.08313142,3,44,38.18181818181818,4
at:43:15601,Mistelbach Alleegasse,48.56734367,16.56816778,3,38,44.21052631578947,5
at:43:15602,Schalladorf Ortsmitte,48.63685843,16.14771131,3,14,120.0,6
at:43:15603,Oberstinkenbrunn Ortsmitte,48.63032804,16.1656866,3,16,105.0,6
at:43:15605,Nappersdorf Nr. 122,48.62781065,16.19147723,3,11,152.72727272727272,7
at:43:15606,Kleinweikersdorf Landesstraße,48.62931279,16.19940935,3,20,84.0,6
at:43:15608,Kammersdorf Gemeindeamt,48.62993619,16.23836929,3,30,56.0,5
at:43:15609,Kleinsierndorf Ort,48.61454477,16.22624203,3,15,112.0,6
at:43:15610,Kleinweikersdorf Ort,48.63158076,16.19918477,3,15,112.0,6
at:43:15611,Maria Roggendorf Kirche,48.6187375,16.13693152,3,6,280.0,-1
at:43:15612,Asparn/Zaya Hauptplatz,48.58604162,16.49575458,3,40,42.0,5
at:43:15613,Asparn/Zaya Kiesweg,48.59109827,16.49128995,3,34,49.411764705882355,5
at:43:15614,Zwentendorf/Zaya Ort,48.60994781,16.43503745,3,30,56.0,5
at:43:15615,Zwentendorf/Zaya West,48.61135545,16.42785991,3,23,73.04347826086956,6
at:43:15616,Wenzersdorf Michelstettener Str.,48.61161678,16.41583147,3,12,140.0,7
at:43:15617,Gnadendorf Abzw. Pyhra,48.61490704,16.40329997,3,32,52.5,5
at:43:15618,Gnadendorf Ortsmitte,48.61579787,16.39767652,3,28,60.0,5
at:43:15619,Eichenbrunn Friedhof,48.61949762,16.35440467,3,28,60.0,5
at:43:15621,Kleinkadolz Obere Straße,48.59438987,16.23944726,3,18,93.33333333333333,6
at:43:15622,Enzersdorf im Thale Ortsmitte,48.58654077,16.24032761,3,19,88.42105263157895,6
at:43:15623,Enzersdorf im Thale Schulweg,48.58419947,16.24809804,3,1,1680.0,-1
at:43:15624,Kleinstetteldorf Feuerwehr,48.58677252,16.14767538,3,21,80.0,6
at:43:15625,Wieselsfeld Ortsmitte,48.57608728,16.12237882,3,21,80.0,6
at:43:15626,Stronegg Landesstraße,48.63649038,16.3089589,3,29,57.93103448275862,5
at:43:15627,Michelstetten Dorfplatz,48.58494823,16.429414,3,11,152.72727272727272,7
at:43:15628,Michelstetten Im Unterort,48.58889385,16.42960264,3,11,152.72727272727272,7
at:43:15630,Mailberg Zipfsiedlung,48.67039347,16.18950093,3,15,112.0,6
at:43:15631,Diepolz bei Großharras Ortsmitte,48.66027775,16.22193012,3,16,105.0,6
at:43:15632,Großharras Diepolzer Straße,48.66222392,16.24265425,3,3,560.0,-1
at:43:15634,Großharras Gemeindeamt,48.66326818,16.24429817,3,26,64.61538461538461,6
at:43:15635,Großharras Kirchenplatz,48.66100164,16.24487309,3,6,280.0,-1
at:43:15636,Schletz Kapelle,48.57958787,16.46800562,3,11,152.72727272727272,7
at:43:15637,Burgschleinitz Matzelsdorfer Str.,48.6068176,15.80989086,3,13,129.23076923076923,7
at:43:15638,Gmünd Schulgasse,48.7693728,14.98662982,3,24,70.0,6
at:43:15639,Laa/Thaya Simon-Scheiner-Str.,48.71858288,16.39545768,3,1,1680.0,-1
at:43:15640,Siebenhirten/Mistelbach Hauptstr. 21,48.60811247,16.54006847,3,10,168.0,7
at:43:15641,Pyhra b. Gnadendorf Regenbogensiedlung,48.5864457,16.37409574,3,15,112.0,6
at:43:15642,Pyhra b. Gnadendorf Ortsmitte,48.58978514,16.37943174,3,16,105.0,6
at:43:15643,Klement Ernstbrunner Straße,48.57083892,16.3669721,3,1,1680.0,-1
at:43:15644,Friebritz Abzw. Hagenberg,48.63033398,16.43794799,3,9,186.66666666666666,7
at:43:15645,Friebritz Ort,48.63146202,16.43124656,3,2,840.0,-1
at:43:15646,Grafenschlag/Zwettl Kaltenbrunner Straße,48.49954876,15.17492569,3,2,840.0,-1
at:43:15647,Loosdorf b. Staatz Nr. 65,48.64531105,16.44923083,3,18,93.33333333333333,6
at:43:15648,Loosdorf b. Staatz Nr. 9/51,48.64979203,16.44511655,3,14,120.0,6
at:43:15649,Loosdorf b. Staatz Schlossteich,48.65132912,16.44555672,3,9,186.66666666666666,7
at:43:15650,Fallbach Ortsmitte,48.65649199,16.41609198,3,25,67.2,6
at:43:15651,Hagendorf Kirche,48.66752212,16.43843308,3,24,70.0,6
at:43:15652,Wultendorf bei Staatz Abzw. Loosdorf,48.66240785,16.45559091,3,6,280.0,-1
at:43:15653,Loosdorf b. Staatz Ortsmitte,48.64759611,16.44719166,3,18,93.33333333333333,6
at:43:15654,Großgundholz Ort,48.53974769,14.99975421,3,2,840.0,-1
at:43:15655,Großsiegharts Waidhofner Straße,48.78977146,15.39627057,3,9,186.66666666666666,7
at:43:15656,Zellerndorf Pfarrhof,48.69570059,15.95442081,3,3,560.0,-1
at:43:15658,Hagenberg bei Staatz Ortsmitte,48.63537432,16.4543692,3,17,98.82352941176471,6
at:43:15659,Hagenberg bei Staatz Volksschule,48.6341039,16.45070407,3,12,140.0,7
at:43:15660,Hörersdorf Wirtshausgasse,48.62782846,16.51817653,3,22,76.36363636363636,6
at:43:15661,Bad Traunstein Lugmühle,48.42679314,15.12770125,3,4,420.0,-1
at:43:15662,Altmanns bei Mistelbach Ortsmitte,48.61577412,16.46840088,3,9,186.66666666666666,7
at:43:15663,Wultendorf bei Staatz Ortsmitte,48.66541003,16.46192403,3,21,80.0,6
at:43:15664,Ungerndorf Kellergasse,48.67379261,16.40998344,3,24,70.0,6
at:43:15665,Frättingsdorf Abzw. Bahnhof,48.64385688,16.51042407,3,21,80.0,6
at:43:15666,Frättingsdorf Kirche,48.64280628,16.50012938,3,12,140.0,7
at:43:15667,Frättingsdorf Ortsmitte,48.64279441,16.49234098,3,10,168.0,7
at:43:15669,Amstetten Wiener Str./Burgfriedstr.,48.1226516,14.87547229,3,49,34.285714285714285,4
at:43:15670,Unterstinkenbrunn Friedhof,48.6693375,16.34758646,3,19,88.42105263157895,6
at:43:15671,Mitterfeld Nord,48.15870248,15.77130822,3,24,70.0,6
at:43:15672,Gösting Palterndorfer Straße,48.55285483,16.78323344,3,44,38.18181818181818,4
at:43:15673,Wilfersdorf b. M. Marktplatz,48.58732514,16.64497373,3,96,17.5,3
at:43:15674,Maria Roggendorf Ost,48.61780515,16.13910545,3,9,186.66666666666666,7
at:43:15675,Hart-Aschendorf Ortsmitte,48.60640775,16.153739,3,9,186.66666666666666,7
at:43:15676,Oberthern Ortsmitte,48.51405285,16.00842752,3,18,93.33333333333333,6
at:43:15677,Unterthern Ortsmitte,48.50783392,15.99907606,3,18,93.33333333333333,6
at:43:15679,Pranhartsberg Ort,48.59908924,15.98145111,3,2,840.0,-1
at:43:15680,Hollabrunn Aignergasse,48.55724889,16.0798346,3,55,30.545454545454547,4
at:43:15682,Hollabrunn Waldweg,48.55833099,16.08533229,3,41,40.97560975609756,5
at:43:15683,Hollabrunn Birkenweg,48.5558219,16.08826979,3,35,48.0,5
at:43:15684,Hollabrunn Friedhof,48.55817641,16.0874074,3,33,50.90909090909091,5
at:43:15685,Magersdorf Alleestraße,48.56120857,16.09813329,3,12,140.0,7
at:43:15687,Hollabrunn Gschmeidlerstraße,48.56903782,16.07342063,3,31,54.193548387096776,5
at:43:15689,Eggenburg Am Lettenfeld,48.64532886,15.80500403,3,4,420.0,-1
at:43:15690,Lanzendorf b. Mistelbach Hauptstraße,48.55839045,16.57163527,3,10,168.0,7
at:43:15691,Paasdorf Ortsmitte,48.54360169,16.5423502,3,34,49.411764705882355,5
at:43:15692,Ladendorf Hauptstraße 4/11,48.53549487,16.49897953,3,24,70.0,6
at:43:15693,Ladendorf Brauhausgasse,48.53272292,16.49184691,3,17,98.82352941176471,6
at:43:15694,Ladendorf Derschstraße,48.53354381,16.48231578,3,13,129.23076923076923,7
at:43:15695,Eggersdorf bei Ladendorf Ort,48.53761241,16.4581511,3,12,140.0,7
at:43:15696,Pürstendorf Ortsmitte,48.53078959,16.42568599,3,13,129.23076923076923,7
at:43:15697,Garmanns Kapelle,48.5493524,16.47152702,3,13,129.23076923076923,7
at:43:15698,Grafensulz Ortsmitte,48.55149313,16.44370619,3,10,168.0,7
at:43:15700,St. Martin/Weitra Langfeld,48.68679977,14.86391097,3,18,93.33333333333333,6
at:43:15701,Eggenburg Lateinfeldstraße,48.6431268,15.80305468,3,4,420.0,-1
at:43:15702,Eggenburg Wolfkersbühelstraße,48.64168443,15.80916323,3,4,420.0,-1
at:43:15703,Eggenburg Luegerring,48.64005207,15.81900876,3,10,168.0,7
at:43:15704,Eggenburg Stranskysiedlung,48.63600953,15.81731095,3,15,112.0,6
at:43:15705,Eggenburg Steinbruchgasse,48.64237298,15.82536883,3,11,152.72727272727272,7
at:43:15706,Kalladorf Ortsmitte,48.64350074,16.08477534,3,9,186.66666666666666,7
at:43:15707,Immendorf Wullersdorfer Straße,48.638853,16.12361849,3,14,120.0,6
at:43:15708,Immendorf Ortsmitte,48.64388062,16.12713989,3,14,120.0,6
at:43:15711,Lanzendorf b. Mistelbach Lettenberg,48.55710025,16.56795218,3,10,168.0,7
at:43:15714,Laa/Thaya Stadtfeldgasse,48.7184762,16.38916049,3,142,11.830985915492958,3
at:43:15716,Laa/Thaya Kellerhügel,48.72261288,16.40841139,3,7,240.0,-1
at:43:15717,Wullersdorf Kirche,48.62690222,16.10230147,3,5,336.0,-1
at:43:15719,Hörmanns/Zwettl Ortsmitte,48.67839562,15.21960789,3,22,76.36363636363636,6
at:43:15720,Rohrendorf bei Krems Admonter Str.,48.41714732,15.64495119,3,37,45.4054054054054,5
at:43:15722,Patzenthal Ortsmitte,48.61980047,16.26837302,3,10,168.0,7
at:43:15723,Porrau Ortsmitte,48.53111677,16.16244368,3,10,168.0,7
at:43:15724,Patzmannsdorf Ortsmitte,48.63756485,16.28112011,3,33,50.90909090909091,5
at:43:15725,Stronsdorf Hauptstraße,48.65045079,16.30028118,3,73,23.013698630136986,4
at:43:15726,Stronsdorf Lagerhaussiedlung,48.64948936,16.30624599,3,19,88.42105263157895,6
at:43:15727,Oberschoderlee Volksschule,48.64822522,16.33447106,3,23,73.04347826086956,6
at:43:15728,Oberschoderlee Abzw. Unterschoderlee,48.64883058,16.32880269,3,22,76.36363636363636,6
at:43:15730,Unterstinkenbrunn Stronsdorfer Str.,48.66828743,16.3457539,3,28,60.0,5
at:43:15731,Unterstinkenbrunn Gemeindeamt,48.6657838,16.34654441,3,2,840.0,-1
at:43:15732,Hanfthal Ort,48.7025723,16.36332494,3,25,67.2,6
at:43:15733,Kleinbaumgarten Abzw. Unterstinkenbrunn,48.66737973,16.37437422,3,24,70.0,6
at:43:15734,Krems Lerchenfelder Straße,48.41590718,15.63073086,3,24,70.0,6
at:43:15736,Ungerndorf Kirche,48.67710255,16.40976784,3,25,67.2,6
at:43:15737,Laa/Thaya Hubergasse,48.72081127,16.40082062,3,50,33.6,4
at:43:15738,Gaubitsch Abzw. Kleinbaumgarten,48.65855105,16.37924309,3,25,67.2,6
at:43:15739,Kleinbaumgarten Kapellenfeld,48.66346991,16.37469761,3,24,70.0,6
at:43:15740,Unterschoderlee Kapelle,48.6550678,16.32356551,3,26,64.61538461538461,6
at:43:15741,Großharras Stronsdorfer Str.,48.66282319,16.24692125,3,1,1680.0,-1
at:43:15742,Oberfellabrunn Ortsmitte,48.5597044,16.01550625,3,19,88.42105263157895,6
at:43:15743,Fahndorf Kirche,48.55009572,15.96612586,3,11,152.72727272727272,7
at:43:15745,Kiblitz Ortsmitte,48.53859976,15.98141518,3,9,186.66666666666666,7
at:43:15746,Unterstinkenbrunn Badsiedlung,48.6666322,16.35276075,3,24,70.0,6
at:43:15747,Amstetten Alte Zeile,48.12374897,14.87347803,3,76,22.105263157894736,4
at:43:15748,Großmeiseldorf Ortsmitte,48.52954033,15.88385814,3,14,120.0,6
at:43:15749,Großmeiseldorf Landstraße,48.53146775,15.87459651,3,11,152.72727272727272,7
at:43:15750,Ganz Ort,48.71462369,15.26879065,3,16,105.0,6
at:43:15752,Amstetten Kupferstraße,48.11767418,14.89245943,3,50,33.6,4
at:43:15753,Amstetten Otto-Schott-Straße,48.11673861,14.91100066,3,26,64.61538461538461,6
at:43:15754,Dippersdorf/Ziersdorf Feuerwehr,48.52560792,15.94415306,3,8,210.0,7
at:43:15755,Rohrbach/Ziersdorf Schmidatalstr.,48.51861093,15.95865187,3,8,210.0,7
at:43:15756,Amstetten Ybbsstraße 68,48.11459154,14.87154665,3,65,25.846153846153847,4
at:43:15757,Oberfellabrunn Fahndorfer Str.,48.55902662,16.01390725,3,6,280.0,-1
at:43:15758,Glaubendorf Lange Zeile,48.51061319,15.94325475,3,12,140.0,7
at:43:15759,Großhaselbach Ort,48.72592554,15.28194199,3,17,98.82352941176471,6
at:43:15760,Gaubitsch Ortsmitte,48.65069412,16.38220753,3,21,80.0,6
at:43:15761,Sitzendorf/Schmida Ziersdorfer Str.,48.59594648,15.93864639,3,14,120.0,6
at:43:15762,Kleinkirchberg Kapelle,48.59453247,15.9342716,3,13,129.23076923076923,7
at:43:15764,Frauendorf/Schmida Feuerwehr,48.57386437,15.9363467,3,13,129.23076923076923,7
at:43:15766,Minichhofen Ortsmitte,48.55826559,15.9024353,3,7,240.0,-1
at:43:15767,Gettsdorf Ort,48.55327107,15.92074297,3,9,186.66666666666666,7
at:43:15768,Hollenstein/Schmida Ortsmitte,48.55338999,15.93349905,3,11,152.72727272727272,7
at:43:15769,Gmünd Zweiländerstraße,48.78359828,14.97754785,3,4,420.0,-1
at:43:15770,Maissau Wiener Straße,48.57231303,15.82996821,3,26,64.61538461538461,6
at:43:15771,Ravelsbach Bahnstraße,48.5533781,15.85676495,3,9,186.66666666666666,7
at:43:15772,Gaindorf Kirche,48.55320566,15.86880238,3,7,240.0,-1
at:43:15774,Frauendorf/Schmida Nr. 90,48.57595058,15.93945488,3,4,420.0,-1
at:43:15775,Sitzendorf/Schmida Lerchenfelder Str.,48.60116847,15.94282356,3,22,76.36363636363636,6
at:43:15776,Groß Hauptplatz,48.57302035,15.98774831,3,16,105.0,6
at:43:15777,Hollabrunn Mühlgasse/HLW,48.5657624,16.08496399,3,66,25.454545454545453,4
at:43:15778,Mariathal Bundesstraße,48.57179591,16.10841001,3,3,560.0,-1
at:43:15779,Mariathal Ortsmitte,48.56975113,16.11457246,3,16,105.0,6
at:43:15780,Eggendorf im Thale Ortsmitte,48.58203041,16.17281024,3,21,80.0,6
at:43:15781,Weyerburg Ort,48.57047038,16.18565615,3,14,120.0,6
at:43:15783,Kleinkadolz Nr. 3,48.5953583,16.2386837,3,3,560.0,-1
at:43:15784,Röhrabrunn Ortsmitte,48.61317285,16.33933992,3,27,62.22222222222222,6
at:43:15785,Eichenbrunn Abzw. Sportplatz,48.6190166,16.35906693,3,28,60.0,5
at:43:15786,Eichenbrunn Abzw. Weihermühle,48.61796549,16.37083486,3,28,60.0,5
at:43:15787,Olgersdorf Dorfstraße 49/68,48.59302929,16.47424891,3,26,64.61538461538461,6
at:43:15788,Stephanshart Albersberger Hof,48.1493535,14.77786135,3,6,280.0,-1
at:43:15789,Asparn/Zaya Schulzentrum,48.58683194,16.4938232,3,18,93.33333333333333,6
at:43:15791,Asparn/Zaya Am Sandgraben,48.58165601,16.50285127,3,38,44.21052631578947,5
at:43:15793,Hüttendorf Wehrgasse,48.56499553,16.53990678,3,39,43.07692307692308,5
at:43:15794,Hüttendorf Obere Landstraße,48.56639848,16.53459773,3,39,43.07692307692308,5
at:43:15795,Hüttendorf Weidengasse,48.56306939,16.54826111,3,39,43.07692307692308,5
at:43:15797,Frauenhofen/Horn Abzw. Ort,48.66803826,15.62313111,3,16,105.0,6
at:43:15798,Strögen Ort,48.67184095,15.60147273,3,9,186.66666666666666,7
at:43:15799,Strögen Bundesstraße,48.67395871,15.59998153,3,10,168.0,7
at:43:15800,Großburgstall Windburn,48.67614756,15.58619239,3,44,38.18181818181818,4
at:43:15801,Großburgstall Ort,48.67508577,15.57250206,3,12,140.0,7
at:43:15802,Neukirchen/Wild Bundesstraße,48.68080966,15.55818292,3,16,105.0,6
at:43:15804,Fürwald Bundesstraße,48.68940317,15.53119753,3,7,240.0,-1
at:43:15805,Fürwald Ort,48.68314648,15.52611306,3,3,560.0,-1
at:43:15806,Wutzendorf Ort,48.67656871,15.51572854,3,3,560.0,-1
at:43:15807,Dappach Ortszufahrt,48.69029862,15.5100961,3,3,560.0,-1
at:43:15808,St. Marein/Wild Ort,48.68379887,15.49809461,3,6,280.0,-1
at:43:15809,Waiden Ort,48.68624824,15.46731833,3,6,280.0,-1
at:43:15810,Waiden B2/Abzw. Ort,48.70040832,15.46147928,3,6,280.0,-1
at:43:15811,Atzelsdorf/Wild Ort,48.69974428,15.48431445,3,6,280.0,-1
at:43:15812,Laimbach/Ostrong Abzw. Gmaining,48.31783452,15.09097812,3,23,73.04347826086956,6
at:43:15813,Dietmannsdorf/Wild Wildhäuser,48.70113756,15.45837111,3,12,140.0,7
at:43:15814,Merkenbrechts Ort,48.70914075,15.39797737,3,10,168.0,7
at:43:15816,Staningersdorf Ort,48.72315809,15.60760823,3,19,88.42105263157895,6
at:43:15817,Nödersdorf Ort,48.73865263,15.61377965,3,19,88.42105263157895,6
at:43:15818,Posselsdorf Kapelle,48.73388331,15.66082442,3,14,120.0,6
at:43:15819,Posselsdorf Abzw. Lehndorf,48.73493793,15.66912486,3,14,120.0,6
at:43:15820,Dallein Kapelle,48.76079887,15.70129353,3,8,210.0,7
at:43:15821,Fugnitz Abzw. Geras,48.78748694,15.71020481,3,7,240.0,-1
at:43:15822,Kottaun Ortsmitte,48.8236128,15.67527832,3,5,336.0,-1
at:43:15823,Drosendorf Altstadt,48.8678324,15.62715557,3,11,152.72727272727272,7
at:43:15824,Johannesthal Ortsmitte,48.81298363,15.64762817,3,1,1680.0,-1
at:43:15825,Stephanshart Schrammelmühle,48.15193064,14.76543765,3,12,140.0,7
at:43:15826,Maria Dreieichen Kirche,48.65105613,15.71708591,3,25,67.2,6
at:43:15827,Stockern Abzw. Gemeindeberg,48.64945968,15.72931198,3,14,120.0,6
at:43:15828,Yspertal Abzw. Walkersberg,48.29315087,15.06598699,3,12,140.0,7
at:43:15830,Harmannsdorf/Horn Ortsmitte,48.60030709,15.74055889,3,19,88.42105263157895,6
at:43:15831,Sachsendorf/Maissau Abzw. Ort,48.59217965,15.7647056,3,4,420.0,-1
at:43:15832,Maissau Am Berg,48.57612294,15.82347339,3,7,240.0,-1
at:43:15833,Reinprechtspölla Kirche,48.61302437,15.75822875,3,22,76.36363636363636,6
at:43:15834,Reinprechtspölla Abzw. Stockern,48.61500801,15.76040267,3,4,420.0,-1
at:43:15835,Matzelsdorf/Eggenburg Ort,48.60198232,15.78402836,3,8,210.0,7
at:43:15836,Zogelsdorf bei Eggenburg Kapelle,48.61831587,15.81325954,3,13,129.23076923076923,7
at:43:15837,Eggenburg Engelsdorfer Str.,48.64998788,15.81845181,3,9,186.66666666666666,7
at:43:15838,Burgerwiesen Ort,48.65058729,15.61734596,3,21,80.0,6
at:43:15839,Altenburg/Horn Friedhof,48.64737651,15.59906525,3,21,80.0,6
at:43:15840,Altenburg/Horn Stift,48.64548318,15.59268721,3,22,76.36363636363636,6
at:43:15841,Fuglau Ort,48.64637347,15.5489662,3,21,80.0,6
at:43:15842,Gobelsdorf Landesstraße,48.65910289,15.53788998,3,5,336.0,-1
at:43:15843,Neubau an der Wild Ort,48.67164519,15.54575922,3,8,210.0,7
at:43:15845,Röhrenbach Kapelle,48.65558407,15.5100961,3,11,152.72727272727272,7
at:43:15846,Röhrenbach Dorfstraße,48.65858072,15.50795811,3,6,280.0,-1
at:43:15847,Röhrenbach Volksschule,48.66218832,15.50541588,3,7,240.0,-1
at:43:15848,Winkl/Röhrenbach Abzw. Tautendorf,48.66740346,15.48219443,3,6,280.0,-1
at:43:15849,Tautendorf/Neupölla Feuerwehr,48.65807634,15.47701115,3,6,280.0,-1
at:43:15850,Röschitz Volksschule,48.66489386,15.88399289,3,3,560.0,-1
at:43:15853,Thurnberg Sägewerk,48.60400202,15.4854104,3,3,560.0,-1
at:43:15854,Thurnberg Kampbrücke,48.6019942,15.48629075,3,9,186.66666666666666,7
at:43:15855,Tiefenbach/Krumau Feuerwehr,48.60718587,15.44921728,3,9,186.66666666666666,7
at:43:15857,Franzen Abzw. Ort,48.6219026,15.39791449,3,16,105.0,6
at:43:15859,Peygarten-Ottenstein Ortsmitte,48.58393206,15.33241832,3,19,88.42105263157895,6
at:43:15861,Zwettl Waldrandsiedlung,48.60719181,15.20430958,3,17,98.82352941176471,6
at:43:15862,Horn Robert-Hamerling-Straße,48.66592026,15.65967458,3,129,13.023255813953488,3
at:43:15863,Horn Volksschule/AHS,48.67130112,15.65562318,3,84,20.0,4
at:43:15864,Horn Mödringer Straße,48.6764738,15.65141008,3,5,336.0,-1
at:43:15865,Horn Am Mittersteig,48.66291812,15.64714308,3,79,21.265822784810126,4
at:43:15866,Horn Stephanskirche,48.66176705,15.65412299,3,104,16.153846153846153,3
at:43:15867,Horn Lazarethgasse,48.66024215,15.65244314,3,4,420.0,-1
at:43:15869,Horn Josef-Strommer-Straße,48.66095417,15.6585966,3,4,420.0,-1
at:43:15870,Frauenhofen/Horn Volksschule,48.67244604,15.63040747,3,20,84.0,6
at:43:15871,Frauenhofen/Horn Ortsmitte,48.67306891,15.62817066,3,18,93.33333333333333,6
at:43:15872,Frauenhofen/Horn Kindergarten,48.67354347,15.62611352,3,3,560.0,-1
at:43:15873,Großburgstall Abzw. St. Bernhard,48.67558997,15.58183556,3,3,560.0,-1
at:43:15874,St. Bernhard Gemeindeamt,48.68593985,15.59672963,3,3,560.0,-1
at:43:15875,St. Bernhard Horner Straße,48.68299821,15.59442096,3,16,105.0,6
at:43:15876,Poigen Ortsmitte,48.69469258,15.56694149,3,16,105.0,6
at:43:15877,Grünberg bei Horn Landesstraße,48.69933518,15.55906327,3,7,240.0,-1
at:43:15878,Grünberg bei Horn Ort,48.69802486,15.55867699,3,12,140.0,7
at:43:15880,Sitzendorf an der Wild Ort,48.71153553,15.51900739,3,6,280.0,-1
at:43:15881,Dorna Abzw. Ort,48.72969423,15.52430745,3,13,129.23076923076923,7
at:43:15882,Dorna Kaindlmühle,48.73534674,15.52344507,3,13,129.23076923076923,7
at:43:15883,Haselberg Ort,48.74400203,15.5241188,3,13,129.23076923076923,7
at:43:15884,Rothweinsdorf Ort,48.72631071,15.49337845,3,6,280.0,-1
at:43:15885,Nondorf an der Wild Friedhof,48.74292982,15.50705081,3,6,280.0,-1
at:43:15886,Oedt an der Wild Kapelle,48.7486697,15.47855625,3,4,420.0,-1
at:43:15887,Reichharts Ort,48.74946932,15.51795636,3,10,168.0,7
at:43:15888,Nödersdorf Abzw.,48.74321417,15.61371677,3,6,280.0,-1
at:43:15889,Raisdorf Pulkaubrücke,48.7465847,15.6339648,3,6,280.0,-1
at:43:15890,Etzelsreith Kapelle,48.74239668,15.60299089,3,7,240.0,-1
at:43:15891,Harth Löschteich,48.76311421,15.65226348,3,7,240.0,-1
at:43:15892,Schirmannsreith Ort,48.7787977,15.63683042,3,7,240.0,-1
at:43:15893,Sieghartsreith Ort,48.77314416,15.61552238,3,7,240.0,-1
at:43:15894,Ludweishofen Ort,48.7601001,15.61475882,3,4,420.0,-1
at:43:15895,Irnfritz Kapelle,48.73954128,15.55830868,3,15,112.0,6
at:43:15896,Irnfritz Schulen,48.74630038,15.53908474,3,37,45.4054054054054,5
at:43:15897,Wappoltenreith Ort,48.75136466,15.56211754,3,8,210.0,7
at:43:15898,Trabenreith Feuerwehr,48.76259312,15.56930406,3,8,210.0,7
at:43:15899,Wenjapons Kapelle,48.78213625,15.55790444,3,12,140.0,7
at:43:15900,Klein-Ulrichschlag Kapelle,48.77363554,15.53365891,3,5,336.0,-1
at:43:15901,Sabatenreith Kapelle,48.79312703,15.54593888,3,8,210.0,7
at:43:15902,Japons Kriegerdenkmal,48.79251156,15.56849558,3,8,210.0,7
at:43:15903,Oberthumeritz Ort,48.79794398,15.59745726,3,8,210.0,7
at:43:15904,Unterthumeritz Abzw. Japons,48.80298531,15.60838976,3,8,210.0,7
at:43:15905,Pyhrahofsiedlung Landesstraße,48.81111428,15.59166313,3,8,210.0,7
at:43:15906,Goslarn Kapelle,48.80360657,15.57272664,3,8,210.0,7
at:43:15907,Zettenreith Feuerwehr,48.81586444,15.56765116,3,8,210.0,7
at:43:15908,Schweinburg Kapelle,48.80573061,15.5449148,3,9,186.66666666666666,7
at:43:15909,Lehndorf Ort,48.72289141,15.67860208,3,2,840.0,-1
at:43:15910,Messern Ortsmitte,48.71979784,15.52746054,3,13,129.23076923076923,7
at:43:15911,Rosenburg Firma Patta,48.63366458,15.66218986,3,10,168.0,7
at:43:15912,Rosenburg Taffasiedlung,48.63234068,15.65436554,3,10,168.0,7
at:43:15913,Rosenburg Canisiuskapelle,48.630898,15.64672087,3,10,168.0,7
at:43:15914,Stallegg Abzw. Bahnhof,48.61453289,15.64513984,3,11,152.72727272727272,7
at:43:15915,Kamegg Ortsmitte,48.61156333,15.65765337,3,11,152.72727272727272,7
at:43:15916,Gars am Kamp Am Stockerlberg,48.60429903,15.65569504,3,11,152.72727272727272,7
at:43:15917,Gars am Kamp Schulen,48.59655247,15.6687296,3,8,210.0,7
at:43:15918,Zitternberg Bundesstraße,48.58689137,15.6528923,3,8,210.0,7
at:43:15919,Zitternberg Feuerwehr,48.58631497,15.66146223,3,9,186.66666666666666,7
at:43:15921,Wolfshof Ort,48.60463168,15.6161512,3,10,168.0,7
at:43:15922,Etzmannsdorf/Kamp Ort,48.61689654,15.62157703,3,5,336.0,-1
at:43:15924,Wolfshoferamt Nr. 144,48.59510877,15.59442994,3,8,210.0,7
at:43:15925,Wolfshoferamt Steinbruch,48.5926015,15.58500661,3,8,210.0,7
at:43:15926,Wolfshoferamt Nr. 69,48.59316001,15.56804642,3,8,210.0,7
at:43:15927,St. Leonhard/Hornerwald Abzw. Steinegg,48.59549495,15.55372728,3,8,210.0,7
at:43:15928,St. Leonhard/Hornerwald Gemeindeamt,48.59838229,15.54611854,3,8,210.0,7
at:43:15929,Mühlfeld Ort,48.64259853,15.64820309,3,5,336.0,-1
at:43:15930,Göpfritz an der Wild Raabser Straße,48.73072524,15.40069028,3,18,93.33333333333333,6
at:43:15931,Krems HAK/HLF,48.41439273,15.60751839,3,84,20.0,4
at:43:15932,Dietmannsdorf/Wild Ort,48.71251357,15.47523249,3,9,186.66666666666666,7
at:43:15933,Imbach Klosterhof,48.43934548,15.57538566,3,35,48.0,5
at:43:15934,Imbach Hofstatt,48.44376726,15.56966339,3,34,49.411764705882355,5
at:43:15935,Senftenberg Unterm Hals,48.44498289,15.56204567,3,34,49.411764705882355,5
at:43:15936,Senftenberg Unterer Markt,48.44775369,15.5614977,3,34,49.411764705882355,5
at:43:15937,Senftenberg Oberer Markt,48.45020855,15.55461661,3,34,49.411764705882355,5
at:43:15938,Senftenberg Dr.-Nuhr-Zentrum,48.45227007,15.55064605,3,34,49.411764705882355,5
at:43:15939,Senftenberg Neuer Markt,48.45187684,15.54540888,3,34,49.411764705882355,5
at:43:15941,Senftenberg Botental,48.45553496,15.53953389,3,34,49.411764705882355,5
at:43:15942,Senftenberg Reichauerbrücke,48.45643455,15.53518605,3,29,57.93103448275862,5
at:43:15943,Senftenberg Siedlung Hagen,48.46181987,15.53032616,3,29,57.93103448275862,5
at:43:15944,Senftenbergeramt Königsalm,48.47229102,15.5134558,3,29,57.93103448275862,5
at:43:15945,Jaidhof Waldrandsiedlung,48.54589134,15.47933779,3,17,98.82352941176471,6
at:43:15946,Gföhl Großkühbergweg,48.5126425,15.4960734,3,5,336.0,-1
at:43:15947,Meislingeramt Kremstalstraße,48.47560227,15.50007989,3,24,70.0,6
at:43:15948,Unter-Meisling Ort,48.47787713,15.47764895,3,24,70.0,6
at:43:15949,Unter-Meisling Abzw. Felling,48.47747219,15.47614877,3,10,168.0,7
at:43:15950,Unter-Meisling Abzw. Wurfenthalgraben,48.48350431,15.46880055,3,16,105.0,6
at:43:15952,Wurfenthalgraben Abzw. Litschgraben,48.49515564,15.4768764,3,13,129.23076923076923,7
at:43:15953,Wurfenthalgraben Ort,48.49850706,15.48256274,3,13,129.23076923076923,7
at:43:15954,Gföhl Litschgrabenstraße,48.51133923,15.48735076,3,13,129.23076923076923,7
at:43:15955,Jaidhof Schloss,48.52939755,15.48533853,3,17,98.82352941176471,6
at:43:15956,Jaidhof Drescherhütten,48.53487625,15.48649736,3,17,98.82352941176471,6
at:43:15957,Jaidhof Unterjaidhof,48.54206726,15.48128713,3,17,98.82352941176471,6
at:43:15958,Eisenbergeramt Schmutz,48.55145745,15.47814303,3,17,98.82352941176471,6
at:43:15959,Eisenbergeramt Mauthaus,48.55686242,15.47958932,3,16,105.0,6
at:43:15960,Eisenbergeramt Abzw. Preinreichs,48.56180309,15.47930185,3,16,105.0,6
at:43:15961,Preinreichs Ortsmitte,48.57939174,15.46638408,3,14,120.0,6
at:43:15962,Preinreichs Nord,48.58189372,15.46076063,3,12,140.0,7
at:43:15963,Krumau am Kamp Ortsmitte,48.58982673,15.44934304,3,14,120.0,6
at:43:15964,Eisenbergeramt Kronfuß,48.56860983,15.48294003,3,14,120.0,6
at:43:15965,Eisenberg bei Krumau West,48.58377161,15.47727166,3,15,112.0,6
at:43:15966,Idolsberg Bundesstraße,48.59625542,15.48436835,3,10,168.0,7
at:43:15968,Unter-Meisling Siedlung,48.47328561,15.46985158,3,9,186.66666666666666,7
at:43:15969,Obermeisling Ortsmitte,48.47218382,15.46120978,3,9,186.66666666666666,7
at:43:15970,Hohenstein Abzw. Ort,48.47229698,15.44550723,3,5,336.0,-1
at:43:15971,Hohenstein Ort,48.46866985,15.44240805,3,5,336.0,-1
at:43:15972,Felling bei Lichtenau Ort,48.47156443,15.42402851,3,7,240.0,-1
at:43:15973,Taubitz Feuerwehr,48.47750197,15.4032954,3,3,560.0,-1
at:43:15974,Scheutz Ort,48.47976484,15.38648792,3,13,129.23076923076923,7
at:43:15975,Seeb Unterort,48.49429245,15.46064385,3,5,336.0,-1
at:43:15976,Seeb Oberort,48.49765583,15.45470598,3,5,336.0,-1
at:43:15977,Seeb Abzw. Ort,48.49001795,15.45438259,3,14,120.0,6
at:43:15978,Loiwein Ortsmitte,48.49178614,15.43527542,3,27,62.22222222222222,6
at:43:15979,Loiwein Kirche,48.48845214,15.43432321,3,27,62.22222222222222,6
at:43:15982,Alauntal Am Rosenhügel,48.41070183,15.57819738,3,22,76.36363636363636,6
at:43:15983,Alauntal Alauntalweg,48.4123416,15.57762246,3,22,76.36363636363636,6
at:43:15984,Alauntal Im Alauntal,48.41675381,15.5749904,3,22,76.36363636363636,6
at:43:15985,Egelsee/Krems Hüterbergweg,48.41966328,15.56613301,3,22,76.36363636363636,6
at:43:15986,Egelsee/Krems Am Herrenberg,48.41749908,15.56169533,3,22,76.36363636363636,6
at:43:15987,Egelsee/Krems Marienhofstraße,48.41797008,15.55649409,3,22,76.36363636363636,6
at:43:15988,Scheibenhof Fesslberg,48.42207777,15.53558131,3,21,80.0,6
at:43:15989,Scheibenhof Oberort,48.4165511,15.53268873,3,17,98.82352941176471,6
at:43:15990,Scheibenhof Waldschlössl,48.41483992,15.53241924,3,17,98.82352941176471,6
at:43:15991,Reichaueramt Egelseer Straße,48.42369332,15.51721076,3,17,98.82352941176471,6
at:43:15992,Reichaueramt Pummerkreuz,48.42510615,15.5070059,3,6,280.0,-1
at:43:15993,Reichaueramt Sandlbauer,48.42843835,15.49178844,3,6,280.0,-1
at:43:15994,Reichaueramt Hofwiese,48.42599436,15.51227003,3,8,210.0,7
at:43:15995,Reichaueramt Rosengrund,48.43013716,15.51293478,3,8,210.0,7
at:43:15996,Reichaueramt Rotes Kreuz,48.43631794,15.52463084,3,8,210.0,7
at:43:15997,Reichaueramt Kühgraben Weißes Kreuz,48.44007849,15.51622261,3,8,210.0,7
at:43:15998,Reichaueramt Steinbachtal,48.43854093,15.50346654,3,8,210.0,7
at:43:15999,Ostra Ort,48.44267079,15.47642725,3,9,186.66666666666666,7
at:43:16000,Ostra Abzw. Ort,48.43599611,15.47076786,3,6,280.0,-1
at:43:16001,Stixendorf Feuerwehr,48.43604379,15.45184934,3,15,112.0,6
at:43:16002,Reichau Abzw. Stixendorf,48.45136444,15.4711721,3,12,140.0,7
at:43:16004,Egelsee/Krems Josef-Lechner-Straße,48.41994944,15.55451779,3,21,80.0,6
at:43:16005,Nöhagen Kapelle,48.44944589,15.42913095,3,13,129.23076923076923,7
at:43:16006,Weinzierl am Walde Friedhof,48.43267036,15.43186182,3,21,80.0,6
at:43:16007,Weinzierl am Walde Ortsmitte,48.43169286,15.4339549,3,9,186.66666666666666,7
at:43:16008,Maigen bei Weinzierl Ort,48.43589479,15.41460519,3,21,80.0,6
at:43:16009,Purkersdorf/Waldviertel Abzw. Hartenstein,48.44006062,15.39839958,3,9,186.66666666666666,7
at:43:16010,Purkersdorf/Waldviertel Ortsmitte,48.44442275,15.38838336,3,9,186.66666666666666,7
at:43:16011,Els Mittelschule,48.44308197,15.37613034,3,12,140.0,7
at:43:16012,Els Ortsmitte,48.44302834,15.37325573,3,20,84.0,6
at:43:16013,Gillaus Ort,48.45268713,15.36760533,3,19,88.42105263157895,6
at:43:16014,Albrechtsberg/Großen Krems Burg,48.46261214,15.36849466,3,22,76.36363636363636,6
at:43:16015,Lobendorf Kapelle,48.42675738,15.4064395,3,12,140.0,7
at:43:16016,Großheinrichschlag Ortsmitte,48.41854244,15.38299347,3,9,186.66666666666666,7
at:43:16017,Habruck/Großheinrichschlag Kapelle,48.40330134,15.38855404,3,4,420.0,-1
at:43:16018,Himberg b.Großheinrichschlag Ost,48.41099402,15.37609441,3,9,186.66666666666666,7
at:43:16019,Himberg b.Großheinrichschlag Süd,48.40971795,15.37001282,3,9,186.66666666666666,7
at:43:16020,Gschwendt/Großheinrichschlag Ort,48.41129812,15.3599966,3,9,186.66666666666666,7
at:43:16021,Klein-Heinrichschlag Gänshof,48.42340122,15.35669978,3,9,186.66666666666666,7
at:43:16022,Klein-Heinrichschlag Unterort,48.42724022,15.36028406,3,9,186.66666666666666,7
at:43:16023,Klein-Heinrichschlag Ort,48.43095376,15.36297901,3,9,186.66666666666666,7
at:43:16024,Klein-Heinrichschlag Abzw. Els,48.43261671,15.36358088,3,19,88.42105263157895,6
at:43:16027,Marbach an der Kleinen Krems Ort,48.42974972,15.3468273,3,15,112.0,6
at:43:16028,Voitsau Königsmühle,48.42482001,15.32700148,3,15,112.0,6
at:43:16029,Attenreith Abzw. Ort,48.45701839,15.33720634,3,4,420.0,-1
at:43:16030,Attenreith Ort,48.46168882,15.33507734,3,9,186.66666666666666,7
at:43:16031,Eppenberg Ort,48.47440524,15.34617153,3,4,420.0,-1
at:43:16032,Heitzles Ort,48.45114399,15.30863093,3,4,420.0,-1
at:43:16033,Purk Feuerwehr,48.44296279,15.30259425,3,4,420.0,-1
at:43:16034,Voitsau Ort,48.42817608,15.31541321,3,4,420.0,-1
at:43:16036,Laaben bei Spitz Schifffahrtsmuseum,48.36083356,15.40194793,3,29,57.93103448275862,5
at:43:16037,Laaben bei Spitz Ortsmitte,48.36017699,15.39483327,3,29,57.93103448275862,5
at:43:16038,Gut am Steg Zornberg,48.35921003,15.38829353,3,29,57.93103448275862,5
at:43:16039,Gut am Steg Turnhausbrücke,48.35753274,15.3822299,3,28,60.0,5
at:43:16040,Vießling Bundesstraße,48.35892352,15.36599735,3,28,60.0,5
at:43:16041,Elsarn am Jauerling Abzw. Thurn,48.36381187,15.35960134,3,27,62.22222222222222,6
at:43:16042,Elsarn am Jauerling Kapelle,48.36587093,15.35720284,3,28,60.0,5
at:43:16043,Mühldorf Ledertal,48.37124795,15.35221719,3,27,62.22222222222222,6
at:43:16044,Mühldorf Ortsmitte,48.37282931,15.34855206,3,29,57.93103448275862,5
at:43:16045,Schwallenbach Bundesstraße,48.33984911,15.4049483,3,34,49.411764705882355,5
at:43:16046,Willendorf/Wachau Bundesstraße,48.32328231,15.40739172,3,34,49.411764705882355,5
at:43:16047,Groisbach Bundesstraße,48.3160543,15.40823613,3,33,50.90909090909091,5
at:43:16048,Grimsing Bundesstraße,48.26165608,15.36519785,3,37,45.4054054054054,5
at:43:16049,Benking Ost,48.34064327,15.36679685,3,4,420.0,-1
at:43:16050,Stronsdorf Patzmannsdorfer Str.,48.64708569,16.29580757,3,29,57.93103448275862,5
at:43:16051,Melk Wachaubad,48.225127,15.3483185,3,67,25.074626865671643,4
at:43:16052,Mühldorf Trenninggasse,48.37024539,15.33681108,3,22,76.36363636363636,6
at:43:16053,Mühldorf Abzw. Amstall,48.36750021,15.33138526,3,22,76.36363636363636,6
at:43:16054,Trandorf Tobelbachbrücke,48.36296435,15.32173735,3,22,76.36363636363636,6
at:43:16055,Trandorf Dorfplatz,48.36071418,15.31075096,3,22,76.36363636363636,6
at:43:16056,Zeining Abzw. Ort,48.34641701,15.30657379,3,20,84.0,6
at:43:16057,Lehsdorf Ortsmitte,48.34710957,15.28846376,3,20,84.0,6
at:43:16060,Raxendorf Gemeindeamt,48.34110305,15.27719888,3,21,80.0,6
at:43:16061,Raxendorf Feistritz,48.3274275,15.27806126,3,19,88.42105263157895,6
at:43:16062,Raxendorf Heiligenblut,48.32450679,15.27589632,3,19,88.42105263157895,6
at:43:16063,Mühldorf Kalkofenweg,48.37921993,15.33686498,3,11,152.72727272727272,7
at:43:16064,Ötzbach Ortsmitte,48.38535321,15.32467484,3,21,80.0,6
at:43:16065,Kottes Doppl,48.40123187,15.31732663,3,4,420.0,-1
at:43:16066,Kottes Abzw. Runds,48.40598496,15.31455981,3,4,420.0,-1
at:43:16067,Kottes Greimath,48.4105468,15.32227634,3,4,420.0,-1
at:43:16068,Kottes Bernhards,48.41538845,15.31426337,3,4,420.0,-1
at:43:16069,Elsenreith Kotteser Straße,48.38909964,15.2862,3,8,210.0,7
at:43:16070,Elsenreith Kapelle,48.38668955,15.28219351,3,9,186.66666666666666,7
at:43:16071,Elsenreith Abzw. Schneeberg,48.38664779,15.26632927,3,3,560.0,-1
at:43:16075,Kottes Reichpolds,48.41554944,15.2772977,3,2,840.0,-1
at:43:16077,Neuhof bei Ottenschlag Abzw. Endlas,48.42450406,15.19279318,3,8,210.0,7
at:43:16079,Spielberg bei Traunstein Ort,48.4425814,15.14301753,3,9,186.66666666666666,7
at:43:16080,Walterschlag/Traunstein Ort,48.43600207,15.13550761,3,4,420.0,-1
at:43:16081,Bad Traunstein St.-Georg-Straße,48.43458358,15.11366957,3,5,336.0,-1
at:43:16082,Dorfstadt Ort,48.43833235,15.05733622,3,4,420.0,-1
at:43:16083,Ulrichschlag b. Schönbach Ort,48.44179479,15.04674508,3,4,420.0,-1
at:43:16084,Schönbach Ort,48.45275266,15.0415618,3,10,168.0,7
at:43:16085,Raxendorf Abzw. Walkersdorf,48.31584521,15.27011117,3,18,93.33333333333333,6
at:43:16086,Zogelsdorf bei Weiten Abzw. Ort,48.30751079,15.26002309,3,18,93.33333333333333,6
at:43:16087,Weiten Am Schuß,48.30472039,15.25611542,3,36,46.666666666666664,5
at:43:16088,Weiten Greißl,48.30773783,15.24520987,3,29,57.93103448275862,5
at:43:16089,Streitwiesen Ort,48.31367062,15.23443009,3,29,57.93103448275862,5
at:43:16090,Pöggstall Annasiedlung,48.31761946,15.21077745,3,29,57.93103448275862,5
at:43:16093,Biberschlag Ort,48.44190801,15.1590794,3,8,210.0,7
at:43:16094,Bernreith Ort,48.44364808,15.18319019,3,8,210.0,7
at:43:16095,Ternitz Umspannwerk,47.70816205,16.06257797,3,1,1680.0,-1
at:43:16096,Ramplach Mühlgasse,47.6991303,16.09140491,3,20,84.0,6
at:43:16097,Ramplach Kornfeldstraße,47.6949101,16.08595213,3,20,84.0,6
at:43:16098,Wartmannstetten Waldgasse,47.68905689,16.07097722,3,10,168.0,7
at:43:16099,Wartmannstetten Volksschule,47.69180823,16.07697796,3,13,129.23076923076923,7
at:43:16100,Haßbach Dorfstraße,47.65287094,16.05540941,3,14,120.0,6
at:43:16101,Hafning bei Neunkirchen Ort,47.67228575,16.08396686,3,7,240.0,-1
at:43:16102,Straßhof/Neunkirchen Ort,47.67812269,16.06253305,3,19,88.42105263157895,6
at:43:16103,Straßhof/Neunkirchen Feuerwehr,47.68062664,16.0644824,3,19,88.42105263157895,6
at:43:16104,Gramatl Ortsmitte,47.66234632,16.05198683,3,19,88.42105263157895,6
at:43:16106,Penk Kirche,47.66231606,16.02519009,3,20,84.0,6
at:43:16107,Penk Ortsmitte,47.66211036,16.03037337,3,20,84.0,6
at:43:16108,Altendorf Sportplatzweg,47.66056754,16.01754542,3,19,88.42105263157895,6
at:43:16109,Loitzmannsdorf Ort,47.65461972,16.00650513,3,19,88.42105263157895,6
at:43:16112,Neunkirchen Steinfeldschule,47.72668615,16.0782895,3,7,240.0,-1
at:43:16115,Neunkirchen Flatzer Straße,47.72744753,16.06971059,3,33,50.90909090909091,5
at:43:16116,Ternitz Urbanhof,47.72730855,16.06433867,3,33,50.90909090909091,5
at:43:16117,Ternitz Mittelschule,47.71822572,16.03287966,3,42,40.0,5
at:43:16118,Mitteregg Bundesstraße,47.52486993,16.06789599,3,18,93.33333333333333,6
at:43:16119,Zöbern Abzw. Maierhöfen,47.52466975,16.10978444,3,16,105.0,6
at:43:16121,Schönstadl Graserhof,47.65488596,15.9995342,3,19,88.42105263157895,6
at:43:16122,Schönstadl Ort,47.65145493,15.99320108,3,19,88.42105263157895,6
at:43:16126,Kirchberg/Wechsel Friedhof,47.61217868,15.98256503,3,54,31.11111111111111,4
at:43:16127,Kirchberg/Wechsel Hotel Post,47.60864794,15.99130563,3,21,80.0,6
at:43:16128,Kirchberg/Wechsel Sport Tauchner,47.60792117,15.99066783,3,30,56.0,5
at:43:16129,Inneraigen Grüne Wiese,47.55229952,16.04585134,3,15,112.0,6
at:43:16130,Peisching Volksschule,47.72690369,16.11591993,3,3,560.0,-1
at:43:16132,Weibnitz Tagwerkstraße,47.67299347,16.0728008,3,7,240.0,-1
at:43:16133,Langegg b. Aspang Bundesstraße,47.54343484,16.07448963,3,18,93.33333333333333,6
at:43:16134,Diepolz/Neunkirchen Hauptplatz,47.6976188,16.0841016,3,20,84.0,6
at:43:16135,Aspang Markt Marienseer Straße,47.55078984,16.07607066,3,15,112.0,6
at:43:16137,Schwarzau/Steinfeld Kirche,47.72773757,16.17141785,3,34,49.411764705882355,5
at:43:16138,Pitten Untere Feldstraße,47.71927126,16.18413799,3,30,56.0,5
at:43:16139,Pitten Bahnhofstraße,47.71680544,16.18252102,3,26,64.61538461538461,6
at:43:16141,Mahrersdorf St. Lorenzer Str.,47.73269827,16.03403849,3,15,112.0,6
at:43:16142,Flatz Flatzertalgasse,47.74228601,16.02338447,3,15,112.0,6
at:43:16144,Rohrbach/Steinfd Döpplinger Str.,47.72111451,16.04040755,3,44,38.18181818181818,4
at:43:16145,Ternitz Theodor-Körner-Platz,47.71755487,16.03713768,3,38,44.21052631578947,5
at:43:16147,Mariensee Güterweg Prenner,47.53920206,15.9755402,3,15,112.0,6
at:43:16148,Ternitz Stadtamt,47.70542367,16.02030325,3,32,52.5,5
at:43:16150,Ternitz Dunkelstein,47.71151078,16.05016325,3,37,45.4054054054054,5
at:43:16151,Wimpassing/Schwarza Bergstraße,47.70320506,16.03437087,3,38,44.21052631578947,5
at:43:16152,Wimpassing/Schwarza Pottschacher Straße,47.69801784,16.02325871,3,36,46.666666666666664,5
at:43:16153,Pottschach Russenfriedhof,47.70209269,16.014572,3,29,57.93103448275862,5
at:43:16154,Ternitz Donauland,47.70839175,16.02391448,3,32,52.5,5
at:43:16155,Ternitz Arbeitergasse,47.71085193,16.02667231,3,28,60.0,5
at:43:16156,Ternitz VS Kreuzäckergasse,47.70829504,16.01981816,3,4,420.0,-1
at:43:16158,Mönichkirchen Rasthaus Lang,47.51220248,16.04803424,3,18,93.33333333333333,6
at:43:16159,Mönichkirchen Hotel Thier,47.51183843,16.03732633,3,18,93.33333333333333,6
at:43:16160,Mariensee Gh. Haidbauer,47.53794672,15.98483776,3,15,112.0,6
at:43:16162,Ofenbach/Neukirchen Nr. 1,47.61474634,15.97373459,3,38,44.21052631578947,5
at:43:16163,Ofenbach/Neunkirchen Abzw. Eigenberg,47.61631473,15.96657501,3,38,44.21052631578947,5
at:43:16164,Otterthal Abzw. Alpeltal,47.61962091,15.95871476,3,38,44.21052631578947,5
at:43:16165,Otterthal Feuerwehr,47.62274524,15.94418001,3,42,40.0,5
at:43:16166,Otterthal Gemeindeamt,47.62221848,15.9392842,3,11,152.72727272727272,7
at:43:16167,Otterthal Brandstatt,47.61988733,15.93204377,3,11,152.72727272727272,7
at:43:16168,Altendorf Brunnenweg,47.66097292,16.02141716,3,20,84.0,6
at:43:16170,Mariensee Abzw. Langegg,47.53950528,16.00116015,3,15,112.0,6
at:43:16171,Wimpassing/Schwarza Reithoffergasse,47.69545427,16.01979121,3,17,98.82352941176471,6
at:43:16172,Trattenbach Abzw. Kummerbauer,47.61058594,15.90620823,3,11,152.72727272727272,7
at:43:16173,Trattenbach Nr. 66,47.60706115,15.89939001,3,11,152.72727272727272,7
at:43:16174,Trattenbach Ortsmitte,47.60287591,15.89187111,3,11,152.72727272727272,7
at:43:16175,Otterthal Haidersiedlung,47.62720133,15.94094608,3,30,56.0,5
at:43:16177,Raach am Hochgebirge Ortsmitte,47.64326069,15.92900747,3,21,80.0,6
at:43:16178,Schlagl Ort,47.64338173,15.91878464,3,30,56.0,5
at:43:16179,Schlagl Burg Wartenstein,47.64930059,15.92004228,3,30,56.0,5
at:43:16180,Gloggnitz Graben 11,47.65608405,15.92985188,3,30,56.0,5
at:43:16181,Gloggnitz Huebnergasse,47.66675668,15.92819,3,54,31.11111111111111,4
at:43:16182,Mönichkirchen Gemeindeamt,47.51237237,16.04052433,3,18,93.33333333333333,6
at:43:16183,Gloggnitz EKZ,47.67483231,15.94120659,3,119,14.117647058823529,3
at:43:16185,Gloggnitz Naturbad,47.67049522,15.93099275,3,55,30.545454545454547,4
at:43:16186,Gloggnitz Dr.-Bruno-Kreisky-Gasse,47.67368305,15.94435069,3,119,14.117647058823529,3
at:43:16187,Gloggnitz Abzw. Stuppach,47.68036052,15.95893035,3,16,105.0,6
at:43:16188,Gloggnitz Stuppachgrabenstr. 28,47.68362637,15.95441182,3,16,105.0,6
at:43:16189,Stuppachgraben Nr. 27,47.68530759,15.9505311,3,16,105.0,6
at:43:16192,Stuppachgraben Nr. 5/45,47.68744836,15.94364102,3,16,105.0,6
at:43:16193,Stuppachgraben Nr. 8,47.69070166,15.93767621,3,16,105.0,6
at:43:16194,Stuppachgraben Nr. 18,47.69655469,15.93701146,3,16,105.0,6
at:43:16195,Prigglitz Ort,47.70382168,15.92866611,3,16,105.0,6
at:43:16196,Prigglitz Auf der Wiese,47.69699001,15.91970991,3,16,105.0,6
at:43:16197,Pottschach Kulturhaus,47.69896101,16.00811311,3,27,62.22222222222222,6
at:43:16198,Pottschach Kirchengasse,47.70309624,16.00211237,3,27,62.22222222222222,6
at:43:16199,Pottschach Fleminggasse,47.70461966,16.00827481,3,27,62.22222222222222,6
at:43:16201,Pottschach Mittelschule,47.70090775,16.01166146,3,25,67.2,6
at:43:16203,Melk Alter Mühlenweg,48.22657526,15.35352873,3,10,168.0,7
at:43:16204,Inneraigen Abzw. Mariensee,47.54737623,16.02227954,3,15,112.0,6
at:43:16206,Gerasdorf/Steinfeld Egart,47.78416862,16.08554789,3,23,73.04347826086956,6
at:43:16207,Oberdanegg Lindenstraße,47.68423718,16.04689338,3,2,840.0,-1
at:43:16208,Unterdanegg Ort,47.68781119,16.05858047,3,2,840.0,-1
at:43:16209,Dörfl/Reichenau Nr. 1,47.6802698,15.78341751,3,18,93.33333333333333,6
at:43:16210,Außeraigen Nr. 19,47.57117594,16.03854803,3,21,80.0,6
at:43:16211,St. Egyden/Stfd Egydiplatz,47.78114449,16.10372979,3,25,67.2,6
at:43:16213,St. Valentin Laternengasse,47.69414221,16.01695253,3,34,49.411764705882355,5
at:43:16214,St. Valentin Abzw. Landschach,47.68767815,16.01090687,3,41,40.97560975609756,5
at:43:16215,Köttlach Abzw. Ganabach,47.67934444,15.99340769,3,36,46.666666666666664,5
at:43:16217,Neunkirchen Wiener Straße 34,47.7246739,16.08081377,3,89,18.876404494382022,3
at:43:16218,Raglitz Ortsmitte,47.75176932,16.0495524,3,37,45.4054054054054,5
at:43:16219,Raglitz Reither Straße,47.75448714,16.04472844,3,28,60.0,5
at:43:16220,Hettmannsdorf Abzw. Raglitz,47.76346703,16.05084597,3,28,60.0,5
at:43:16221,Hettmannsdorf Heuweg,47.7696983,16.05312769,3,28,60.0,5
at:43:16222,Würflach Kirche,47.77309137,16.05441228,3,28,60.0,5
at:43:16223,Willendorf Strelzhofstraße,47.78986026,16.05684672,3,32,52.5,5
at:43:16225,Unterhöflein Steinfeldstraße,47.79454348,16.03722751,3,31,54.193548387096776,5
at:43:16227,Grünbach/Schneeberg Hauptplatz,47.79629355,15.98830526,3,20,84.0,6
at:43:16228,Grünbach/Schneeberg Am Neuschacht,47.80128392,15.97827108,3,20,84.0,6
at:43:16229,Payerbach Ortsplatz,47.69216498,15.86414911,3,22,76.36363636363636,6
at:43:16230,Payerbach Mühlhofstraße,47.69004255,15.87009595,3,22,76.36363636363636,6
at:43:16231,Küb Mühlhofsiedlung,47.68408599,15.88389408,3,22,76.36363636363636,6
at:43:16232,Küb Neukübstraße,47.68430975,15.88812514,3,22,76.36363636363636,6
at:43:16233,Schmidsdorf Küber Straße,47.68378965,15.89467386,3,22,76.36363636363636,6
at:43:16234,Schmidsdorf Pettenbachstraße,47.68092299,15.9007824,3,22,76.36363636363636,6
at:43:16235,Heufeld im Schwarzatal Ort,47.67940492,15.90733112,3,22,76.36363636363636,6
at:43:16236,Gloggnitz Gföhl,47.6808746,15.92288096,3,22,76.36363636363636,6
at:43:16237,Neunkirchen Ghegagasse,47.73843784,16.08700316,3,11,152.72727272727272,7
at:43:16238,Mollram Angergasse,47.75539909,16.09093778,3,23,73.04347826086956,6
at:43:16239,Mollram Ortsmitte,47.75818315,16.08823385,3,23,73.04347826086956,6
at:43:16240,Mollram Hauswaldgasse,47.75826166,16.08207141,3,22,76.36363636363636,6
at:43:16242,Urschendorf Schloßplatz,47.78348655,16.09456698,3,23,73.04347826086956,6
at:43:16243,St. Egyden/Stfd Volksschule,47.78191714,16.10298419,3,23,73.04347826086956,6
at:43:16244,Ternitz Stadthalle,47.7161527,16.03463138,3,42,40.0,5
at:43:16245,St. Johann/Steinfeld Ortsmitte,47.72285496,16.01449115,3,18,93.33333333333333,6
at:43:16246,St. Johann/Steinfeld Hintenburger Str.,47.72252258,16.00485223,3,18,93.33333333333333,6
at:43:16247,St. Johann/Steinfeld Puchberger Str. 132,47.72723604,15.99074868,3,18,93.33333333333333,6
at:43:16248,Sieding Thanner Straße,47.73585813,15.97533359,3,18,93.33333333333333,6
at:43:16249,Sieding Bundesstraße,47.73835326,15.97500121,3,18,93.33333333333333,6
at:43:16250,Stixenstein Forsthaus,47.74415261,15.9795377,3,18,93.33333333333333,6
at:43:16251,Stixenstein Nord,47.75551384,15.98194519,3,18,93.33333333333333,6
at:43:16252,Puchberg Ödenhof,47.76594272,15.94373086,3,18,93.33333333333333,6
at:43:16253,Puchberg Abzw. Schwarzengründe,47.77473349,15.92386911,3,18,93.33333333333333,6
at:43:16254,Puchberg/Schneeberg Neunkirchner Str. 44,47.78057707,15.91780548,3,18,93.33333333333333,6
at:43:16255,Puchberg/Schneeberg Wr. Neustädter Str. 2,47.78794702,15.9132061,3,16,105.0,6
at:43:16256,Puchberg am Schneeberg Hof,47.7902586,15.87985166,3,10,168.0,7
at:43:16257,Puchberg/Schneeberg Sonnleiten,47.79086816,15.86311604,3,10,168.0,7
at:43:16258,Puchberg Losenheim,47.79077159,15.84360463,3,10,168.0,7
at:43:16259,Puchberg Sesselbahn,47.792214,15.83230383,3,10,168.0,7
at:43:16261,Stollhof Kapelle,47.83099297,16.06910872,3,21,80.0,6
at:43:16262,Maiersdorf Abzw. Zweiersdorf,47.82073999,16.05169937,3,31,54.193548387096776,5
at:43:16264,Zweiersdorf Forststraße,47.80747445,16.03775752,3,10,168.0,7
at:43:16265,Oberhöflein Neue Welt Straße,47.80039691,16.02961878,3,10,168.0,7
at:43:16266,Amstetten B1/Abzw. Haaberg,48.12416272,14.84825333,3,1,1680.0,-1
at:43:16267,Trattenbach Haidbauer,47.59996845,15.88155846,3,1,1680.0,-1
at:43:16268,Trattenbach Kiengraben,47.59444385,15.87396769,3,1,1680.0,-1
at:43:16271,Pfaffen Gh. Dissauer,47.57720598,15.85639664,3,1,1680.0,-1
at:43:16272,St. Lorenzen/Stfd Volksschule,47.73867949,16.03757785,3,2,840.0,-1
at:43:16273,Ternitz Sportplatz,47.7168417,16.04711796,3,3,560.0,-1
at:43:16275,Putzmannsdorf Fabriksstraße,47.69060491,15.99833944,3,11,152.72727272727272,7
at:43:16276,Pottschach Putzmannsdorfer Str.,47.69490406,16.00237288,3,10,168.0,7
at:43:16277,Döppling Abzw. Mahrersdorf,47.72540509,16.03304136,3,15,112.0,6
at:43:16278,Raglitz St. Lorenzer Straße,47.74869498,16.0466688,3,13,129.23076923076923,7
at:43:16284,Gloggnitz Ungarhofstraße,47.65872821,15.90332463,3,28,60.0,5
at:43:16285,Gloggnitz Auestraße,47.6598536,15.89121534,3,28,60.0,5
at:43:16286,Gloggnitz Klammerweg,47.65967814,15.87748909,3,28,60.0,5
at:43:16287,Pernitz Schulen,47.89888285,15.95731338,3,33,50.90909090909091,5
at:43:16288,Gutenstein Volksschule,47.87566024,15.88695733,3,10,168.0,7
at:43:16289,Schrattenthal Friedhof,48.71815023,15.90997217,3,24,70.0,6
at:43:16290,Feichtenbach Nr. 12,47.89811195,15.98018449,3,16,105.0,6
at:43:16291,Feichtenbach Bergweide,47.90626011,15.9848198,3,16,105.0,6
at:43:16292,Feichtenbach Fotzebenweg,47.91074014,15.99119784,3,16,105.0,6
at:43:16293,Feichtenbach Geyer,47.91922345,16.00425934,3,9,186.66666666666666,7
at:43:16295,Payerbach Schulen,47.69380965,15.86827237,3,5,336.0,-1
at:43:16296,Payerbach Schneedörflweg,47.69209847,15.85595647,3,35,48.0,5
at:43:16297,Reichenau/Rax Kurtheater,47.69419058,15.84759315,3,35,48.0,5
at:43:16298,Reichenau/Rax Gemeindeamt,47.69582914,15.84347887,3,35,48.0,5
at:43:16299,Reichenau/Rax Feuchterstraße,47.69910007,15.8321062,3,37,45.4054054054054,5
at:43:16300,Hirschwang Neubaugasse,47.70110121,15.82468611,3,37,45.4054054054054,5
at:43:16301,Hirschwang Trautenbergstraße,47.70166346,15.81943097,3,8,210.0,7
at:43:16302,Hirschwang Kirche,47.70535113,15.81145393,3,19,88.42105263157895,6
at:43:16303,Hirschwang Emil-von-Linhart-Gasse,47.70852474,15.80724981,3,19,88.42105263157895,6
at:43:16304,Hirschwang Raxseilbahn,47.7139285,15.8054442,3,19,88.42105263157895,6
at:43:16305,Höllental Kaiserbrunn,47.7346075,15.79207727,3,8,210.0,7
at:43:16306,Höllental Abzw. Weichtalhaus,47.74614599,15.77011346,3,8,210.0,7
at:43:16307,Höllental Großer Kesselgraben,47.75186595,15.74885034,3,8,210.0,7
at:43:16308,Singerin Forsthaus,47.76624463,15.73903175,3,4,420.0,-1
at:43:16309,Singerin Abzw. Naßwald,47.77299477,15.73061454,3,9,186.66666666666666,7
at:43:16310,Naßwald Reithof,47.76665521,15.70712359,3,4,420.0,-1
at:43:16311,Naßwald Ortsmitte,47.76353345,15.69713433,3,4,420.0,-1
at:43:16313,Hinternaßwald Wendestelle,47.73880032,15.66710365,3,2,840.0,-1
at:43:16315,Schwarzau/Geb Forsthaus,47.79878578,15.71360045,3,14,120.0,6
at:43:16316,Schwarzau/Geb. Markt 56/57,47.80799332,15.70671935,3,14,120.0,6
at:43:16317,Schwarzau/Geb. Rauraklalm,47.82811027,15.69150189,3,11,152.72727272727272,7
at:43:16318,Roggendorf Sportplatz,48.67185282,15.84013714,3,19,88.42105263157895,6
at:43:16319,Rohr im Gebirge B21/Abzw. B27,47.87103857,15.7036561,3,11,152.72727272727272,7
at:43:16320,Rohr im Gebirge Forellenhof,47.88057069,15.71018685,3,11,152.72727272727272,7
at:43:16321,Rohr im Gebirge Volksschule,47.89582325,15.73303101,3,6,280.0,-1
at:43:16323,Edlach an der Rax Ost,47.69527288,15.81545143,3,18,93.33333333333333,6
at:43:16324,Edlach an der Rax Feuerwehr,47.69151798,15.80593827,3,18,93.33333333333333,6
at:43:16325,Dörfl/Reichenau Franz-Küffel-G.,47.68770234,15.79799717,3,18,93.33333333333333,6
at:43:16326,Dörfl/Reichenau Gustav-Jahn-Str.,47.6864687,15.79418831,3,18,93.33333333333333,6
at:43:16327,Dörfl/Reichenau Karl-Farkas-Str.,47.68439442,15.78975962,3,18,93.33333333333333,6
at:43:16328,Prein/Rax Preinrotte,47.67729407,15.77469487,3,18,93.33333333333333,6
at:43:16329,Prein/Rax Abzw. Sonnleiten,47.67643519,15.77086805,3,18,93.33333333333333,6
at:43:16330,Prein/Rax Ortsmitte,47.67426373,15.76537934,3,19,88.42105263157895,6
at:43:16331,Prein/Rax Berta-Heller-Straße,47.67407622,15.75424023,3,19,88.42105263157895,6
at:43:16332,Prein/Rax Abzw. Griesleiten,47.67506821,15.74877847,3,4,420.0,-1
at:43:16333,Pernitz Hugo-Bunzl-Platz,47.89444395,15.96800334,3,12,140.0,7
at:43:16337,Gloggnitz Furth,47.66333853,15.92244078,3,28,60.0,5
at:43:16338,Gloggnitz Weißenbach,47.66103947,15.91417628,3,28,60.0,5
at:43:16339,Schottwien Feuerwehr,47.65364549,15.87102122,3,28,60.0,5
at:43:16340,Schottwien Schulen,47.65102528,15.86855085,3,32,52.5,5
at:43:16341,Göstritz Bogengasse,47.64027074,15.88015708,3,28,60.0,5
at:43:16342,Maria Schutz Feuerwehr,47.64218941,15.86537081,3,28,60.0,5
at:43:16343,Greis bei Maria Schutz Ort,47.6379404,15.84411667,3,27,62.22222222222222,6
at:43:16344,Semmering Bahnhofstraße,47.63322493,15.83313926,3,27,62.22222222222222,6
at:43:16345,Aspang Markt Hauptstraße,47.552924,16.08879081,3,50,33.6,4
at:43:16346,Aspang Markt Sonneck,47.55349996,16.08491907,3,36,46.666666666666664,5
at:43:16348,Außeraigen Nr. 25,47.56366013,16.04981291,3,21,80.0,6
at:43:16349,St. Corona/Wechsel Unternberg,47.5770666,16.02492957,3,22,76.36363636363636,6
at:43:16350,St. Corona/Wechsel Gemeindeamt,47.58067219,16.01339521,3,22,76.36363636363636,6
at:43:16351,St. Corona/Wechsel Nr. 28,47.58366554,16.01288317,3,22,76.36363636363636,6
at:43:16352,St. Corona/Wechsel Nr. 62/77,47.5853924,16.01002652,3,22,76.36363636363636,6
at:43:16353,St. Corona/Wechsel Kirche,47.58636184,16.00887668,3,22,76.36363636363636,6
at:43:16355,Kirchberg/Wechsel Abzw.Molz,47.59569784,15.99753096,3,22,76.36363636363636,6
at:43:16356,Kirchberg/Wechsel Tratten,47.60139192,15.99716265,3,21,80.0,6
at:43:16365,Klamm Kirchenplatz,47.66106972,15.86803881,3,4,420.0,-1
at:43:16366,Prein/Rax Gsoll,47.66775486,15.74731422,3,4,420.0,-1
at:43:16369,Breitenstein Gemeindeamt,47.65964183,15.82150608,3,4,420.0,-1
at:43:16370,Breitenstein Gh. Zum Blunzenwirt,47.65669518,15.81837994,3,4,420.0,-1
at:43:16371,Loipersbach Natschbacher Straße,47.71656368,16.11361126,3,24,70.0,6
at:43:16373,Neusiedl/Pernitz Stadionstraße,47.8927996,15.96317938,3,9,186.66666666666666,7
at:43:16374,Neusiedl/Pernitz Dammstraße,47.89159491,15.96118512,3,9,186.66666666666666,7
at:43:16375,Neusiedl/Pernitz Bergstraße,47.88850475,15.95996341,3,9,186.66666666666666,7
at:43:16376,Neusiedl/Pernitz Kapellenplatz,47.88634213,15.959649,3,13,129.23076923076923,7
at:43:16377,Neusiedl/Pernitz Kohlhofmühle,47.89169731,15.95608269,3,6,280.0,-1
at:43:16379,Olgersdorf Altmannser Straße,48.59310653,16.47539876,3,10,168.0,7
at:43:16380,Wolfsohl Riegelackerweg,47.76329192,16.05535551,3,28,60.0,5
at:43:16383,Göstritz Göstritzmühle,47.64699486,15.87191953,3,28,60.0,5
at:43:16385,Neusiedl/Steinfeld Lindenplatz,47.77752255,16.10988325,3,25,67.2,6
at:43:16386,Aspangberg Hoffeld Mitte,47.55857423,16.0874074,3,6,280.0,-1
at:43:16387,Neunkirchen Bahnstraße,47.72942946,16.08269125,3,87,19.310344827586206,3
at:43:16388,Aspang Markt Mittelschule,47.55413048,16.08700316,3,7,240.0,-1
at:43:16389,Hirschwang Buchau,47.70389423,15.81623297,3,19,88.42105263157895,6
at:43:16390,Neunkirchen Busbahnhof,47.72241381,16.07942138,3,145,11.586206896551724,3
at:43:16392,Eichenbrunn Ost,48.61844651,16.36321714,3,28,60.0,5
at:43:16394,Lanzendorf b. Mistelbach Zayabrücke,48.5601622,16.5767377,3,114,14.736842105263158,3
at:43:16395,Wetzelsdorf Feuerwehr,48.64893741,16.63083425,3,26,64.61538461538461,6
at:43:16396,Schrems Einschichten,48.80018661,15.08545348,3,7,240.0,-1
at:43:16397,Reichenau/Rax Volksschule,47.69640958,15.83813389,3,11,152.72727272727272,7
at:43:16398,Preiner Gscheid Passhöhe,47.67599969,15.72337412,3,4,420.0,-1
at:43:16399,Willendorf Gemeindeamt,47.79031291,16.05310074,3,32,52.5,5
at:43:16400,Gaweinstal Wiener Straße,48.47260072,16.58874818,3,69,24.347826086956523,4
at:43:16401,Schrick Ortsmitte,48.51234495,16.62037786,3,69,24.347826086956523,4
at:43:16402,Kettlasbrunn Ortsmitte,48.56072105,16.65803524,3,29,57.93103448275862,5
at:43:16403,Kettlasbrunn Nord,48.56693944,16.65123499,3,29,57.93103448275862,5
at:43:16404,Hobersdorf Wiener Straße 14/17,48.58153121,16.64540492,3,33,50.90909090909091,5
at:43:16405,Lanzendorf b. Mistelbach Schricker Str.,48.55666621,16.57919011,3,95,17.68421052631579,3
at:43:16407,Ebendorf Schulgasse,48.56120262,16.5944974,3,26,64.61538461538461,6
at:43:16408,Wilfersdorf b. M. Mistelbacher Str. 43/62,48.58145395,16.63859569,3,115,14.608695652173912,3
at:43:16409,Palterndorf Johannesgasse,48.59119334,16.81571652,3,31,54.193548387096776,5
at:43:16410,Neusiedl/Zaya Bahnstraße,48.60787488,16.78878503,3,42,40.0,5
at:43:16411,Neusiedl/Zaya Gemeindeamt,48.60161401,16.78635958,3,40,42.0,5
at:43:16412,Neusiedl/Zaya Johannesgasse,48.5997249,16.79387847,3,34,49.411764705882355,5
at:43:16415,Bullendorf Kirche,48.59474635,16.6634431,3,57,29.473684210526315,4
at:43:16416,Ebersdorf/Zaya Bahnstraße,48.60347334,16.69638432,3,57,29.473684210526315,4
at:43:16417,Rannersdorf/Zaya Abzw. Ginzersdorf,48.60352087,16.71590471,3,63,26.666666666666668,4
at:43:16418,Prinzendorf Sinngasse,48.60132293,16.71681201,3,35,48.0,5
at:43:16419,Prinzendorf Feuerwehr,48.60134669,16.72317208,3,35,48.0,5
at:43:16420,Mistelbach Oberhoferstraße 75/122,48.57724624,16.56810489,3,23,73.04347826086956,6
at:43:16421,Mistelbach Mitterhofgasse,48.57477375,16.57170714,3,29,57.93103448275862,5
at:43:16422,Mistelbach Triftweg,48.58042583,16.56735031,3,42,40.0,5
at:43:16423,Mistelbach Biberstraße,48.58381321,16.56642504,3,42,40.0,5
at:43:16424,Mistelbach Untere Siedlungsstraße,48.58855516,16.56589504,3,23,73.04347826086956,6
at:43:16425,Eibesthal Kirche,48.59397992,16.60466633,3,25,67.2,6
at:43:16426,Eibesthal Oberort,48.60347928,16.60151324,3,25,67.2,6
at:43:16427,Großkrut Schulen,48.64324552,16.72216597,3,55,30.545454545454547,4
at:43:16428,Großkrut Friedhof,48.64855164,16.71291332,3,21,80.0,6
at:43:16429,Walterskirchen Großkruter Straße,48.65370292,16.67274066,3,22,76.36363636363636,6
at:43:16432,Poysdorf Erholungszentrum,48.66439548,16.60980469,3,18,93.33333333333333,6
at:43:16433,Poysdorf Brunngasse,48.66914766,16.61639832,3,25,67.2,6
at:43:16434,Wilhelmsdorf Folda,48.66873831,16.61130488,3,13,129.23076923076923,7
at:43:16435,Kleinhadersdorf Untere Ortsstraße,48.66309612,16.59790201,3,41,40.97560975609756,5
at:43:16436,Kleinhadersdorf Landesstraße,48.66416409,16.59009565,3,43,39.06976744186046,4
at:43:16437,Enzersdorf/Staatz Dorfplatz,48.67588063,16.49988683,3,32,52.5,5
at:43:16438,Föllim Lindenstraße,48.68032923,16.5593014,3,25,67.2,6
at:43:16439,Altruppersdorf Ortsmitte,48.69204202,16.54923129,3,25,67.2,6
at:43:16441,Ebendorf Rohrmühle,48.5626354,16.6041992,3,26,64.61538461538461,6
at:43:16443,Palterndorf Dobermannsdf. Str.,48.59131217,16.81667772,3,9,186.66666666666666,7
at:43:16444,Erdberg bei Poysdorf Feuerwehr,48.62599971,16.64660867,3,33,50.90909090909091,5
at:43:16445,Poysdorf Wiener Straße,48.66510151,16.62848066,3,57,29.473684210526315,4
at:43:16446,Poysdorf Dreifaltigkeitsplatz,48.66825777,16.62943288,3,140,12.0,3
at:43:16447,Falkenstein Marktplatz,48.72034308,16.58530763,3,27,62.22222222222222,6
at:43:16448,Ginzersdorf Ort,48.62599971,16.72150121,3,31,54.193548387096776,5
at:43:16449,Großkrut Lundenburger Str.,48.64459881,16.7303047,3,7,240.0,-1
at:43:16450,Althöflein Ortsmitte,48.63779636,16.74000651,3,33,50.90909090909091,5
at:43:16451,Altlichtenwarth Kaiser-Franz-Josef-Str.,48.64567904,16.79632189,3,28,60.0,5
at:43:16452,Altlichtenwarth Volksschule,48.64433171,16.7992504,3,46,36.52173913043478,4
at:43:16453,Hausbrunn Hauptstraße 361/462,48.63221601,16.82251677,3,46,36.52173913043478,4
at:43:16454,Hausbrunn Mittelschule,48.62860626,16.82811327,3,46,36.52173913043478,4
at:43:16455,Hausbrunn Friedhofstraße,48.6239987,16.8322006,3,45,37.333333333333336,4
at:43:16456,Schrick Hobersdorfer Straße,48.51555242,16.62503113,3,97,17.31958762886598,3
at:43:16457,Dobermannsdorf Hohenauer Str.,48.59647524,16.82584952,3,38,44.21052631578947,5
at:43:16458,Hohenau/March Glockenturm,48.61522774,16.9070123,3,24,70.0,6
at:43:16459,Hohenau/March Hausbrunner Str.,48.60249913,16.89925984,3,62,27.096774193548388,4
at:43:16460,Hohenau/March Rathausplatz,48.60629489,16.90579059,3,24,70.0,6
at:43:16461,Rabensburg Pfarrgasse,48.64237891,16.9028531,3,24,70.0,6
at:43:16462,Herrnbaumgarten Hauptstraße 5a,48.69334656,16.67615426,3,29,57.93103448275862,5
at:43:16463,Herrnbaumgarten Ortsmitte,48.69640026,16.6812477,3,29,57.93103448275862,5
at:43:16464,Herrnbaumgarten Sportplatz,48.69818495,16.68882949,3,36,46.666666666666664,5
at:43:16465,Herrnbaumgarten Liechtensteinsdlg.,48.69877786,16.6953782,3,36,46.666666666666664,5
at:43:16466,Schrattenberg Kirchenplatz,48.72373293,16.72282174,3,33,50.90909090909091,5
at:43:16467,Katzelsdorf im Weinviertel Ortsmitte,48.69920475,16.78429345,3,35,48.0,5
at:43:16468,Katzelsdorf im Weinviertel Ost,48.69728372,16.78899164,3,35,48.0,5
at:43:16469,Poysdorf Volksschule,48.66695257,16.62891186,3,21,80.0,6
at:43:16470,Reintal Ackerberg,48.70045575,16.82769106,3,35,48.0,5
at:43:16471,Bernhardsthal Rotkreuzgasse,48.69474595,16.86188094,3,35,48.0,5
at:43:16472,Bernhardsthal Hauptstraße 6/115,48.69274766,16.86646235,3,35,48.0,5
at:43:16473,Bernhardsthal Kirche,48.69201237,16.86959747,3,40,42.0,5
at:43:16474,Bernhardsthal Bahngasse,48.68916597,16.87349616,3,35,48.0,5
at:43:16475,Dobermannsdorf Friedhofsgasse,48.60301594,16.81926486,3,24,70.0,6
at:43:16477,Ketzelsdorf Winterzeile,48.6523558,16.64947429,3,22,76.36363636363636,6
at:43:16478,Stollhof Ramhofweg,47.82950339,16.06640479,3,21,80.0,6
at:43:16479,Wilhelmsdorf Wilhelmsdorfer Str. 43,48.66834676,16.60930163,3,12,140.0,7
at:43:16480,Poysdorf Mühlgasse,48.66613978,16.61900344,3,18,93.33333333333333,6
at:43:16481,Pöggstall Hauptplatz,48.31785841,15.20034801,3,65,25.846153846153847,4
at:43:16482,Viehofen Johannesplatz,48.22331961,15.64075606,3,109,15.412844036697248,3
at:43:16484,Untermamau Ortskreuzung,48.24917356,15.61059962,3,22,76.36363636363636,6
at:43:16485,Schaubing Landesstraße,48.25816941,15.61766037,3,22,76.36363636363636,6
at:43:16486,Untermerking Kapelle,48.26616507,15.61558527,3,22,76.36363636363636,6
at:43:16487,Großrust Untere Hauptstraße,48.27242556,15.61548645,3,24,70.0,6
at:43:16488,Kleinrust Florianistraße,48.28306126,15.61805563,3,24,70.0,6
at:43:16489,Kleinrust Otto-Habsburg-Straße,48.28508771,15.62032837,3,24,70.0,6
at:43:16490,Fugging Abzw. Kleinrust,48.28768193,15.63073984,3,24,70.0,6
at:43:16491,Noppendorf Ort,48.29979649,15.61362694,3,22,76.36363636363636,6
at:43:16492,Eitzendorf Talstraße,48.29755549,15.59805015,3,23,73.04347826086956,6
at:43:16494,Grünz Nibelungenstraße,48.29518888,15.58884242,3,41,40.97560975609756,5
at:43:16495,Schweinern Nibelungenstraße,48.29098727,15.57525989,3,10,168.0,7
at:43:16496,Pfaffing Im Dorf,48.28403564,15.56838778,3,20,84.0,6
at:43:16497,Doppel/Obritzberg Mühlweg,48.28153091,15.55690731,3,20,84.0,6
at:43:16498,Neustift Am Glockenturm,48.28010812,15.54996333,3,10,168.0,7
at:43:16499,Pfaffing Austraße,48.28434648,15.56973525,3,10,168.0,7
at:43:16500,Grünz Witigaustraße,48.29708934,15.58524916,3,41,40.97560975609756,5
at:43:16501,Oberwölbling Unterer Markt,48.31764336,15.59117804,3,41,40.97560975609756,5
at:43:16503,Obritzberg Marktstraße,48.29319869,15.59464554,3,22,76.36363636363636,6
at:43:16504,Fugging Dorfstraße,48.28954681,15.6344409,3,7,240.0,-1
at:43:16506,Neulangegg Siedlung,48.835647,15.04847883,3,2,840.0,-1
at:43:16507,St. Pölten Rudolf-Tornar-Str.,48.20215884,15.64926311,3,56,30.0,4
at:43:16509,Grub/Böheimkirchen Ort,48.19879985,15.70480594,3,8,210.0,7
at:43:16510,Mechters Ort,48.19492566,15.71271111,3,8,210.0,7
at:43:16511,Furth/Außerkasten Eichberg,48.17219557,15.7540965,3,13,129.23076923076923,7
at:43:16512,Böheimkirchen Hainfelder Straße,48.19506937,15.76520866,3,25,67.2,6
at:43:16513,Böheimkirchen Abzw. Reith,48.18826041,15.765029,3,25,67.2,6
at:43:16514,Plosdorf Ort,48.1835469,15.7599086,3,25,67.2,6
at:43:16515,Furth/Außerkasten Michelbachbrücke West,48.16830139,15.75179681,3,22,76.36363636363636,6
at:43:16516,Böheimkirchen Gemersdorf,48.18786514,15.75140155,3,22,76.36363636363636,6
at:43:16517,Siebenhirten/Böheimkirchen Ort,48.17599959,15.74051397,3,22,76.36363636363636,6
at:43:16518,Dürnhag Abzw. Ort,48.17180017,15.74589488,3,22,76.36363636363636,6
at:43:16519,Furth/Außerkasten Ort,48.16700127,15.75439294,3,22,76.36363636363636,6
at:43:16521,Fahrafeld/Böheimkir Kirchweg,48.15315323,15.75346768,3,22,76.36363636363636,6
at:43:16522,Fahrafeld/Böheimkirchen Nord,48.14738761,15.75011696,3,22,76.36363636363636,6
at:43:16523,Fahrafeld/Böheimkirchen Süd,48.14233466,15.74818559,3,22,76.36363636363636,6
at:43:16524,Aigen bei Böheimkirchen Ort,48.13530886,15.74491572,3,22,76.36363636363636,6
at:43:16525,Berg/Böheimkirchen Michelbachbrücke,48.12949926,15.74640692,3,22,76.36363636363636,6
at:43:16526,Mayerhöfen Abzw. Hegerberg,48.11830388,15.75300055,3,22,76.36363636363636,6
at:43:16527,Mayerhöfen Nr. 18,48.1212004,15.75033256,3,22,76.36363636363636,6
at:43:16528,Mayerhöfen Abzw. Perschenegg,48.11550316,15.75480617,3,22,76.36363636363636,6
at:43:16529,Michelbach Markt Kropfsdorf,48.10704008,15.76021403,3,22,76.36363636363636,6
at:43:16530,Michelbach Markt Jägerbrücke,48.10155723,15.7630527,3,21,80.0,6
at:43:16531,Michelbach Markt Gemeindeamt,48.09994946,15.75945944,3,21,80.0,6
at:43:16532,Außerkasten Ort,48.16458068,15.76440916,3,24,70.0,6
at:43:16533,Michelbach Markt Untergoin,48.09826964,15.76868514,3,15,112.0,6
at:43:16534,Mitterfeld Süd,48.15655117,15.77465894,3,24,70.0,6
at:43:16535,Kasten/Böheimkirchen Ort,48.15346487,15.77898882,3,24,70.0,6
at:43:16536,Dörfl/Kasten Abzw. Ort,48.1508998,15.78279767,3,24,70.0,6
at:43:16537,Steinabruck West,48.14849643,15.79506866,3,24,70.0,6
at:43:16539,Gwörth Abzw. Lanzendorf,48.14754943,15.80200365,3,24,70.0,6
at:43:16540,Stössing Hof,48.14177719,15.80471657,3,24,70.0,6
at:43:16541,Stössing Freiling,48.13448752,15.80463572,3,24,70.0,6
at:43:16542,Stössing Hendelgraben,48.12889368,15.80854339,3,24,70.0,6
at:43:16543,St. Veit/Gölsen Kropfsdorf,48.04481684,15.68116228,3,18,93.33333333333333,6
at:43:16544,Böheimkirchen Hinterholz,48.19744661,15.74362214,3,3,560.0,-1
at:43:16545,Böheimkirchen Abzw. Kollersberg,48.19765618,15.73738784,3,5,336.0,-1
at:43:16546,Böheimkirchen Obere Hauptstraße,48.19875195,15.75936961,3,65,25.846153846153847,4
at:43:16547,Furth/Außerkasten Michelbachbrücke Ost,48.16906827,15.75359344,3,25,67.2,6
at:43:16548,Emmersdorf/Donau Seegarten,48.23677176,15.3260852,3,56,30.0,4
at:43:16549,Luberegg Schloss,48.23194902,15.31283505,3,24,70.0,6
at:43:16550,Weitenegg Burgruine,48.22959134,15.29525502,3,25,67.2,6
at:43:16551,Weitenegg Urfahr,48.22829277,15.28549931,3,25,67.2,6
at:43:16552,Leiben Volksschule,48.24352043,15.27500699,3,21,80.0,6
at:43:16553,Leiben Neuweinzierl,48.23756752,15.26779352,3,21,80.0,6
at:43:16555,Leiben Meierhof,48.24344864,15.28174436,3,20,84.0,6
at:43:16556,Eitental Ort,48.26611125,15.27435122,3,20,84.0,6
at:43:16557,Weiten Abzw. Seiterndorf,48.29115463,15.26628435,3,18,93.33333333333333,6
at:43:16558,Weiten Ortsmitte,48.293629,15.26356246,3,18,93.33333333333333,6
at:43:16559,Weiten Mollenburg,48.29642001,15.25942122,3,18,93.33333333333333,6
at:43:16560,Leiben Fürnbergstraße,48.2416419,15.27453987,3,20,84.0,6
at:43:16561,Michelbach Markt Kleindurlas,48.0893177,15.78462125,3,15,112.0,6
at:43:16562,Pöggstall Gemeindezentrum,48.3173148,15.2041389,3,59,28.47457627118644,4
at:43:16563,Dietsam Pöggstaller Straße,48.31555846,15.18391782,3,41,40.97560975609756,5
at:43:16564,Würnsdorf Abzw. Weißpyhra,48.31449507,15.17391059,3,37,45.4054054054054,5
at:43:16565,Laimbach/Ostrong Schulen,48.31723116,15.12380256,3,29,57.93103448275862,5
at:43:16566,Laimbach/Ostrong Ortsmitte,48.3163291,15.1203171,3,11,152.72727272727272,7
at:43:16567,Gutenbrunn/Martinsberg Ortsmitte,48.36627676,15.11921217,3,13,129.23076923076923,7
at:43:16568,Gutenbrunn/Martinsberg Kutscherhaus,48.36294645,15.1139211,3,12,140.0,7
at:43:16569,Martinsberg Mittelschule,48.3767855,15.14828166,3,13,129.23076923076923,7
at:43:16570,Martinsberg Markt,48.37470899,15.15063524,3,13,129.23076923076923,7
at:43:16572,Obermamau Feuerwehr,48.24415457,15.59564267,3,1,1680.0,-1
at:43:16573,Afing Hauptstraße,48.22500731,15.56759726,3,28,60.0,5
at:43:16574,Pultendorf Landesstraße,48.23123694,15.56705827,3,1,1680.0,-1
at:43:16575,Flinsbach Steinbergstraße,48.23807609,15.56112939,3,2,840.0,-1
at:43:16576,Watzelsdorf/Neidling Hauptstraße,48.23091381,15.54858891,3,34,49.411764705882355,5
at:43:16577,Weinzierl/Prinzersdorf Ort,48.22302635,15.53735099,3,11,152.72727272727272,7
at:43:16578,Sasendorf Feuerwehr,48.21919589,15.52834987,3,11,152.72727272727272,7
at:43:16579,Gabersdorf Hauptstraße,48.23650849,15.53877931,3,24,70.0,6
at:43:16580,Neidling Kirche,48.23624523,15.55487712,3,9,186.66666666666666,7
at:43:16581,Griechenberg Johannesweg,48.24120516,15.53400925,3,9,186.66666666666666,7
at:43:16582,Neidling Gemeindeamt,48.23761539,15.5559551,3,19,88.42105263157895,6
at:43:16583,Neidling Dietersbergstraße,48.24090004,15.55332303,3,19,88.42105263157895,6
at:43:16584,Hausenbach Steinberg,48.2461706,15.55308947,3,19,88.42105263157895,6
at:43:16585,Karlstetten Volksschule,48.2573321,15.56537842,3,21,80.0,6
at:43:16586,Karlstetten Hauptplatz,48.25869572,15.5668337,3,22,76.36363636363636,6
at:43:16587,Karlstetten Schlossplatz,48.25877347,15.56469571,3,21,80.0,6
at:43:16588,Karlstetten Siedlungsstraße,48.26116569,15.55503882,3,11,152.72727272727272,7
at:43:16589,Karlstetten Heitzing,48.26290596,15.55060114,3,11,152.72727272727272,7
at:43:16590,Weyersdorf Herzogenburger Straße,48.27364528,15.53232941,3,12,140.0,7
at:43:16591,Weyersdorf Eglseestraße,48.27380671,15.52740664,3,12,140.0,7
at:43:16592,Lauterbach Weyersdorfer Str.,48.2613152,15.50014277,3,8,210.0,7
at:43:16593,Gansbach Schwaigbichl,48.26910108,15.49052181,3,8,210.0,7
at:43:16594,Gansbach Besenbuch,48.27968366,15.48653329,3,8,210.0,7
at:43:16595,Gansbach Oed,48.28579904,15.48037085,3,8,210.0,7
at:43:16596,Gansbach Marienfeldergasse,48.30479209,15.47408264,3,17,98.82352941176471,6
at:43:16597,Gansbach Himberg,48.3091957,15.48659617,3,13,129.23076923076923,7
at:43:16598,Gansbach Hessendorf,48.31316281,15.50185855,3,13,129.23076923076923,7
at:43:16599,Wolfenreith/Gansbach Abzw. Scheiblwies,48.32359889,15.50539791,3,13,129.23076923076923,7
at:43:16600,St. Pölten Viehofner See,48.22078796,15.64294795,3,169,9.940828402366863,2
at:43:16601,Gansbach Grabenhof,48.29992199,15.47178296,3,3,560.0,-1
at:43:16602,Gansbach Maierhöfen,48.29117256,15.46571933,3,3,560.0,-1
at:43:16603,Gansbach Kicking,48.28178796,15.46364422,3,3,560.0,-1
at:43:16605,Kochholz Abzw. Lottersberg,48.26957943,15.45184934,3,3,560.0,-1
at:43:16606,Umbach/Mauer Abzw. Gerolding,48.23925475,15.43838359,3,3,560.0,-1
at:43:16607,Gerolding Lerchfeld,48.24422636,15.4273433,3,6,280.0,-1
at:43:16608,Gerolding Nölling,48.25001101,15.42576226,3,6,280.0,-1
at:43:16609,Gerolding Volksschule,48.25139276,15.42240256,3,3,560.0,-1
at:43:16610,Pfaffing/Mauer Abzw. Lanzing,48.23175155,15.42852907,3,3,560.0,-1
at:43:16611,Mauer bei Melk Kirche,48.23023761,15.42184561,3,2,840.0,-1
at:43:16612,Mauer bei Melk Dorfplatz,48.22649746,15.4148118,3,3,560.0,-1
at:43:16613,Neuhofen/Pielach Loosdorfer Straße,48.21493417,15.41102091,3,3,560.0,-1
at:43:16614,St. Pölten Lorenzgasse,48.21465283,15.63832163,3,56,30.0,4
at:43:16615,Schallaburg Parkplatz,48.18660743,15.3559991,3,8,210.0,7
at:43:16616,Schallemmersdorf Bundesstraße,48.25260102,15.35394196,3,45,37.333333333333336,4
at:43:16617,Schallemmersdorf Abzw. Goßam,48.25330084,15.35529841,3,7,240.0,-1
at:43:16618,Goßam Ortsmitte,48.25768497,15.34892936,3,13,129.23076923076923,7
at:43:16619,Felbring Landesstraße,48.28198524,15.32942693,3,11,152.72727272727272,7
at:43:16620,Loitzendorf Abzw. Ort,48.29059877,15.33138526,3,11,152.72727272727272,7
at:43:16621,Friedersdorf/Maria Laach Abzw. Ort,48.2963961,15.33729617,3,11,152.72727272727272,7
at:43:16622,Maria Laach Ortsmitte,48.30359702,15.34441083,3,11,152.72727272727272,7
at:43:16623,Maria Laach Zeißing,48.30768406,15.34874969,3,4,420.0,-1
at:43:16624,Litzendorf Abzw. Zeißing,48.30620225,15.35621469,3,4,420.0,-1
at:43:16625,Wiesmannsreith Abzw. Gießhübl,48.32014632,15.35722081,3,4,420.0,-1
at:43:16626,Wiesmannsreith Abzw. Ort,48.323575,15.35590028,3,4,420.0,-1
at:43:16627,Oberndorf am Jauerling Ort,48.33773526,15.34980072,3,4,420.0,-1
at:43:16628,Spratzern Dürauergasse,48.17544248,15.61618714,3,116,14.482758620689655,3
at:43:16629,Kleinzell b. Hainfeld Ortsmitte,47.97960799,15.73540256,3,12,140.0,7
at:43:16630,Kleinzell b. Hainfeld Abzw. Salzerbad,47.98943275,15.7465237,3,12,140.0,7
at:43:16631,Kleinzell b. Hainfeld Engelscharmühle,48.01392037,15.73233032,3,12,140.0,7
at:43:16632,Kleinzell b. Hainfeld Außerhalbach,48.02561911,15.72246682,3,12,140.0,7
at:43:16634,Kleinzell b. Hainfeld Salzerbad,47.9876892,15.750099,3,12,140.0,7
at:43:16635,St. Pölten A.-Sedlaczek-Gasse,48.21185138,15.63679449,3,56,30.0,4
at:43:16637,Viehofen Marienplatz,48.22920835,15.6438283,3,132,12.727272727272727,3
at:43:16638,Hainfeld Benischkesiedlung,48.03932735,15.75908215,3,27,62.22222222222222,6
at:43:16639,St. Pölten Traisenpromenade,48.20839125,15.63466548,3,56,30.0,4
at:43:16640,St. Pölten Teufelhofer Str.,48.18499633,15.60971028,3,29,57.93103448275862,5
at:43:16641,Annaberg Ortsmitte,47.87174962,15.37570814,3,8,210.0,7
at:43:16642,Annaberg Reidlkehre,47.87455758,15.36650939,3,8,210.0,7
at:43:16643,Wienerbruck Ortsmitte,47.85526635,15.31012214,3,8,210.0,7
at:43:16644,Josefsberg Bundesstraße,47.84568738,15.31345489,3,8,210.0,7
at:43:16645,St. Pölten Mariazeller Str./P+R Süd,48.18293597,15.61628595,3,71,23.661971830985916,4
at:43:16646,Ob der Kirche Abzw. Rohrbach,48.04212622,15.74097211,3,27,62.22222222222222,6
at:43:16647,Ramsau/Hainfeld Mariental,47.98624021,15.82670732,3,10,168.0,7
at:43:16648,Ramsau b. Hainfeld Föhrenweg,47.99331644,15.822081,3,11,152.72727272727272,7
at:43:16649,Ramsau b. Hainfeld Abzw. Fahrabach,48.00054198,15.81505617,3,11,152.72727272727272,7
at:43:16650,Ramsau b. Hainfeld Oberdörfl,48.00327082,15.80446504,3,11,152.72727272727272,7
at:43:16651,Ramsau b. Hainfeld Unterdörfl,48.00491167,15.79871582,3,11,152.72727272727272,7
at:43:16652,Ramsau b. Hainfeld Abzw. Oberried,48.0084937,15.79160116,3,11,152.72727272727272,7
at:43:16655,Hainfeld Rudolf-Staudigl-Straße,48.02956015,15.77415588,3,11,152.72727272727272,7
at:43:16656,Hainfeld Ramsauer Straße,48.03305037,15.77419181,3,11,152.72727272727272,7
at:43:16657,Rohrbach/Gölsen Wehrstraße,48.04610804,15.74160992,3,21,80.0,6
at:43:16658,Bernreit/Rohrbach Bundesstraße,48.04672661,15.72160444,3,27,62.22222222222222,6
at:43:16659,Rainfeld Lindenstraße,48.04508709,15.69788891,3,18,93.33333333333333,6
at:43:16660,Wiesenfeld Musikerweg,48.04651041,15.65357502,3,18,93.33333333333333,6
at:43:16661,Hainfeld Mittelschule,48.03451006,15.77068838,3,11,152.72727272727272,7
at:43:16662,Ratzersdorf Ratzersdorfer Weg,48.22018346,15.66368107,3,89,18.876404494382022,3
at:43:16663,Ratzersdorf Paracelsusweg,48.22558781,15.67376016,3,146,11.506849315068493,3
at:43:16664,Melk Munggenaststraße,48.22248771,15.32885201,3,1,1680.0,-1
at:43:16665,Melk Birago-Kaserne,48.22062636,15.32595944,3,2,840.0,-1
at:43:16666,Unterradlberg Weichselbaumstr.,48.25364178,15.67788343,3,66,25.454545454545453,4
at:43:16667,Pottenbrunn Propst-Teufel-Str.,48.23723247,15.69401717,3,137,12.262773722627736,3
at:43:16668,Pottenbrunn Schulen,48.23805814,15.69136714,3,8,210.0,7
at:43:16669,Wasserburg Schloss,48.24949059,15.70356626,3,1,1680.0,-1
at:43:16671,Maria Jeutendorf Bundesstraße,48.25268476,15.73946294,3,33,50.90909090909091,5
at:43:16672,Ratzersdorf Ratzersdorfer See,48.22324779,15.65894694,3,113,14.867256637168142,3
at:43:16673,Oberkilling Landesstraße,48.26942397,15.77144297,3,2,840.0,-1
at:43:16674,Rassing Dorfstraße,48.24852154,15.76523561,3,4,420.0,-1
at:43:16675,Pönning Brücke,48.22939984,15.77939306,3,4,420.0,-1
at:43:16676,Thalheim Landesstraße,48.23982911,15.79683834,3,6,280.0,-1
at:43:16679,Gunnersdorf Ort,48.23532977,15.80961238,3,6,280.0,-1
at:43:16680,Murstetten Untere Hauptstraße,48.23834533,15.82877345,3,8,210.0,7
at:43:16681,Obermoos Ort,48.24503996,15.81571194,3,4,420.0,-1
at:43:16682,Haselbach/Perschling Ort,48.24943078,15.80583946,3,4,420.0,-1
at:43:16683,Ratzersdorf Volksschule,48.22227225,15.66835231,3,145,11.586206896551724,3
at:43:16685,Pottenbrunn Schloss,48.23907526,15.69795179,3,87,19.310344827586206,3
at:43:16686,St. Pölten Waldstraße/HTL,48.20821165,15.61916056,3,83,20.240963855421686,4
at:43:16687,Pottenbrunn Kirchenplatz,48.23912312,15.69378361,3,63,26.666666666666668,4
at:43:16688,Perschling Wiesenfeldgasse,48.26011313,15.80284807,3,2,840.0,-1
at:43:16689,Weißenkirchen/Perschling Birkenstr.,48.26859282,15.79581426,3,28,60.0,5
at:43:16690,Langmannersdorf Altbachgasse,48.27197713,15.814616,3,26,64.61538461538461,6
at:43:16691,Langmannersdorf Dorfplatz,48.27310119,15.82044607,3,27,62.22222222222222,6
at:43:16693,Würmla Schlossweg,48.25339654,15.86050195,3,5,336.0,-1
at:43:16694,Würmla Abzw. Mittermoos,48.2530915,15.88109133,3,5,336.0,-1
at:43:16695,Würmla Abzw. Untermoos,48.25270271,15.89012838,3,5,336.0,-1
at:43:16696,Ratzersdorf Anton-Kleiß-Gasse,48.22550403,15.66587296,3,57,29.473684210526315,4
at:43:16697,Asperhofen Birkengasse,48.25029813,15.92631252,3,9,186.66666666666666,7
at:43:16698,Pottenbrunn Dornaustraße,48.24389134,15.69156477,3,57,29.473684210526315,4
at:43:16699,Ziegelhausen,48.23495281,15.80217433,3,6,280.0,-1
at:43:16700,Winkling Ort,48.2271737,15.80026991,3,6,280.0,-1
at:43:16702,St. Pölten Lilienhof,48.19425498,15.64089979,3,57,29.473684210526315,4
at:43:16703,Stattersdorf Hanuschplatz,48.18428959,15.6422832,3,57,29.473684210526315,4
at:43:16704,Stattersdorf Millenniumskirche,48.18349898,15.63888756,3,56,30.0,4
at:43:16705,Stattersdorf Pilzgasse,48.18122292,15.63762992,3,57,29.473684210526315,4
at:43:16706,Stattersdorf Reuttgasse,48.17702393,15.63967808,3,56,30.0,4
at:43:16707,Stattersdorf Neurathgasse,48.17713176,15.63608482,3,57,29.473684210526315,4
at:43:16708,Eggendorf am Steinfeld Schubertstr. Süd,48.1321973,15.61934921,3,28,60.0,5
at:43:16709,Anzendorf Ort,48.19183568,15.35527146,3,19,88.42105263157895,6
at:43:16710,Klein Pöchlarn Marktplatz,48.21732245,15.22206029,3,15,112.0,6
at:43:16711,Krummnußbaum/Donau Kriegerdenkmal,48.21598167,15.16635576,3,26,64.61538461538461,6
at:43:16712,Maria Taferl Oberthalheim,48.23017179,15.17952506,3,12,140.0,7
at:43:16713,Maria Taferl Unterthalheim,48.23437839,15.18357646,3,11,152.72727272727272,7
at:43:16714,Artstetten Ortsmitte,48.24256323,15.20458806,3,14,120.0,6
at:43:16715,Nussendorf Kapelle,48.25254719,15.18508563,3,14,120.0,6
at:43:16716,Rappoltenreith Ort,48.26062147,15.16027416,3,11,152.72727272727272,7
at:43:16717,Münichreith am Ostrong Abzw. Bachones,48.26493919,15.14244261,3,7,240.0,-1
at:43:16718,Münichreith am Ostrong Ortsmitte,48.26575844,15.1329564,3,7,240.0,-1
at:43:16719,Münichreith am Ostrong Abzw. Mayerhofen,48.27220433,15.12740481,3,7,240.0,-1
at:43:16720,Münichreith am Ostrong Abzw. Kehrbach,48.27807549,15.12733294,3,7,240.0,-1
at:43:16721,Neue Welt Abzw. Neukirchen,48.28615769,15.12787193,3,7,240.0,-1
at:43:16722,Neukirchen am Ostrong Gsteinert,48.29529645,15.13390861,3,7,240.0,-1
at:43:16723,Laimbach/Ostrong Abzw. Zöbring,48.3034058,15.12949788,3,7,240.0,-1
at:43:16724,Klein Pöchlarn Am Tonberg,48.22570152,15.21448749,3,14,120.0,6
at:43:16725,Artstetten Abzw. Unterbierbaum,48.23389971,15.2150175,3,14,120.0,6
at:43:16726,Pargatstetten Ort,48.24559631,15.14881166,3,4,420.0,-1
at:43:16727,Kollnitz Ort,48.25528661,15.13517524,3,4,420.0,-1
at:43:16728,Münichreith am Ostrong Bischofstein,48.25730818,15.12349714,3,4,420.0,-1
at:43:16729,Münichreith am Ostrong Volksschule,48.26571658,15.12951585,3,11,152.72727272727272,7
at:43:16730,Landstetten Kapelle,48.28989348,15.18592107,3,3,560.0,-1
at:43:16731,Neukirchen am Ostrong Ort,48.2897859,15.16192706,3,3,560.0,-1
at:43:16732,Würnsdorf Ortsmitte,48.31638287,15.17387466,3,4,420.0,-1
at:43:16734,St. Pölten Renkgasse,48.18091146,15.61667223,3,2,840.0,-1
at:43:16736,Spratzern Volksschule,48.17169233,15.62577216,3,113,14.867256637168142,3
at:43:16737,Harland Naturfreunde-Bootshaus,48.17201584,15.6322041,3,59,28.47457627118644,4
at:43:16738,Harland Demusgasse,48.17117712,15.63420734,3,59,28.47457627118644,4
at:43:16739,Harland Harlander Str./Salcherstr.,48.1693858,15.638654,3,118,14.23728813559322,3
at:43:16740,Harland Schule,48.1615368,15.63837552,3,20,84.0,6
at:43:16741,Harland Castellogasse,48.15798938,15.64020809,3,48,35.0,4
at:43:16742,Altmannsdorf Ort,48.15091179,15.64176217,3,48,35.0,4
at:43:16743,Windpassing Ort,48.14545759,15.64060335,3,29,57.93103448275862,5
at:43:16744,Ochsenburg/St. Pölten Neumühle,48.13897774,15.6401991,3,29,57.93103448275862,5
at:43:16745,Ochsenburg/St. Pölten Ort,48.13237716,15.63428819,3,29,57.93103448275862,5
at:43:16746,Ochsenburg/St. Pölten Fabrik,48.12364703,15.6321502,3,9,186.66666666666666,7
at:43:16747,Schnabling Ortsmitte,48.15642532,15.65732998,3,19,88.42105263157895,6
at:43:16749,Getzersdorf bei Pyhra,48.15988297,15.66996029,3,19,88.42105263157895,6
at:43:16750,Pyhra/St. Pölten Im Kreuzfeld,48.16046421,15.68315654,3,19,88.42105263157895,6
at:43:16751,Pyhra/St. Pölten Mittelschule,48.15833095,15.68618386,3,19,88.42105263157895,6
at:43:16752,Pyhra Waldgasse,48.15208047,15.68908542,3,19,88.42105263157895,6
at:43:16753,Auern Abzw. Atzling,48.1407941,15.6944304,3,19,88.42105263157895,6
at:43:16754,Wald bei St. Pölten Hametnersiedlung,48.13346832,15.69569702,3,19,88.42105263157895,6
at:43:16755,Wald bei St. Pölten Pyhra Schloss,48.12875577,15.69716128,3,19,88.42105263157895,6
at:43:16756,Wald bei St. Pölten Am Eichberg,48.12422868,15.69575991,3,19,88.42105263157895,6
at:43:16757,Wald bei Pyhra Süd,48.11925741,15.69446633,3,19,88.42105263157895,6
at:43:16758,Perschenegg Anzenschachergraben,48.11063901,15.6958138,3,19,88.42105263157895,6
at:43:16759,Perschenegg Ort,48.10731001,15.69961368,3,19,88.42105263157895,6
at:43:16760,Spratzern Freiligrathstraße,48.17181215,15.61333049,3,56,30.0,4
at:43:16761,Spratzern Missongasse,48.17187805,15.60956655,3,56,30.0,4
at:43:16762,Spratzern Morgensternstraße,48.17330984,15.61202794,3,28,60.0,5
at:43:16763,Spratzern Lagergasse,48.16665976,15.61848682,3,56,30.0,4
at:43:16764,Spratzern Wolfenberger Straße,48.15979908,15.61889107,3,86,19.53488372093023,3
at:43:16765,Hart/St. Pölten Ghegastraße,48.15798339,15.61803767,3,66,25.454545454545453,4
at:43:16766,Hart/St. Pölten Georg-Sigl-Str.,48.15691672,15.61910666,3,38,44.21052631578947,5
at:43:16767,Gerersdorf Lechnerstraße,48.20157208,15.55494,3,15,112.0,6
at:43:16768,Harland Amtshaus,48.16089565,15.63833959,3,140,12.0,3
at:43:16769,Prinzersdorf Hauptplatz,48.20257196,15.51602498,3,18,93.33333333333333,6
at:43:16770,Markersdorf/Pielach Volksschule,48.1943987,15.50242449,3,9,186.66666666666666,7
at:43:16771,Markersdorf/Pielach Kirche,48.19288964,15.50143634,3,9,186.66666666666666,7
at:43:16772,Wultendorf/Markersdorf Ort,48.18378648,15.51057221,3,8,210.0,7
at:43:16774,Haindorf/Markersdorf Ort,48.17755107,15.4752235,3,9,186.66666666666666,7
at:43:16775,Knetzersdorf,48.18125287,15.47018395,3,9,186.66666666666666,7
at:43:16776,Groß Sierning Haunoldstein,48.20006923,15.45333156,3,6,280.0,-1
at:43:16777,Unterradlberg Gewerbepark,48.26075902,15.68686658,3,113,14.867256637168142,3
at:43:16778,Mitterau/Pielach Schloss,48.20136851,15.48033492,3,14,120.0,6
at:43:16779,Groß Sierning Ortsmitte,48.1929136,15.45811958,3,12,140.0,7
at:43:16780,Spratzern Kirche,48.17029045,15.62125364,3,113,14.867256637168142,3
at:43:16781,Melk Jakob-Prandtauer-Straße,48.22718567,15.3360026,3,104,16.153846153846153,3
at:43:16782,Melk Johann-Steinböck-Straße,48.22728142,15.34265013,3,95,17.68421052631579,3
at:43:16783,Eitental Abzw. Fahnsdorf,48.26831776,15.28342421,3,20,84.0,6
at:43:16784,Weiten Süd,48.28891324,15.26722758,3,19,88.42105263157895,6
at:43:16785,Streitwiesen Abzw. Gerersdorf,48.31752985,15.2299475,3,29,57.93103448275862,5
at:43:16786,Pöggstall Schulen,48.31799581,15.20590858,3,21,80.0,6
at:43:16787,Pöggstall Tavernplatz,48.31653222,15.1975273,3,3,560.0,-1
at:43:16788,Laimbach/Ostrong Abzw. Grünbach,48.31950117,15.12910262,3,18,93.33333333333333,6
at:43:16789,Hetzersdorf Ort,48.20942093,15.54302834,3,15,112.0,6
at:43:16790,Lackenhof am Ötscher Weitental,47.8661694,15.16307691,3,13,129.23076923076923,7
at:43:16791,Würnsdorf Hölltal,48.34091794,15.1661222,3,11,152.72727272727272,7
at:43:16792,Thumling Brennmühle,48.34979019,15.17031733,3,1,1680.0,-1
at:43:16794,Martinsberg Hundsbach,48.36965459,15.17354228,3,1,1680.0,-1
at:43:16795,Martinsberg Bahnstraße,48.37529376,15.1542824,3,13,129.23076923076923,7
at:43:16796,Martinsberg Abzw. Oed,48.37748362,15.14570349,3,13,129.23076923076923,7
at:43:16797,Hofing/St. Pölten Abzw. Gerersdorf,48.21165383,15.55806614,3,15,112.0,6
at:43:16798,Pöggstall Abzw. Pömmerstall,48.29848776,15.20834301,3,3,560.0,-1
at:43:16800,Prinzelndorf Ort,48.28976199,15.19900054,3,6,280.0,-1
at:43:16801,Landstetten Abzw. Schwarzau,48.28810632,15.19183198,3,6,280.0,-1
at:43:16802,Landstetten Ort,48.28752652,15.18320815,3,3,560.0,-1
at:43:16803,Bruck am Ostrong Ort,48.27880486,15.17149412,3,3,560.0,-1
at:43:16805,St. Pölten Gutenbergstraße,48.19714123,15.60179613,3,29,57.93103448275862,5
at:43:16806,Prinzersdorf Wachaustraße,48.20136252,15.51236884,3,26,64.61538461538461,6
at:43:16807,Prinzersdorf Wiener Straße,48.20243426,15.51827077,3,12,140.0,7
at:43:16808,St. Pölten Auf der Bauernschanze,48.1988717,15.59948746,3,12,140.0,7
at:43:16809,Pyhra Dr.-Carl-Kupelwieser-Str.,48.15515487,15.68753134,3,19,88.42105263157895,6
at:43:16810,St. Pölten Sensengasse,48.18768547,15.62273586,3,242,6.9421487603305785,2
at:43:16811,St. Pölten Einkaufszentrum Süd,48.18306175,15.61919649,3,278,6.043165467625899,2
at:43:16812,St. Pölten Tagesstätte,48.17902464,15.61924141,3,199,8.442211055276381,2
at:43:16813,Viehofen Ortweingasse,48.22620422,15.64253472,3,56,30.0,4
at:43:16815,Viehofen Schulen,48.22770032,15.6404147,3,79,21.265822784810126,4
at:43:16816,Viehofen Karl-Ludwig-Straße,48.22607256,15.63736941,3,76,22.105263157894736,4
at:43:16817,Viehofen Volksheim,48.2226912,15.63500684,3,185,9.08108108108108,2
at:43:16818,St. Pölten Otto-Glöckel-Schule,48.21965676,15.63374022,3,185,9.08108108108108,2
at:43:16819,St. Pölten Peppertstraße,48.21661017,15.63176392,3,186,9.03225806451613,2
at:43:16820,St. Pölten Krankenpflegeschule,48.21524543,15.63059611,3,185,9.08108108108108,2
at:43:16822,St. Pölten Prandtauerhalle,48.19925491,15.62569131,3,61,27.540983606557376,4
at:43:16823,St. Pölten Kelsengasse,48.17774276,15.61704054,3,115,14.608695652173912,3
at:43:16824,St. Pölten Citysplash,48.19670411,15.62669743,3,84,20.0,4
at:43:16825,St. Pölten Rilkeplatz,48.19096733,15.62832338,3,56,30.0,4
at:43:16826,St. Pölten Leinpaumgasse,48.18825442,15.62778439,3,56,30.0,4
at:43:16827,St. Pölten Franz-Peer-Siedlung,48.18488853,15.62709268,3,56,30.0,4
at:43:16828,St. Pölten Landsbergerstraße,48.18419376,15.62334671,3,56,30.0,4
at:43:16830,St. Pölten Wirtschaftskammer,48.18562521,15.6195648,3,61,27.540983606557376,4
at:43:16831,St. Pölten Kranzbichlerstr./B20,48.19455439,15.62055295,3,37,45.4054054054054,5
at:43:16832,St. Pölten Passauer Straße,48.19476997,15.61819936,3,57,29.473684210526315,4
at:43:16833,St. Pölten Porschestr./Heizwerk,48.18480467,15.61707647,3,2,840.0,-1
at:43:16834,Oberradlberg Hauptstraße,48.24157609,15.66786722,3,75,22.4,4
at:43:16835,Unterradlberg Volksschule,48.25135089,15.67658986,3,65,25.846153846153847,4
at:43:16836,St. Pölten Oberwagram Feuerwehr,48.20462555,15.63936367,3,88,19.09090909090909,3
at:43:16838,St. Pölten Schindlerstraße,48.20894201,15.65089804,3,56,30.0,4
at:43:16839,St. Pölten Semmelweisgasse,48.21333593,15.64945175,3,89,18.876404494382022,3
at:43:16840,St. Pölten Megaplex,48.2154669,15.65255992,3,89,18.876404494382022,3
at:43:16841,St. Pölten Sportzentrum NÖ,48.21728055,15.64783478,3,169,9.940828402366863,2
at:43:16842,St. Pölten Eiselsbergstraße,48.2154669,15.65366485,3,1,1680.0,-1
at:43:16843,St. Pölten Lenaustraße,48.20989985,15.65549741,3,57,29.473684210526315,4
at:43:16844,St. Pölten Im Dörfl,48.20730767,15.65648556,3,57,29.473684210526315,4
at:43:16845,St. Pölten Wagram Schulen,48.20512846,15.64941582,3,57,29.473684210526315,4
at:43:16846,St. Pölten Purkersdorfer Str./Mühlstr.,48.20356584,15.6413759,3,57,29.473684210526315,4
at:43:16850,St. Pölten Schwaighof,48.18542157,15.62175669,3,227,7.400881057268722,2
at:43:16852,St. Pölten Ließfeldstraße,48.21156404,15.65239823,3,56,30.0,4
at:43:16853,St. Pölten Franz-Binder-Straße,48.21452713,15.62035532,3,56,30.0,4
at:43:16854,St. Pölten Kupferbrunnstraße,48.21367713,15.61783105,3,57,29.473684210526315,4
at:43:16855,St. Pölten Hans-Czettel-Straße,48.21573626,15.61638477,3,56,30.0,4
at:43:16856,St. Pölten Gerdinitschstraße,48.21683164,15.61498339,3,56,30.0,4
at:43:16857,St. Pölten Friedhof,48.21398241,15.61182132,3,156,10.76923076923077,3
at:43:16858,St. Pölten Eichendorffstraße,48.21233626,15.60944977,3,57,29.473684210526315,4
at:43:16859,St. Pölten Seniorenwohnheim,48.20992978,15.61041097,3,58,28.96551724137931,4
at:43:16860,St. Pölten Goethestraße,48.20921141,15.61452525,3,58,28.96551724137931,4
at:43:16861,St. Pölten Universitätsklinikum,48.21310247,15.62524216,3,417,4.028776978417266,0
at:43:16863,St. Pölten Mörikestraße,48.2072478,15.60389818,3,17,98.82352941176471,6
at:43:16864,St. Pölten Hugo-Wolf-Straße,48.20660123,15.59833761,3,31,54.193548387096776,5
at:43:16865,Witzendorf Ort,48.20662518,15.58787224,3,17,98.82352941176471,6
at:43:16866,Mooshöfe Nr. 11,48.21516761,15.57963469,3,19,88.42105263157895,6
at:43:16867,Waitzendorf/St. Pölten Breitenwiesenstraße,48.22037499,15.59409756,3,43,39.06976744186046,4
at:43:16868,Waitzendorf/St. Pölten Siedlung,48.21779531,15.60368259,3,42,40.0,5
at:43:16869,St. Pölten Stoßgasse,48.19316511,15.62248433,3,241,6.970954356846473,2
at:43:16870,St. Pölten Leobersdorfer Bahnstr.,48.19073977,15.61507323,3,56,30.0,4
at:43:16872,St. Pölten Stifterstraße,48.18557729,15.61342931,3,56,30.0,4
at:43:16873,St. Pölten Heidenheimer Str.,48.19781187,15.61946599,3,28,60.0,5
at:43:16874,Herzogenburg Roseggerring,48.28200915,15.6970445,3,33,50.90909090909091,5
at:43:16875,Ratzersdorf B.-Binder-Promenade,48.21879487,15.65269467,3,114,14.736842105263158,3
at:43:16876,Inzersdorf/Traisen Walpersdorfer Str.,48.3167413,15.67858412,3,22,76.36363636363636,6
at:43:16877,Getzersdorf/Traisen Ortsmitte,48.32847868,15.69480769,3,22,76.36363636363636,6
at:43:16878,Reichersdorf Kellergasse,48.33609906,15.69718823,3,22,76.36363636363636,6
at:43:16879,Reichersdorf Kirche,48.33801592,15.69835604,3,22,76.36363636363636,6
at:43:16880,Ratzersdorf E-Werk-Weg,48.22477989,15.66289953,3,113,14.867256637168142,3
at:43:16881,Wagram/Traisen Lerchenfelder Straße,48.36039784,15.71321417,3,28,60.0,5
at:43:16882,Wagram/Traisen Karl-Hammer-Ring,48.35710296,15.71934966,3,28,60.0,5
at:43:16883,Traismauer Ferdinand-Lutz-Straße,48.35116925,15.728234,3,28,60.0,5
at:43:16884,Traismauer Herzogenburger Str.,48.35181996,15.73918447,3,28,60.0,5
at:43:16885,Wagram/Traisen Wachaustraße,48.36781651,15.71139059,3,34,49.411764705882355,5
at:43:16886,Sasendorf Ort,48.22020142,15.52525068,3,12,140.0,7
at:43:16887,Windschnur Ortsstraße,48.22203285,15.51523447,3,12,140.0,7
at:43:16888,Hafnerbach Weghof,48.22175754,15.5102039,3,12,140.0,7
at:43:16889,Hafnerbach Marienplatz,48.21976449,15.49130335,3,12,140.0,7
at:43:16890,Hafnerbach Kirchenplatz,48.21694536,15.48854552,3,12,140.0,7
at:43:16891,Wimpassing/Pielach Eduard-Weber-Gasse,48.21533522,15.48474564,3,12,140.0,7
at:43:16892,Wimpassing/Pielach Dunkelsteiner Str.,48.21234224,15.47953542,3,12,140.0,7
at:43:16893,Häusling Abzw. Eckartsberg,48.24867108,15.44571385,3,3,560.0,-1
at:43:16894,Häusling Ort,48.25539427,15.44476163,3,3,560.0,-1
at:43:16895,Kochholz Abzw. Gerolding,48.26371926,15.44462688,3,3,560.0,-1
at:43:16898,St. Martin/Weitra Oberlainsitz,48.64720439,14.84346531,3,14,120.0,6
at:43:16899,Unterkirchbach Marienhof,48.28826172,16.19310318,3,16,105.0,6
at:43:16900,Stephanshart Abzw. Zeitlbach,48.15200855,14.80932933,3,6,280.0,-1
at:43:16902,Wultendorf bei Staatz Siedlung,48.66288252,16.45788161,3,21,80.0,6
at:43:16903,Röschitz Kapellenplatz,48.66579567,15.88233101,3,21,80.0,6
at:43:16905,Pottenbrunn Grabenstraße,48.22463626,15.70107793,3,56,30.0,4
at:43:16906,Oberedlitz Ort,48.87489919,15.28072926,3,6,280.0,-1
at:43:16907,Thaya Kriegerdenkmal,48.85557542,15.28535558,3,34,49.411764705882355,5
at:43:16908,Thaya Kirche,48.85508485,15.28960462,3,12,140.0,7
at:43:16909,Niederedlitz Bundesstraße,48.87328621,15.30217205,3,26,64.61538461538461,6
at:43:16910,Merkengersch Ort,48.89058318,15.31372438,3,22,76.36363636363636,6
at:43:16911,Dobersberg Schellings,48.90409523,15.31499999,3,22,76.36363636363636,6
at:43:16912,Dobersberg Waidhofener Straße,48.91393759,15.32161159,3,29,57.93103448275862,5
at:43:16913,Lexnitz Fratreser Straße,48.92887751,15.32399212,3,16,105.0,6
at:43:16914,Waldkirchen/Thaya Abzw. Gilgenberg,48.94004264,15.34987259,3,28,60.0,5
at:43:16915,Gilgenberg Oberort,48.95263287,15.35411264,3,1,1680.0,-1
at:43:16916,Schönfeld/Waldkirchen Kapelle,48.96000027,15.34336879,3,6,280.0,-1
at:43:16917,Fratres Ort,48.97921884,15.34571339,3,6,280.0,-1
at:43:16918,Rudolz Kapelle,48.96094398,15.31604203,3,6,280.0,-1
at:43:16919,Reibers Ort,48.95030267,15.30686125,3,18,93.33333333333333,6
at:43:16921,Matzles Kapelle,48.80822137,15.33273273,3,15,112.0,6
at:43:16922,Waidhofen/Thaya Anton-Bruckner-Straße,48.80836927,15.28027112,3,6,280.0,-1
at:43:16923,Waidhofen/Thaya Karl-Illner-Straße,48.8066654,15.28533762,3,6,280.0,-1
at:43:16924,Wohlfahrts Ort,48.7941449,15.29325178,3,7,240.0,-1
at:43:16925,Vestenpoppen Ort,48.79457098,15.29688097,3,7,240.0,-1
at:43:16926,Ulrichschlag/Waidhofen West,48.79680784,15.31922207,3,7,240.0,-1
at:43:16927,Ulrichschlag/Waidhofen Feuerwehr,48.79555332,15.325124,3,7,240.0,-1
at:43:16928,Götzles Siedlung,48.78578235,15.34320709,3,7,240.0,-1
at:43:16930,Dietmanns/Waidhf Kellergasse,48.79470117,15.37148605,3,47,35.744680851063826,4
at:43:16931,Dietmanns/Waidhofen Volksschule,48.79319804,15.38090938,3,48,35.0,4
at:43:16932,Großsiegharts Mittelschule,48.79255891,15.40872122,3,13,129.23076923076923,7
at:43:16933,Ellends Feuerwehr,48.77046812,15.43330811,3,11,152.72727272727272,7
at:43:16934,Blumau an der Wild Ort,48.75920589,15.4505917,3,11,152.72727272727272,7
at:43:16935,Seebs Ort,48.76747221,15.47221415,3,11,152.72727272727272,7
at:43:16936,Ludweis Ortsmitte,48.77037931,15.48922824,3,11,152.72727272727272,7
at:43:16937,Drösiedl Ort,48.78730346,15.49439355,3,7,240.0,-1
at:43:16938,Tröbings Kapelle,48.79960081,15.49919954,3,12,140.0,7
at:43:16939,Goschenreith am Taxenbache Kapelle,48.90023924,15.27834873,3,4,420.0,-1
at:43:16940,Aigen bei Raabs/Thaya Ort,48.81090722,15.48992892,3,12,140.0,7
at:43:16941,Großsiegharts Rudolf-Hohenberg-Gasse,48.78884227,15.40003451,3,11,152.72727272727272,7
at:43:16942,Dietmanns/Waidhofen Hetzerstraße,48.79169487,15.39030576,3,20,84.0,6
at:43:16943,Altwaidhofen Feuerwehr,48.81435011,15.29799488,3,24,70.0,6
at:43:16944,Waidhofen/Thaya Ziegengeiststr.,48.816941,15.2843315,3,22,76.36363636363636,6
at:43:16945,Vestenötting Feuerwehr,48.83215826,15.29720436,3,8,210.0,7
at:43:16946,Jarolden Ort,48.83824861,15.31464066,3,5,336.0,-1
at:43:16947,Hollenbach West,48.82733277,15.32689368,3,22,76.36363636363636,6
at:43:16948,Hollenbach Ortsmitte,48.82766394,15.3358948,3,26,64.61538461538461,6
at:43:16949,Hollenbach Ost,48.82774082,15.34006299,3,25,67.2,6
at:43:16950,Pyhra bei Waidhofen Ort,48.8356943,15.34725849,3,25,67.2,6
at:43:16951,Puch bei Waidhofen Ort,48.84515995,15.35873896,3,25,67.2,6
at:43:16952,Schlagles Ort,48.85241909,15.38047819,3,25,67.2,6
at:43:16953,Schlader Ort,48.86548643,15.38956914,3,28,60.0,5
at:43:16955,Griesbach/Karlstein Kapelle,48.87476921,15.37266285,3,7,240.0,-1
at:43:16956,Göpfritzschlag Ortsmitte,48.89124469,15.36089492,3,11,152.72727272727272,7
at:43:16957,Münchreith/Thaya Ort,48.89335912,15.3873503,3,7,240.0,-1
at:43:16958,Karlstein/Thaya Schillerstraße,48.88685019,15.39948654,3,5,336.0,-1
at:43:16960,Eggersdorf/Karlstein Ort,48.86343584,15.41345534,3,13,129.23076923076923,7
at:43:16961,Speisendorf Ost,48.86370177,15.43499694,3,4,420.0,-1
at:43:16962,Karlstein/Thaya Sieghartser Straße,48.8819827,15.40426558,3,21,80.0,6
at:43:16963,Karlstein/Thaya Wilhelm-Matzinger-Straße,48.88336502,15.40387032,3,16,105.0,6
at:43:16964,Karlstein/Thaya Thumastraße,48.88309329,15.41041006,3,6,280.0,-1
at:43:16965,Thuma Ort,48.89265038,15.43426931,3,7,240.0,-1
at:43:16966,Obergrünbach b.Karlstein Ort,48.87821953,15.44545333,3,7,240.0,-1
at:43:16967,Alberndorf/Raabs Ort,48.87436153,15.46608764,3,4,420.0,-1
at:43:16969,Obergrünbach b.Karlstein Bundesstraße,48.87119457,15.4436028,3,21,80.0,6
at:43:16970,Alberndorf/Raabs Bundesstraße,48.86539779,15.4651983,3,23,73.04347826086956,6
at:43:16971,Raabs/Thaya An der Stadtmauer,48.84846453,15.49257895,3,53,31.69811320754717,4
at:43:16972,Großau bei Raabs Feuerwehr,48.88333548,15.51711194,3,8,210.0,7
at:43:16973,Weikertschlag/Thaya Ortsmitte,48.91227864,15.47563673,3,8,210.0,7
at:43:16974,Kleinpertholz Fa. Amstetter,48.85399728,15.10169502,3,26,64.61538461538461,6
at:43:16975,Heidenreichstein Dr.-Theodor-Körner-Str.,48.87557273,15.13347742,3,4,420.0,-1
at:43:16979,Eggern Marktplatz,48.90831109,15.14775165,3,19,88.42105263157895,6
at:43:16981,Waidhofen/Thaya Thayapark,48.81217319,15.27424342,3,103,16.310679611650485,3
at:43:16982,Waidhofen/Thaya Brunner Straße,48.81151655,15.26902421,3,103,16.310679611650485,3
at:43:16983,Brunn/Waidhofen Ort,48.81649736,15.24340426,3,5,336.0,-1
at:43:16984,Brunn/Waidhofen West,48.81634357,15.23965829,3,5,336.0,-1
at:43:16985,Sarning Siedlung,48.82906551,15.22506965,3,5,336.0,-1
at:43:16986,Buchbach bei Waidhofen Dorfanger,48.82200408,15.21612243,3,5,336.0,-1
at:43:16987,Wiederfeld Kapelle,48.81079482,15.17948913,3,10,168.0,7
at:43:16988,Edelprinz Kapelle,48.8039024,15.17710859,3,5,336.0,-1
at:43:16990,Dimling Ort,48.82903002,15.25080638,3,36,46.666666666666664,5
at:43:16992,Großeberharts Bundesstraße,48.83875709,15.21711057,3,37,45.4054054054054,5
at:43:16993,Arnolz Ort,48.84765466,15.21209797,3,5,336.0,-1
at:43:16994,Kleingöpfritz Kapelle,48.85965945,15.2175777,3,5,336.0,-1
at:43:16995,Rohrbach b. Waidhofen Ort,48.86555144,15.18617259,3,5,336.0,-1
at:43:16996,Pfaffenschlag/Waidhofen Volksschule,48.84401897,15.19277521,3,10,168.0,7
at:43:16998,Großgerharts Bundesstraße,48.83746223,15.2821486,3,26,64.61538461538461,6
at:43:16999,Großgerharts Ortsmitte,48.83900541,15.26890743,3,7,240.0,-1
at:43:17000,Niederedlitz Ortsmitte,48.87114139,15.30705888,3,6,280.0,-1
at:43:17001,Peigarten Abzw. Brillhäuser,48.89028786,15.27745939,3,4,420.0,-1
at:43:17002,Garolden Ort,48.89377845,15.2439702,3,4,420.0,-1
at:43:17003,Eggmanns Kapelle,48.87292579,15.25258504,3,10,168.0,7
at:43:17004,Frühwärts Ortsmitte,48.87943653,15.23947862,3,15,112.0,6
at:43:17005,Frühwärts Oberort,48.87742786,15.23188786,3,11,152.72727272727272,7
at:43:17006,Kleinzwettl Ort,48.88094889,15.21637395,3,11,152.72727272727272,7
at:43:17007,Gastern Abzw. Garolden,48.89329415,15.22199741,3,4,420.0,-1
at:43:17008,Gastern Ortsmitte,48.89611128,15.21921263,3,14,120.0,6
at:43:17009,Kleinmotten Kapelle,48.91454567,15.19742848,3,6,280.0,-1
at:43:17010,Grünau/Heidenreichstein Ort,48.90721288,15.18506767,3,6,280.0,-1
at:43:17011,Grünau/Heidenreichstein Bundesstr.,48.90291425,15.18855313,3,7,240.0,-1
at:43:17012,Ruders Ort,48.9052998,15.19944071,3,6,280.0,-1
at:43:17013,Ruders Abzw. Gastern,48.90500456,15.2034472,3,9,186.66666666666666,7
at:43:17014,Weißenbach/Kautzen Bundesstraße,48.9125266,15.2159248,3,11,152.72727272727272,7
at:43:17015,Weißenbach/Kautzen Altbachbrücke,48.91211923,15.21723634,3,1,1680.0,-1
at:43:17016,Engelbrechts/Kautzen Landesstraße,48.92919621,15.2113883,3,10,168.0,7
at:43:17017,Kautzen Litschauer Straße,48.93029985,15.23820302,3,25,67.2,6
at:43:17018,Kautzen Mittelschule,48.92839355,15.24121237,3,10,168.0,7
at:43:17020,Peigarten Abzw. Goschenreith,48.89060681,15.27500699,3,3,560.0,-1
at:43:17021,Waidhofen/Thaya Vitiser Straße,48.80654116,15.27607599,3,13,129.23076923076923,7
at:43:17022,Scheideldorf Bundesstraße,48.73694639,15.34463541,3,3,560.0,-1
at:43:17023,Vestenpoppen Abzw. Ort,48.79674867,15.30743617,3,18,93.33333333333333,6
at:43:17024,Eisenreichs Bundesstraße,48.84938079,15.17586892,3,32,52.5,5
at:43:17025,Heidenreichstein Steinbruckhäuser,48.85727172,15.15302476,3,32,52.5,5
at:43:17026,Heidenreichstein Adolf-Zimm-Weg,48.86453502,15.13190537,3,35,48.0,5
at:43:17027,Radl Abzw. Ort,48.80719787,15.49743884,3,12,140.0,7
at:43:17028,Heidenreichstein Eduard-Pichler-Straße,48.87229948,15.12659632,3,21,80.0,6
at:43:17029,Heidenreichstein Dietweis,48.88585783,15.13598372,3,21,80.0,6
at:43:17030,Eggern Klein Litschau,48.90002665,15.14564061,3,19,88.42105263157895,6
at:43:17031,Eggern Bergen,48.91054878,15.13990037,3,19,88.42105263157895,6
at:43:17032,Eberweis Kapelle,48.8843338,15.09970975,3,7,240.0,-1
at:43:17034,Eisgarn Vorstadt,48.91555517,15.10564761,3,38,44.21052631578947,5
at:43:17035,Litschau Wiener Straße,48.94388376,15.05235057,3,30,56.0,5
at:43:17036,Altlichtenwarth Neusiedler Straße,48.64450978,16.7926927,3,45,37.333333333333336,4
at:43:17037,Waidhofen/Thaya Heidenreichsteiner Str.,48.8164323,15.2812952,3,7,240.0,-1
at:43:17038,Hörmanns/Litschau Brauhaus,48.96250695,15.04751763,3,9,186.66666666666666,7
at:43:17039,Hörmanns/Litschau Feuerwehr,48.96631686,15.05026647,3,9,186.66666666666666,7
at:43:17040,Hörmanns/Litschau Schloss,48.9704567,15.05637502,3,9,186.66666666666666,7
at:43:17041,Haugschlag Abzw. Türnau,48.9837644,15.05506348,3,9,186.66666666666666,7
at:43:17042,Haugschlag Gemeindeamt,48.99489367,15.05827046,3,9,186.66666666666666,7
at:43:17043,Haugschlag Oberort,48.99759898,15.05980658,3,9,186.66666666666666,7
at:43:17044,Griesbach/Litschau Heimkehrerkapelle,48.99203496,15.0869357,3,9,186.66666666666666,7
at:43:17045,Illmanns Griesbacher Straße,48.97890635,15.10692322,3,9,186.66666666666666,7
at:43:17046,Grametten Bundesstraße,48.99449287,15.11318448,3,9,186.66666666666666,7
at:43:17048,Reitzenschlag Kapelle,48.94562427,15.08265074,3,15,112.0,6
at:43:17049,Reitzenschlag Hanischteich,48.94822016,15.09388866,3,13,129.23076923076923,7
at:43:17051,Groß-Radischen Bocksbühel,48.92131072,15.11395703,3,5,336.0,-1
at:43:17052,Groß-Radischen Ort,48.93104346,15.12009252,3,5,336.0,-1
at:43:17053,Groß-Radischen Teilhof,48.94128764,15.13647779,3,2,840.0,-1
at:43:17054,Leopoldsdorf/Litschau Kapelle,48.94802547,15.13787018,3,16,105.0,6
at:43:17055,Reingers Gemeindeamt,48.96590403,15.14850623,3,23,73.04347826086956,6
at:43:17056,Reingers Volksschule,48.96687122,15.14871285,3,9,186.66666666666666,7
at:43:17057,Kleinhirschenschlag Siedlung,48.97617644,15.14537111,3,9,186.66666666666666,7
at:43:17058,Hirschenschlag Feuerwehr,48.9886986,15.14319719,3,9,186.66666666666666,7
at:43:17059,Hirschenschlag Abzw. Grametten,48.9916695,15.14333194,3,9,186.66666666666666,7
at:43:17060,Vestenpoppen Siedlung,48.79600306,15.30240561,3,7,240.0,-1
at:43:17067,Heidenreichstein Dr.-Karl-Renner-Straße,48.86280941,15.11476551,3,20,84.0,6
at:43:17068,Wielandsberg Bundesstraße,48.8477256,15.09458935,3,22,76.36363636363636,6
at:43:17069,Wielandsberg Feuerwehr,48.84350463,15.09330476,3,22,76.36363636363636,6
at:43:17070,Amaliendorf Haslauer Straße,48.8361082,15.09361019,3,22,76.36363636363636,6
at:43:17071,Amaliendorf Kapelle,48.83140135,15.09111287,3,22,76.36363636363636,6
at:43:17072,Amaliendorf Sportplatzstraße,48.83209913,15.08366584,3,22,76.36363636363636,6
at:43:17073,Amaliendorf Neubaugasse,48.83529814,15.07805137,3,22,76.36363636363636,6
at:43:17074,Zell/Ybbs Am Moos,47.95947161,14.78917114,3,7,240.0,-1
at:43:17077,Waidhofen/Ybbs Waldstraße,47.96174546,14.76918362,3,11,152.72727272727272,7
at:43:17078,Litschau Mittelschule,48.94483957,15.05013173,3,1,1680.0,-1
at:43:17079,Zell an der Ybbs Oskar-Czeija-Straße,47.94722235,14.79900769,3,16,105.0,6
at:43:17080,Waidhofen/Ybbs Graben,47.95918286,14.77476216,3,12,140.0,7
at:43:17082,Böhlerwerk Dr.-Theodor-Körner-Hof,47.98702784,14.74513572,3,16,105.0,6
at:43:17083,Böhlerwerk Friedhof,47.982831,14.74503691,3,16,105.0,6
at:43:17084,Nellingbachtal Gemeindeholzmühle,47.97993872,14.73147235,3,16,105.0,6
at:43:17085,Nellingbachtal Abzw. Zebenholz,47.97805654,14.71834796,3,16,105.0,6
at:43:17086,Nellingbachtal Wegerkapelle,47.97675762,14.7095804,3,21,80.0,6
at:43:17087,Nellingbachtal Abzw. Polzart,47.9735703,14.6939587,3,9,186.66666666666666,7
at:43:17088,Nellingbachtal Steinbichlersiedlung,47.9674056,14.67914548,3,9,186.66666666666666,7
at:43:17089,Ertl Grubbichlerboden,47.96208232,14.66586838,3,9,186.66666666666666,7
at:43:17090,Ertl Großau,47.95494164,14.65696608,3,9,186.66666666666666,7
at:43:17091,Ertl Abzw. Maria Neustift,47.95720968,14.65127076,3,9,186.66666666666666,7
at:43:17092,Waidhofen/Ybbs Senkersteg,47.95032705,14.79150676,3,81,20.74074074074074,4
at:43:17093,Ertl Grabnermühle,47.96575154,14.64237744,3,9,186.66666666666666,7
at:43:17094,Ertl Hauptplatz,47.97691397,14.63135511,3,13,129.23076923076923,7
at:43:17095,Ertl Liststraße,47.95995285,14.64904294,3,9,186.66666666666666,7
at:43:17096,St. Peter in der Au-Dorf Bruckbach,47.99583527,14.61524831,3,13,129.23076923076923,7
at:43:17097,St. Peter in der Au-Dorf Kelehenmühle,48.00024143,14.60246529,3,13,129.23076923076923,7
at:43:17098,St. Peter in der Au-Dorf Bischofsmühle,48.01056107,14.59793778,3,13,129.23076923076923,7
at:43:17099,St. Peter in der Au-Dorf Weißensteiner,48.01503207,14.59729099,3,13,129.23076923076923,7
at:43:17100,St. Peter in der Au-Dorf Bogenmühle,48.02394287,14.60304021,3,9,186.66666666666666,7
at:43:17101,St. Peter in der Au-Dorf Weiding,48.02993261,14.61215811,3,9,186.66666666666666,7
at:43:17102,St. Peter in der Au-Dorf Pernleiten,48.01407661,14.58855937,3,4,420.0,-1
at:43:17103,Eggendorf am Steinfeld Siedlung,48.1319215,15.62294247,3,28,60.0,5
at:43:17104,Brandstatt bei St. Georgen,47.9780385,14.69994148,3,13,129.23076923076923,7
at:43:17105,St. Georgen in der Klaus Wieserhöhe,47.98159233,14.69254835,3,13,129.23076923076923,7
at:43:17106,Trefflingtal Holzknechtstatt,47.98491744,14.68415808,3,13,129.23076923076923,7
at:43:17107,Trefflingtal Stockinger,47.99161511,14.67852564,3,13,129.23076923076923,7
at:43:17108,Trefflingtal Beham,47.99719383,14.67861548,3,13,129.23076923076923,7
at:43:17109,Trefflingtal Hundsmühle,48.00225504,14.67188709,3,13,129.23076923076923,7
at:43:17110,Zell/Ybbs Ferdinand-Andri-Straße,47.94810083,14.79444425,3,16,105.0,6
at:43:17111,Trefflingtal Zehetmühle,48.00637216,14.66071205,3,13,129.23076923076923,7
at:43:17112,Trefflingtal Steinauer,48.01362591,14.65198941,3,13,129.23076923076923,7
at:43:17113,Trefflingtal Buchenmühle,48.02096276,14.64443458,3,13,129.23076923076923,7
at:43:17114,Seitenstetten Volksschule,48.03478037,14.64993227,3,2,840.0,-1
at:43:17115,Seitenstetten Mittelschule,48.03912314,14.65864593,3,9,186.66666666666666,7
at:43:17116,Biberbach Abzw. Schippermühle,48.0339334,14.68481385,3,13,129.23076923076923,7
at:43:17117,Biberbach Abzw. Freiaigen,48.03203517,14.6939048,3,13,129.23076923076923,7
at:43:17118,Biberbach Tiefenweg,48.03099592,14.70021097,3,13,129.23076923076923,7
at:43:17119,Biberbach Ort,48.02933788,14.7078736,3,14,120.0,6
at:43:17121,Zell/Ybbs Brückengasse,47.95136191,14.79400407,3,16,105.0,6
at:43:17122,Hausmening Dorf,48.06607856,14.81528516,3,26,64.61538461538461,6
at:43:17123,Wallmersdorf Ort,48.05310401,14.80957188,3,6,280.0,-1
at:43:17124,Kröllendorf Ort,48.04343551,14.79289016,3,6,280.0,-1
at:43:17125,Allhartsberg Dorf,48.03806601,14.78587432,3,6,280.0,-1
at:43:17126,Allhartsberg Markt/Schulen,48.0268327,14.79250389,3,7,240.0,-1
at:43:17127,Kematen/Ybbs Heide/Haidhof,48.04064873,14.78089765,3,36,46.666666666666664,5
at:43:17128,Kematen/Ybbs Heide/Kalsingsiedlung,48.04759139,14.7819397,3,29,57.93103448275862,5
at:43:17129,Kematen/Ybbs Heide/Abzw. Abetzdorf,48.05379454,14.77629828,3,11,152.72727272727272,7
at:43:17130,Kematen/Ybbs Abzw. Gimpersdorf,48.0447808,14.77895729,3,11,152.72727272727272,7
at:43:17131,Zell/Ybbs Hohlweg,47.95292619,14.79098573,3,16,105.0,6
at:43:17132,Kematen/Ybbs Höfing,48.0428049,14.7618893,3,11,152.72727272727272,7
at:43:17133,Kematen/Ybbs Wollmersdorf,48.04471474,14.75126223,3,12,140.0,7
at:43:17134,Kematen/Ybbs Kalsingsiedlung,48.03229948,14.77326197,3,32,52.5,5
at:43:17135,Kematen/Ybbs 10. Straße,48.02784199,14.77297451,3,2,840.0,-1
at:43:17136,Kematen/Ybbs Gemeindeamt,48.0273013,14.76873446,3,36,46.666666666666664,5
at:43:17137,Allhartsberg Abzw. Krennbauer,48.02075247,14.77327096,3,6,280.0,-1
at:43:17138,Allhartsberg Abzw. Maierhofen,48.02422526,14.78782366,3,6,280.0,-1
at:43:17139,Gleiß Nord,48.0187456,14.75209767,3,29,57.93103448275862,5
at:43:17140,Zell an der Ybbs Gartenweg,47.95517026,14.78825486,3,16,105.0,6
at:43:17141,Hilm bei Kematen Am Graben,48.02281935,14.75996691,3,34,49.411764705882355,5
at:43:17143,Kematen/Ybbs Heide/2. Straße,48.03719507,14.77799609,3,15,112.0,6
at:43:17144,Kematen/Ybbs Heide/23. Straße,48.0539927,14.78291886,3,21,80.0,6
at:43:17145,Neufurth Rauscherstraße,48.0792659,14.81225784,3,9,186.66666666666666,7
at:43:17146,Mauer bei Amstetten Siedlungsstraße,48.09839563,14.80550251,3,44,38.18181818181818,4
at:43:17149,Hausmening Mittelschule,48.07787349,14.82122303,3,29,57.93103448275862,5
at:43:17150,Zell/Ybbs Florianibrücke,47.95678857,14.7858294,3,16,105.0,6
at:43:17151,Waldheim Bahnunterführung Meisenstraße,48.10087334,14.81509652,3,44,38.18181818181818,4
at:43:17152,Urltal Jägerhaus,47.96508989,14.79978024,3,4,420.0,-1
at:43:17155,Zell/Ybbs Hauptplatz,47.95813011,14.78016103,3,27,62.22222222222222,6
at:43:17156,Biberbach Kromos,48.04094303,14.73284677,3,1,1680.0,-1
at:43:17157,Kematen/Ybbs Hausleiten,48.05359039,14.76080234,3,10,168.0,7
at:43:17158,Aschbach Am Riesingerberg,48.06965034,14.76241032,3,3,560.0,-1
at:43:17159,Kematen/Ybbs B121/Wirtschaftspark,48.06603053,14.78751824,3,21,80.0,6
at:43:17162,Scheibbsbach Ginning,48.0114505,15.18786143,3,33,50.90909090909091,5
at:43:17163,Scheibbsbach Jagetsberger,48.0207044,15.19764408,3,33,50.90909090909091,5
at:43:17164,St. Georgen/Leys Hendorf,48.02992661,15.20305194,3,34,49.411764705882355,5
at:43:17165,St. Georgen/Leys Windhag,48.03401149,15.23563383,3,15,112.0,6
at:43:17166,St. Georgen/Leys Ahornleiten,48.03440194,15.25350132,3,15,112.0,6
at:43:17167,St. Georgen/Leys Abzw. Kandelsberg,48.03490051,15.26400263,3,15,112.0,6
at:43:17168,Waidhofen/Ybbs Gymnasium/HAK,47.95859933,14.77506759,3,140,12.0,3
at:43:17169,Waidhofen/Ybbs Abzw. Bahnhof,47.96940245,14.76532087,3,57,29.473684210526315,4
at:43:17170,Viehofen Viehofner Straße,48.2241874,15.63446785,3,56,30.0,4
at:43:17171,Texing Altendorf,48.04550749,15.31901546,3,16,105.0,6
at:43:17172,Viehofen Reumanngasse,48.23328938,15.65303603,3,75,22.4,4
at:43:17173,Oberndorf/Melk Ortsmitte,48.06495595,15.2188533,3,36,46.666666666666664,5
at:43:17175,St. Pölten Hafinger Weg,48.19768014,15.60686262,3,56,30.0,4
at:43:17176,Steinmühl/Ybbsitz Bundesstraße,47.9434435,14.83205671,3,34,49.411764705882355,5
at:43:17177,Ederlehen Sportplatz,47.94414153,14.87098071,3,34,49.411764705882355,5
at:43:17178,Haselgraben Abzw. Maria Seesal,47.95240277,14.92675711,3,35,48.0,5
at:43:17179,Haselgraben Amosreith,47.96563725,14.94687039,3,35,48.0,5
at:43:17180,Schadneramt Grestner Höhe,47.97235546,14.97397256,3,35,48.0,5
at:43:17181,Gresten Weidachhöhe,47.99572106,15.04122044,3,34,49.411764705882355,5
at:43:17182,Raifberg Ybbsbrücke,47.97284261,14.75902368,3,23,73.04347826086956,6
at:43:17183,Reinsberg Hochmeierhof,47.99078546,15.0645946,3,55,30.545454545454547,4
at:43:17184,Reinsberg Kirchenplatz,47.98644463,15.07014619,3,27,62.22222222222222,6
at:43:17185,Robitzboden Langegg,48.00437675,15.07850951,3,33,50.90909090909091,5
at:43:17186,Rogatsboden Erber,48.01345765,15.09517326,3,33,50.90909090909091,5
at:43:17187,Rogatsboden Schule,48.01741164,15.10375217,3,32,52.5,5
at:43:17188,Rogatsboden Rothenberghöhe,48.01860139,15.11619383,3,32,52.5,5
at:43:17189,Saffen Grabenbrücke,48.01839709,15.14129276,3,32,52.5,5
at:43:17190,St. Pölten Europaplatz,48.20090149,15.61881022,3,75,22.4,4
at:43:17191,Scheibbs Am Heuberg,48.01546473,15.15988789,3,48,35.0,4
at:43:17192,Raifberg Garagen,47.97509783,14.7576223,3,23,73.04347826086956,6
at:43:17193,Scheibbs Bürgerspitalgasse,48.00224903,15.16584372,3,46,36.52173913043478,4
at:43:17194,Neubruck bei Scheibbs Alte Fabrik,47.97980041,15.17997422,3,21,80.0,6
at:43:17195,Neubruck bei Scheibbs Gnadenberg,47.97755141,15.18492394,3,21,80.0,6
at:43:17196,St. Anton/Jeßnitz Sonnwiese,47.9636944,15.20106666,3,21,80.0,6
at:43:17197,St. Anton/Jeßnitz Ortsmitte,47.9605905,15.20704046,3,21,80.0,6
at:43:17198,St. Anton/Jeßnitz Am Schober,47.95679459,15.21321188,3,15,112.0,6
at:43:17199,St. Anton/Jeßnitz Kniebichl,47.95470701,15.22300352,3,15,112.0,6
at:43:17200,St. Anton/Jeßnitz Oberklaus,47.95293221,15.24847076,3,15,112.0,6
at:43:17201,Raifberg B121/Abzw. Ort,47.97192846,14.75851164,3,56,30.0,4
at:43:17202,Winterbach Abzw. Frankenfels,47.95057975,15.2596458,3,15,112.0,6
at:43:17203,Winterbach Abzw. Bahnhof,47.94822117,15.27488123,3,14,120.0,6
at:43:17204,Winterbach Kreuztanne,47.94402719,15.26916794,3,4,420.0,-1
at:43:17205,Puchenstuben Postamt,47.92887913,15.28656831,3,4,420.0,-1
at:43:17207,Annaberg Lassingrotte,47.86911024,15.32659724,3,8,210.0,7
at:43:17208,Mitterbach/Erlaufsee Josefsrotte,47.82827311,15.30682532,3,8,210.0,7
at:43:17209,Waidhofen/Ybbs Hinterbergstr.,47.96643723,14.76399136,3,11,152.72727272727272,7
at:43:17210,Saffen Grestner Brücke,48.02317383,15.15245882,3,16,105.0,6
at:43:17212,Miesenbach/Scheibbs Süd,47.97035272,15.17425195,3,29,57.93103448275862,5
at:43:17213,Fürteben/Erlauf,47.95887004,15.16322962,3,29,57.93103448275862,5
at:43:17215,Kienberg/Erlauf Oberlehenbrücke,47.94864235,15.13544473,3,27,62.22222222222222,6
at:43:17216,Waidhofen/Ybbs Tannenweg,47.96400719,14.76630901,3,11,152.72727272727272,7
at:43:17217,Pockau Maut/Abzw. Gresten,47.94145769,15.10254842,3,54,31.11111111111111,4
at:43:17219,Gaming Kartause,47.92288969,15.08190514,3,53,31.69811320754717,4
at:43:17220,Grubberg Abzw. Mariazell,47.88873968,15.06135169,3,44,38.18181818181818,4
at:43:17221,St. Anton/Jeßnitz Sportplatz,47.96997983,15.19448201,3,21,80.0,6
at:43:17222,Mitterau/Gaming Abzw. Hühnernest,47.89390789,15.05390465,3,3,560.0,-1
at:43:17224,Bodingbach Ort,47.89245626,15.00542258,3,4,420.0,-1
at:43:17225,Bodingbach Süd,47.8852638,15.0059436,3,4,420.0,-1
at:43:17226,Holzapfel Abzw. Kothbergtal,47.87778113,15.00252102,3,4,420.0,-1
at:43:17227,Holzapfel Sulzbach,47.86830273,15.01395657,3,4,420.0,-1
at:43:17229,Lunz am See Schulen,47.86120335,15.02798826,3,67,25.074626865671643,4
at:43:17230,Waidhofen/Ybbs Mühlstraße,47.95996489,14.7726601,3,55,30.545454545454547,4
at:43:17233,Maierhöfen/Gaming Schützenwirt,47.86276433,15.11278922,3,14,120.0,6
at:43:17236,Lackenhof Feuerwehr,47.87023712,15.15357273,3,14,120.0,6
at:43:17237,Waidhofen/Ybbs Teichgasse,47.95579593,14.76803378,3,11,152.72727272727272,7
at:43:17238,Langau/Gaming Gamingerboden,47.85280095,15.12743176,3,2,840.0,-1
at:43:17239,Langau/Gaming Abzw. Gh. Pölzl,47.84594059,15.1292194,3,2,840.0,-1
at:43:17241,Waidhofen/Ybbs Schöffelstraße,47.95701717,14.77707083,3,95,17.68421052631579,3
at:43:17242,Waidhofen/Ybbs Redtenbachstr.,47.95350978,14.76569816,3,18,93.33333333333333,6
at:43:17243,Kasten/Ybbs Töpperbrücke,47.84181671,15.01519625,3,46,36.52173913043478,4
at:43:17244,Stiegengraben Ybbsbrücke,47.81730177,14.97860786,3,46,36.52173913043478,4
at:43:17245,Göstling/Ybbs Ybbssteinbach,47.80629191,14.95071517,3,46,36.52173913043478,4
at:43:17246,Göstling/Ybbs Rathaus,47.80784248,14.93053003,3,72,23.333333333333332,4
at:43:17247,Göstling/Ybbs Abzw. Graben,47.78549049,14.91549223,3,20,84.0,6
at:43:17248,Waidhofen/Ybbs Bertastraße 2,47.95335336,14.76325474,3,11,152.72727272727272,7
at:43:17249,Göstling/Ybbs Hinterstein,47.780565,14.91118032,3,20,84.0,6
at:43:17250,Göstling/Ybbs Gh. Zum Hammer,47.77441352,14.9056467,3,20,84.0,6
at:43:17251,Lassing Kotleiten,47.76215064,14.90521551,3,20,84.0,6
at:43:17252,Eggendorf am Steinfeld Grabecgasse,48.13507505,15.61665426,3,28,60.0,5
at:43:17253,Lassing Moosbauer,47.74702788,14.89775949,3,17,98.82352941176471,6
at:43:17254,Lassing Gh. Fahrnberger,47.74353646,14.89336673,3,17,98.82352941176471,6
at:43:17257,Waidhofen/Ybbs Höhenstr./Bertastr.,47.95495368,14.7597064,3,11,152.72727272727272,7
at:43:17258,Pockau Abzw. Reinsberg,47.94662666,15.0920561,3,24,70.0,6
at:43:17259,Brettl Reiterlehen,47.94967123,15.08445635,3,24,70.0,6
at:43:17260,Brettl Abzw. Steghof,47.9538106,15.06472037,3,24,70.0,6
at:43:17261,Brettl Wies,47.95602454,15.04935918,3,24,70.0,6
at:43:17262,Ybbsbachamt Steinweg,47.96080104,15.02754808,3,24,70.0,6
at:43:17263,Ybbsbachamt Schmiedgraben,47.96697856,15.02203243,3,24,70.0,6
at:43:17264,Waidhofen/Ybbs Bürgerspitalkirche,47.95909864,14.77249841,3,57,29.473684210526315,4
at:43:17265,Waidhofen/Ybbs Unterer Stadtplatz,47.95998895,14.77353147,3,68,24.705882352941178,4
at:43:17266,Allhartsberg Schneiderkreuz,48.02743347,14.80173857,3,5,336.0,-1
at:43:17268,Lassing Dürnbach,47.75491594,14.90200852,3,20,84.0,6
at:43:17269,Waidhofen/Ybbs Rabenbergstr./Höhenstr.,47.95799174,14.76608443,3,22,76.36363636363636,6
at:43:17270,Waidhofen/Ybbs Reichenauer Str.,47.9578233,14.76895904,3,22,76.36363636363636,6
at:43:17271,Waidhofen/Ybbs Abzw. Redtenbach,47.95340149,14.76639884,3,34,49.411764705882355,5
at:43:17272,Zell an der Ybbs Parkbad,47.96411546,14.7751125,3,4,420.0,-1
at:43:17273,Urltal Schilchermühle,47.96698457,14.80764948,3,4,420.0,-1
at:43:17274,Walcherberg Abzw. Windhag,47.97490539,14.82058522,3,4,420.0,-1
at:43:17275,Waidhofen/Ybbs Ederstraße,47.95642761,14.78314344,3,14,120.0,6
at:43:17276,Walcherberg Aspaltrach,47.97780397,14.83037686,3,4,420.0,-1
at:43:17277,Walcherberg Kücherlkreuz,47.9825965,14.84324073,3,4,420.0,-1
at:43:17278,Walcherberg Kaltwies,47.9904548,14.85343661,3,4,420.0,-1
at:43:17279,St. Leonhard am Walde Ortsmitte,47.99515598,14.87338819,3,4,420.0,-1
at:43:17280,St. Leonhard am Walde Felberbauer,48.00333694,14.87619992,3,3,560.0,-1
at:43:17281,Randegg Fünfhaus,48.0062159,14.90744333,3,3,560.0,-1
at:43:17282,Randegg Steinholz,48.00570503,14.92222061,3,3,560.0,-1
at:43:17283,Randegg Vorderau,48.00518214,14.93247937,3,3,560.0,-1
at:43:17284,Randegg Schliefau,48.01264639,14.95727288,3,3,560.0,-1
at:43:17285,Randegg Gemeindeamt,48.01163078,14.97285865,3,39,43.07692307692308,5
at:43:17287,Raifberg Zulehen,47.97734093,14.75251987,3,45,37.333333333333336,4
at:43:17288,Böhlerwerk Ortsmitte,47.98419591,14.75090291,3,47,35.744680851063826,4
at:43:17289,Bruckbach/Ybbs Gerstl,47.98850086,14.74195569,3,30,56.0,5
at:43:17290,Bruckbach/Ybbs Bahnhof,47.99190368,14.7368802,3,32,52.5,5
at:43:17291,Bruckbach/Ybbs Fa. Böhler-Profil,47.9977168,14.7381648,3,29,57.93103448275862,5
at:43:17292,Rosenau am Sonntagberg Siedlungsstraße,48.00725565,14.73870378,3,27,62.22222222222222,6
at:43:17296,Waidhofen/Ybbs Hötzendorfstr.,47.95475514,14.7870601,3,97,17.31958762886598,3
at:43:17297,Waidhofen/Ybbs Alpenlandsiedlung,47.95520635,14.75571788,3,14,120.0,6
at:43:17298,Redtenbachtal Forsterbach,47.95532066,14.74948357,3,14,120.0,6
at:43:17299,Redtenbachtal Bachwirtsiedlung,47.95586211,14.73848819,3,14,120.0,6
at:43:17300,Redtenbachtal Ortnermühle,47.95147021,14.7269628,3,14,120.0,6
at:43:17301,Redtenbachtal Hofermühle,47.94758337,14.71569793,3,14,120.0,6
at:43:17302,Redtenbachtal Eckerwirt,47.94558568,14.70887073,3,14,120.0,6
at:43:17303,Redtenbachtal Maurermühle,47.94037449,14.6897995,3,14,120.0,6
at:43:17304,Redtenbachtal Reith,47.93983288,14.67194998,3,14,120.0,6
at:43:17307,Zell an der Ybbs Möhringerstraße,47.94704785,14.79657325,3,16,105.0,6
at:43:17308,Waidhofen/Ybbs Seebachgasse,47.94949674,14.76426984,3,20,84.0,6
at:43:17309,Waidhofen/Ybbs Reichenauerhof,47.93996528,14.76504239,3,20,84.0,6
at:43:17310,Waidhofen/Ybbs Lugergraben,47.9340674,14.76345237,3,20,84.0,6
at:43:17312,Waidhofen/Ybbs Forsterwerk,47.92384684,14.76716241,3,20,84.0,6
at:43:17313,Waidhofen/Ybbs Wirts,47.914702,14.76957888,3,10,168.0,7
at:43:17317,Mauer bei Amstetten Hauptstr.,48.09633179,14.79969041,3,51,32.94117647058823,4
at:43:17318,Waidhofen/Ybbs Adam-Zeitlinger-Gasse,47.95489953,14.76385661,3,11,152.72727272727272,7
at:43:17319,Hauskirchen Mühlstraße,48.6125433,16.75692178,3,35,48.0,5
at:43:17320,Ottenthal/Mistelbach Süd,48.75534465,16.5784445,3,29,57.93103448275862,5
at:43:17322,Litschau Stadtplatz,48.94424367,15.04647558,3,59,28.47457627118644,4
at:43:17323,Schrick Josef-Weiland-Str. 81,48.5073816,16.61185285,3,70,24.0,4
at:43:17324,Lassing Abzw. Hochkar,47.74684063,14.8987656,3,11,152.72727272727272,7
at:43:17325,Maustrenk Feuerwehr,48.57370389,16.69999554,3,26,64.61538461538461,6
at:43:17326,Windisch Baumgarten Gemeindeamt,48.55511434,16.73375423,3,26,64.61538461538461,6
at:43:17327,Windisch Baumgarten Kapelle,48.55449596,16.73712292,3,26,64.61538461538461,6
at:43:17328,Zistersdorf Feuerwehr,48.54959621,16.75229546,3,26,64.61538461538461,6
at:43:17329,Zistersdorf Kaiserstraße,48.54539774,16.75892503,3,36,46.666666666666664,5
at:43:17331,Drösing Kaiser-Josef-Platz,48.53902206,16.90393108,3,12,140.0,7
at:43:17332,Waltersdorf/March Ortsmitte,48.52739271,16.88815666,3,13,129.23076923076923,7
at:43:17333,Sierndorf/March Hauptstraße,48.50983358,16.88645885,3,7,240.0,-1
at:43:17334,Palterndorf Feldgasse,48.58647541,16.82387322,3,4,420.0,-1
at:43:17335,Hauskirchen Schulgasse,48.61265615,16.76054199,3,41,40.97560975609756,5
at:43:17336,Gaweinstal Gemeindeamt,48.47799623,16.58850563,3,43,39.06976744186046,4
at:43:17338,Höbersbrunn Obere Landstraße,48.50540565,16.57688143,3,27,62.22222222222222,6
at:43:17339,Höbersbrunn Untere Landstraße,48.50117971,16.57459073,3,26,64.61538461538461,6
at:43:17340,Atzelsdorf bei Mistelbach Kirche,48.49848325,16.55237539,3,27,62.22222222222222,6
at:43:17341,Pellendorf Feuerwehr,48.4876186,16.55065063,3,33,50.90909090909091,5
at:43:17342,Pellendorf Pfaffenwaldweg,48.48499288,16.55900496,3,26,64.61538461538461,6
at:43:17343,St. Georgen/Stfd. Schulen,48.13840225,15.61271964,3,48,35.0,4
at:43:17344,Martinsdorf Kirche,48.47251734,16.6342209,3,60,28.0,4
at:43:17346,Wetzelsdorf Kaiserstraße,48.65306201,16.63184935,3,55,30.545454545454547,4
at:43:17348,Poysbrunn Feldstraße,48.71740345,16.631499,3,26,64.61538461538461,6
at:43:17349,Poysbrunn Hauptstraße 25,48.71987489,16.62718709,3,26,64.61538461538461,6
at:43:17351,Falkenstein Kühberg,48.72290327,16.59255704,3,26,64.61538461538461,6
at:43:17354,Stützenhofen Obere Hauptstraße,48.74178059,16.61228404,3,23,73.04347826086956,6
at:43:17355,Steinebrunn Sportplatz,48.74985431,16.65902338,3,22,76.36363636363636,6
at:43:17356,Drasenhofen Kirchenplatz,48.7548531,16.64831547,3,22,76.36363636363636,6
at:43:17357,Drasenhofen Hauptplatz,48.75577699,16.64632121,3,23,73.04347826086956,6
at:43:17358,Drasenhofen Schloss,48.75000239,16.64859394,3,23,73.04347826086956,6
at:43:17360,Kleinschweinbarth Abzw. Ort,48.74926793,16.59968068,3,23,73.04347826086956,6
at:43:17361,Kleinschweinbarth Landesstraße,48.75265582,16.60227681,3,22,76.36363636363636,6
at:43:17362,Guttenbrunn bei Ottenthal Ortsmitte,48.74665578,16.57910926,3,23,73.04347826086956,6
at:43:17365,Laa/Thaya EKZ Thayapark,48.71098427,16.37036773,3,46,36.52173913043478,4
at:43:17366,Olgersdorf Am Steinberg,48.59200735,16.48416631,3,34,49.411764705882355,5
at:43:17367,Olgersdorf Mühlberggasse,48.59474635,16.46701748,3,26,64.61538461538461,6
at:43:17368,St. Georgen/Stfd. Kirche,48.13934941,15.61165064,3,10,168.0,7
at:43:17370,Wiehalm Kapelle,48.38951722,15.17428788,3,12,140.0,7
at:43:17371,Kleinpertholz/Martinsberg Kapelle,48.39557768,15.17842013,3,12,140.0,7
at:43:17373,Altenmarkt/Laa Kleinbaumgartner Str.,48.6754832,16.38800166,3,25,67.2,6
at:43:17374,Semmering Hotel Panhans,47.63746827,15.82564731,3,9,186.66666666666666,7
at:43:17375,Weitra Schulen,48.70359794,14.89542387,3,5,336.0,-1
at:43:17376,Moorbad Harbach Kurhaus,48.70173636,14.78888368,3,10,168.0,7
at:43:17377,Maißen Ost,48.69020967,14.7958007,3,10,168.0,7
at:43:17378,Hirschenwies Schleifmühl,48.68470035,14.76424289,3,10,168.0,7
at:43:17379,Wielands Abzw. Hauptmannmühle,48.7544326,14.93989946,3,2,840.0,-1
at:43:17380,Riegers bei Dobersberg Kapelle,48.90574265,15.33998214,3,7,240.0,-1
at:43:17381,Hohenwarth/Dobersberg Feuerwehr,48.90486876,15.37733409,3,7,240.0,-1
at:43:17382,Schuppertholz Kapelle,48.91933324,15.3544001,3,3,560.0,-1
at:43:17383,Waldhers Ort,48.93636645,15.37949903,3,6,280.0,-1
at:43:17384,Rappolz Löschteich,48.95414301,15.38694606,3,6,280.0,-1
at:43:17385,Hohenau/Dobersberg Abzw. Reibers,48.93510952,15.30148933,3,5,336.0,-1
at:43:17386,Reinolz Ort,48.97153584,15.31204453,3,9,186.66666666666666,7
at:43:17387,Goschenreith/Karlstein Feuerwehr,48.87097595,15.39398885,3,4,420.0,-1
at:43:17388,Kleinharmanns Ort,48.91036575,15.27907636,3,4,420.0,-1
at:43:17390,Brunn bei Dobersberg Ort,48.95453823,15.28327149,3,17,98.82352941176471,6
at:43:17391,Brunn an der Wild Schulstraße,48.69350074,15.52039978,3,2,840.0,-1
at:43:17392,Dappach Ort,48.69113474,15.50851507,3,2,840.0,-1
at:43:17393,Burgschleinitz Hauptplatz,48.60740564,15.81239716,3,13,129.23076923076923,7
at:43:17394,Hirschenwies Waldhäuser,48.68739874,14.77199535,3,10,168.0,7
at:43:17395,Trattenbach Hammerhofsiedlung,47.61545484,15.92405775,3,11,152.72727272727272,7
at:43:17396,Trattenbach Baumgarten,47.61248147,15.91641309,3,11,152.72727272727272,7
at:43:17397,Edlitz Ortsmitte,47.59766055,16.14128835,3,31,54.193548387096776,5
at:43:17398,St. Georgen/Stfd. Grimmgasse,48.14332371,15.61010554,3,20,84.0,6
at:43:17399,Krumbach Abzw. Hochneukirchen,47.50382257,16.20512264,3,27,62.22222222222222,6
at:43:17400,Kulma Abzw. Schauflerhof,47.5468002,16.1454206,3,22,76.36363636363636,6
at:43:17401,Bad Schönau B55/Abzw. Ort,47.49875514,16.23278177,3,27,62.22222222222222,6
at:43:17403,Kirchschlag/Bucklige Welt Schulen,47.50649263,16.29804437,3,5,336.0,-1
at:43:17404,Kirchschlag/Bucklige Welt Seiserstraße,47.49194519,16.28038349,3,9,186.66666666666666,7
at:43:17405,Kirchschlag/Bucklige Welt Unterdorf,47.47944586,16.27585598,3,9,186.66666666666666,7
at:43:17406,Kirchschlag/Bucklige Welt Ungerbach,47.47028953,16.27681718,3,9,186.66666666666666,7
at:43:17407,Kirchschlag/Bucklige Welt Steinmühle,47.46538284,16.27866771,3,9,186.66666666666666,7
at:43:17408,Kirchschlag/Bucklige Welt Abzw. Lembach,47.49940452,16.31800494,3,13,129.23076923076923,7
at:43:17409,St. Pölten Pressehaus,48.19668016,15.5983466,3,56,30.0,4
at:43:17410,Kirchschlag/Bucklige Welt Schanz,47.50379222,16.32172396,3,12,140.0,7
at:43:17411,St. Pölten Heimstättenstraße,48.18838018,15.61427373,3,29,57.93103448275862,5
at:43:17412,Friedersbach Ortsmitte,48.58922066,15.27209645,3,12,140.0,7
at:43:17413,Neusiedl/Tullnerfeld Feldgasse,48.32297171,15.96022392,3,39,43.07692307692308,5
at:43:17414,Ober Neustift Bundesstraße,48.56437727,15.05463229,3,21,80.0,6
at:43:17416,Heinreichs/Großgerungs Ort,48.57205744,14.94303458,3,14,120.0,6
at:43:17417,Harruck Ort,48.56959658,14.92730508,3,14,120.0,6
at:43:17418,Langschlag Kasbacher Straße,48.57460733,14.88793192,3,14,120.0,6
at:43:17419,Siebenhöf Bundesstraße,48.58120435,14.82815802,3,9,186.66666666666666,7
at:43:17420,Bruderndorferwald Bundesstraße,48.57785246,14.79792971,3,9,186.66666666666666,7
at:43:17422,Kleinnondorf Ort,48.50657814,15.05873759,3,7,240.0,-1
at:43:17423,Pehendorf Abzw. Schönbach,48.48958929,15.0466822,3,10,168.0,7
at:43:17427,Amelsdorf Bundesstraße,48.58859675,15.77982425,3,7,240.0,-1
at:43:17428,Dappach B2/Abzw. Ort,48.69515508,15.50411332,3,3,560.0,-1
at:43:17429,Atzelsdorf/Wild Bundesstraße,48.70293987,15.48678482,3,29,57.93103448275862,5
at:43:17430,Göpfritz/Wild Ortsmitte,48.72484109,15.40016028,3,57,29.473684210526315,4
at:43:17432,Feichtenbach Quellenweg,47.91478027,15.9987347,3,16,105.0,6
at:43:17433,Altenmarkt im Thale Kirche,48.58068732,16.19608559,3,18,93.33333333333333,6
at:43:17434,Hainfeld Gerstbachbrücke,48.03581354,15.82180252,3,34,49.411764705882355,5
at:43:17435,Unterradlberg Kleinfeldgasse,48.2498495,15.67520645,3,75,22.4,4
at:43:17436,Türnitz Anthofsiedlung,47.9298783,15.47649013,3,9,186.66666666666666,7
at:43:17437,Steinbachrotte Gstettenhof,47.91443107,15.4361917,3,9,186.66666666666666,7
at:43:17438,Steinbachrotte Siebenbrunnkapelle,47.91168548,15.41404823,3,9,186.66666666666666,7
at:43:17439,Haupttürnitzrotte Ödhof,47.88629996,15.39716889,3,9,186.66666666666666,7
at:43:17440,Haupttürnitzrotte Bergbauer,47.87921509,15.38655978,3,9,186.66666666666666,7
at:43:17441,Annaberg Sägemühle,47.87126153,15.35843353,3,8,210.0,7
at:43:17442,Mitterbach/Erlaufsee Gemeindeamt,47.81491298,15.29571316,3,8,210.0,7
at:43:17444,Pottenstein Grabenweg,47.95517026,16.03870973,3,16,105.0,6
at:43:17446,Pottenstein Gutensteiner Str.,47.96032582,16.08443398,3,16,105.0,6
at:43:17447,Lackenhof Ötscherstraße 10,47.87143628,15.14178684,3,14,120.0,6
at:43:17453,Gaming Bildungszentrum,47.92020475,15.0789407,3,53,31.69811320754717,4
at:43:17462,Mariensee Almbauer,47.5395356,15.97043777,3,15,112.0,6
at:43:17473,Horn Frauenhofner Straße,48.66659067,15.64758326,3,7,240.0,-1
at:43:17474,Waidhofen/Thaya Pichlerstraße,48.81776319,15.29278465,3,5,336.0,-1
at:43:17475,Göpfritz/Wild Oberort,48.72353736,15.40652035,3,7,240.0,-1
at:43:17476,Aalfang Ringstraße,48.83851467,15.06832261,3,8,210.0,7
at:43:17477,Aalfang Braunauweg,48.83350057,15.05526111,3,8,210.0,7
at:43:17479,Reintal Meierhofgasse,48.69993401,16.82291202,3,35,48.0,5
at:43:17480,Asperhofen Hauptstraße,48.24877876,15.92670778,3,16,105.0,6
at:43:17481,Kainraths Ortsmitte,48.79310336,15.25341149,3,3,560.0,-1
at:43:17482,Feinfeld Kapelle,48.66650761,15.5294009,3,11,152.72727272727272,7
at:43:17483,Greillenstein Gemeindeamt,48.65730494,15.51362648,3,11,152.72727272727272,7
at:43:17484,Dobersberg Schulstraße,48.91350072,15.32023717,3,9,186.66666666666666,7
at:43:17486,Amelsdorf Ort,48.59059917,15.77996798,3,5,336.0,-1
at:43:17487,Kurzschwarza Ort,48.77439924,15.11309465,3,1,1680.0,-1
at:43:17488,Artolz Ort,48.82590159,15.17661452,3,5,336.0,-1
at:43:17489,Götzweis Ort,48.79441712,15.26952727,3,21,80.0,6
at:43:17491,Maißen Holzmühle,48.69757425,14.79364475,3,10,168.0,7
at:43:17493,Reinprechts West,48.71381758,14.84455227,3,11,152.72727272727272,7
at:43:17494,Pottenbrunn Scholzgasse,48.23355864,15.6961911,3,56,30.0,4
at:43:17496,Almosen Ortsmitte,48.74289428,15.39622566,3,6,280.0,-1
at:43:17497,Breitenfeld Kapelle,48.74785822,15.38664962,3,6,280.0,-1
at:43:17498,Kirchberg/Wild Ortsmitte,48.75105075,15.4048944,3,46,36.52173913043478,4
at:43:17499,Schönfeld/Wild Kapelle,48.76385439,15.40154368,3,46,36.52173913043478,4
at:43:17500,Großsiegharts Bahnhofstraße,48.78666425,15.40773308,3,19,88.42105263157895,6
at:43:17501,Großsiegharts Bienekweg,48.79522785,15.40943089,3,22,76.36363636363636,6
at:43:17502,Sieghartsles Kapelle,48.80534604,15.42152222,3,22,76.36363636363636,6
at:43:17503,Weinern Kirche,48.81459856,15.43899445,3,22,76.36363636363636,6
at:43:17504,Zweres Kapelle,48.63528528,14.99939488,3,4,420.0,-1
at:43:17505,Geras Volksschule,48.79688477,15.67717376,3,6,280.0,-1
at:43:17506,Oberndorf/Raabs Abzw. Aigen,48.83561152,15.47052531,3,22,76.36363636363636,6
at:43:17507,Oberndorf/Raabs Abzw. Lindau,48.84416085,15.48304783,3,27,62.22222222222222,6
at:43:17508,Pottenbrunn Opferplatz,48.23728631,15.69636178,3,56,30.0,4
at:43:17509,Gradnitz/Zwettl Ortsmitte,48.6305774,15.14810199,3,12,140.0,7
at:43:17510,Unterrabenthan Ort,48.64776822,15.12811448,3,12,140.0,7
at:43:17511,Walterschlag/Schweiggers Abzw. Perndorf,48.66643049,15.11622977,3,13,129.23076923076923,7
at:43:17512,Perndorf Ort,48.66752212,15.09542478,3,12,140.0,7
at:43:17513,Schweiggers Hauptplatz,48.66724921,15.06443291,3,20,84.0,6
at:43:17514,Schweiggers Mannshalmer Straße,48.66950361,15.06376815,3,6,280.0,-1
at:43:17515,Sallingstadt Abzw. Schweiggers,48.68180015,15.10350962,3,7,240.0,-1
at:43:17516,Limbach bei Schweiggers Kapelle,48.70050911,15.11678672,3,8,210.0,7
at:43:17517,Jagenbach Maißbachbrücke,48.6392982,15.02619162,3,6,280.0,-1
at:43:17518,Schroffen Weitraer Straße,48.63090988,14.95081399,3,3,560.0,-1
at:43:17519,Schickenhof Siedlung,48.60645527,15.10462353,3,4,420.0,-1
at:43:17520,Negers Abzw. Ort,48.60673444,15.09256814,3,4,420.0,-1
at:43:17521,Schweiggers Mittelschule,48.66664407,15.0666248,3,9,186.66666666666666,7
at:43:17522,Rosenau/Zwettl Schloss,48.60163777,15.0658253,3,4,420.0,-1
at:43:17523,Niederneustift Weißteich,48.60287337,15.05468619,3,4,420.0,-1
at:43:17524,Niederneustift Am Triebschneiderberg,48.6014655,15.0432147,3,4,420.0,-1
at:43:17525,Rosenau/Zwettl Abzw. Niederneustift,48.61500207,15.06250153,3,4,420.0,-1
at:43:17526,Jagenbach Abzw. Auberg,48.63999865,15.02730554,3,19,88.42105263157895,6
at:43:17527,Rothfarn Abzw. Zweres,48.64020047,15.00031116,3,16,105.0,6
at:43:17528,Großotten Ort,48.6427766,14.98148247,3,12,140.0,7
at:43:17529,Thaures bei Großschönau Kapelle,48.65194039,14.97930855,3,3,560.0,-1
at:43:17532,Mitterschlag Feuerwehr,48.58080024,14.8505081,3,9,186.66666666666666,7
at:43:17533,Marbach am Walde Ort,48.54794897,15.08694469,3,15,112.0,6
at:43:17534,Rappottenstein Bruckmühle,48.52954628,15.06629242,3,9,186.66666666666666,7
at:43:17535,Groß Gerungs Kleingundholz,48.55272996,14.95232316,3,3,560.0,-1
at:43:17536,Etzen/Großgerungs Ort,48.55889582,15.03645039,3,26,64.61538461538461,6
at:43:17537,Grünbach/Rappottenstein Abzw. Reichenbach,48.5171293,15.06694819,3,11,152.72727272727272,7
at:43:17538,Kleinnondorf Bundesstraße,48.51037514,15.05794707,3,5,336.0,-1
at:43:17539,Neustift/Rappottenstein Bundesstraße,48.50883376,15.04954782,3,5,336.0,-1
at:43:17540,Pirkenreith Bundesstraße,48.5027987,15.04608931,3,5,336.0,-1
at:43:17541,Aggsbach/Rappottenstein Ort,48.49799514,15.03205762,3,5,336.0,-1
at:43:17542,Arnreith Bundesstraße,48.49521517,15.02248158,3,5,336.0,-1
at:43:17543,Pretrobruck Pehendorfer Straße,48.49080978,15.02022681,3,10,168.0,7
at:43:17544,Pehendorf West,48.49047638,15.03699836,3,9,186.66666666666666,7
at:43:17545,Lohn Lohnmühle,48.47101649,15.0456671,3,2,840.0,-1
at:43:17546,Pretrobruck Ortsmitte,48.49009535,15.0158071,3,8,210.0,7
at:43:17547,Brunn/Arbesbach Bundesstraße,48.4913694,14.99464279,3,8,210.0,7
at:43:17548,Stolzenthal Bundesstraße,48.49228027,14.97152016,3,8,210.0,7
at:43:17549,Etlas bei Arbesbach Siedlung,48.47514966,14.97499664,3,2,840.0,-1
at:43:17550,Altmelon Ortsmitte,48.46148629,14.96566314,3,4,420.0,-1
at:43:17551,Großpertenschlag Ort,48.44029899,14.99369956,3,4,420.0,-1
at:43:17552,Kleinsiegharts Kapelle,48.44923139,15.01416318,3,4,420.0,-1
at:43:17553,Kleinsiegharts Kampbrücke,48.45328292,15.02026274,3,4,420.0,-1
at:43:17555,Engelbrechts/Waldhausen Kapelle,48.52552463,15.20352805,3,10,168.0,7
at:43:17556,Kleinweißenbach Ort,48.51379697,15.21750583,3,10,168.0,7
at:43:17557,Königsbach Abzw. Ort,48.52376357,15.22958817,3,3,560.0,-1
at:43:17558,Waldhausen/Zwettl Güterbahnhof,48.52356723,15.24406003,3,3,560.0,-1
at:43:17559,Waldhausen/Zwettl Abzw. Rappoltschlag,48.52335899,15.24833601,3,5,336.0,-1
at:43:17560,Rappoltschlag Kapelle,48.50927416,15.25150706,3,3,560.0,-1
at:43:17561,Sallingberg Abzw. Voitschlag,48.47434569,15.23233702,3,10,168.0,7
at:43:17562,Kamles Kapelle,48.50545326,15.22816883,3,6,280.0,-1
at:43:17563,Kleinhaslau Kapelle,48.49639385,15.22940851,3,6,280.0,-1
at:43:17564,Kaltenbrunn Abzw. Ritschgraben,48.49840587,15.20284533,3,2,840.0,-1
at:43:17565,Kaltenbrunn Gallmühle,48.49841777,15.19776984,3,3,560.0,-1
at:43:17566,Kaltenbrunn Ortsmitte,48.50279275,15.19123909,3,3,560.0,-1
at:43:17567,Grafenschlag/Zwettl Ort,48.50067376,15.1676134,3,20,84.0,6
at:43:17568,Grafenschlag/Zwettl Rammelhof,48.49100029,15.17764758,3,8,210.0,7
at:43:17569,Haiden b. Ottenschlag Nord,48.4124549,15.20580977,3,12,140.0,7
at:43:17570,Haiden b. Ottenschlag B36/Ort,48.40645607,15.19831782,3,12,140.0,7
at:43:17571,Kleinpertholz Abzw. Kleingerungs,48.4029793,15.18600191,3,12,140.0,7
at:43:17572,Martinsberg Pitzeichen,48.38303244,15.16867341,3,22,76.36363636363636,6
at:43:17573,Martinsberg Größenbach,48.37630815,15.1635081,3,13,129.23076923076923,7
at:43:17574,Gutenbrunn/Martinsberg Unterer Ort,48.36898024,15.12404511,3,13,129.23076923076923,7
at:43:17575,Gutenbrunn/Martinsberg Berglucken,48.37373037,15.06441494,3,8,210.0,7
at:43:17576,Bärnkopf Weinsbergwiese,48.38568133,15.03964839,3,8,210.0,7
at:43:17577,Bärnkopf Am Sauberg,48.38637336,15.01613049,3,8,210.0,7
at:43:17578,Bärnkopf Ortsmitte,48.39001831,15.00793786,3,8,210.0,7
at:43:17579,Bärnkopf Unterbärnkopf,48.39297105,14.98849832,3,8,210.0,7
at:43:17580,Syrafeld Zwettlbrücke,48.59661782,15.12951585,3,10,168.0,7
at:43:17581,Waldhams Ort,48.59119928,15.10882765,3,9,186.66666666666666,7
at:43:17582,Jahrings Ort,48.58778269,15.09619733,3,9,186.66666666666666,7
at:43:17583,Kleinmeinharts Kapelle,48.58774109,15.07277826,3,9,186.66666666666666,7
at:43:17584,Ober Neustift Feuerwehr,48.5824464,15.05777639,3,9,186.66666666666666,7
at:43:17585,Ober Neustift Sternmarterl,48.57442308,15.05374295,3,9,186.66666666666666,7
at:43:17586,Groß Gerungs Schulen,48.57142143,14.95702135,3,6,280.0,-1
at:43:17587,Frankenreith Bundesstraße,48.53490005,15.16031908,3,21,80.0,6
at:43:17588,Endlas Siedlung,48.43679473,15.19880291,3,8,210.0,7
at:43:17589,Pfaffings Ort,48.45810263,15.13600169,3,4,420.0,-1
at:43:17590,Kaltenbach/Bad Traunstein Abzw. Ort,48.42552343,15.13440268,3,4,420.0,-1
at:43:17591,Bad Traunstein Abzw. Glashütten,48.43610339,15.09856889,3,4,420.0,-1
at:43:17592,Stein/Traunstein Abzw. Winkl,48.43430346,15.08848979,3,4,420.0,-1
at:43:17593,Stein/Traunstein Höllbachbrücke,48.43740859,15.0807014,3,4,420.0,-1
at:43:17594,Stein/Traunstein Ortsmitte,48.43663978,15.07327233,3,4,420.0,-1
at:43:17595,Niederstrahlbach Ortsmitte,48.6139865,15.12862652,3,5,336.0,-1
at:43:17596,Gerlas Abzw. Ort,48.62281112,15.07633558,3,13,129.23076923076923,7
at:43:17597,Oberstrahlbach Unterer Ort,48.62732972,15.11537637,3,5,336.0,-1
at:43:17598,Oberstrahlbach Ortsmitte,48.63298186,15.11525959,3,5,336.0,-1
at:43:17599,Oberstrahlbach Oberer Ort,48.63731552,15.11229514,3,5,336.0,-1
at:43:17600,Oberstrahlbach Kranhäuser,48.64414178,15.11188192,3,5,336.0,-1
at:43:17601,Kleinwolfgers Landesstraße,48.64943594,15.09641293,3,5,336.0,-1
at:43:17602,Unterwindhag Ort,48.65096711,15.06348968,3,7,240.0,-1
at:43:17603,Rieggers Nord,48.63508344,15.07090078,3,6,280.0,-1
at:43:17604,Rieggers Süd,48.63128984,15.07138587,3,6,280.0,-1
at:43:17605,Rosenau/Zwettl Abzw. Dorf,48.62602346,15.05711164,3,16,105.0,6
at:43:17606,Bärnkopf Gemeindeamt,48.3907759,15.00307797,3,4,420.0,-1
at:43:17607,Jetzles Feuerwehr,48.77783872,15.19072705,3,6,280.0,-1
at:43:17608,Jaudling Ort,48.79389635,15.20151582,3,6,280.0,-1
at:43:17609,Eulenbach Ort,48.78199419,15.15220729,3,6,280.0,-1
at:43:17610,Heinreichs/Vitis Ort,48.78727387,15.16447828,3,6,280.0,-1
at:43:17611,Guttenbrunn/Vitis Ort,48.81347462,15.14679045,3,6,280.0,-1
at:43:17612,Haslau/Heidenreichstein Ort,48.82214011,15.12553631,3,6,280.0,-1
at:43:17613,Wolfsegg Nr. 51,48.82440531,15.14810199,3,6,280.0,-1
at:43:17614,Brandhäuser Kapelle,48.83195721,15.14891048,3,6,280.0,-1
at:43:17616,Seyfrieds Pfarramt,48.83759822,15.13240842,3,6,280.0,-1
at:43:17617,Heidenreichstein Vitiser Straße,48.86000814,15.12179034,3,6,280.0,-1
at:43:17618,Seyfrieds Abzw. Amaliendorf,48.83584804,15.1284199,3,6,280.0,-1
at:43:17621,Zwettl Landstraße/Zentrum,48.60408519,15.16690373,3,31,54.193548387096776,5
at:43:17624,Roiten Ort,48.53012332,15.12710836,3,4,420.0,-1
at:43:17625,Zwettl Stift,48.61755573,15.19814714,3,29,57.93103448275862,5
at:43:17627,Zwettl Bozener Siedlung,48.61388554,15.18054914,3,25,67.2,6
at:43:17628,Rudmanns Abzw. Edelhof,48.60255854,15.20452518,3,15,112.0,6
at:43:17629,Kleehof Abzw. Ort,48.58331403,15.22867189,3,13,129.23076923076923,7
at:43:17630,Eschabruck Kapelle,48.57320461,15.26065191,3,3,560.0,-1
at:43:17631,Gutenbrunn b.Waldhausen Abzw. Ort,48.55633325,15.25676221,3,11,152.72727272727272,7
at:43:17632,Obernondorf Feuerwehr,48.53548298,15.24657531,3,5,336.0,-1
at:43:17633,Waldhausen/Zwettl Ortsmitte,48.52181206,15.26079564,3,10,168.0,7
at:43:17634,Loschberg Ort,48.52833268,15.28467286,3,5,336.0,-1
at:43:17635,Brand bei Waldhausen Ortsmitte,48.54055658,15.31196368,3,5,336.0,-1
at:43:17636,Mitterreith Kapelle,48.60659782,15.25630407,3,5,336.0,-1
at:43:17637,Friedersbach Oberer Ort,48.59289858,15.25969072,3,12,140.0,7
at:43:17638,Friedersbach Gemeindehaus,48.59072989,15.2672186,3,12,140.0,7
at:43:17639,Ober Neustift Nr. 26,48.56724261,15.05269193,3,9,186.66666666666666,7
at:43:17640,Rastenberg Abzw. Ort,48.55520353,15.34338675,3,13,129.23076923076923,7
at:43:17641,Rastenfeld Abzw. Lichtenfels,48.58809762,15.31125401,3,12,140.0,7
at:43:17642,Obergrünbach bei Gföhl Grabenweg,48.52380522,15.36012237,3,9,186.66666666666666,7
at:43:17643,Friedersbach Unterer Ort,48.58912559,15.27855534,3,12,140.0,7
at:43:17644,Kleinwolfgers Ort,48.65185137,15.09481393,3,1,1680.0,-1
at:43:17645,Raxendorf Sportplatz,48.34457808,15.28164554,3,20,84.0,6
at:43:17646,Zwettl Allentsteiger Straße,48.60990623,15.17103598,3,25,67.2,6
at:43:17648,Engelsdorf Ort,48.65943517,15.79183472,3,13,129.23076923076923,7
at:43:17649,Matzelsdorf/Eggenburg Abzw. Amelsdorf,48.60162589,15.78604059,3,5,336.0,-1
at:43:17650,Grillenstein Fuchssteinweg,48.773304,14.99210056,3,11,152.72727272727272,7
at:43:17651,Grub an der Wild Ort,48.70960905,15.50785031,3,6,280.0,-1
at:43:17654,Buttendorf bei Eggenburg Ort,48.5873608,15.74402639,3,8,210.0,7
at:43:17656,Rudmanns Kapelle,48.5981803,15.20704944,3,8,210.0,7
at:43:17658,Stoies Abzw. Ort,48.78191724,15.19439218,3,6,280.0,-1
at:43:17659,Handling Abzw. Ort,48.78707263,15.1884633,3,6,280.0,-1
at:43:17660,Reichers Kapelle,48.55595866,15.18575039,3,7,240.0,-1
at:43:17661,Rohrenreith Kapelle,48.55685053,15.20128226,3,8,210.0,7
at:43:17662,Payerbach Werningstraße,47.69159054,15.87321311,3,1,1680.0,-1
at:43:17663,Wullersdorf Bahnstraße,48.62503187,16.09765718,3,13,129.23076923076923,7
at:43:17664,Aspersdorf Kirche,48.58511461,16.09568987,3,15,112.0,6
at:43:17665,Unterhöflein Fliederweg,47.79298044,16.02882826,3,21,80.0,6
at:43:17666,Mauer bei Melk Kerngasse,48.22254158,15.41124549,3,3,560.0,-1
at:43:17667,Puchberg/Schneeberg Sportplatz,47.79131476,15.89693761,3,10,168.0,7
at:43:17668,Heidenreichstein Schacherhof,48.8924732,15.14158022,3,19,88.42105263157895,6
at:43:17669,Kottingnondorf Ort,48.55418082,15.0183673,3,2,840.0,-1
at:43:17670,Grünbach/Rappottenstein Abzw. Kirchbach,48.52037812,15.07099959,3,20,84.0,6
at:43:17671,Kirchberg/Wechsel Sachsenbrunn,47.59728497,16.00697225,3,28,60.0,5
at:43:17672,Schwarzau/Geb. Werkbrücke,47.82262789,15.69281343,3,11,152.72727272727272,7
at:43:17673,Ybbsitz Tredlhof,47.94920793,14.90352667,3,33,50.90909090909091,5
at:43:17674,Gresten Unterhörhag,48.00457509,14.99828097,3,35,48.0,5
at:43:17675,Randegg Johanneskapelle,48.00733378,14.98928883,3,35,48.0,5
at:43:17676,Griesperwarth Ort,48.03449204,15.00603343,3,38,44.21052631578947,5
at:43:17677,Reinsberg Hofsiedlung,47.99736816,15.06145948,3,55,30.545454545454547,4
at:43:17678,Steinakirchen/Forst Götzwang,48.06378528,15.04522693,3,38,44.21052631578947,5
at:43:17679,Wang Höfling,48.05475528,15.03675581,3,38,44.21052631578947,5
at:43:17680,Ratschenhof Ort,48.5858693,15.1999797,3,4,420.0,-1
at:43:17681,Dietmanns/Gmünd Volksschule,48.74495574,14.94992466,3,9,186.66666666666666,7
at:43:17682,Dietmanns/Gmünd Edelholzstraße,48.74233744,14.95647338,3,9,186.66666666666666,7
at:43:17683,Kamp/Arbesbach Hammerschmiede,48.50473904,14.9669657,3,2,840.0,-1
at:43:17684,Wiesensfeld Kapelle,48.52282947,14.98772576,3,2,840.0,-1
at:43:17685,Eichberg/Gmünd Ost,48.74370584,14.91924719,3,5,336.0,-1
at:43:17687,Unterlembach Ost,48.74402572,14.89400453,3,12,140.0,7
at:43:17688,Kleinraming Tarkusch,48.04247457,14.45935468,3,1,1680.0,-1
at:43:17689,Kleinraming Abzw Blindhof,48.03909311,14.4681941,3,2,840.0,-1
at:43:17690,Kleinraming Putznsiedlung,48.03411361,14.47066447,3,3,560.0,-1
at:43:17691,Kleinraming Zaunersiedlung,48.01949067,14.4822707,3,3,560.0,-1
at:43:17692,Kleinraming Schachnersiedlung,48.01629999,14.48509141,3,1,1680.0,-1
at:43:17693,Kleinraming Neue Mittelschule,48.00744196,14.49207132,3,1,1680.0,-1
at:43:17699,Behamberg Wanzenöd,48.05485735,14.47851575,3,28,60.0,5
at:43:17700,Behamberg Ramelmayr,48.0594506,14.48939434,3,28,60.0,5
at:43:17701,Samendorf Bundesstraße,48.06652279,14.49922191,3,27,62.22222222222222,6
at:43:17702,Vestenthal West,48.07549071,14.50959745,3,41,40.97560975609756,5
at:43:17703,Vestenthal Kirche,48.07804154,14.51881417,3,41,40.97560975609756,5
at:43:17704,Stadt Haag Pernersdorf,48.08987574,14.52778834,3,22,76.36363636363636,6
at:43:17705,Stadt Haag Steyrer Straße 42/49,48.09549183,14.5371398,3,22,76.36363636363636,6
at:43:17706,Stadt Haag Abzw. Pinnersdorf,48.1023971,14.54574566,3,22,76.36363636363636,6
at:43:17707,Stadt Haag Tierpark,48.10264905,14.55847479,3,31,54.193548387096776,5
at:43:17708,Stadt Haag Südtiroler Siedlung,48.10550446,14.56236449,3,22,76.36363636363636,6
at:43:17710,Behamberg Wachtberg Behambergstraße,48.04372379,14.47291026,3,19,88.42105263157895,6
at:43:17711,Behamberg Blümelhub,48.04196406,14.48052797,3,19,88.42105263157895,6
at:43:17712,Behamberg Strohof,48.02294552,14.50233907,3,18,93.33333333333333,6
at:43:17713,Behamberg Ort,48.03508071,14.49749715,3,19,88.42105263157895,6
at:43:17714,Behamberg Abzw. Badhof,48.01923831,14.50560893,3,18,93.33333333333333,6
at:43:17715,Behamberg Sträußlhöhe,48.01577119,14.51291224,3,18,93.33333333333333,6
at:43:17716,Kürnberg Straßer,48.00739989,14.5262073,3,12,140.0,7
at:43:17717,Kürnberg Abzw. Böckl,48.00457509,14.53627742,3,12,140.0,7
at:43:17718,Kürnberg Abzw. Ramingtal,48.00435271,14.5422063,3,12,140.0,7
at:43:17719,Kürnberg Ort,48.00759221,14.54629363,3,12,140.0,7
at:43:17720,Kürnberg Abzw. Roadl,48.00601756,14.55375863,3,4,420.0,-1
at:43:17721,Kürnberg Tran,48.00529633,14.56410723,3,4,420.0,-1
at:43:17722,St. Peter in der Au-Dorf Hinterleitner,48.00209876,14.57738433,3,4,420.0,-1
at:43:17723,Haidershofen Ort,48.07677515,14.46068419,3,38,44.21052631578947,5
at:43:17724,Haidershofen Weixelgartensiedlung,48.07621096,14.46575069,3,26,64.61538461538461,6
at:43:17725,Haidershofen Mosing,48.07702122,14.47751862,3,16,105.0,6
at:43:17726,Haidershofen Linzeröd,48.07751938,14.49219709,3,16,105.0,6
at:43:17727,Dorf/Enns Kleiner Brunnhof,48.08906567,14.52388067,3,11,152.72727272727272,7
at:43:17728,Dorf/Enns Wirt im Brunnhof,48.08994174,14.51169951,3,11,152.72727272727272,7
at:43:17729,Dorf/Enns Reiterdorf,48.08953971,14.5031745,3,11,152.72727272727272,7
at:43:17730,Dorf/Enns Mascha,48.09487985,14.50021904,3,10,168.0,7
at:43:17731,Dorf/Enns Burg,48.1023671,14.50172821,3,10,168.0,7
at:43:17732,Dorf/Enns Aichberg,48.08970173,14.49324812,3,10,168.0,7
at:43:17733,Dorf/Enns Ort,48.09205985,14.47925236,3,10,168.0,7
at:43:17734,Dorf/Enns Unterburg,48.10206715,14.4839236,3,10,168.0,7
at:43:17735,Hainbuch/Enns Förggasse,48.09559982,14.46790664,3,10,168.0,7
at:43:17736,Hainbuch/Enns Radstraße,48.09244385,14.46685561,3,10,168.0,7
at:43:17737,Dorf/Enns Kronberger,48.08512918,14.47337738,3,10,168.0,7
at:43:17739,Höhenberg Kapelle,48.76918926,14.87858944,3,9,186.66666666666666,7
at:43:17740,Sachsendorf/Maissau Ort,48.58784211,15.76306169,3,8,210.0,7
at:43:17741,Messern Pranger,48.72056236,15.52101962,3,6,280.0,-1
at:43:17742,Jaudling Süd,48.79010288,15.19689848,3,6,280.0,-1
at:43:17743,Sträußl Obernkapelle,48.04264874,14.52088029,3,6,280.0,-1
at:43:17744,Amstetten ÖBB-Postbus-Garage,48.11648073,14.89430996,3,23,73.04347826086956,6
at:43:17746,Amstetten Johann-Pölz-Halle,48.11670263,14.87671196,3,49,34.285714285714285,4
at:43:17747,Amstetten Klosterstraße,48.12245971,14.86894153,3,17,98.82352941176471,6
at:43:17748,Sträußl Stangl,48.0261478,14.5165055,3,6,280.0,-1
at:43:17750,Amstetten Wörthstraße,48.1213923,14.87023511,3,43,39.06976744186046,4
at:43:17751,Amstetten Bezirksgericht,48.12366501,14.87540042,3,74,22.7027027027027,4
at:43:17752,Amstetten Greimpersdorf,48.11453756,14.89479505,3,49,34.285714285714285,4
at:43:17753,Amstetten Grillparzerstraße,48.11241439,14.87258869,3,25,67.2,6
at:43:17754,Amstetten Joseph-Haydn-Straße,48.12532002,14.88027827,3,25,67.2,6
at:43:17755,St. Peter in der Au-Dorf Wimmegg,48.00617383,14.58188489,3,4,420.0,-1
at:43:17756,St. Pölten Franz-Käfer-Straße,48.21261162,15.65873135,3,1,1680.0,-1
at:43:17757,St. Pölten Karlstettner Straße,48.2151317,15.61303405,3,57,29.473684210526315,4
at:43:17758,Ratzersdorf Buchbergerstraße,48.2250492,15.66737314,3,29,57.93103448275862,5
at:43:17759,Pottenbrunn Hans-Ulbrich-Gasse,48.2344502,15.68904051,3,146,11.506849315068493,3
at:43:17760,Pottenbrunn Josef-Trauttmansdorff-Str.,48.23990091,15.69579584,3,65,25.846153846153847,4
at:43:17761,St. Pölten R.-Wondracek-Str.,48.20879834,15.64533747,3,56,30.0,4
at:43:17762,St. Pölten Arbeitergasse,48.2005602,15.6427593,3,56,30.0,4
at:43:17763,St. Pölten Stadtpark,48.20653538,15.62952712,3,409,4.10757946210269,0
at:43:17764,Ramingdorf Abzw. Heuberg,48.06221835,14.46475356,3,9,186.66666666666666,7
at:43:17765,St. Pölten Staudratgasse,48.20153616,15.63806111,3,132,12.727272727272727,3
at:43:17766,Ratzersdorf Gewerbepark,48.22832269,15.67756902,3,146,11.506849315068493,3
at:43:17767,St. Pölten Burgenlandstraße,48.20627196,15.65282942,3,57,29.473684210526315,4
at:43:17768,St. Pölten EVN,48.20822363,15.64266049,3,89,18.876404494382022,3
at:43:17771,St. Pölten Propst-Führer-Str.,48.2152155,15.62240348,3,120,14.0,3
at:43:17772,Ramingdorf Sellmaier,48.05806966,14.46911937,3,9,186.66666666666666,7
at:43:17773,St. Pölten Pernerstorferstraße,48.19348249,15.61633087,3,57,29.473684210526315,4
at:43:17776,St. Pölten Landhaus Kulturbezirk,48.2014224,15.63301258,3,82,20.48780487804878,4
at:43:17784,Sträußl Sträußlkreuz,48.03572344,14.52232658,3,6,280.0,-1
at:43:17788,Brunn/Waidhofen Ost,48.81497714,15.24625192,3,4,420.0,-1
at:43:17789,Pöchlarn Eisenstraße,48.20872051,15.20046479,3,3,560.0,-1
at:43:17794,Pöchlarn Stadtbad,48.21016923,15.19926105,3,24,70.0,6
at:43:17795,Waidhofen/Thaya Josef-Leichtfried-Str.,48.80736352,15.27038965,3,5,336.0,-1
at:43:17799,Waidhofen/Thaya Anton-Kainz-Str.,48.80988378,15.27267137,3,5,336.0,-1
at:43:17801,St. Pölten Josef-Greiner-Gasse,48.22276302,15.63169206,3,56,30.0,4
at:43:17802,St. Pölten Kremser Landstr.,48.22045279,15.62781134,3,112,15.0,3
at:43:17803,St. Pölten Maximilianstraße,48.21098338,15.62506249,3,417,4.028776978417266,0
at:43:17804,St. Pölten Schrebergasse,48.19384778,15.62853897,3,56,30.0,4
at:43:17806,Viehofen Living City,48.23174557,15.64895768,3,131,12.82442748091603,3
at:43:17807,Haid b.Gmünd Bundesstraße,48.76782747,15.01003992,3,33,50.90909090909091,5
at:43:17808,Uttissenbach Ort,48.56262946,15.11800843,3,4,420.0,-1
at:43:17809,Mürfelndorf Abzw. Ort,48.28780147,15.21219679,3,3,560.0,-1
at:43:17810,Seiterndorf Ort,48.27726242,15.23356771,3,3,560.0,-1
at:43:17811,Lohsdorf Abzw. Ort,48.26840147,15.24329646,3,1,1680.0,-1
at:43:17812,Dölla Ort,48.26303154,15.23789759,3,1,1680.0,-1
at:43:17813,Pöbring Ort,48.25936555,15.23431331,3,1,1680.0,-1
at:43:17814,Payerstetten Ort,48.24989735,15.24756346,3,1,1680.0,-1
at:43:17815,Aichau Abzw. Ort,48.25129706,15.25619627,3,1,1680.0,-1
at:43:17816,Pottenbrunn Am Sand,48.24126499,15.70437475,3,32,52.5,5
at:43:17818,Artstetten Unterbierbaum,48.23526993,15.22169198,3,3,560.0,-1
at:43:17819,Artstetten Hasling,48.24423234,15.22766578,3,3,560.0,-1
at:43:17820,Pöbring Abzw. Payerstetten,48.25282233,15.23275024,3,3,560.0,-1
at:43:17821,Fritzelsdorf Ort,48.26167402,15.20058157,3,3,560.0,-1
at:43:17822,St. Pölten Lourdeskirche,48.21561056,15.62538589,3,112,15.0,3
at:43:17824,Großrust Steinfeldstraße,48.27332242,15.61643867,3,1,1680.0,-1
at:43:17825,Obritzberg Kirchenbergstr.,48.28872197,15.60046662,3,1,1680.0,-1
at:43:17826,Kirchstetten/Neulengbach Weinheberpl.,48.18434349,15.81760739,3,9,186.66666666666666,7
at:43:17827,Kirchstetten/Neulengbach Eichbergstr.,48.18361877,15.82109285,3,9,186.66666666666666,7
at:43:17828,Harland Schoisengeiergasse,48.15561631,15.64001944,3,48,35.0,4
at:43:17829,Ochsenburg/St. Pölten Eisenfeldgasse,48.13387001,15.63717178,3,28,60.0,5
at:43:17830,Sichelbach Ort,48.19314714,15.80177907,3,9,186.66666666666666,7
at:43:17831,Mollram Jubiläumsstraße,47.75090562,16.09138694,3,23,73.04347826086956,6
at:43:17832,Würmla Gumperding,48.25329486,15.83540302,3,5,336.0,-1
at:43:17833,Würmla Jetzing,48.25830099,15.84789858,3,5,336.0,-1
at:43:17834,Totzenbach Abzw. Ödhöfe,48.20782851,15.81032205,3,7,240.0,-1
at:43:17835,Großreichenbach Ort,48.68880422,15.02187073,3,7,240.0,-1
at:43:17837,Waidhofen/Ybbs Rabenbergstraße 13,47.95991676,14.76648868,3,11,152.72727272727272,7
at:43:17838,St. Pölten Schneckgasse,48.20244024,15.62204415,3,139,12.086330935251798,3
at:43:17839,St. Pölten Rathaus,48.20447588,15.62222382,3,139,12.086330935251798,3
at:43:17842,Mitterndorf bei Nöchling Landesstraße,48.21578415,14.99774198,3,9,186.66666666666666,7
at:43:17844,Stattersdorf Karl-Maisel-Str.,48.18617023,15.64260659,3,57,29.473684210526315,4
at:43:17846,Kleinerlauf Ort,48.07781347,15.08216565,3,1,1680.0,-1
at:43:17847,Kleinerlauf Grestner Straße,48.07999809,15.08061156,3,36,46.666666666666664,5
at:43:17848,Viehdorf Abzw. Schimming,48.14605698,14.87987403,3,10,168.0,7
at:43:17849,Franzhausen/Traisen Ortsmitte,48.34802303,15.70651274,3,22,76.36363636363636,6
at:43:17850,Pfaffenreith Ort,48.78500699,15.65428469,3,3,560.0,-1
at:43:17851,Sieghartsreith Brücke,48.77440516,15.6179119,3,3,560.0,-1
at:43:17852,Purgstall/Geras Kapelle,48.75763064,15.7233831,3,3,560.0,-1
at:43:17853,Trautmannsdorf/Geras Kapelle,48.78140818,15.71419333,3,4,420.0,-1
at:43:17855,Wertenau Ort,48.85751405,15.37392049,3,5,336.0,-1
at:43:17856,Waidhofen/Ybbs Rabenbergstr./Türkenweg,47.96350793,14.76811463,3,11,152.72727272727272,7
at:43:17858,Eichberg/Gmünd Ort,48.74205309,14.91335424,3,5,336.0,-1
at:43:17859,Weitra Böhmstraße,48.70427378,14.8873031,3,14,120.0,6
at:43:17862,Biberbach Lagerhaus,48.02971034,14.71067635,3,13,129.23076923076923,7
at:43:17864,Martinsdorf Winzerstraße,48.47007546,16.63909875,3,65,25.846153846153847,4
at:43:17865,Reinsberg Schnalle,47.99823977,15.06071388,3,34,49.411764705882355,5
at:43:17900,Dürnleis Feuerwehr,48.62898624,16.22154384,3,10,168.0,7
at:43:17908,Artstetten Volksschule,48.24064876,15.20873827,3,24,70.0,6
at:43:17946,Sierndorf/March Bründlgasse,48.51370175,16.88795903,3,6,280.0,-1
at:43:17950,Stein/Donau Göttweigerhofgasse,48.40367109,15.58742308,3,30,56.0,5
at:43:17951,Gerersdorf Gemeindeamt,48.19903936,15.55445491,3,14,120.0,6
at:43:17953,Göstling/Ybbs Spar-Markt,47.80787265,14.93360227,3,92,18.26086956521739,3
at:43:17954,Gresten Busbahnhof,47.98781546,15.02715282,3,77,21.818181818181817,4
at:43:17979,Gresten Unteramt/Firma Welser,47.99254694,15.01707372,3,5,336.0,-1
at:43:17980,Amtmann Witkogelstraße,47.92426823,14.83117636,3,33,50.90909090909091,5
at:43:17981,Michelbach Markt Wachterhof,48.09044577,15.77906068,3,7,240.0,-1
at:43:17982,Aggsbach Markt Erholungszentrum,48.29716106,15.40445422,3,33,50.90909090909091,5
at:43:17983,Mönichkirchen Erlebnisalm,47.51207506,16.03053506,3,7,240.0,-1
at:43:17985,St. Pölten Hyrtlstraße,48.21473065,15.65264975,3,56,30.0,4
at:43:17986,St. Pölten Stelzhamerstraße,48.21156404,15.65745574,3,56,30.0,4
at:43:18052,Amtmann Straßenhäuser,47.93026352,14.82510375,3,33,50.90909090909091,5
at:43:18288,Vitis Sonnensiedlung,48.76237994,15.18065694,3,7,240.0,-1
at:43:18460,Stadt Haag Elisabethstraße,48.11099889,14.57335987,3,20,84.0,6
at:43:18461,Vitis Gewerbepark,48.75669494,15.16929325,3,5,336.0,-1
at:43:18470,Stölzles Ort,48.74972401,15.11325634,3,5,336.0,-1
at:43:18474,Klostertal Klausgraben,47.81336262,15.80875,3,6,280.0,-1
at:43:18477,Walterschlag/Schweiggers Ort,48.66848321,15.11788267,3,1,1680.0,-1
at:43:18478,Schaffenfeld Schönbichler Str.,48.10123328,14.87954165,3,10,168.0,7
at:43:18482,Waidhofen/Ybbs Abzw. Seeberg,47.91307033,14.77000109,3,20,84.0,6
at:43:18483,Eibesthal Strassberg,48.5979486,16.60347157,3,25,67.2,6
at:43:18487,Groß Sierning Dorfstraße,48.19112304,15.45988926,3,9,186.66666666666666,7
at:43:18488,Gresten Spörken,47.97952981,15.02432313,3,23,73.04347826086956,6
at:43:18491,St. Pölten Wirtschaftshof,48.22060841,15.62206212,3,64,26.25,4
at:43:18493,Türnitz HLW,47.92750673,15.48515887,3,33,50.90909090909091,5
at:43:18566,Behamberg B42/Gwengstraße,48.0623024,14.49337388,3,15,112.0,6
at:43:18567,Mistelbach Josef-Dunkl-Straße,48.56232626,16.56147533,3,21,80.0,6
at:43:18568,Behamberg Blindhof,48.04136346,14.47058362,3,3,560.0,-1
at:43:18569,Trennegg Abzw. Ort,48.25201484,15.23706215,3,1,1680.0,-1
at:43:18570,Unter-Meisling Waxenberg,48.47774017,15.49677409,3,24,70.0,6
at:43:18572,Neusiedl/Zaya Hauptstraße/Schulgasse,48.60071699,16.78884791,3,2,840.0,-1
at:43:18573,Kirchau Abzw. Kleineben,47.65036566,16.07837035,3,14,120.0,6
at:43:18576,Waidhofen/Ybbs Plenkerstraße,47.95584406,14.7825775,3,136,12.352941176470589,3
at:43:18577,Wolfenreith/Großheinrichschlag Kapelle,48.39438473,15.38137651,3,4,420.0,-1
at:43:18579,Gastern Bergsiedlung,48.89807195,15.2157092,3,14,120.0,6
at:43:18580,Heidenreichstein Franz-Grießer-Str.,48.87410748,15.13046806,3,4,420.0,-1
at:43:18581,Poysdorf Mittelschule,48.66529137,16.63243325,3,31,54.193548387096776,5
at:43:18582,Harland Kupelwiesergasse,48.15980507,15.63488108,3,8,210.0,7
at:43:18585,Siebenhirten/Mistelbach Zur Vinothek,48.6112723,16.53605301,3,19,88.42105263157895,6
at:43:18586,Spratzern Ernst-Maerker-Str.,48.16057207,15.6137527,3,20,84.0,6
at:43:18587,Hart/St. Pölten Zusergasse,48.15126539,15.61029419,3,20,84.0,6
at:43:18588,Hart/St. Pölten Ferdinand-Wurm-Straße,48.14625478,15.61112064,3,20,84.0,6
at:43:18589,Thunau/Kamp Dreifaltigkeitsplatz,48.59387892,15.6564137,3,2,840.0,-1
at:43:18591,Harmannsdorf/Horn Kapelle,48.60056253,15.74232857,3,5,336.0,-1
at:43:18592,Wartmannstetten Dammgasse,47.68981277,16.07225282,3,9,186.66666666666666,7
at:43:18594,Albrechtsberg/Großen Krems Unterer Markt,48.46375583,15.36401207,3,11,152.72727272727272,7
at:43:18595,Grünbach/Schneeberg Kolonie/Bahnhof,47.80141667,15.9822596,3,20,84.0,6
at:43:18596,St. Pölten Egon-Wellesz-Gasse,48.20788239,15.61015944,3,17,98.82352941176471,6
at:43:18597,Waidhofen/Ybbs Bertastr. 26/28,47.95462279,14.75978724,3,22,76.36363636363636,6
at:43:18599,Harland Gewerbepark/Gesundheitszentrum,48.17361537,15.63835756,3,56,30.0,4
at:43:18600,Witzendorf Kleingärten,48.20622406,15.59123194,3,17,98.82352941176471,6
at:43:18607,Wenzersdorf Kirche,48.61271554,16.41540028,3,23,73.04347826086956,6
at:43:18608,Waidhofen/Thaya Hauptplatz,48.81508954,15.28688272,3,77,21.818181818181817,4
at:43:18609,Ysper Am Campus,48.28529095,15.06463952,3,55,30.545454545454547,4
at:43:18612,Rosenau/Zwettl Wegmühle,48.62998369,15.04756255,3,20,84.0,6
at:43:18613,Rosenburg Kriegerdenkmal,48.62908718,15.63805213,3,1,1680.0,-1
at:43:18614,Gresten Schützenstraße,47.97083387,15.02035258,3,23,73.04347826086956,6
at:43:18615,Haselgraben Abzw. Mehlhaselbach,47.96439817,14.93954013,3,18,93.33333333333333,6
at:43:18616,Wohlfahrts Siedlung,48.79518642,15.29053886,3,7,240.0,-1
at:43:18617,Ramingdorf Gewerbegebiet,48.06551425,14.45608481,3,17,98.82352941176471,6
at:43:18618,Mitterau/Pielach Ort,48.20038058,15.48625481,3,14,120.0,6
at:43:18619,St. Ulrich Ortsmitte,48.61375488,16.78223631,3,39,43.07692307692308,5
at:43:18620,Neusiedl/Zaya Kirche/Schulen,48.59979025,16.78885689,3,13,129.23076923076923,7
at:43:18621,Murstetten Obere Hauptstraße,48.24002057,15.83314824,3,8,210.0,7
at:43:18622,Dobermannsdorf Volksschule,48.59450276,16.82257965,3,9,186.66666666666666,7
at:43:18623,Dobermannsdorf Kirche,48.59960015,16.82215744,3,24,70.0,6
at:43:18624,Dobermannsdorf Viertelstraße,48.60690076,16.81613873,3,4,420.0,-1
at:43:18625,Unterradlberg Wasserburger Str.,48.25204475,15.68302179,3,56,30.0,4
at:43:18626,Schrems Abzw. Herrenteich,48.78930391,15.08912759,3,5,336.0,-1
at:43:18628,Brand bei Waldhausen Kirche,48.54407152,15.309664,3,5,336.0,-1
at:43:18632,Altenmarkt/Yspertal Pflegezentrum,48.28086734,15.06590614,3,17,98.82352941176471,6
at:43:18634,Stephanshart Zeitlbach,48.15057616,14.80623913,3,6,280.0,-1
at:43:18636,Winklarn Sonnenpark,48.10838971,14.85225084,3,17,98.82352941176471,6
at:43:18637,Stephanshart Hebmannsberg,48.15093576,14.7959085,3,6,280.0,-1
at:43:18638,Haselgraben Zehentmühle,47.95287205,14.92056771,3,33,50.90909090909091,5
at:43:18639,Gnadendorf Abzw. Gaubitsch,48.61809614,16.39206205,3,27,62.22222222222222,6
at:43:18642,Röschitz Roseldorfer Str.,48.66509558,15.8925179,3,12,140.0,7
at:43:18644,Zwettl Südhangstraße,48.61100503,15.1558275,3,7,240.0,-1
at:43:18647,Ratzersdorf Ginstergasse,48.22807733,15.66890028,3,56,30.0,4
at:43:18648,Peygarten-Ottenstein Abzw. Schloss,48.5996952,15.3419764,3,16,105.0,6
at:43:18651,St. Pölten Hubertusstraße,48.20023089,15.64578663,3,28,60.0,5
at:43:18652,Michelbach Markt Kirche,48.09936153,15.75796824,3,21,80.0,6
at:43:18653,Etzmannsdorf bei Straning Ort,48.6187375,15.85055759,3,1,1680.0,-1
at:43:18654,Herrnbaumgarten Volksschule,48.69676194,16.68307128,3,6,280.0,-1
at:43:18655,Schrattenberg Volksschule,48.72452702,16.72098019,3,13,129.23076923076923,7
at:43:18656,Michelbach Markt Friedhof,48.09849762,15.75521041,3,21,80.0,6
at:43:18658,Wallsee Speckschmied,48.13786871,14.70190879,3,17,98.82352941176471,6
at:43:18660,Mistelbach Dr.-Körner-Straße,48.57960569,16.5652752,3,20,84.0,6
at:43:18663,Gilgenberg Zlabingsbachbrücke,48.94963604,15.35481332,3,6,280.0,-1
at:43:18664,Hanfthal Kirche,48.70276201,16.36418732,3,4,420.0,-1
at:43:18665,Magersdorf Gaisberggasse,48.55894933,16.09713616,3,12,140.0,7
at:43:18666,Altenmarkt/Yspertal Stockner,48.27569004,15.06421731,3,5,336.0,-1
at:43:18669,Gresten Wieselburger Straße,47.98815215,15.02382007,3,38,44.21052631578947,5
at:43:18670,Markersdorf/Pielach Sportplatzstraße,48.18773937,15.49989124,3,8,210.0,7
at:43:18671,Gresten Waidhofner Straße,47.98664906,15.02214921,3,35,48.0,5
at:43:18672,Kirchberg/Wechsel Pflegeheim,47.60450522,15.99409041,3,21,80.0,6
at:43:18673,Mistelbach HTL,48.57603973,16.57327919,3,6,280.0,-1
at:43:18674,Altenmarkt/Laa Feuerwehr,48.67467647,16.38855862,3,2,840.0,-1
at:43:18675,Schweinern Koglmühle,48.29179415,15.58247336,3,10,168.0,7
at:43:18676,Winkel bei Markersdorf,48.17658065,15.47256449,3,8,210.0,7
at:43:18679,Zeining Abzw. Lanzenhof,48.34774243,15.29903693,3,20,84.0,6
at:43:18680,Walcherberg Winkelbauer,47.99284152,14.85646393,3,1,1680.0,-1
at:43:18682,Lunz am See Mausrodlteich,47.87318375,15.04731102,3,43,39.06976744186046,4
at:43:18683,Pyhra/St. Pölten LFS,48.15006672,15.69389141,3,4,420.0,-1
at:43:18684,Harland M.-Beyerknecht-Straße,48.17519088,15.63873485,3,56,30.0,4
at:43:18685,Merkendorf b.Schollach Ort,48.18718838,15.37047994,3,19,88.42105263157895,6
at:43:18686,Kematen/Ybbs Stritzelhof,48.05222731,14.75259174,3,7,240.0,-1
at:43:18688,Feichtenbach Geyerstraße,47.91804346,16.00348679,3,7,240.0,-1
at:43:18689,Markersdorf/Pielach Gladiolengasse,48.19714722,15.50299941,3,2,840.0,-1
at:43:18690,Schrattenberg Friedhof,48.72002305,16.71554538,3,36,46.666666666666664,5
at:43:18691,Vitis Jetzleser Straße,48.76093506,15.18319917,3,6,280.0,-1
at:43:18692,Landstal Drdakbrücke,48.01247812,15.78174664,3,11,152.72727272727272,7
at:43:18693,Hausenbach Feuerwehr,48.25098602,15.54836433,3,11,152.72727272727272,7
at:43:18694,Karlstetten Wieshöf,48.25475429,15.55805716,3,11,152.72727272727272,7
at:43:18695,Els Bad,48.4449233,15.37015655,3,19,88.42105263157895,6
at:43:18696,Eisengraberamt Nr. 98,48.54762785,15.43717087,3,5,336.0,-1
at:43:18698,Eisengraberamt Nr. 15,48.55775427,15.4428033,3,5,336.0,-1
at:43:18699,Gstetten b. Michelbach Ort,48.12490627,15.74863474,3,22,76.36363636363636,6
at:43:18700,Falkenstein Dörfl,48.71752199,16.57842654,3,27,62.22222222222222,6
at:43:18702,Kleinpertholz/He Tagesheimst.,48.85802233,15.10588117,3,9,186.66666666666666,7
at:43:18704,Karlstetten Mitterweg,48.25602826,15.56125516,3,11,152.72727272727272,7
at:43:18705,Oberwinden Kapelle,48.28544039,15.71791236,3,23,73.04347826086956,6
at:43:18706,Muthmannsdorf Siedlerstraße,47.84181671,16.11116784,3,18,93.33333333333333,6
at:43:18707,Thomasberg Kienegg,47.62173409,16.16324318,3,18,93.33333333333333,6
at:43:18708,Schrattenbach Rosental,47.78937743,15.99376702,3,14,120.0,6
at:43:18709,Schrattenbach Sportplatz,47.78399961,16.00517562,3,14,120.0,6
at:43:18710,Schrattenbach Greith,47.78454889,16.01107755,3,14,120.0,6
at:43:18712,Haschendorf Großmittler Straße,47.88712526,16.34172944,3,16,105.0,6
at:43:18713,Zwettl Gewerbepark,48.60175064,15.1893706,3,50,33.6,4
at:43:18714,Miesenbach/Scheibbs Am Liebegg,47.98098501,15.17764758,3,33,50.90909090909091,5
at:43:18715,Eschenau bei Traisen Ortsmitte,48.04854623,15.56668098,3,15,112.0,6
at:43:18716,Eschenau bei Traisen Löfflmühl,48.04630022,15.5601143,3,26,64.61538461538461,6
at:43:18717,Steubach Ort,48.0582618,15.58161098,3,27,62.22222222222222,6
at:43:18718,Steubach Uferweg,48.0629628,15.59056719,3,27,62.22222222222222,6
at:43:18719,Kottingbrunn F.-Schmolka-Str.,47.95699311,16.22713136,3,33,50.90909090909091,5
at:43:18720,St. Corona/Wechsel Erlebnisarena,47.57836343,16.02059071,3,22,76.36363636363636,6
at:43:18721,Pillichsdorf Hauptplatz,48.36431918,16.54049068,3,56,30.0,4
at:43:18724,Eisengraben Nr. 35,48.53045051,15.46416524,3,7,240.0,-1
at:43:18725,Wilfersdorf b. M. Wirtschaftspark A5,48.56901405,16.63655652,3,3,560.0,-1
at:43:18726,Loosdorf/Melk Schulen,48.19852441,15.39960332,3,11,152.72727272727272,7
at:43:18727,Spratzern Brunnenfeld,48.16250152,15.61387847,3,20,84.0,6
at:43:18728,Roggendorf/Loosdorf Bachgasse,48.20511649,15.37932835,3,19,88.42105263157895,6
at:43:18730,Mollands Weinstraße 45,48.50794104,15.67357152,3,13,129.23076923076923,7
at:43:18731,Lexnitz Ort,48.9257081,15.33112475,3,2,840.0,-1
at:43:18732,Perwarth Abzw. Mitterberg,48.0195087,14.97854498,3,20,84.0,6
at:43:18733,Markstein Abzw. Schindlberg,47.87628687,15.07590439,3,13,129.23076923076923,7
at:43:18735,Kleinschönau/Zwettl Ort,48.57511254,15.23845454,3,7,240.0,-1
at:43:18736,Brunnwiesen Hofschweiger,48.13092624,15.21335561,3,27,62.22222222222222,6
at:43:18737,Zwettl Weitraer Str./Hochbeh.,48.61070212,15.15937585,3,12,140.0,7
at:43:18738,Neunkirchen Steinfeldgasse,47.73585209,16.08596112,3,23,73.04347826086956,6
at:43:18740,Klein-Mariazell Nr. 87,48.03005276,15.96326921,3,11,152.72727272727272,7
at:43:18741,Klein-Mariazell Nr. 77,48.04089498,15.95191451,3,11,152.72727272727272,7
at:43:18742,Altenmarkt/Triesting Klosterbachtal,48.02185802,15.9815679,3,11,152.72727272727272,7
at:43:18743,Langmannersdorf Johannessteg,48.27575581,15.82589884,3,22,76.36363636363636,6
at:43:18744,Ulmerfeld Neuhofner Straße,48.07642103,14.82654105,3,13,129.23076923076923,7
at:43:18745,Waldkirchen/Thaya Kirche,48.93697425,15.35454383,3,7,240.0,-1
at:43:18746,Waldenstein Volksschule,48.72820101,15.01908595,3,11,152.72727272727272,7
at:43:18749,Haschendorf Erholungszentrum,47.88954084,16.33447106,3,16,105.0,6
at:43:18750,Randegg Friedhof,48.0132954,14.97377493,3,37,45.4054054054054,5
at:43:18754,Klausen-Leopoldsdorf Lengbachl,48.12770049,15.98791898,3,19,88.42105263157895,6
at:43:18755,Aspangberg Hoffeld West,47.5571981,16.08579942,3,6,280.0,-1
at:43:18756,Aspangberg Hoffeld Ost,47.55876216,16.0893298,3,6,280.0,-1
at:43:18758,Eisengraberamt Nr. 17,48.56251055,15.43653306,3,3,560.0,-1
at:43:18759,Eisengraberamt Nr. 60,48.55522731,15.43074791,3,3,560.0,-1
at:43:18760,Korneuburg Raiffeisenstraße,48.33721574,16.33506394,3,13,129.23076923076923,7
at:43:18761,Hochegg Steinbruchweg,47.61334746,16.10195113,3,18,93.33333333333333,6
at:43:18764,Kottes Hauptstraße,48.41428541,15.30170492,3,11,152.72727272727272,7
at:43:18765,Loipersbach Holzgasse,47.71760322,16.12845143,3,34,49.411764705882355,5
at:43:18766,Unterlembach Schlößlteich,48.74403165,14.89902611,3,12,140.0,7
at:43:18767,Holzapfel Kapelle,47.87267157,15.00942008,3,4,420.0,-1
at:43:18768,Pfaffenschlag/Gaming Groß Pfaffenschlag,47.89541368,15.01903205,3,4,420.0,-1
at:43:18769,Unterkirchbach Ort,48.29012061,16.1946932,3,27,62.22222222222222,6
at:43:18770,Pitten Nibelungenstraße,47.71233886,16.17532552,3,8,210.0,7
at:43:18771,Hofamt Priel Schloss Persenbeug,48.19058406,15.07545523,3,20,84.0,6
at:43:18772,Pfaffenschlag/Gaming Hochalmstraße,47.89639543,15.01338165,3,4,420.0,-1
at:43:18774,Siebenhirten/Mistelbach Kirche,48.60713241,16.5404278,3,12,140.0,7
at:43:18777,Wolfsberg bei Zwettl Ort,48.56796189,15.28505016,3,3,560.0,-1
at:43:18780,Puchberg/Schneeberg Feuerwehr,47.79247954,15.91449069,3,14,120.0,6
at:43:18784,Schrattenberg Gemeindeamt,48.72577146,16.71859067,3,10,168.0,7
at:43:20051,Ebenfurth Bahnhofstraße,47.87664839,16.36257036,3,30,56.0,5
at:43:20052,Dickenau Bundesstraße,47.94790227,15.52205268,3,11,152.72727272727272,7
at:43:20056,Grabenegg Sinhof,48.13231121,15.22453964,3,27,62.22222222222222,6
at:43:20088,Kleineberharts Dorfschule,48.83065626,15.29397043,3,3,560.0,-1
at:43:20124,Altlengbach Fabrikgasse,48.15217036,15.90930741,3,15,112.0,6
at:43:20128,Ruprechtshofen Rainberg,48.13774282,15.22196147,3,23,73.04347826086956,6
at:43:20131,Bergau/Göllersdorf Ortsmitte,48.51375531,16.16393488,3,7,240.0,-1
at:43:20132,St. Pölten Mühlbach Ost,48.19824898,15.63991164,3,28,60.0,5
at:43:20133,Bierbaumdorf Ort,48.06041723,14.68659251,3,13,129.23076923076923,7
at:43:20134,Göllersdorf Schulen,48.49107768,16.12360053,3,17,98.82352941176471,6
at:43:20135,Göllersdorf Feldgasse,48.48914277,16.12241475,3,14,120.0,6
at:43:20136,Preßbach Abzw. Breiteneich,48.12960718,15.16671508,3,4,420.0,-1
at:43:20139,Furth/Göllersdorf Ort,48.50448311,16.09222237,3,9,186.66666666666666,7
at:43:20140,Sollenau A.-Gsellmann-Straße,47.90492325,16.27718549,3,25,67.2,6
at:43:20141,Puch bei Hollabrunn Oberort,48.49799514,16.04095552,3,22,76.36363636363636,6
at:43:20142,Puch bei Hollabrunn Unterort,48.50042971,16.04312046,3,22,76.36363636363636,6
at:43:20143,Dietersdorf bei Hollabrunn Dorfplatz,48.52898112,16.05808639,3,19,88.42105263157895,6
at:43:20144,Sonnberg bei Hollabrunn Hauptplatz,48.54039599,16.05713418,3,19,88.42105263157895,6
at:43:20145,Hollabrunn Dr.-Kutscher-Gasse,48.5493405,16.07911595,3,47,35.744680851063826,4
at:43:20146,Sonnberg bei Hollabrunn Raschalaer Str.,48.54328053,16.05929912,3,17,98.82352941176471,6
at:43:20147,Grund Ortsmitte,48.63086832,16.06319781,3,26,64.61538461538461,6
at:43:20148,Guntersdorf Bahnhofsiedlung Grund,48.64430204,16.04881578,3,33,50.90909090909091,5
at:43:20149,Guntersdorf Kirche,48.64880685,16.0467766,3,34,49.411764705882355,5
at:43:20150,Breitenwaida Volksschule,48.51580235,16.06966568,3,6,280.0,-1
at:43:20151,Breitenwaida Tullner Straße,48.50961338,16.06714141,3,22,76.36363636363636,6
at:43:20153,Breitenwaida Hauptstraße,48.51458842,16.07104908,3,17,98.82352941176471,6
at:43:20154,Viendorf Ortsmitte,48.48343286,16.1379556,3,7,240.0,-1
at:43:20155,Untergrub Feuerwehr,48.49051805,16.17548722,3,7,240.0,-1
at:43:20156,Obergrub bei Göllersdorf Ort,48.50023328,16.1781642,3,7,240.0,-1
at:43:20157,Watzelsdorf West,48.6998925,15.97766022,3,31,54.193548387096776,5
at:43:20158,Gemeinlebarn Hilpersdorfer Str.,48.34067313,15.80477945,3,29,57.93103448275862,5
at:43:20159,Hilpersdorf Kapelle,48.34717525,15.79417933,3,26,64.61538461538461,6
at:43:20160,Frauendorf/Traismauer Ort,48.35239903,15.78149512,3,26,64.61538461538461,6
at:43:20161,Stollhofen Ortsmitte,48.35207666,15.758094,3,27,62.22222222222222,6
at:43:20162,Stollhofen Kellergasse,48.34858423,15.75848926,3,2,840.0,-1
at:43:20164,Traismauer Hofbauergasse,48.34898423,15.75134765,3,27,62.22222222222222,6
at:43:20165,Traismauer Abzw. Waldlesberg,48.34188525,15.73907667,3,18,93.33333333333333,6
at:43:20166,Oberndorf/Gebirge Gießgraben,48.33606323,15.7356451,3,18,93.33333333333333,6
at:43:20167,Oberndorf/Gebirge Ortsmitte,48.33159027,15.73261778,3,18,93.33333333333333,6
at:43:20168,Einöd/Herzogenburg Ortsstraße,48.31313294,15.72738959,3,10,168.0,7
at:43:20169,Einöd/Herzogenbg. Schloßfeldg.,48.30960199,15.72604211,3,21,80.0,6
at:43:20170,Einöd/Herzogenburg Traiseng.,48.3132345,15.72626669,3,12,140.0,7
at:43:20171,Angern/Traisen Ortsstraße,48.30313093,15.72216139,3,20,84.0,6
at:43:20172,St. Andrä/Traisen Volksschule,48.29962917,15.72001442,3,11,152.72727272727272,7
at:43:20173,St. Andrä/Traisen Gärtnergasse,48.2943701,15.71665472,3,22,76.36363636363636,6
at:43:20174,Unterwinden/Herzogenburg Hofgasse,48.28948107,15.72024798,3,21,80.0,6
at:43:20175,Hameten Landesstraße,48.29975466,15.76213642,3,6,280.0,-1
at:43:20176,Gutenbrunn/Herzogenburg Ort,48.2976033,15.77877322,3,6,280.0,-1
at:43:20177,Heiligenkreuz/Hzgbg. Schloss,48.29028199,15.7805429,3,6,280.0,-1
at:43:20178,Pottschall,48.29007877,15.80390808,3,6,280.0,-1
at:43:20179,Adletzberg Süd,48.2984519,15.8138165,3,1,1680.0,-1
at:43:20180,Adletzberg Ort,48.29977857,15.81369074,3,6,280.0,-1
at:43:20181,Perschling Ortsmitte,48.26017293,15.79634427,3,6,280.0,-1
at:43:20182,Perschling Am Berg,48.26071118,15.79366729,3,27,62.22222222222222,6
at:43:20183,Kapelln Hauptstraße,48.25844453,15.7572945,3,42,40.0,5
at:43:20184,Ossarn Ortsstraße,48.27372301,15.71395079,3,16,105.0,6
at:43:20185,Ossarn Sandgasse,48.27904997,15.71716676,3,16,105.0,6
at:43:20186,Ossarn Hauptstraße,48.27576179,15.71610675,3,16,105.0,6
at:43:20187,Kapelln Kremser Straße,48.25880935,15.7566567,3,15,112.0,6
at:43:20188,Ossarn Neubaugasse,48.28129179,15.71657387,3,18,93.33333333333333,6
at:43:20189,Oberwinden Süd,48.28186568,15.71777761,3,23,73.04347826086956,6
at:43:20191,Herzogenburg Schulen,48.28560178,15.69246309,3,47,35.744680851063826,4
at:43:20192,Oberndorf/Ebene M.-Vollrath-G.,48.27209671,15.69050476,3,24,70.0,6
at:43:20193,Herzogenburg Am Hainer Berg,48.27857768,15.6810455,3,5,336.0,-1
at:43:20194,Wielandsthal Kapelle,48.29806943,15.68418062,3,6,280.0,-1
at:43:20195,Ederding Ort,48.29630646,15.66996927,3,6,280.0,-1
at:43:20196,Weistrach Ortsmitte,48.05533171,14.58308863,3,38,44.21052631578947,5
at:43:20197,Wetzmannsthal Ortsstraße,48.31459065,15.66240546,3,10,168.0,7
at:43:20198,Traismauer Ing.-Toder-Gasse,48.35319897,15.74000193,3,29,57.93103448275862,5
at:43:20199,Traismauer Rittersfeld,48.35750289,15.73869938,3,29,57.93103448275862,5
at:43:20200,Traismauer St. Georgen,48.36106634,15.73758546,3,29,57.93103448275862,5
at:43:20201,Wagram/Traisen Ortsmitte,48.36280917,15.71160619,3,30,56.0,5
at:43:20202,Hollenburg Wetterkreuzstr.,48.3778118,15.69927232,3,29,57.93103448275862,5
at:43:20203,Hollenburg Ortsmitte,48.37958389,15.69310987,3,29,57.93103448275862,5
at:43:20204,Kleedorf/Donau Krustettener Str.,48.37869487,15.68026397,3,29,57.93103448275862,5
at:43:20205,Angern Leitengraben,48.37623655,15.66003391,3,29,57.93103448275862,5
at:43:20206,Angern Ort,48.37952423,15.65401519,3,29,57.93103448275862,5
at:43:20207,Thallern Alte Schmiedgasse,48.38115903,15.64995481,3,29,57.93103448275862,5
at:43:20208,Thallern Ortsmitte,48.38588417,15.64657714,3,29,57.93103448275862,5
at:43:20209,Thallern Oskar-Werner-Weg,48.38473276,15.6437205,3,29,57.93103448275862,5
at:43:20210,Brunnkirchen Hauptstraße,48.38422565,15.63179087,3,29,57.93103448275862,5
at:43:20212,Eichgraben Sportplatz,48.17626916,15.9962284,3,28,60.0,5
at:43:20213,Eichgraben Freiheitsplatz/Ulmenstraße,48.17490933,15.98688592,3,33,50.90909090909091,5
at:43:20214,Eichgraben Ganghoferstraße,48.17044023,15.98170264,3,57,29.473684210526315,4
at:43:20215,Eichgraben Schweighofstraße,48.16727687,15.9791155,3,57,29.473684210526315,4
at:43:20216,Eichgraben Kaiserhöhe,48.1631067,15.96320633,3,57,29.473684210526315,4
at:43:20217,Altlengbach Steinhäusl Kaiserbrücke,48.15640135,15.95041432,3,41,40.97560975609756,5
at:43:20218,Altlengbach Hotel Lengbachhof,48.15535862,15.94856379,3,41,40.97560975609756,5
at:43:20219,Altlengbach Beaumontsiedlung,48.15342292,15.94283254,3,41,40.97560975609756,5
at:43:20220,Altlengbach Kindergarten II,48.15268577,15.93699349,3,41,40.97560975609756,5
at:43:20221,Altlengbach Ortsmitte,48.15244605,15.93170241,3,43,39.06976744186046,4
at:43:20222,Altlengbach Friedhof,48.1538604,15.92597116,3,43,39.06976744186046,4
at:43:20223,Altlengbach Hotel Steinberger,48.154202,15.91979974,3,43,39.06976744186046,4
at:43:20226,Heinrichsberg Ort,48.10537849,15.38086447,3,57,29.473684210526315,4
at:43:20227,Altlengbach Mittelschule Laabental,48.14344959,15.90969369,3,73,23.013698630136986,4
at:43:20228,Neustift bei Innermanzing Kohlhof,48.14242457,15.90903792,3,55,30.545454545454547,4
at:43:20229,Neustift bei Innermanzing VS,48.13825837,15.91121184,3,55,30.545454545454547,4
at:43:20230,Innermanzing Kirche,48.13210137,15.9124066,3,55,30.545454545454547,4
at:43:20231,Innermanzing Abzw. Rauschhofsiedlung,48.12880974,15.90985539,3,55,30.545454545454547,4
at:43:20232,Innermanzing Sengerfaden,48.12638135,15.90269581,3,55,30.545454545454547,4
at:43:20233,Innermanzing Audorf,48.12180607,15.89395521,3,55,30.545454545454547,4
at:43:20234,Laaben Griesbauer,48.11776414,15.88685852,3,54,31.11111111111111,4
at:43:20235,Laaben Laabnerhof,48.11225844,15.88295983,3,54,31.11111111111111,4
at:43:20236,Laaben Hauptplatz,48.10964933,15.88214236,3,54,31.11111111111111,4
at:43:20237,Brand/Laaben Kirche,48.11027313,15.86723033,3,7,240.0,-1
at:43:20238,Brand/Laaben Brambach,48.10728602,15.85420475,3,7,240.0,-1
at:43:20239,Bonnleiten Gasthaus Luft,48.10336892,15.84656009,3,7,240.0,-1
at:43:20241,Laaben Volksschule,48.10798783,15.88092065,3,54,31.11111111111111,4
at:43:20242,Laaben Angermühle,48.10272704,15.88079489,3,61,27.540983606557376,4
at:43:20243,Wöllersdorf bei Laaben,48.09622979,15.87761485,3,34,49.411764705882355,5
at:43:20244,Klamm Abzw. Stollberg,48.08611333,15.86559539,3,35,48.0,5
at:43:20245,Klamm Bärnloch,48.06671489,15.85680987,3,31,54.193548387096776,5
at:43:20246,Klamm Abzw. Hendlberg,48.06570035,15.84790756,3,31,54.193548387096776,5
at:43:20247,Klamm Klammhöhe,48.06204425,15.84558991,3,31,54.193548387096776,5
at:43:20248,Bernau bei Hainfeld Grabner,48.05763737,15.82592579,3,23,73.04347826086956,6
at:43:20249,Bernau bei Hainfeld Ort,48.05332618,15.80185992,3,23,73.04347826086956,6
at:43:20250,Hainfeld Gstettl,48.03516481,15.80531844,3,34,49.411764705882355,5
at:43:20251,Hainfeld B18/Zentrum,48.03562132,15.77378757,3,69,24.347826086956523,4
at:43:20252,Altlengbach Autobahnanschluss,48.15261985,15.90536381,3,44,38.18181818181818,4
at:43:20253,Altlengbach Reitermühlstraße,48.15640135,15.90249818,3,41,40.97560975609756,5
at:43:20254,Altlengbach Leitsberg,48.15999682,15.89530268,3,41,40.97560975609756,5
at:43:20255,Altlengbach Nest,48.16410134,15.89139501,3,41,40.97560975609756,5
at:43:20256,Unterthurm Ort,48.17037433,15.88754124,3,41,40.97560975609756,5
at:43:20258,St. Christophen Kirche,48.1745499,15.8866519,3,56,30.0,4
at:43:20259,Unterthurm Kaupersiedlung,48.17618529,15.88930193,3,41,40.97560975609756,5
at:43:20260,Unterthurm Wohnwagensiedlung,48.18404402,15.89132314,3,41,40.97560975609756,5
at:43:20261,Neulengbach Brücklmühle,48.18809272,15.89695558,3,41,40.97560975609756,5
at:43:20262,Neulengbach Kollergasse,48.19893757,15.90608246,3,32,52.5,5
at:43:20263,Breitenwaida Hollabrunner Str.,48.51615938,16.07170485,3,15,112.0,6
at:43:20266,Klamm Hauptstraße 84,48.07221346,15.86078941,3,32,52.5,5
at:43:20267,Reith bei Langenlois Nord,48.51711145,15.65403316,3,7,240.0,-1
at:43:20268,Sollenau Kirche,47.89909365,16.24864601,3,5,336.0,-1
at:43:20269,Hainfeld Abzw. Gstettl,48.03628807,15.79831158,3,23,73.04347826086956,6
at:43:20270,St. Andrä/Traisen Ortsmitte,48.29783636,15.71801117,3,22,76.36363636363636,6
at:43:20271,Theresienfeld Kirche,47.86057653,16.24778363,3,52,32.30769230769231,4
at:43:20272,Theresienfeld Berufsschule,47.85553157,16.24719973,3,52,32.30769230769231,4
at:43:20273,Theresienfeld Flugfeldstraße,47.84750204,16.24623853,3,52,32.30769230769231,4
at:43:20274,Wiener Neustadt Wiener Straße 123,47.84200362,16.24563666,3,76,22.105263157894736,4
at:43:20275,Wiener Neustadt B17/Samuel-Morse-Str.,47.83535891,16.24488207,3,76,22.105263157894736,4
at:43:20277,Wiener Neustadt Stadionstraße/Friedhof,47.82844197,16.24745125,3,29,57.93103448275862,5
at:43:20278,Wiener Neustadt Liese-Prokop-Weg,47.80650308,16.26319872,3,152,11.052631578947368,3
at:43:20279,Wiener Neustadt Leithafeldgasse,47.80314236,16.27157102,3,148,11.35135135135135,3
at:43:20280,Neulengbach Gymnasium,48.19618315,15.9009441,3,30,56.0,5
at:43:20281,Jetzelsdorf Kriegerdenkmal,48.70706004,16.05723299,3,65,25.846153846153847,4
at:43:20282,Großkadolz Glockenturm,48.71302332,16.18328459,3,36,46.666666666666664,5
at:43:20283,Rafing Ortsmitte,48.69641804,15.82978855,3,21,80.0,6
at:43:20284,Retz Missonsiedlung,48.76933136,15.94355119,3,36,46.666666666666664,5
at:43:20285,Kleedorf/Donau Römerstraße,48.37825333,15.67646409,3,29,57.93103448275862,5
at:43:20286,Kleinhöflein bei Retz Ort,48.75036961,15.99971386,3,1,1680.0,-1
at:43:20287,Kleinriedenthal Ort,48.74326748,16.02166869,3,10,168.0,7
at:43:20288,Kleinriedenthal Kirche,48.74446408,16.02202802,3,11,152.72727272727272,7
at:43:20289,Ragelsdorf Feuerwehr,48.72610331,16.02935827,3,22,76.36363636363636,6
at:43:20290,Ragelsdorf Hauptstraße,48.72954017,16.02535178,3,20,84.0,6
at:43:20291,Pfaffendorf Kirchenplatz,48.70500296,16.02979844,3,22,76.36363636363636,6
at:43:20292,Zwingendorf  West,48.70222844,16.23229667,3,23,73.04347826086956,6
at:43:20293,Wulzeshofen Laaer Straße,48.71662703,16.30621006,3,25,67.2,6
at:43:20294,Pfaffendorf Pulkaubrücke,48.70263751,16.026304,3,18,93.33333333333333,6
at:43:20295,Wulzeshofen Gemeindeamt,48.7181443,16.3031468,3,25,67.2,6
at:43:20296,Zwingendorf Ortsmitte,48.70564322,16.23883641,3,9,186.66666666666666,7
at:43:20297,Hadres Hauptstraße/Kreuz,48.70866652,16.12496596,3,30,56.0,5
at:43:20298,Laa/Thaya Anton-Bruckner-Str.,48.7212439,16.3951253,3,110,15.272727272727273,3
at:43:20299,Zwingendorf Abzw. Großharras,48.70405443,16.23970778,3,23,73.04347826086956,6
at:43:20300,Unterthurm Kreisverkehr,48.17305824,15.88778378,3,41,40.97560975609756,5
at:43:20301,Obritz Feuerwehr,48.70263751,16.15365815,3,30,56.0,5
at:43:20302,Reith bei Langenlois Süd,48.51115474,15.66111188,3,7,240.0,-1
at:43:20303,Kleinhöflein bei Retz Feuerwehr,48.74935085,16.00522952,3,21,80.0,6
at:43:20304,Laaben Feuerwehr,48.10649422,15.88123506,3,28,60.0,5
at:43:20305,Weistrach Voralpenstraße 34/35,48.04795771,14.5704673,3,36,46.666666666666664,5
at:43:20306,Unterretzbach Ortsmitte,48.76762024,16.00037862,3,19,88.42105263157895,6
at:43:20307,Unterretzbach Bahnhof,48.7648669299156,16.0078705674041,0,28,60.0,3
at:43:20308,Gutenbrunn/Herzogenburg Tracksiedlung,48.29435815,15.77773117,3,6,280.0,-1
at:43:20312,Pernersdorf Kirche,48.69993401,16.01167044,3,13,129.23076923076923,7
at:43:20313,Pernersdorf Ort,48.69999922,16.01376352,3,11,152.72727272727272,7
at:43:20314,Pfaffendorf Franz-Ecker-Siedlung,48.70173636,16.02583687,3,24,70.0,6
at:43:20315,Peigarten bei Haugsdorf Ortsmitte,48.70443977,16.04577947,3,42,40.0,5
at:43:20316,Pernersdorf West,48.69947155,16.00681954,3,13,129.23076923076923,7
at:43:20317,Retz Friedhof,48.76415637,15.95653185,3,20,84.0,6
at:43:20318,Retz Am Anger,48.76235626,15.950585,3,36,46.666666666666664,5
at:43:20319,Ossarn Gewerbegebiet,48.28276835,15.70790513,3,34,49.411764705882355,5
at:43:20320,Auggenthal Ortsmitte,48.704007,16.06633293,3,36,46.666666666666664,5
at:43:20321,Auggenthal B45/Abzw. VS Haugsdorf,48.70544166,16.06935127,3,35,48.0,5
at:43:20322,Haugsdorf Mittelschule,48.70783661,16.07637609,3,35,48.0,5
at:43:20323,Haugsdorf Kriegerdenkmal,48.70559579,16.0793046,3,26,64.61538461538461,6
at:43:20324,Haugsdorf Friedhof,48.70430342,16.0826104,3,26,64.61538461538461,6
at:43:20325,Alberndorf Europasiedlung,48.6999933,16.09840278,3,26,64.61538461538461,6
at:43:20326,Alberndorf Gemeindeamt,48.70526381,16.10000178,3,27,62.22222222222222,6
at:43:20327,Alberndorf Hauptstraße,48.70739794,16.10451133,3,26,64.61538461538461,6
at:43:20328,Untermarkersdorf Gh. Pulkautaler,48.70920596,16.11549772,3,30,56.0,5
at:43:20329,Untermarkersdorf Kriegerdenkmal,48.70752243,16.11774351,3,30,56.0,5
at:43:20330,Hadres Gemeindeamt,48.70970389,16.13099366,3,33,50.90909090909091,5
at:43:20331,Hadres Mittelschule,48.70829899,16.1362488,3,33,50.90909090909091,5
at:43:20332,Obritz Siedlung,48.70299916,16.14781911,3,33,50.90909090909091,5
at:43:20333,Obritz Kirche,48.70171857,16.15803295,3,6,280.0,-1
at:43:20334,Hadres Volksschule,48.71047449,16.13438031,3,5,336.0,-1
at:43:20335,Seefeld bei Großkadolz Ort,48.71577354,16.1757118,3,30,56.0,5
at:43:20337,Unterretzbach Bahnstraße,48.76535839,16.00268729,3,19,88.42105263157895,6
at:43:20338,Stollhofen Schule,48.35191548,15.76098658,3,27,62.22222222222222,6
at:43:20339,Unterretzbach Hauptstraße,48.76930175,15.9956984,3,19,88.42105263157895,6
at:43:20340,Mitterretzbach Ortsmitte,48.78271041,15.97634868,3,20,84.0,6
at:43:20341,Oberretzbach Hauptstraße,48.7817515,15.97246796,3,20,84.0,6
at:43:20342,Breiteneich bei Horn Ortsmitte,48.67395871,15.6928853,3,9,186.66666666666666,7
at:43:20343,Stössing Abzw. Stollberg,48.12080461,15.81692467,3,24,70.0,6
at:43:20344,Waschbach Kriegerdenkmal,48.80787823,15.84597619,3,17,98.82352941176471,6
at:43:20345,Pleißing Volksschule,48.80465381,15.84286802,3,41,40.97560975609756,5
at:43:20346,Fronsburg Ortsmitte,48.80174278,15.80683659,3,9,186.66666666666666,7
at:43:20347,Weitersfeld Hauptplatz,48.78081625,15.81121139,3,41,40.97560975609756,5
at:43:20348,Obermixnitz Ort,48.75235969,15.81458905,3,7,240.0,-1
at:43:20349,Passendorf Ortsmitte,48.73524602,15.81822723,3,6,280.0,-1
at:43:20350,Theras Ost,48.73004383,15.79249948,3,2,840.0,-1
at:43:20351,Theras Hauptplatz,48.7310215,15.79023572,3,12,140.0,7
at:43:20352,Heinrichsdorf Ort,48.74455293,15.76183998,3,3,560.0,-1
at:43:20353,Rodingersdorf Ortsmitte,48.68632533,15.72133494,3,41,40.97560975609756,5
at:43:20354,Hessendorf bei Geras Ortsmitte,48.82130024,15.73982227,3,11,152.72727272727272,7
at:43:20355,Eggenburg Grafenberger Str./Fa. Killer,48.64160727,15.83003109,3,4,420.0,-1
at:43:20356,Mallersbach Abzw. Felling,48.84443871,15.79906616,3,12,140.0,7
at:43:20357,Sträußl B122,48.05323611,14.51599346,3,32,52.5,5
at:43:20360,Maigen bei Sigmundsherberg,48.67605858,15.77270061,3,10,168.0,7
at:43:20361,Kleinmeiseldorf Bauhof,48.6662169,15.74802389,3,9,186.66666666666666,7
at:43:20362,Rodingersdorf Lagerhausstraße,48.6874877,15.73050674,3,23,73.04347826086956,6
at:43:20364,Sigmundsherberg Schulstraße,48.68698955,15.74832033,3,27,62.22222222222222,6
at:43:20365,Röhrawiesen Ortsmitte,48.72468702,15.75140155,3,11,152.72727272727272,7
at:43:20366,Kainreith Kriegerdenkmal,48.71257877,15.72293394,3,29,57.93103448275862,5
at:43:20367,Walkenstein Ortsmitte,48.716467,15.72785671,3,31,54.193548387096776,5
at:43:20368,Brugg bei Sigmundsherberg Landesstr.,48.70649095,15.74006481,3,17,98.82352941176471,6
at:43:20369,Therasburg Landesstraße,48.71352715,15.78360616,3,11,152.72727272727272,7
at:43:20370,Untermixnitz Ort,48.75546902,15.84134986,3,6,280.0,-1
at:43:20371,Riegersburg Teichäcker,48.85259051,15.77549437,3,12,140.0,7
at:43:20372,Niederfladnitz Kriegerdenkmal,48.79640545,15.89555421,3,39,43.07692307692308,5
at:43:20373,Hofern bei Retz Bundesstraße,48.77994017,15.90534584,3,36,46.666666666666664,5
at:43:20374,Pleißing Johannesplatz,48.79987892,15.83889746,3,37,45.4054054054054,5
at:43:20375,Heufurth Ortsmitte,48.82014097,15.8230961,3,11,152.72727272727272,7
at:43:20376,Mallersbach Ortsmitte,48.84235769,15.80017109,3,12,140.0,7
at:43:20377,Riegersburg Schloss,48.85390271,15.77055364,3,12,140.0,7
at:43:20378,Hardegg Burg,48.85239545,15.85899278,3,12,140.0,7
at:43:20379,Sallapulka Ort,48.74797076,15.73954379,3,16,105.0,6
at:43:20380,Sallapulka Maria im Gebirge,48.73970123,15.73586968,3,4,420.0,-1
at:43:20381,Hardegg Vorstadt,48.85146151,15.85601037,3,10,168.0,7
at:43:20382,Weitersfeld Schule,48.78446245,15.81008849,3,8,210.0,7
at:43:20383,Prutzendorf Brückenwaage,48.77052733,15.79549985,3,17,98.82352941176471,6
at:43:20384,Rassingdorf Ort,48.77623445,15.7650829,3,4,420.0,-1
at:43:20385,Starrein Ort,48.76250429,15.76074403,3,17,98.82352941176471,6
at:43:20386,Hardegg Nationalparkhaus,48.84443871,15.8610589,3,13,129.23076923076923,7
at:43:20387,Langenlois Volksschule,48.47240418,15.67938362,3,17,98.82352941176471,6
at:43:20388,Kleinmeiseldorf Ortsmitte,48.6645972,15.7550577,3,12,140.0,7
at:43:20389,Sonnberg/Hollabrunn Wolfsbrunner Str.,48.54165094,16.05260667,3,1,1680.0,-1
at:43:20391,Herzogenburg Jubiläumsstraße,48.28038311,15.69135816,3,5,336.0,-1
at:43:20393,Breiteneich bei Horn Kriegerdenkmal,48.67304518,15.69035205,3,29,57.93103448275862,5
at:43:20394,Missingdorf Ortsmitte,48.69728965,15.79935362,3,28,60.0,5
at:43:20395,Leodagger Pulkauer Straße,48.72026011,15.85747462,3,11,152.72727272727272,7
at:43:20396,Passendorf Landesstraße,48.73055933,15.83009397,3,2,840.0,-1
at:43:20397,Oberndorf/Ebene Lagerhausgasse,48.27528349,15.69873333,3,4,420.0,-1
at:43:20398,Krems Am Hafen,48.40760103,15.64135793,3,2,840.0,-1
at:43:20399,Oberndorf/Ebene Heizhausgasse,48.27874507,15.6982662,3,4,420.0,-1
at:43:20400,Oberndorf/Ebene Grünlandgasse,48.26876025,15.69228342,3,4,420.0,-1
at:43:20401,Krems Klomserstraße,48.41182881,15.62166686,3,39,43.07692307692308,5
at:43:20404,Krems Pfarrplatz,48.41197191,15.60008933,3,26,64.61538461538461,6
at:43:20405,Krems Göttweiger Gasse,48.40841203,15.61362694,3,39,43.07692307692308,5
at:43:20406,Krems Kasernstraße,48.40782167,15.59148347,3,27,62.22222222222222,6
at:43:20407,Baumgarten/Mautern Schloss,48.37812207,15.57949994,3,10,168.0,7
at:43:20408,Mautern/Donau Grillparzerstraße,48.38759633,15.58197929,3,20,84.0,6
at:43:20409,Stein/Donau Museumsplatz,48.40478033,15.58793512,3,40,42.0,5
at:43:20412,Krems St.-Paul-Gasse,48.40854322,15.61790292,3,26,64.61538461538461,6
at:43:20413,Krems Hans-Czettel-Hof,48.41452987,15.62278077,3,70,24.0,4
at:43:20414,Krems Hadresgasse,48.41477433,15.62699387,3,70,24.0,4
at:43:20415,Krems Hoher Markt/Gozzoburg,48.41211502,15.60176918,3,26,64.61538461538461,6
at:43:20416,Krems Koloman-Wallisch-Str.,48.41437485,15.63501583,3,69,24.347826086956523,4
at:43:20417,Krems Symalenstraße,48.41249663,15.63693822,3,10,168.0,7
at:43:20418,Krems Neusiedelgasse,48.41281862,15.62263704,3,39,43.07692307692308,5
at:43:20419,Mautern/Donau Prinz-Eugen-Str.,48.38997655,15.58137742,3,20,84.0,6
at:43:20420,Oberndorf/Ebene Voralpenstraße,48.27140313,15.69510413,3,4,420.0,-1
at:43:20421,Rohrendorf bei Krems Obere Hauptstr.,48.41784488,15.64496018,3,7,240.0,-1
at:43:20423,Rohrendorf bei Krems Unterer Mitterweg,48.41726656,15.6637709,3,14,120.0,6
at:43:20424,Neuweidling Ortsmitte,48.41380841,15.66969978,3,14,120.0,6
at:43:20425,Altweidling Landesstraße,48.40614598,15.67465848,3,15,112.0,6
at:43:20426,Neustift/Donau Neustifter Str.,48.4129498,15.66191139,3,2,840.0,-1
at:43:20428,Stratzdorf Süd,48.41460142,15.68933695,3,10,168.0,7
at:43:20429,Schlickendorf Kapelle,48.40417204,15.70843513,3,14,120.0,6
at:43:20430,Donaudorf Landesstraße,48.40199526,15.72270038,3,13,129.23076923076923,7
at:43:20431,Donaudorf Ort,48.3996156,15.72228716,3,5,336.0,-1
at:43:20432,Grunddorf/Krems Ortsmitte,48.41018306,15.72325734,3,14,120.0,6
at:43:20433,Haitzendorf Kirche,48.42305545,15.73910362,3,14,120.0,6
at:43:20434,Haitzendorf Obere Hauptstraße,48.42791976,15.73961566,3,17,98.82352941176471,6
at:43:20435,Gedersdorf Kremser Straße,48.43233658,15.6844591,3,8,210.0,7
at:43:20436,Sittendorf bei Etsdorf Hauptplatz,48.43821911,15.7351151,3,12,140.0,7
at:43:20437,Etsdorf Untere Marktstraße,48.44374342,15.74143025,3,12,140.0,7
at:43:20438,Etsdorf Volksschule,48.44629978,15.73935515,3,21,80.0,6
at:43:20439,Walkersdorf/Kamp Hauptstraße,48.45037538,15.73071335,3,13,129.23076923076923,7
at:43:20440,Walkersdorf/Kamp Am Mühlkamp,48.4481827,15.72745247,3,6,280.0,-1
at:43:20441,Engabrunn Kirchenplatz,48.4491718,15.76152557,3,11,152.72727272727272,7
at:43:20442,Gedersdorf Kirchenplatz,48.43394585,15.68748642,3,4,420.0,-1
at:43:20443,Etsdorf Kellergasse/In der Trift,48.45262755,15.74744897,3,10,168.0,7
at:43:20444,Hadersdorf/Kamp Schillerstraße,48.45543368,15.72339208,3,11,152.72727272727272,7
at:43:20445,Kammern Kapelle,48.46823505,15.71071685,3,8,210.0,7
at:43:20446,Straß/Straßertale Marktplatz,48.47292828,15.73539358,3,20,84.0,6
at:43:20447,Straß/Straßertale Am Offenberg,48.47806769,15.7309559,3,9,186.66666666666666,7
at:43:20448,Straß/Straßertale Talstraße/Marterl,48.48869624,15.72937486,3,9,186.66666666666666,7
at:43:20449,Elsarn/Straßertal Lourdesgrotte,48.49782846,15.74478995,3,9,186.66666666666666,7
at:43:20450,Elsarn/Straßertal Feuerwehr,48.49634027,15.75183275,3,9,186.66666666666666,7
at:43:20451,Wiedendorf Schlossstraße,48.49609621,15.76100454,3,9,186.66666666666666,7
at:43:20452,Bösendürnbach Abzw. Obernholz,48.50143565,15.76250473,3,9,186.66666666666666,7
at:43:20453,Obernholz Landesstraße,48.51103572,15.74581403,3,9,186.66666666666666,7
at:43:20454,Diendorf am Walde Landesstraße,48.51781359,15.74690099,3,7,240.0,-1
at:43:20455,Diendorf am Walde Ort,48.519081,15.74498758,3,4,420.0,-1
at:43:20456,Olbersdorf am Manhartsberg Ort,48.52644678,15.75291072,3,3,560.0,-1
at:43:20457,Zemling Bundesstraße,48.52895138,15.78498058,3,15,112.0,6
at:43:20458,Engabrunn Am Anger,48.45056604,15.75720467,3,11,152.72727272727272,7
at:43:20459,Grunddorf/Krems Neubruckstraße,48.41102979,15.71709489,3,13,129.23076923076923,7
at:43:20460,Straß/Straßertale Am Kohlbach,48.49292322,15.73169252,3,9,186.66666666666666,7
at:43:20461,Kamp/Hadersdorf Ortsmitte,48.42243546,15.74672133,3,5,336.0,-1
at:43:20462,Kamp/Hadersdorf Kurhof,48.41556732,15.74673031,3,4,420.0,-1
at:43:20463,Oberndorf/Ebene Gartenfreundegasse,48.27033881,15.69151087,3,4,420.0,-1
at:43:20464,Theiß Obere Hauptstraße,48.39917425,15.68833084,3,17,98.82352941176471,6
at:43:20465,Theiß Untere Hauptstraße,48.39830346,15.69436752,3,16,105.0,6
at:43:20466,Oberndorf/Ebene Dr.-Theodor-Körner-Sdlg.,48.27450624,15.6928314,3,14,120.0,6
at:43:20467,Uttendorf bei St.Pölten Landesstr.,48.19477595,15.52530458,3,2,840.0,-1
at:43:20468,Krems Gerengasse,48.41822049,15.61068046,3,50,33.6,4
at:43:20469,Krems Bründlgraben/EKZ,48.41729637,15.61940311,3,54,31.11111111111111,4
at:43:20470,Krems Alter Graben,48.43200876,15.61589968,3,65,25.846153846153847,4
at:43:20471,Gneixendorf Walzerbrunnen,48.43664574,15.61757054,3,65,25.846153846153847,4
at:43:20472,Gneixendorf Wasserhofstraße,48.44112139,15.61960972,3,51,32.94117647058823,4
at:43:20473,Gneixendorf Flugplatz,48.44668709,15.62770354,3,13,129.23076923076923,7
at:43:20474,Stratzing Waldstraße,48.44878451,15.60573075,3,26,64.61538461538461,6
at:43:20475,Stratzing Gartenstraße,48.4519245,15.60203867,3,14,120.0,6
at:43:20476,Stratzing Volksschule,48.45014897,15.60196681,3,1,1680.0,-1
at:43:20478,Priel Ortsmitte,48.45429575,15.57780213,3,9,186.66666666666666,7
at:43:20479,Droß Am Kirchbügel,48.46058678,15.57992215,3,21,80.0,6
at:43:20480,Droß Kellergasse,48.46258235,15.57679601,3,21,80.0,6
at:43:20481,Droß Schloßstraße,48.46439915,15.57279851,3,25,67.2,6
at:43:20482,Droß Halterteichweg,48.46565002,15.56965441,3,21,80.0,6
at:43:20483,Lengenfeld Droßer Straße,48.47235058,15.5842161,3,20,84.0,6
at:43:20484,Lengenfeld Gföhler Straße,48.47229698,15.58974972,3,20,84.0,6
at:43:20485,Lengenfeld Ortsmitte,48.47148104,15.59532826,3,20,84.0,6
at:43:20486,Lengenfeld Langenloiser Straße,48.47195155,15.60170629,3,19,88.42105263157895,6
at:43:20487,Lengenfeld Sportplatzgasse,48.47270196,15.60733873,3,18,93.33333333333333,6
at:43:20488,Langenlois Abzw. Mittelberg,48.47974102,15.64565188,3,17,98.82352941176471,6
at:43:20489,Langenlois Gartenbauschule,48.4699087,15.67209828,3,14,120.0,6
at:43:20490,Stratzing Kirchengasse,48.45137636,15.60309868,3,12,140.0,7
at:43:20491,Langenlois Holzplatz,48.47238036,15.67517052,3,65,25.846153846153847,4
at:43:20492,Langenlois Bahnstraße,48.4755844,15.68805236,3,8,210.0,7
at:43:20493,Straß/Straßertale Sauerbrunng.,48.47153465,15.73829513,3,2,840.0,-1
at:43:20494,Auggenthal VS Haugsdorf,48.70588035,16.06851583,3,6,280.0,-1
at:43:20495,Langenlois Haindorf Austraße,48.47610846,15.69444836,3,4,420.0,-1
at:43:20496,Langenlois Gobelsburger Straße,48.46796107,15.68871711,3,7,240.0,-1
at:43:20497,Gobelsburg Hauptstraße,48.46168287,15.69823027,3,7,240.0,-1
at:43:20498,Zeiselberg Landesstraße,48.45570177,15.70468916,3,7,240.0,-1
at:43:20499,Kammern Ortsstraße,48.46928332,15.7082914,3,9,186.66666666666666,7
at:43:20500,Langenlois Walterstraße,48.4743576,15.67220608,3,19,88.42105263157895,6
at:43:20501,Langenlois Höllgasse,48.47449457,15.66746297,3,37,45.4054054054054,5
at:43:20503,Langenlois Obere Stadt,48.47552485,15.66095019,3,37,45.4054054054054,5
at:43:20504,Langenlois Nikolauskirche,48.47754365,15.65266772,3,38,44.21052631578947,5
at:43:20505,Mittelberg bei Langenlois Kirche,48.49823324,15.60503006,3,5,336.0,-1
at:43:20506,Zöbing Marktplatz,48.49044066,15.69247207,3,5,336.0,-1
at:43:20507,Zöbing Reithstraße,48.48824375,15.68890576,3,7,240.0,-1
at:43:20508,Zöbing Abzw. Fahnberg,48.49276844,15.66828942,3,7,240.0,-1
at:43:20509,Krems Langenloiser Str./Stratzinger Str.,48.41663457,15.60946774,3,76,22.105263157894736,4
at:43:20510,Oberreith Ort,48.52014607,15.65044888,3,7,240.0,-1
at:43:20512,Schiltern Neumühle,48.49887017,15.62634708,3,16,105.0,6
at:43:20513,Schiltern Karglstraße,48.50933367,15.62508944,3,8,210.0,7
at:43:20514,Schiltern Laabergstraße,48.51198194,15.63031764,3,8,210.0,7
at:43:20515,Schiltern Untere Straße,48.51468958,15.62770354,3,15,112.0,6
at:43:20516,Schiltern Obere Straße,48.51691509,15.62290654,3,15,112.0,6
at:43:20517,Schiltern Schloss,48.5190334,15.61670816,3,22,76.36363636363636,6
at:43:20518,Schiltern Krückl,48.52735702,15.60167935,3,7,240.0,-1
at:43:20519,Schiltingeramt Neugschwendt,48.53224703,15.59857117,3,7,240.0,-1
at:43:20520,Kronsegg Burgruine,48.51157727,15.60609007,3,10,168.0,7
at:43:20521,Schiltingeramt Vierzigerwald,48.53817746,15.58109894,3,7,240.0,-1
at:43:20523,Krems Grengraben,48.42908808,15.6163129,3,64,26.25,4
at:43:20524,Unterreith Im Schöntal,48.5070126,15.66557651,3,7,240.0,-1
at:43:20526,Mautern/Donau Kirche,48.39388369,15.57647262,3,38,44.21052631578947,5
at:43:20527,Furth/Göttweig Niobaugasse,48.38068172,15.61136318,3,6,280.0,-1
at:43:20528,Furth/Göttweig Mittelschule,48.37771036,15.6121537,3,49,34.285714285714285,4
at:43:20529,Oberfucha Ortsstraße,48.37860537,15.63203342,3,14,120.0,6
at:43:20530,Tiefenfucha Obere Ortsstraße,48.36829991,15.64619985,3,14,120.0,6
at:43:20531,Krustetten Fuchastraße,48.36146624,15.66006984,3,14,120.0,6
at:43:20532,Eggendorf/Göttweig Landstraße,48.35641053,15.63436006,3,14,120.0,6
at:43:20533,Aigen Kapelle,48.3700783,15.60677279,3,19,88.42105263157895,6
at:43:20534,Steinaweg Holzstraße,48.36954121,15.59743031,3,19,88.42105263157895,6
at:43:20535,Steinaweg Altmannistraße,48.36868782,15.5937562,3,19,88.42105263157895,6
at:43:20536,Kleinwien Ort,48.36156771,15.60891977,3,19,88.42105263157895,6
at:43:20537,Göttweig Stift,48.36558445,15.61451627,3,3,560.0,-1
at:43:20538,Paudorf Kapellengasse,48.35636277,15.61502831,3,19,88.42105263157895,6
at:43:20539,Paudorf Bahnhofstraße,48.35370638,15.61740885,3,19,88.42105263157895,6
at:43:20540,Paudorf Volksschule,48.35263185,15.62072363,3,32,52.5,5
at:43:20541,Meidling im Tal Ortsmitte,48.33679774,15.62590691,3,11,152.72727272727272,7
at:43:20542,Meidling im Tal Mühlviertel,48.33639167,15.62923068,3,11,152.72727272727272,7
at:43:20543,Höbenbach Abzw. Maria Ellend,48.34692449,15.63914808,3,11,152.72727272727272,7
at:43:20545,Höbenbach Sonnenblumenweg,48.35271542,15.64566984,3,14,120.0,6
at:43:20546,Höbenbach Sandwegsiedlung,48.35571212,15.64113335,3,14,120.0,6
at:43:20547,Höbenbach Schmiedgasse,48.34899617,15.64977515,3,14,120.0,6
at:43:20549,Kleinwien Am Waxenberg,48.3656501,15.60130205,3,19,88.42105263157895,6
at:43:20550,Unterloiben Rothenhof,48.39281,15.55652104,3,33,50.90909090909091,5
at:43:20551,Unterloiben Ort,48.38803778,15.5416629,3,35,48.0,5
at:43:20552,Oberloiben Abzw. Unterloiben,48.3884494,15.53405417,3,35,48.0,5
at:43:20553,Dürnstein Parkplatz P2,48.39307246,15.52384931,3,35,48.0,5
at:43:20554,Dürnstein Nord,48.39972892,15.5178306,3,37,45.4054054054054,5
at:43:20555,Dürnstein Abzw. Heudürr,48.41064221,15.50149922,3,16,105.0,6
at:43:20556,Weißenkirchen/Wachau Fähre,48.39539874,15.47173804,3,44,38.18181818181818,4
at:43:20557,Joching Prandtauerplatz,48.38586031,15.46105707,3,37,45.4054054054054,5
at:43:20558,Wösendorf/Wachau Bundesstraße,48.38149315,15.45672719,3,37,45.4054054054054,5
at:43:20559,St. Michael/Wachau Wehrkirche,48.37155229,15.43942564,3,37,45.4054054054054,5
at:43:20561,Oberreith West,48.52060422,15.64389118,3,7,240.0,-1
at:43:20564,Mautern/Donau Volksschule,48.39272052,15.57503531,3,40,42.0,5
at:43:20565,Mautern/Donau Mittelschule,48.39176612,15.57292427,3,40,42.0,5
at:43:20566,Mauternbach Ort,48.38600945,15.56390519,3,39,43.07692307692308,5
at:43:20567,Hundsheim bei Mautern Ort,48.38783495,15.55914412,3,21,80.0,6
at:43:20569,Rossatz Kirche,48.39612643,15.50532605,3,20,84.0,6
at:43:20570,Rührsdorf Bundesstraße,48.39807682,15.49077334,3,20,84.0,6
at:43:20571,St. Lorenz Bundesstraße,48.39239841,15.47550198,3,20,84.0,6
at:43:20572,Unterkienstock Bundesstraße,48.38605121,15.46817173,3,20,84.0,6
at:43:20573,Oberkienstock Bundesstraße,48.37904093,15.45887416,3,20,84.0,6
at:43:20574,Bacharnsdorf Ort,48.36839539,15.44470773,3,20,84.0,6
at:43:20575,Mitterarnsdorf Bundesstraße,48.36457582,15.43511373,3,20,84.0,6
at:43:20576,Hofarnsdorf Bundesstraße,48.3628987,15.43049638,3,20,84.0,6
at:43:20577,Oberarnsdorf Fähre,48.35989646,15.42339071,3,20,84.0,6
at:43:20578,Oberarnsdorf Bundesstraße,48.35292436,15.41408416,3,20,84.0,6
at:43:20579,St. Johann im Mauerthale Kirche,48.33680968,15.41004175,3,18,93.33333333333333,6
at:43:20580,Aggstein Nord,48.3167652,15.4137428,3,18,93.33333333333333,6
at:43:20581,Aggstein Aggsteinerhof,48.31033688,15.4133206,3,19,88.42105263157895,6
at:43:20582,Aggstein Süd,48.30608872,15.41178448,3,19,88.42105263157895,6
at:43:20583,Aggsbach Dorf Volksschule,48.2955116,15.42327393,3,22,76.36363636363636,6
at:43:20584,Aggsbach Dorf Gemeindeamt,48.29391588,15.41516214,3,22,76.36363636363636,6
at:43:20585,Krems Rosenweg,48.4256665,15.61661833,3,50,33.6,4
at:43:20586,Schönbühel/Donau Schloss,48.25849836,15.37649865,3,20,84.0,6
at:43:20587,Schönbühel/Donau Ortsmitte,48.25541819,15.37269878,3,20,84.0,6
at:43:20588,Schönbühel/Donau Abzw. Hub,48.24570399,15.3550918,3,20,84.0,6
at:43:20589,Melk Pielachmündung,48.23999663,15.34849817,3,20,84.0,6
at:43:20591,Mauternbach Kriegerdenkmal,48.38223893,15.55898242,3,18,93.33333333333333,6
at:43:20592,Unterbergern Ortsmitte,48.37598594,15.54817569,3,18,93.33333333333333,6
at:43:20593,Oberbergern Ortsmitte,48.3639193,15.53182635,3,15,112.0,6
at:43:20594,Oberbergern Süd,48.36120362,15.52729884,3,15,112.0,6
at:43:20596,Paltmühl Abzw. Schenkenbrunn,48.33895342,15.50269398,3,14,120.0,6
at:43:20597,Wolfenreith/Gansbach Ortsmitte,48.32654952,15.50214601,3,9,186.66666666666666,7
at:43:20599,Schenkenbrunn Ortsmitte,48.34399296,15.48496124,3,9,186.66666666666666,7
at:43:20600,Plaimberg,48.33674399,15.47656199,3,6,280.0,-1
at:43:20602,Scheiblwies Geyersberger Str.,48.32235049,15.47585232,3,9,186.66666666666666,7
at:43:20603,Rossatzbach Bundesstraße,48.38954108,15.51465056,3,20,84.0,6
at:43:20604,Unterbergern Feuerwehr,48.37299043,15.54633414,3,18,93.33333333333333,6
at:43:20605,Zöbing Am Heiligenstein,48.49465559,15.69920045,3,4,420.0,-1
at:43:20606,Nesselstauden,48.33102889,15.47022887,3,18,93.33333333333333,6
at:43:20607,Langenlois Sauberg,48.46872941,15.66682517,3,14,120.0,6
at:43:20608,Furth/Göttweig Bahnhofstraße,48.38359922,15.60219139,3,38,44.21052631578947,5
at:43:20610,Unterwölbling Ortsmitte,48.32440525,15.60741958,3,41,40.97560975609756,5
at:43:20611,Zöbing Hauptstraße,48.49015489,15.6917624,3,1,1680.0,-1
at:43:20612,Landersdorf Ost,48.31438753,15.58515034,3,6,280.0,-1
at:43:20613,Landersdorf West,48.31656209,15.57345428,3,6,280.0,-1
at:43:20614,Oberwölbling Kühstand,48.31942352,15.57688584,3,6,280.0,-1
at:43:20615,Hausheim Ort,48.30429614,15.60340411,3,19,88.42105263157895,6
at:43:20616,Anzenhof Ort,48.31069535,15.61096793,3,19,88.42105263157895,6
at:43:20618,Statzendorf Neue Siedlung,48.30956614,15.62797303,3,22,76.36363636363636,6
at:43:20619,Statzendorf Ortsmitte,48.3082935,15.6412681,3,14,120.0,6
at:43:20620,Weidling/Statzendorf Kremser Straße,48.29643196,15.64695444,3,26,64.61538461538461,6
at:43:20621,Rottersdorf St. Pöltner Straße,48.28771182,15.64834682,3,26,64.61538461538461,6
at:43:20622,Großhain Dorfplatz,48.25437747,15.64048657,3,14,120.0,6
at:43:20624,Greiling Porschestraße,48.27273647,15.63726161,3,11,152.72727272727272,7
at:43:20625,Diendorf bei St. Pölten Ort,48.26233186,15.64035182,3,6,280.0,-1
at:43:20626,Zagging Römerstraße,48.26591989,15.64815818,3,23,73.04347826086956,6
at:43:20627,Kleinhain Kremser Straße,48.2595988,15.64820309,3,27,62.22222222222222,6
at:43:20629,Eitzendorf Abzw. Hausheim,48.29766903,15.60496718,3,34,49.411764705882355,5
at:43:20631,St. Pölten Daniel-Gran-Str./AMS,48.20993577,15.6311351,3,157,10.700636942675159,3
at:43:20632,Spitz an der Donau Fähre,48.36311953,15.41745285,3,57,29.473684210526315,4
at:43:20633,Ragelsdorf Ort,48.24139063,15.63615669,3,44,38.18181818181818,4
at:43:20635,Krems Dreifaltigkeitsplatz,48.41036195,15.60149968,3,80,21.0,4
at:43:20636,Krems Untere Landstraße,48.41199577,15.60451802,3,52,32.30769230769231,4
at:43:20637,Krems Winzergasse,48.41267551,15.61070741,3,26,64.61538461538461,6
at:43:20638,Krems Universitätsklinikum,48.41279477,15.61411203,3,71,23.661971830985916,4
at:43:20639,Krems Lehnergasse,48.4130929,15.61715732,3,58,28.96551724137931,4
at:43:20640,Krems Mitterweg/Hafenstraße,48.41402306,15.62107397,3,58,28.96551724137931,4
at:43:20641,Weitern/St. Pölten West,48.23309192,15.61890903,3,66,25.454545454545453,4
at:43:20643,Krems Bruno-Kreisky-Hof,48.41572831,15.63343479,3,39,43.07692307692308,5
at:43:20644,Großhain Untere Ortsstraße,48.25580696,15.63912113,3,14,120.0,6
at:43:20645,Krems Wasendorfer Straße,48.4138263,15.6381779,3,27,62.22222222222222,6
at:43:20646,Krems voestalpine,48.41312867,15.64259761,3,64,26.25,4
at:43:20647,Krems Josef-Oser-Straße,48.41503071,15.64431339,3,37,45.4054054054054,5
at:43:20648,Großrust Schulstraße,48.27349581,15.61532475,3,5,336.0,-1
at:43:20649,Krems Landersdorf Kapelle,48.41700422,15.64000148,3,31,54.193548387096776,5
at:43:20650,Krems Teillandgasse,48.41616355,15.63617465,3,27,62.22222222222222,6
at:43:20651,Krems Wiener Straße 39,48.41331948,15.61045589,3,27,62.22222222222222,6
at:43:20652,Krems Arbeiterkammer,48.41288421,15.60854247,3,27,62.22222222222222,6
at:43:20654,Krems BRG/Schulzentrum,48.40759507,15.59995458,3,65,25.846153846153847,4
at:43:20656,Krems Bertschingerstraße,48.40636662,15.60550617,3,2,840.0,-1
at:43:20657,Weitern/St. Pölten Josef-Tobner-Gasse,48.23375012,15.6255925,3,44,38.18181818181818,4
at:43:20658,Krems Dr.-Gschmeidler-Str./KPH,48.40980739,15.6163129,3,39,43.07692307692308,5
at:43:20660,Krems Schulgasse,48.4119898,15.61933124,3,39,43.07692307692308,5
at:43:20663,Spitz/Donau Hinterhaus,48.35928763,15.41148803,3,64,26.25,4
at:43:20664,Krems Rechte Kremszeile/BRG,48.41048121,15.61939412,3,46,36.52173913043478,4
at:43:20667,Krems Steiner Tor,48.40922898,15.59607386,3,79,21.265822784810126,4
at:43:20668,Krems Kaiser-Friedrich-Straße,48.40756525,15.59327111,3,26,64.61538461538461,6
at:43:20669,Krems Gaswerkgasse,48.41001013,15.59091753,3,27,62.22222222222222,6
at:43:20670,Krems Seniorenheim,48.40945557,15.58814173,3,40,42.0,5
at:43:20671,Krems Donau-Universität,48.40837029,15.58491678,3,75,22.4,4
at:43:20673,Oberbergern Nord,48.36518458,15.53582385,3,18,93.33333333333333,6
at:43:20674,Stein/Donau Schürerplatz,48.40113645,15.58094623,3,27,62.22222222222222,6
at:43:20675,Oberbergern Schule,48.36532782,15.53135024,3,6,280.0,-1
at:43:20676,Großhain Bachgasse,48.25453298,15.64214845,3,7,240.0,-1
at:43:20677,Krems Schillerstraße,48.40757122,15.59399875,3,28,60.0,5
at:43:20678,Krems Friedhof,48.41597276,15.61888208,3,103,16.310679611650485,3
at:43:20679,Krems Schottergasse,48.41674189,15.63067696,3,27,62.22222222222222,6
at:43:20680,Krems Am Steindl,48.4159191,15.60865926,3,13,129.23076923076923,7
at:43:20681,Krems Kettensteggasse,48.41290209,15.60619787,3,27,62.22222222222222,6
at:43:20682,Krems Bäckerberggasse,48.41870937,15.60933299,3,13,129.23076923076923,7
at:43:20685,Furth/Göttweig Obere Landstr.,48.36929653,15.61820835,3,11,152.72727272727272,7
at:43:20686,Palt Keramikstraße,48.3840586,15.61014148,3,20,84.0,6
at:43:20688,Palt Wiener Straße,48.38472083,15.61298015,3,18,93.33333333333333,6
at:43:20689,Mautern/Donau St. Pöltner Straße,48.39211209,15.58091928,3,45,37.333333333333336,4
at:43:20690,Mautern/Donau Rathaus,48.39379421,15.5776045,3,21,80.0,6
at:43:20692,Stein/Donau Köchelplatz,48.40194755,15.58317405,3,62,27.096774193548388,4
at:43:20697,Langenlois Siedlung Lange Sonne,48.47806769,15.67604188,3,30,56.0,5
at:43:20698,Paudorf Abzw. Stift Göttweig,48.36212279,15.62150516,3,11,152.72727272727272,7
at:43:20699,Paudorf Gemeindeamt,48.35158714,15.62088533,3,14,120.0,6
at:43:20700,Hörfarth Ziegelofengasse,48.34493035,15.61969057,3,30,56.0,5
at:43:20701,Meidling im Tal Waldweg,48.33895342,15.61979836,3,30,56.0,5
at:43:20702,Furth/Göttweig Ortsmitte,48.37380198,15.61374372,3,30,56.0,5
at:43:20703,Meidling im Tal Bahnbrücke,48.3279292,15.62609555,3,13,129.23076923076923,7
at:43:20704,Kuffern Untere Ortsstraße,48.32478752,15.64761021,3,25,67.2,6
at:43:20707,Furth/Göttweig Untere Landstraße,48.37819367,15.60977317,3,17,98.82352941176471,6
at:43:20708,Willersdorf bei Ober-Grafendorf,48.13911562,15.54354936,3,5,336.0,-1
at:43:20709,Wantendorf Ort,48.13162173,15.54407039,3,5,336.0,-1
at:43:20711,Weinburg Florianigasse,48.11478346,15.53417993,3,5,336.0,-1
at:43:20712,Waasen/Pielach Ort,48.10829974,15.53109871,3,5,336.0,-1
at:43:20714,Rennersdorf Magdalenenstraße,48.12959519,15.55565865,3,5,336.0,-1
at:43:20715,Neulengbach Cottagesiedlung,48.18763156,15.89469182,3,41,40.97560975609756,5
at:43:20722,Neulengbach Kirchenplatz,48.20014108,15.90982844,3,30,56.0,5
at:43:20723,Brand/Laaben Unter Pyrath,48.11222246,15.86807474,3,7,240.0,-1
at:43:20725,Weißenkirchen/Perschling Alpenblickgasse,48.26873035,15.80169823,3,26,64.61538461538461,6
at:43:20728,Gemeinlebarn Volksschule,48.34026709,15.80297383,3,3,560.0,-1
at:43:20731,Retz Im Weinberg,48.75007347,15.95087246,3,15,112.0,6
at:43:20732,Nadelbach/St. Pölten Ort,48.18765552,15.59632539,3,7,240.0,-1
at:43:20733,Pummersdorf Ort,48.17901266,15.56831592,3,7,240.0,-1
at:43:20734,Völlerndorf Ort,48.17575997,15.55167013,3,7,240.0,-1
at:43:20735,Ebersdorf bei Ober-Grafendorf,48.1625135,15.54533701,3,7,240.0,-1
at:43:20736,Loipersdorf b. St. Pölten Ort,48.18423568,15.54133052,3,9,186.66666666666666,7
at:43:20737,Salau,48.18867364,15.53422485,3,9,186.66666666666666,7
at:43:20738,Poppendorf/St. Pölten Ort,48.17760498,15.52110046,3,16,105.0,6
at:43:20740,Rametzhofen Bundesstraße,48.13351629,15.48241901,3,35,48.0,5
at:43:20741,Bischofstetten Manker Straße,48.12180008,15.46673442,3,35,48.0,5
at:43:20742,Hafing Ort,48.19315313,15.58358728,3,56,30.0,4
at:43:20744,Kilb Volksschule,48.10137126,15.41096701,3,48,35.0,4
at:43:20745,Kilb Wötzling,48.10369885,15.39350376,3,57,29.473684210526315,4
at:43:20746,Anzenbach bei Mank,48.10647023,15.36596141,3,12,140.0,7
at:43:20747,Mank Feuerwehr,48.11341601,15.33816754,3,100,16.8,3
at:43:20750,St. Leonhard am Forst Mittelschule,48.14017067,15.28796968,3,102,16.470588235294116,3
at:43:20751,St. Leonhard am Forst Hauptplatz,48.1425025,15.28389133,3,103,16.310679611650485,3
at:43:20752,Ruprechtshofen Volksschule,48.13904368,15.28147486,3,66,25.454545454545453,4
at:43:20754,Fittenberg Landesstraße,48.13405586,15.23486128,3,27,62.22222222222222,6
at:43:20755,Reisenhof/Wieselburg Ort,48.13027871,15.19874002,3,26,64.61538461538461,6
at:43:20756,Wieselburg Breiteneicher Str.,48.12959519,15.14730249,3,14,120.0,6
at:43:20757,Wieselburg Mittelschule,48.12664518,15.13761865,3,50,33.6,4
at:43:20758,Weinzierl/Wieselburg Gemeindeamt,48.12669315,15.12666819,3,7,240.0,-1
at:43:20759,Weinzierl/Wieselburg Römerweg,48.12823413,15.12268865,3,7,240.0,-1
at:43:20760,Weinzierl/Wieselburg Roßgrabenstr.,48.12388089,15.12219458,3,7,240.0,-1
at:43:20761,Wieselburg Volksfestplatz,48.12940932,15.1386068,3,57,29.473684210526315,4
at:43:20763,Mühling/Erlauf Föhrengasse,48.10277503,15.13496862,3,7,240.0,-1
at:43:20765,Mühling/Erlauf Buchengasse,48.1049106,15.13705271,3,7,240.0,-1
at:43:20766,Mühling/Erlauf Bahnstraße,48.10564243,15.1350315,3,7,240.0,-1
at:43:20768,Ruprechtshofen Hauptplatz,48.13649588,15.27716295,3,103,16.310679611650485,3
at:43:20770,Weinzierl/Wieselburg Erlaufweg,48.1213863,15.12232933,3,7,240.0,-1
at:43:20772,Petzenkirchen Gemeindeamt,48.14340163,15.15346493,3,13,129.23076923076923,7
at:43:20773,Petzenkirchen Volksschule,48.14705196,15.15340205,3,5,336.0,-1
at:43:20774,Völtendorf Ort,48.16350216,15.59845439,3,45,37.333333333333336,4
at:43:20775,Gattmannsdorf West,48.15810923,15.56961847,3,45,37.333333333333336,4
at:43:20776,Kotting Bundesstraße,48.15537061,15.56329433,3,46,36.52173913043478,4
at:43:20777,Ober-Grafendorf Fridau,48.14940145,15.55167912,3,46,36.52173913043478,4
at:43:20779,Ober-Grafendorf Mittelschule,48.15134929,15.54444768,3,68,24.705882352941178,4
at:43:20780,Ritzersdorf/St. Pölten Ort,48.16764834,15.53114363,3,21,80.0,6
at:43:20781,Kainratsdorf Abzw. Feilendorf,48.1649222,15.52000452,3,14,120.0,6
at:43:20782,Kainratsdorf Ort,48.16561723,15.5107878,3,14,120.0,6
at:43:20783,Linsberg bei St Margareten Ort,48.16635419,15.50013379,3,14,120.0,6
at:43:20784,Wieden bei St. Margarethen,48.16443089,15.49453728,3,14,120.0,6
at:43:20785,St. Margarethen/Sierning Ortsmitte,48.15849275,15.49262387,3,21,80.0,6
at:43:20786,St. Margarethen/Sierning Ober-Grafendorfer Str.,48.15797141,15.49510322,3,3,560.0,-1
at:43:20787,St. Margarethen/Sierning Volksschule,48.15902607,15.4871711,3,20,84.0,6
at:43:20788,Türnau,48.15980507,15.4745857,3,21,80.0,6
at:43:20789,Mitterndorf bei St. Margarethen,48.16392159,15.46474016,3,21,80.0,6
at:43:20790,Mannersdorf/Ober-Grafendorf Ort,48.16519183,15.46082351,3,23,73.04347826086956,6
at:43:20791,Oberradl Ort,48.15748601,15.44613605,3,26,64.61538461538461,6
at:43:20792,Mitterradl Ort,48.14813681,15.45832619,3,25,67.2,6
at:43:20793,Unterradl,48.14370134,15.46805495,3,25,67.2,6
at:43:20794,Oberhofen bei St. Margarethen,48.14376128,15.48731483,3,25,67.2,6
at:43:20795,Rammersdorf Ort,48.14895793,15.50328687,3,62,27.096774193548388,4
at:43:20796,Wilhersdorf Bundesstraße,48.15106162,15.51055424,3,63,26.666666666666668,4
at:43:20797,Grub bei Ober-Grafendorf,48.15170289,15.52482847,3,62,27.096774193548388,4
at:43:20799,Spratzern Einkaufszentrum Süd,48.16194426,15.61501034,3,37,45.4054054054054,5
at:43:20800,Ober-Grafendorf Industriestr.,48.14452853,15.54451954,3,5,336.0,-1
at:43:20801,St. Georgen/Stfd. B20/Griesmaierstraße,48.13977503,15.61333948,3,37,45.4054054054054,5
at:43:20802,Eggendorf am Steinfeld Ochsenburger Straße,48.13210736,15.61277354,3,37,45.4054054054054,5
at:43:20803,Ganzendorf Mariazeller Straße,48.12470839,15.6130071,3,37,45.4054054054054,5
at:43:20804,Wilhelmsburg Schießstattstraße,48.10785586,15.6062877,3,35,48.0,5
at:43:20805,Wilhelmsburg Abzw. Kreisbach,48.10222313,15.60444616,3,36,46.666666666666664,5
at:43:20808,Wilhelmsburg Grubtalstraße,48.09845563,15.598131,3,37,45.4054054054054,5
at:43:20810,Wilhelmsburg Freiligrathgasse,48.08593931,15.59456469,3,37,45.4054054054054,5
at:43:20811,Göblasbruck Ort/B20,48.08224263,15.59448384,3,37,45.4054054054054,5
at:43:20812,Göblasbruck Abzw. Kendlgraben,48.0757548,15.58875259,3,37,45.4054054054054,5
at:43:20813,Rotheau Ortsmitte,48.06846777,15.59819388,3,64,26.25,4
at:43:20814,Eschenau bei Traisen Mühlweg,48.05257559,15.57085815,3,27,62.22222222222222,6
at:43:20816,St. Pölten Traisenpark/Dr.-Adolf-Schärf-Straße,48.22230218,15.63856417,3,223,7.533632286995516,2
at:43:20817,Rotheau Hamburgerhaus,48.06337104,15.59973898,3,38,44.21052631578947,5
at:43:20818,Traisen Aubauernweg,48.05714502,15.60377242,3,38,44.21052631578947,5
at:43:20819,Traisen Bahnhofstraße,48.05468322,15.60870417,3,40,42.0,5
at:43:20820,Traisen Abzw. Hainfeld,48.05180697,15.61015046,3,44,38.18181818181818,4
at:43:20821,Wilhelmsburg Lusterbrücke,48.09345187,15.59541809,3,37,45.4054054054054,5
at:43:20823,Innerfahrafeld Kreuztalstraße,47.94102441,15.59877779,3,25,67.2,6
at:43:20824,Innerfahrafeld Dürntal,47.93452481,15.60230817,3,25,67.2,6
at:43:20825,Furthof Schöntal,47.92324486,15.61432762,3,26,64.61538461538461,6
at:43:20826,Hohenberg Sportplatz,47.91959671,15.61473187,3,13,129.23076923076923,7
at:43:20827,Hohenberg Markt,47.91040295,15.61914259,3,26,64.61538461538461,6
at:43:20828,Hohenberg Abzw. Hofamt,47.8987082,15.61822631,3,26,64.61538461538461,6
at:43:20829,St. Pölten Mühlweg/Westbahn,48.20848105,15.6294283,3,192,8.75,2
at:43:20830,Amt Mitterbach Bundesstraße,47.87058662,15.59614572,3,26,64.61538461538461,6
at:43:20831,St. Pölten VAZ/Messestraße,48.17631708,15.62327484,3,56,30.0,4
at:43:20832,Kernhof Hoyossiedlung,47.81841771,15.53625504,3,26,64.61538461538461,6
at:43:20833,Pöchlarn Schulen,48.21102528,15.21396647,3,29,57.93103448275862,5
at:43:20835,Pöchlarn Feuerwehr,48.21051046,15.20277346,3,37,45.4054054054054,5
at:43:20836,Brunn/Erlauf Fichtenstraße,48.20582294,15.19759916,3,13,129.23076923076923,7
at:43:20837,Brunn/Erlauf Kellerhäuser,48.20032669,15.19498507,3,3,560.0,-1
at:43:20838,Erlauf Friedhof,48.18730217,15.18866991,3,13,129.23076923076923,7
at:43:20839,Erlauf Kirchenplatz,48.18308571,15.18398969,3,43,39.06976744186046,4
at:43:20840,Erlauf Dreihäuslweg,48.17507107,15.18220204,3,10,168.0,7
at:43:20841,Niederndorf/Erlauf Labengasse,48.17263888,15.17716249,3,10,168.0,7
at:43:20842,Niederndorf/Erlauf Steinbruchstraße,48.16841522,15.17731521,3,10,168.0,7
at:43:20843,Wolfring,48.18231904,15.16535863,3,18,93.33333333333333,6
at:43:20844,Golling/Erlauf Sittenberg,48.18768547,15.17465619,3,18,93.33333333333333,6
at:43:20845,Golling/Erlauf Erlaufstraße,48.19081163,15.17777335,3,18,93.33333333333333,6
at:43:20846,Golling/Erlauf Florianigasse,48.19654842,15.17729724,3,18,93.33333333333333,6
at:43:20847,Golling/Erlauf Hinterleiten,48.20082964,15.18227391,3,18,93.33333333333333,6
at:43:20848,Golling/Erlauf Rathausplatz,48.20462555,15.18217509,3,17,98.82352941176471,6
at:43:20849,Pöchlarn Schwalbengasse,48.20864269,15.19010721,3,24,70.0,6
at:43:20850,Pöchlarn Erlaufbrücke,48.21077984,15.19594626,3,24,70.0,6
at:43:20851,Hart/St. Pölten Peter-Anich-Str.,48.15602981,15.61770529,3,38,44.21052631578947,5
at:43:20852,Pöchlarn Fischergasse,48.21270739,15.21802685,3,37,45.4054054054054,5
at:43:20853,Pöchlarn Industriestraße Ost,48.21040869,15.22425218,3,37,45.4054054054054,5
at:43:20855,Ornding Hauptstraße,48.20424837,15.24649447,3,7,240.0,-1
at:43:20856,Bergern/Pöchlarn Bundesstraße,48.21330001,15.27610294,3,7,240.0,-1
at:43:20858,Furthof Furthofer Straße,47.92626071,15.61192912,3,26,64.61538461538461,6
at:43:20860,Behamberg B122/Huberstraße,48.05005953,14.50182703,3,32,52.5,5
at:43:20861,Spratzern Spratzerner Hauptstr.,48.17501117,15.62481995,3,56,30.0,4
at:43:20862,St. Pölten Gartenstadt Kremserberg,48.22678471,15.63323716,3,59,28.47457627118644,4
at:43:20864,Weistrach Bauchtnerkapelle,48.04399405,14.58938582,3,39,43.07692307692308,5
at:43:20865,St. Pölten Fachmarkt Salzer,48.19606938,15.64056741,3,28,60.0,5
at:43:20866,St. Peter/Au-Dorf Abzw. St. Johann,48.05420286,14.63413989,3,19,88.42105263157895,6
at:43:20868,Bubendorf bei Wolfsbach,48.05535572,14.65640014,3,17,98.82352941176471,6
at:43:20869,Loosdorf bei Wolfsbach,48.06226038,14.66283208,3,17,98.82352941176471,6
at:43:20870,Wolfsbach bei Seitenstetten Sportplatz,48.07219545,14.67275846,3,17,98.82352941176471,6
at:43:20872,Krenstetten Wipfelhof,48.06489591,14.72817553,3,12,140.0,7
at:43:20873,Aschbach Neufeld,48.07187132,14.73520934,3,15,112.0,6
at:43:20874,Aschbach Rathausplatz,48.0730418,14.74883678,3,17,98.82352941176471,6
at:43:20875,Aschbach Schulen,48.07131908,14.75061545,3,31,54.193548387096776,5
at:43:20876,Aschbach Abzw. Bogenhof,48.0782396,14.74432724,3,13,129.23076923076923,7
at:43:20877,Aschbach Abzw. Fimbach,48.08752352,14.74696828,3,13,129.23076923076923,7
at:43:20878,Aschbach Samesbruck,48.09048778,14.74593522,3,13,129.23076923076923,7
at:43:20879,Aschbach Fohra,48.09892358,14.73722156,3,7,240.0,-1
at:43:20880,Egelsee bei Oed Süd,48.10679415,14.73136455,3,7,240.0,-1
at:43:20881,Egelsee bei Oed Nord,48.1115387,14.73060996,3,7,240.0,-1
at:43:20882,Oed bei Amstetten Buchleiten,48.11134077,14.73694309,3,7,240.0,-1
at:43:20883,Oed bei Amstetten Ramsau West,48.10757994,14.74709405,3,7,240.0,-1
at:43:20884,Harland Zwirngasse,48.16449679,15.63744128,3,119,14.117647058823529,3
at:43:20885,Oed bei Amstetten Volksschule,48.12075664,14.73894633,3,13,129.23076923076923,7
at:43:20886,Aschbach Abzw. Feitzing,48.11479546,14.71194297,3,6,280.0,-1
at:43:20887,Aschbach Abzw. Seidenberg,48.11313412,14.70762208,3,6,280.0,-1
at:43:20888,Aschbach Aukental,48.11109486,14.69981572,3,6,280.0,-1
at:43:20889,Aschbach Linden,48.10515055,14.70198066,3,6,280.0,-1
at:43:20890,Aschbach Halblehen,48.10064537,14.71061347,3,6,280.0,-1
at:43:20891,Aschbach Abzw. Neen,48.1011433,14.7247799,3,6,280.0,-1
at:43:20892,Aschbach Oberaschbach,48.09461585,14.73479611,3,6,280.0,-1
at:43:20894,Krenstetten Wimbauer,48.06740525,14.70860124,3,2,840.0,-1
at:43:20895,Krenstetten Besendorf,48.07413422,14.71079313,3,10,168.0,7
at:43:20896,Krenstetten Schwabenöd,48.0727957,14.71408096,3,10,168.0,7
at:43:20897,Krenstetten Hötzing,48.07014856,14.7221119,3,10,168.0,7
at:43:20898,Aschbach Hausleiten,48.07031664,14.72693585,3,10,168.0,7
at:43:20899,Aschbach Lahen,48.07152917,14.77224688,3,10,168.0,7
at:43:20900,Aschbach Gunnersdorf,48.07261562,14.77920882,3,10,168.0,7
at:43:20902,St. Pölten VAZ/Rödlgasse,48.17835974,15.62131652,3,56,30.0,4
at:43:20903,St. Pölten Dr.-Th.-Körner-Schulen,48.20039854,15.62765862,3,144,11.666666666666666,3
at:43:20904,Behamberg Abzw. Halbinger,48.04824597,14.47966559,3,32,52.5,5
at:43:20905,Behamberg B122/Schedlstraße,48.04971724,14.4875528,3,32,52.5,5
at:43:20906,St. Peter in der Au-Markt Voralpensiedlung,48.04416221,14.61388288,3,39,43.07692307692308,5
at:43:20907,St. Peter in der Au-Markt Inzinghof,48.04975327,14.62721387,3,18,93.33333333333333,6
at:43:20908,Amstetten Waidhofner Str./City Center,48.12159619,14.86836661,3,60,28.0,4
at:43:20909,Aschbach Gobetzberg,48.102955,14.73332288,3,7,240.0,-1
at:43:20910,Behamberg B122/Gwengstraße,48.0486303,14.49455966,3,32,52.5,5
at:43:20911,St. Pölten Steinergasse/Ehemalige Synagoge,48.2023684,15.62774845,3,129,13.023255813953488,3
at:43:20913,Behamberg Steinbach,48.05217327,14.50698336,3,32,52.5,5
at:43:20914,St. Pölten Glanzstoff,48.21565845,15.63720771,3,56,30.0,4
at:43:20915,Herzogenburg Kellergasse,48.27873312,15.68405486,3,5,336.0,-1
at:43:20916,Weinzierl/Wieselburg Volksfestplatz,48.12569778,15.12911161,3,20,84.0,6
at:43:20917,Aschbach Steyrer Straße,48.07344395,14.74321333,3,17,98.82352941176471,6
at:43:20918,Mank Wiesmüllergasse,48.10509656,15.3451744,3,25,67.2,6
at:43:20919,Kilb Manker Straße,48.10078335,15.40732883,3,78,21.53846153846154,4
at:43:20920,Bischofstetten Volksschule,48.12415672,15.47204347,3,17,98.82352941176471,6
at:43:20921,Absdorf bei Statzendorf Ort,48.30576008,15.6197804,3,20,84.0,6
at:43:20922,Bischofstetten Abzw. Christenberg,48.11593497,15.44670199,3,35,48.0,5
at:43:20924,Ruprechtshofen Schlatten,48.13469735,15.26095734,3,27,62.22222222222222,6
at:43:20926,Mank Abzw. Busendorf,48.11680458,15.34253335,3,39,43.07692307692308,5
at:43:20927,Krenstetten Bichl,48.0638093,14.71832999,3,12,140.0,7
at:43:20928,Hohenberg Schulen,47.90643474,15.6197265,3,27,62.22222222222222,6
at:43:20929,Mühling/Erlauf Eisenstraße,48.11083095,15.13911884,3,12,140.0,7
at:43:20930,Mühling/Erlauf Lagergasse,48.10128728,15.13504049,3,7,240.0,-1
at:43:20931,Krenstetten Marienplatz,48.06217032,14.71127822,3,13,129.23076923076923,7
at:43:20932,Gneixendorf Wolfsgraben,48.43740263,15.62234958,3,14,120.0,6
at:43:20933,Gneixendorf Fideliostraße,48.43933952,15.62411926,3,14,120.0,6
at:43:20934,Gneixendorf Schloss,48.44095453,15.62181059,3,28,60.0,5
at:43:20935,Lachau Nr. 4,48.10211514,15.26782945,3,6,280.0,-1
at:43:20937,Fohregg Ort,48.12129635,15.20783098,3,6,280.0,-1
at:43:20941,Brunn an der Erlauf Ahornstraße,48.20188342,15.19692543,3,13,129.23076923076923,7
at:43:20942,Mühling/Erlauf Lindengasse,48.10810779,15.13666644,3,12,140.0,7
at:43:20943,Bischofstetten Pfarrfeldstraße,48.12462444,15.47316636,3,18,93.33333333333333,6
at:43:20944,Bischofstetten Raiffeisenplatz,48.12339517,15.46911496,3,18,93.33333333333333,6
at:43:20945,Mannersdorf/Ober-Grafendorf Süd,48.16467055,15.46118283,3,18,93.33333333333333,6
at:43:20948,Aschbach Abzw. Gerersdorf,48.10119729,14.72127647,3,6,280.0,-1
at:43:20949,Krenstetten Feuerwehr,48.06215832,14.70901446,3,15,112.0,6
at:43:20957,St. Peter in der Au-Markt Amstettner Str. 19,48.04233043,14.62391706,3,46,36.52173913043478,4
at:43:20983,St. Peter in der Au-Markt Am Waldrand,48.03842039,14.62071905,3,9,186.66666666666666,7
at:43:21006,Behamberg Wachtberg Ort,48.04568765,14.47113159,3,58,28.96551724137931,4
at:43:21008,Wolfsbach bei Seitenstetten Kirchenstr.,48.08075429,14.66749433,3,17,98.82352941176471,6
at:43:21010,Oed bei Amstetten Ramsau Ost,48.10710607,14.75168444,3,7,240.0,-1
at:43:21011,Eichgraben Gärtnerstraße,48.17723958,16.00483426,3,23,73.04347826086956,6
at:43:21012,Altlengbach Linden,48.14529576,15.91129269,3,72,23.333333333333332,4
at:43:21013,Altlengbach Feuerwehr,48.15353678,15.91354746,3,43,39.06976744186046,4
at:43:21015,Neulengbach Schulzentrum,48.19911121,15.9044116,3,34,49.411764705882355,5
at:43:21017,Statzendorf Volksschule,48.30587959,15.64124115,3,26,64.61538461538461,6
at:43:21024,Sollenau Petrigasse,47.88873968,16.25103553,3,29,57.93103448275862,5
at:43:21025,Günselsdorf Löwentor,47.93996528,16.26137514,3,20,84.0,6
at:43:21026,Günselsdorf Europaplatz,47.94390685,16.26021631,3,18,93.33333333333333,6
at:43:21027,Oeynhausen Kirche,47.98843473,16.29463976,3,8,210.0,7
at:43:21030,Altlengbach Abzw. Linden,48.15173286,15.910062,3,72,23.333333333333332,4
at:43:21031,Krems Spitalbrücke,48.41032021,15.61613324,3,14,120.0,6
at:43:21032,Krems Antonikirche,48.41441062,15.61416593,3,96,17.5,3
at:43:21035,Krems Steindlstraße,48.41721886,15.60663805,3,13,129.23076923076923,7
at:43:21036,Ober-Grafendorf Hauptplatz,48.15000679,15.5460916,3,48,35.0,4
at:43:21038,Waasen bei Kilb Manker Straße,48.10898353,15.42270799,3,35,48.0,5
at:43:21041,Hart/St. Pölten Dr.-Holzknecht-Straße,48.14973709,15.61421983,3,37,45.4054054054054,5
at:43:21044,Breiteneich bei Wieselburg Ort,48.13659779,15.15897161,3,26,64.61538461538461,6
at:43:21045,Droß Herrengasse,48.46567384,15.57535871,3,23,73.04347826086956,6
at:43:21046,Mollands Altweg,48.51395764,15.67867395,3,13,129.23076923076923,7
at:43:21047,See bei Schönberg Kapelle,48.50029876,15.67434407,3,13,129.23076923076923,7
at:43:21048,Schönberg-Neustift Nord,48.50536994,15.69779908,3,4,420.0,-1
at:43:21049,Schönberg/Kamp Marktplatz,48.51754583,15.6974667,3,4,420.0,-1
at:43:21056,Landsiedl Bundesstraße,48.05106236,14.52768054,3,26,64.61538461538461,6
at:43:21057,St. Aegyd am Neuwalde Augasse,47.85383776,15.5657647,3,26,64.61538461538461,6
at:43:21058,Ebersbrunn Kriegerdenkmal,48.51470148,15.8595138,3,14,120.0,6
at:43:21059,Asperhofen Kirchenplatz,48.2437717,15.9251537,3,50,33.6,4
at:43:21063,Seitenstetten Peter-Lisec-Straße,48.05073209,14.65479215,3,36,46.666666666666664,5
at:43:21066,Nußdorf/Traisen Marktplatz,48.35372429,15.69658636,3,22,76.36363636363636,6
at:43:21070,Krems Kraxenweg,48.4200806,15.60751839,3,26,64.61538461538461,6
at:43:21072,St. Peter in der Au-Markt Vogelhändlerplatz,48.0450931,14.62098855,3,69,24.347826086956523,4
at:43:21074,Schönberg-Neustift Süd,48.50234634,15.69734992,3,4,420.0,-1
at:43:21076,Mollands Auf der Leiten,48.51303526,15.67370626,3,13,129.23076923076923,7
at:43:21077,Schönberg/Kamp Mollandser Str.,48.51478479,15.69338835,3,13,129.23076923076923,7
at:43:21078,Wolfsbach bei Seitenstetten Schulen,48.07763342,14.67088098,3,13,129.23076923076923,7
at:43:21079,St. Aegyd am Neuwalde Feuerwehr,47.85228253,15.56067125,3,26,64.61538461538461,6
at:43:21081,Krems Strandbadstraße,48.40556752,15.60181409,3,26,64.61538461538461,6
at:43:21082,Krems Undstraße/IMC,48.40685562,15.59011803,3,40,42.0,5
at:43:21083,Krems Hafnerplatz,48.40918127,15.59900237,3,27,62.22222222222222,6
at:43:21084,Krems Langenloiser Straße 132,48.42257854,15.61451627,3,31,54.193548387096776,5
at:43:21085,Krems Dr.-Franz-Wilhelm-Straße,48.40899045,15.64260659,3,28,60.0,5
at:43:21086,Krems Brennaustraße,48.40675424,15.65062855,3,14,120.0,6
at:43:21087,Krems Gewerbepark Ost,48.40614001,15.65672811,3,28,60.0,5
at:43:21089,Krems Johann-Bacher-Gasse,48.4092409,15.61377067,3,14,120.0,6
at:43:21090,Krems Hafenstraße/Brücke B37,48.41212695,15.62473012,3,14,120.0,6
at:43:30006,Unteroberndorf Ortsmitte,48.18415782,15.96358362,3,24,70.0,6
at:43:3002,Absdorf bei Tulln Hauptplatz,48.40062951,15.97821718,3,9,186.66666666666666,7
at:43:3003,Absdorf bei Tulln Kremser Str.,48.40070107,15.97196491,3,17,98.82352941176471,6
at:43:3004,Absdorf-Hippersdorf Bahnhof,48.40192966,15.98583489,0,123,13.658536585365853,1
at:43:3005,Altenhof/Kamp Bahnhof,48.5442261495446,15.6859952179064,0,36,46.666666666666664,3
at:43:3006,Abstetten Bundesstraße,48.26590195,15.98924849,3,28,60.0,5
at:43:3007,Abstetten Ort,48.26481361,15.98428979,3,6,280.0,-1
at:43:3008,Achau Bahnhof,48.08088632,16.37800341,1,99,16.96969696969697,2
at:43:3009,Achau Friedhof,48.08293278,16.39414614,3,52,32.30769230769231,4
at:43:3010,Achau Gemeindeamt,48.08023815,16.38565706,3,55,30.545454545454547,4
at:43:30102,Wielings Ort,48.90148523,15.07082891,3,3,560.0,-1
at:43:3011,Achau Mühlgasse,48.08055624,16.381426,3,55,30.545454545454547,4
at:43:3012,Achau Riedenhof,48.0865934,16.40556373,3,52,32.30769230769231,4
at:43:3013,Aderklaa Dorfanger,48.28503989,16.53776879,3,34,49.411764705882355,5
at:43:3014,Ahrenberg Karl-Fischer-Straße,48.33081986,15.79863497,3,24,70.0,6
at:43:3017,Aigen b. Berndorf Ortsmitte,47.89953932,16.12091456,3,39,43.07692307692308,5
at:43:3018,Gerasdorf Leopoldauer Straße,48.29350349,16.46704442,3,104,16.153846153846153,3
at:43:30189,Motten Ortsmitte,48.86453502,15.14986269,3,3,560.0,-1
at:43:3019,Alkersdorf Ort,47.88796862,16.09740565,3,9,186.66666666666666,7
at:43:3020,Alland Abzw. Reha-Zentrum,48.04563961,16.05270548,3,38,44.21052631578947,5
at:43:3021,Alland Hauptplatz,48.05854399,16.0783973,3,88,19.09090909090909,3
at:43:3022,Alland Neuhof,48.05253956,16.07100417,3,34,49.411764705882355,5
at:43:3023,Alland Birkenweg,48.05416683,16.08520653,3,24,70.0,6
at:43:3024,Alland Reha-Zentrum,48.04763943,16.05111547,3,34,49.411764705882355,5
at:43:3025,Schwechatbach Brücke,48.03056339,16.11709672,3,25,67.2,6
at:43:3026,Schwechatbach Hotel,48.03381326,16.11249735,3,25,67.2,6
at:43:30260,Klein-Radischen Ort,48.90675233,15.08809453,3,3,560.0,-1
at:43:3027,Helenental Abzw. Augustinerhütte,48.02489215,16.16105129,3,27,62.22222222222222,6
at:43:30272,Hochneukirchen Beim Höhwirt,47.46931795,16.20708096,3,15,112.0,6
at:43:30273,Buchegg Hochneukirchenstraße,47.49098615,16.2105305,3,15,112.0,6
at:43:30274,Möltern Hochneukirchenstraße,47.47806766,16.20596705,3,15,112.0,6
at:43:30277,Hattmannsdorf Ortsmitte,47.45819807,16.17823606,3,14,120.0,6
at:43:3028,Allerheiligenberg Schöffelstraße,48.23947014,16.18823431,3,13,129.23076923076923,7
at:43:30280,Gschaidt Ort,47.45695901,16.15439477,3,14,120.0,6
at:43:30289,Gaiselberg Ortsmitte,48.53291327,16.71676709,3,30,56.0,5
at:43:3029,Allerheiligenberg Goethestraße,48.23747179,16.18822533,3,13,129.23076923076923,7
at:43:30290,Blumenthal Kirche,48.5191643,16.70451407,3,7,240.0,-1
at:43:30291,Waltersdorf bei Staatz Ortsmitte,48.66053882,16.51687397,3,13,129.23076923076923,7
at:43:30292,Eisengraben Ort,48.53167001,15.45619719,3,7,240.0,-1
at:43:3030,Allhang Mauerbachstraße,48.24069064,16.13458692,3,83,20.240963855421686,4
at:43:30308,Eisengraberamt Dörr,48.54075285,15.44644148,3,7,240.0,-1
at:43:30310,Schrick Obersulzer Straße,48.51421352,16.62473469,3,24,70.0,6
at:43:30315,Krumbach Ponholzweg,47.53690967,16.16671068,3,27,62.22222222222222,6
at:43:30316,Krumbach Weißes Kreuz,47.54109412,16.15580513,3,27,62.22222222222222,6
at:43:30318,Löbersdorf Kapelle,48.17182413,15.40622391,3,17,98.82352941176471,6
at:43:3032,Altenberg/Donau Berggasse,48.34230919,16.23689605,3,18,93.33333333333333,6
at:43:30324,Abstetten Kindergarten,48.26521427,15.98826034,3,3,560.0,-1
at:43:30328,Wiener Neustadt Roseggergasse,47.81773608,16.21839974,3,27,62.22222222222222,6
at:43:30329,Steinabrückl Kapellenweg,47.86592232,16.19992139,3,46,36.52173913043478,4
at:43:3033,Altenberg/Donau Feldgasse,48.33807563,16.23087734,3,18,93.33333333333333,6
at:43:30330,Wöllersdorf Löffelwerkgasse,47.86594642,16.16458167,3,45,37.333333333333336,4
at:43:30331,Markt Piesting Kirche,47.87265349,16.13211655,3,25,67.2,6
at:43:30332,Dreistetten Ruine Starhemberg,47.86568728,16.10132231,3,20,84.0,6
at:43:30333,Dreistetten Heimatmuseum,47.85964834,16.10301114,3,20,84.0,6
at:43:30334,Markt Piesting Gutensteiner Str. 12,47.87290657,16.12277408,3,11,152.72727272727272,7
at:43:30335,Wopfing Mühltal,47.87520833,16.09160254,3,7,240.0,-1
at:43:30336,Wopfing Sonnleitensiedlung,47.87390682,16.07385183,3,7,240.0,-1
at:43:30337,Waldegg Abzw. Peisching,47.8707674,16.06402426,3,7,240.0,-1
at:43:3034,Altenberg/Donau Donaustraße,48.34036263,16.23355432,3,18,93.33333333333333,6
at:43:30341,Dreistetten Muthmannsdorfer Straße,47.85298782,16.10849086,3,20,84.0,6
at:43:30343,Rohr im Gebirge Zellenbach,47.87820288,15.7657746,3,7,240.0,-1
at:43:30349,Siedlung Maria Theresia Schedlerstr.,47.88558308,16.25833883,3,52,32.30769230769231,4
at:43:3035,Altenberg/Donau Schloss,48.33460613,16.2270595,3,18,93.33333333333333,6
at:43:30351,Siedling Maria Theresia Buchengasse,47.87744372,16.26110565,3,52,32.30769230769231,4
at:43:30352,Siedlung Maria Theresia Gartengasse,47.8732199,16.25779985,3,52,32.30769230769231,4
at:43:30359,Maiersdorf Vorstadt,47.81678904,16.05654129,3,21,80.0,6
at:43:3036,Aigen b. Berndorf Feuerwehr,47.89972,16.11878556,3,28,60.0,5
at:43:30360,Maiersdorf Winzendorfer Straße,47.81895456,16.05510399,3,31,54.193548387096776,5
at:43:30363,Maiersdorf Birkengasse,47.82244695,16.05426855,3,21,80.0,6
at:43:30364,Wiener Neustadt Am Fohlenhof,47.794459,16.24623853,3,17,98.82352941176471,6
at:43:30365,Katzelsdorf Grillgasse,47.78368574,16.26913658,3,59,28.47457627118644,4
at:43:30366,Katzelsdorf Kellerstraße,47.77757688,16.27544276,3,33,50.90909090909091,5
at:43:30367,Kleinwolkersdorf Katzelsdorfer Str.,47.75459585,16.25325437,3,27,62.22222222222222,6
at:43:30368,Rosental Rotes Kreuz,47.75166664,16.26450128,3,33,50.90909090909091,5
at:43:30370,Lanzenkirchen Grenzgasse,47.74654465,16.24507072,3,54,31.11111111111111,4
at:43:30372,Schleinz Nord,47.72185179,16.25251775,3,23,73.04347826086956,6
at:43:30373,Hochwolkersdorf Alm,47.66779116,16.28449778,3,22,76.36363636363636,6
at:43:30374,Hochwolkersdorf Abzw. Wiesmath,47.65858904,16.28430015,3,30,56.0,5
at:43:30375,Hochwolkersdorf Steghöfe,47.65075296,16.27784126,3,21,80.0,6
at:43:30376,Wiesmath Binder-Kreuz,47.64463455,16.27474207,3,21,80.0,6
at:43:30377,Wiesmath Stadtweg,47.63763775,16.2772843,3,21,80.0,6
at:43:30378,Wiesmath Annaberg,47.62871486,16.28456066,3,21,80.0,6
at:43:30379,Wiesmath Vorort,47.62314485,16.2875251,3,21,80.0,6
at:43:3038,Altenmarkt/Triesting Ortsmitte,48.01532051,15.99610264,3,65,25.846153846153847,4
at:43:30380,Hochwolkersdorf Bauernhöfe,47.65437767,16.29808929,3,9,186.66666666666666,7
at:43:30381,Schwarzenbach Platz,47.64071864,16.34057062,3,9,186.66666666666666,7
at:43:30382,Schwarzenbach Abzw. Schön,47.63542836,16.35111684,3,9,186.66666666666666,7
at:43:30383,Schwarzenbach Unterort,47.63107588,16.35999219,3,9,186.66666666666666,7
at:43:30389,Wiener Neustadt Flugfeldgürtel,47.83215082,16.2332938,3,113,14.867256637168142,3
at:43:3039,Altenwörth Hauptstraße,48.38523986,15.8601516,3,15,112.0,6
at:43:30390,Wiener Neustadt Etrichgasse,47.83020296,16.23659062,3,57,29.473684210526315,4
at:43:30391,Wiener Neustadt Pernerstorferhof,47.82688599,16.24147746,3,57,29.473684210526315,4
at:43:30393,Wiener Neustadt Babenbergerring,47.8164452,16.23995032,3,445,3.7752808988764044,0
at:43:30395,Wiener Neustadt Industriegasse,47.82405132,16.2450258,3,57,29.473684210526315,4
at:43:30398,Wiener Neustadt Fischelgasse,47.80538689,16.22184927,3,54,31.11111111111111,4
at:43:30399,Wiener Neustadt Pestalozzischule,47.811589,16.2251371,3,60,28.0,4
at:43:3040,Ameistal Ortsmitte,48.49007749,16.00747531,3,6,280.0,-1
at:43:30400,Wiener Neustadt Sonnwendgasse,47.81039449,16.22961071,3,55,30.545454545454547,4
at:43:30403,Wiener Neustadt Hardlg./Orthopädiezentrum,47.7997935,16.23481196,3,54,31.11111111111111,4
at:43:30405,Wiener Neustadt Tulpengasse,47.81240946,16.20342482,3,59,28.47457627118644,4
at:43:30406,Wiener Neustadt Kleegasse,47.80925425,16.20247261,3,61,27.540983606557376,4
at:43:30407,Wiener Neustadt Mohnblumengasse,47.81135372,16.20867997,3,59,28.47457627118644,4
at:43:30408,Wiener Neustadt Metro-Markt,47.78188092,16.19049806,3,9,186.66666666666666,7
at:43:30409,Wiener Neustadt Adalbert-Stifter-Gasse,47.8156429,16.21898364,3,123,13.658536585365853,3
at:43:30410,Wiener Neustadt Zehnergasse/Dachensteingasse,47.81421925,16.2254605,3,93,18.06451612903226,3
at:43:30411,Wiener Neustadt Neunkirchner Str. 90/117,47.79887026,16.22573897,3,27,62.22222222222222,6
at:43:30414,Wiener Neustadt Matzendorfer Gasse,47.84506037,16.2354318,3,57,29.473684210526315,4
at:43:30415,Wiener Neustadt Bertha-von-Suttner-Gasse,47.84484333,16.23905201,3,29,57.93103448275862,5
at:43:30416,Wiener Neustadt Felixdorfer Gasse,47.84219052,16.23854895,3,29,57.93103448275862,5
at:43:30417,Wiener Neustadt Merkurcity,47.82339389,16.25608406,3,62,27.096774193548388,4
at:43:30418,Wiener Neustadt Ecoplus Wirtschaftspark,47.78267167,16.22894596,3,16,105.0,6
at:43:30419,Wiener Neustadt Steinabrückler Gasse,47.83356192,16.2360157,3,113,14.867256637168142,3
at:43:30420,Wiener Neustadt Julius-Willerth-Gasse,47.82824295,16.23106598,3,57,29.473684210526315,4
at:43:30421,Wiener Neustadt Wallygasse,47.82552898,16.23261109,3,57,29.473684210526315,4
at:43:30422,Wiener Neustadt Dr.-Eckener-Gasse/HTL,47.82327327,16.23392263,3,66,25.454545454545453,4
at:43:30423,Wiener Neustadt Wohlfahrtgasse 47,47.82036602,16.23522518,3,64,26.25,4
at:43:30425,Wiener Neustadt Eckgasse,47.83932051,16.23682418,3,57,29.473684210526315,4
at:43:30426,Wiener Neustadt Auf der Heide,47.84213023,16.23487484,3,27,62.22222222222222,6
at:43:30427,Wiener Neustadt Gießhübelgasse,47.79920818,16.23047309,3,28,60.0,5
at:43:30428,Wiener Neustadt Hubertusgasse,47.79758493,16.22669119,3,55,30.545454545454547,4
at:43:30429,Wiener Neustadt Geschützte Werkstätte,47.79648062,16.22598152,3,66,25.454545454545453,4
at:43:3043,Ameistal Süd,48.48653499,16.0045468,3,6,280.0,-1
at:43:30430,Wiener Neustadt Molkereistraße,47.79392189,16.22494846,3,66,25.454545454545453,4
at:43:30431,Wiener Neustadt Fritz-Heindl-Gasse,47.79112164,16.23132649,3,55,30.545454545454547,4
at:43:30432,Wiener Neustadt Lachtengasse,47.79344514,16.23341059,3,55,30.545454545454547,4
at:43:30433,Wiener Neustadt Grandlgasse,47.79547283,16.23451551,3,110,15.272727272727273,3
at:43:30434,Wiener Neustadt Breitenauer Gasse,47.79890043,16.2361774,3,111,15.135135135135135,3
at:43:30435,Wiener Neustadt Wirtschaftshof,47.80037277,16.23743504,3,57,29.473684210526315,4
at:43:30436,Wiener Neustadt Gymelsdorfer Gasse,47.80298549,16.2394293,3,57,29.473684210526315,4
at:43:30437,Wiener Neustadt Stadlgasse,47.80412586,16.23793809,3,30,56.0,5
at:43:30438,Wiener Neustadt Bräunlichg./Kindlerg.,47.8057851,16.23346448,3,64,26.25,4
at:43:30439,Wiener Neustadt Radegundgasse,47.80027623,16.22846985,3,43,39.06976744186046,4
at:43:30440,Wiener Neustadt Waldschulgasse,47.79871336,16.22658339,3,3,560.0,-1
at:43:30441,Wiener Neustadt Bräunlichgasse 1/2,47.80849407,16.23451551,3,64,26.25,4
at:43:30442,Wiener Neustadt Neunkirchner Str./Kindlerg.,47.80433101,16.23613248,3,109,15.412844036697248,3
at:43:30443,Wiener Neustadt Dreipappelstraße,47.81989553,16.21319849,3,33,50.90909090909091,5
at:43:30444,Wiener Neustadt Fischapark,47.81814627,16.21712413,3,61,27.540983606557376,4
at:43:30446,Wiener Neustadt Fahringergasse,47.8176637,16.21181509,3,33,50.90909090909091,5
at:43:30447,Wiener Neustadt Luchspergergasse,47.81626423,16.21688158,3,33,50.90909090909091,5
at:43:30448,Wiener Neustadt Auwinkel,47.81803166,16.22254097,3,56,30.0,4
at:43:30449,Wiener Neustadt WNF-Siedlung,47.82189807,16.22516405,3,59,28.47457627118644,4
at:43:3045,Andlersdorf Ortsmitte,48.17809019,16.66797959,3,24,70.0,6
at:43:30450,Wiener Neustadt Kupelwiesergasse,47.81844184,16.20920997,3,33,50.90909090909091,5
at:43:30451,Wiener Neustadt Günthergasse,47.82222981,16.23950116,3,54,31.11111111111111,4
at:43:30452,Wiener Neustadt Hammerbachgasse,47.82104761,16.24178288,3,54,31.11111111111111,4
at:43:30453,Wiener Neustadt Schilfgasse,47.81914155,16.2420434,3,54,31.11111111111111,4
at:43:30454,Wiener Neustadt Fischauergasse/HTL,47.82168093,16.23524315,3,55,30.545454545454547,4
at:43:30456,Wolfsmath,48.07762141,15.34033248,3,20,84.0,6
at:43:30458,Wiener Neustadt J.-Gutenberg-Str.,47.83810855,16.24766685,3,166,10.120481927710843,3
at:43:30459,Wiener Neustadt Lise-Meitner-Str.,47.83796986,16.25026298,3,113,14.867256637168142,3
at:43:3046,Angern/March Bahnhof,48.38439866,16.82587647,0,60,28.0,2
at:43:30460,Wiener Neustadt Arena Nova,47.84024303,16.25193385,3,56,30.0,4
at:43:30463,Wiener Neustadt Wiener Str./Stadionstr.,47.82880985,16.24413647,3,106,15.849056603773585,3
at:43:30464,Wiener Neustadt S.-Koren-Str. Mitte,47.83995362,16.2457714,3,27,62.22222222222222,6
at:43:30465,Wiener Neustadt S.-Koren-Str. Nord,47.84246184,16.24613971,3,27,62.22222222222222,6
at:43:30466,Lichtenwörth Hofermühle,47.83982097,16.28615068,3,56,30.0,4
at:43:30468,Wiener Neustadt Sandgasse,47.83645034,16.27353833,3,123,13.658536585365853,3
at:43:30469,Wiener Neustadt Burgenlandgasse,47.81122703,16.25357776,3,43,39.06976744186046,4
at:43:3047,Stockerau Erholungszentrum,48.39322755,16.21797753,3,7,240.0,-1
at:43:30470,Wiener Neustadt Otto-Glöckel-Schule,47.8299557,16.26025225,3,124,13.548387096774194,3
at:43:30471,Wiener Neustadt Volksbadgasse,47.82829723,16.25620983,3,124,13.548387096774194,3
at:43:30472,Wiener Neustadt Europaschule,47.82411766,16.24947246,3,131,12.82442748091603,3
at:43:30473,Lichtenwörth Friedhof,47.8301728,16.299311,3,56,30.0,4
at:43:30474,Lichtenwörth Kirche,47.83277798,16.29572672,3,56,30.0,4
at:43:30475,Lichtenwörth Hauptplatz,47.83598001,16.29222329,3,56,30.0,4
at:43:30477,Wiener Neustadt Stadionstraße 13/36,47.82776048,16.24985874,3,57,29.473684210526315,4
at:43:30478,Wiener Neustadt Richard-Wagner-Gasse,47.82070983,16.26047683,3,58,28.96551724137931,4
at:43:30479,Wiener Neustadt Lokomotivstraße,47.82476302,16.25381133,3,61,27.540983606557376,4
at:43:3048,Angern/March Marktplatz,48.37884403,16.82873311,3,20,84.0,6
at:43:30481,Wiener Neustadt Robert-Stolz-Siedlung,47.8190752,16.26239922,3,59,28.47457627118644,4
at:43:30482,Wiener Neustadt Dr.-A.-Hochstetter-Platz,47.81701223,16.25892274,3,58,28.96551724137931,4
at:43:30483,Wiener Neustadt Schelmergasse,47.81395382,16.25877003,3,59,28.47457627118644,4
at:43:30484,Furth bei Kirnberg Brücke,48.06463176,15.2953718,3,12,140.0,7
at:43:30487,Wiener Neustadt Raimundgasse,47.81187858,16.25479947,3,59,28.47457627118644,4
at:43:3049,Au/Leithaberge Kirchengasse,47.92293183,16.55794495,3,19,88.42105263157895,6
at:43:30490,Stadt Haag Linzer Straße,48.11294819,14.5622028,3,33,50.90909090909091,5
at:43:30491,Stadt Haag Hochwall,48.09651778,14.5868885,3,31,54.193548387096776,5
at:43:30492,Stadt Haag Zauchhof,48.08271673,14.58646629,3,5,336.0,-1
at:43:30493,Weistrach Hartlmühl,48.07640903,14.59085905,3,12,140.0,7
at:43:30494,Rohrbach/Amstetten Mayr-Allersberg,48.05779347,14.55189912,3,12,140.0,7
at:43:30495,Weistrach Zauchasteg,48.0459519,14.54189189,3,38,44.21052631578947,5
at:43:30496,Weistrach Anthofkapelle,48.04737519,14.56495164,3,38,44.21052631578947,5
at:43:30497,Rohrbach/Amstetten Abzw. St. Johann,48.07131308,14.56924559,3,14,120.0,6
at:43:30498,Rohrbach bei Amstetten Nr. 15/Zauchabrücke,48.06271665,14.56838321,3,12,140.0,7
at:43:30499,Stadt Haag Markstein,48.10758594,14.62777981,3,7,240.0,-1
at:43:30500,Stadt Haag Unreinfußen,48.10224712,14.60384869,3,7,240.0,-1
at:43:30501,Stadt Haag Ziegelstadl,48.10678815,14.58767004,3,27,62.22222222222222,6
at:43:30502,Langenhart Schulen,48.16876871,14.51256189,3,25,67.2,6
at:43:30504,St. Valentin Schubertviertel,48.17319003,14.52695291,3,23,73.04347826086956,6
at:43:30505,St. Valentin Franz-Forster-Platz,48.17496325,14.52775241,3,60,28.0,4
at:43:30506,St. Valentin Feichtingerstraße,48.18599055,14.51876027,3,28,60.0,5
at:43:30507,St. Valentin Fichtenstraße,48.18802684,14.5182123,3,18,93.33333333333333,6
at:43:30509,St. Pantaleon Ringstraße,48.21023509,14.56675726,3,36,46.666666666666664,5
at:43:30510,St. Pantaleon Marksee,48.21532923,14.55012046,3,6,280.0,-1
at:43:30511,St. Pantaleon Wagram,48.20818172,14.54623973,3,6,280.0,-1
at:43:30512,Sattlehen Schonaberg,48.06704506,15.30368122,3,12,140.0,7
at:43:30513,Wiener Neustadt Lazarettgasse,47.81517841,16.25543728,3,56,30.0,4
at:43:30516,Erla Ortsmitte,48.1993088,14.57044933,3,39,43.07692307692308,5
at:43:30517,Erla Weingarten,48.19917707,14.56841914,3,39,43.07692307692308,5
at:43:30518,Klein-Erla Fachschule,48.19471607,14.55422576,3,40,42.0,5
at:43:30521,St. Valentin Hauptplatz,48.17426235,14.53325908,3,21,80.0,6
at:43:30522,Gutenhofen,48.15873844,14.52933344,3,5,336.0,-1
at:43:30523,St. Valentin Kirchdorf,48.16436498,14.53045634,3,5,336.0,-1
at:43:30525,Klessdorf,48.14399505,14.52583001,3,5,336.0,-1
at:43:30526,Hofkirchen bei St. Valentin Nr. 58,48.13916358,14.52614442,3,5,336.0,-1
at:43:30527,Aigenfließen Süd,48.12904957,14.51576888,3,5,336.0,-1
at:43:30528,Ernsthofen Edt,48.12930739,14.49164911,3,5,336.0,-1
at:43:30529,Schwarzau/Geb. Gschaiderwirt,47.85373528,15.69570601,3,11,152.72727272727272,7
at:43:30530,Ernsthofen Altenrath Süd,48.13999683,14.4859538,3,8,210.0,7
at:43:30532,Weindlau Abzw. Ort,48.14847246,14.47954881,3,8,210.0,7
at:43:30534,Rubring Abzw. St. Valentin,48.16722894,14.48245037,3,9,186.66666666666666,7
at:43:30535,Thurnsdorf Ort,48.17719166,14.49071487,3,5,336.0,-1
at:43:30536,Gollensdorf,48.18472681,14.4898974,3,5,336.0,-1
at:43:30537,Wimm bei St. Valentin,48.19150631,14.48830738,3,5,336.0,-1
at:43:30538,Kötting,48.19802743,14.49010401,3,5,336.0,-1
at:43:30539,Aichet bei St. Valentin Ort,48.19686578,14.50954356,3,5,336.0,-1
at:43:30542,Dörfl bei Oberndorf,48.08604733,15.23324431,3,10,168.0,7
at:43:30545,Furth/Wieselburg Abzw. Hörmannsberg,48.11048906,15.19755425,3,10,168.0,7
at:43:30546,Dürnbach bei Wieselburg Ost,48.12277153,15.16216063,3,7,240.0,-1
at:43:30547,Furth/Wieselburg,48.10768191,15.2025938,3,10,168.0,7
at:43:30548,Großa,48.11400978,15.18547191,3,10,168.0,7
at:43:30549,Stadt Haag Schulen,48.11176662,14.57000916,3,40,42.0,5
at:43:3055,Arbesthal Waidbergweg,48.06722515,16.70515187,3,30,56.0,5
at:43:30550,Wiener Neustadt F.-Solimena-Weg,47.82087872,16.21018914,3,33,50.90909090909091,5
at:43:30551,Hub bei Ruprechtshofen,48.14350353,15.25777731,3,9,186.66666666666666,7
at:43:30552,Zwerbach Ort,48.14258642,15.24934212,3,8,210.0,7
at:43:30553,Weghof bei Ruprechtshofen Nr. 5,48.14987493,15.24916246,3,8,210.0,7
at:43:30554,Baulanden Ort,48.15334501,15.22606678,3,8,210.0,7
at:43:30555,St. Leonhard am Forst Grimmegg,48.12978106,15.3035824,3,56,30.0,4
at:43:30556,Aichbach Nr. 4,48.10451469,15.28679289,3,6,280.0,-1
at:43:30557,Harbach bei St. Leonhard Ort,48.0908898,15.28205877,3,6,280.0,-1
at:43:30558,Grub bei Harbach Landesstraße,48.09591781,15.27951653,3,6,280.0,-1
at:43:30559,Aichbach Nr. 1,48.10624229,15.27751329,3,6,280.0,-1
at:43:3056,Arbesthal Gemeindeamt,48.06439763,16.70949074,3,30,56.0,5
at:43:30560,Ockert Nr. 2,48.10132327,15.23509484,3,6,280.0,-1
at:43:30561,Naspern,48.11736233,15.20712131,3,12,140.0,7
at:43:30562,Brunnwiesen Ort,48.121932,15.21462224,3,6,280.0,-1
at:43:30563,Kagelsberg Landesstraße,48.12245971,15.22616559,3,6,280.0,-1
at:43:30564,Simhof Abzw. Riegers,48.12308935,15.24662023,3,6,280.0,-1
at:43:30565,Simhof Nr. 5,48.12213589,15.26003208,3,6,280.0,-1
at:43:30568,Wiener Neustadt L.-Boltzmann-Str.,47.84011641,16.25490727,3,56,30.0,4
at:43:3057,Asparn/Tulln Abzw. Kronau,48.31952507,16.00770887,3,38,44.21052631578947,5
at:43:30570,Stadt Haag Himsental,48.09577382,14.57039543,3,32,52.5,5
at:43:30572,Oberndorf/Melk B29/Griesgasse,48.06463777,15.2156014,3,42,40.0,5
at:43:30574,Oberndorf/Melk Abzw. Bach,48.07418224,15.22538406,3,21,80.0,6
at:43:30576,Pledichen,48.08765553,15.24346714,3,21,80.0,6
at:43:30577,Lehen Schleinzerhof,48.09450186,15.24418579,3,27,62.22222222222222,6
at:43:30578,Hofstetten bei Ruprechtshofen,48.10437672,15.25954699,3,21,80.0,6
at:43:30579,Ruprechtshofen Rottenhof,48.12620746,15.27215035,3,27,62.22222222222222,6
at:43:3058,Asparn/Tulln Tullner Straße,48.31782257,16.01153569,3,29,57.93103448275862,5
at:43:30580,Etzen/Ruprechtshofen Abzw. Laserthal,48.11260632,15.26646401,3,21,80.0,6
at:43:30581,Diesendorf bei St. Leonhard,48.09276186,15.24944094,3,27,62.22222222222222,6
at:43:30582,Waasen/Oberndorf,48.09525184,15.22120689,3,10,168.0,7
at:43:30583,Gassen/St. Leonhard Ort,48.15591595,15.29300923,3,24,70.0,6
at:43:30584,Großweichselbach Schloss,48.17374716,15.29227261,3,12,140.0,7
at:43:30585,Oed bei Haslach,48.16170458,15.34052113,3,12,140.0,7
at:43:30586,Steinparz,48.16891849,15.35346585,3,12,140.0,7
at:43:30587,Sooß bei Hürm Loosdorfer Str.,48.16974526,15.36722804,3,11,152.72727272727272,7
at:43:30588,Groß-Schollach Loosdorfer Str.,48.17956373,15.37780121,3,30,56.0,5
at:43:30589,Loosdorf/Melk Linzer Str. 38,48.2026498,15.39490513,3,19,88.42105263157895,6
at:43:3059,Asparn/Tulln Langenrohrer Straße,48.31704,16.01193994,3,8,210.0,7
at:43:30593,Neupölla Kirche,48.64253324,15.44692657,3,17,98.82352941176471,6
at:43:30600,Weistrach Abzw. Bhf./Bruckmayr,48.07708725,14.60957096,3,7,240.0,-1
at:43:30601,Stadt Haag Holzleiten,48.09985347,14.59085007,3,28,60.0,5
at:43:30603,Stadt Haag Weistracher Straße,48.10268505,14.57213816,3,32,52.5,5
at:43:30605,Stadt Haag Winnersdorf,48.08810558,14.59579979,3,12,140.0,7
at:43:30606,Altenhofen Römerweg,48.18934439,14.54888976,3,34,49.411764705882355,5
at:43:30607,St. Valentin Kirche,48.17522084,14.5329806,3,52,32.30769230769231,4
at:43:30608,Wiener Neustadt Stadion,47.84079774,16.25648831,3,56,30.0,4
at:43:3061,Atzelsdorf Kapelle,48.28810632,15.96166123,3,30,56.0,5
at:43:30618,Gmünd Litschauer Straße,48.77619893,14.98339588,3,6,280.0,-1
at:43:30619,Gmünd Mühlgasse,48.7742986,14.98494099,3,5,336.0,-1
at:43:30622,Etzen/Ruprechtshf Abzw. Graben,48.10882758,15.2631133,3,21,80.0,6
at:43:30623,Gmünd Volksschule,48.76748998,14.98742932,3,24,70.0,6
at:43:30624,Grillenreith,48.16368791,15.34541694,3,12,140.0,7
at:43:30626,Gmünd Conrathstraße,48.75929472,14.96922945,3,5,336.0,-1
at:43:30628,Gmünd Lagerstraße,48.76104166,14.98014398,3,5,336.0,-1
at:43:30629,Albrechts/Gmünd Kapelle,48.74386578,15.01033636,3,16,105.0,6
at:43:3063,Atzelsdorf/Tulln Am Graben,48.28772377,15.95077365,3,30,56.0,5
at:43:30630,Waldenstein Feuerwehr,48.72883504,15.01667847,3,12,140.0,7
at:43:30631,Großhöbarten Ort,48.73585034,15.03854346,3,5,336.0,-1
at:43:30632,Kleinruprechts Ort,48.72121427,15.02754808,3,5,336.0,-1
at:43:30633,Groß-Neusiedl Oedgarten,48.71443402,15.0164988,3,15,112.0,6
at:43:30634,Zehenthöf Ort,48.7040485,15.01969681,3,15,112.0,6
at:43:30635,Grünbach bei Waldenstein Ort,48.70760542,15.02916505,3,8,210.0,7
at:43:30638,Pöchlarn Manker Straße/EKZ,48.20959454,15.20854064,3,37,45.4054054054054,5
at:43:3064,Atzenbrugg Bahnhof,48.2970295825115,15.9182636178007,1,32,52.5,4
at:43:30640,Groß-Schollach Kapelle,48.17844959,15.38178973,3,19,88.42105263157895,6
at:43:30641,Golling/Erlauf Volksschule,48.20509852,15.1809983,3,12,140.0,7
at:43:30644,Kolm bei Erlauf Ort,48.16842721,15.1583877,3,5,336.0,-1
at:43:30645,Plaika b. Erlauf Süd,48.16603664,15.16471184,3,3,560.0,-1
at:43:30646,Ratzenberg b. Pöchlarn,48.17832979,15.15138084,3,5,336.0,-1
at:43:30647,Holzern Landesstraße,48.18989536,15.15481241,3,5,336.0,-1
at:43:30648,Neustift bei Krummnußbaum,48.2000333,15.1519378,3,5,336.0,-1
at:43:30649,Krummnußbaum/Donau Annastift,48.20647551,15.14963811,3,5,336.0,-1
at:43:3065,Atzenbrugg Wiener Straße,48.29083785,15.90610941,3,62,27.096774193548388,4
at:43:30650,Krummnußbaum/Donau Mittelschule,48.20762496,15.16511608,3,11,152.72727272727272,7
at:43:30651,Krummnußbaum/Donau Kirchengasse,48.20957658,15.15939382,3,8,210.0,7
at:43:30652,Krummnußbaum/Donau Donaufähre,48.21030692,15.1509227,3,11,152.72727272727272,7
at:43:30653,Krummnußbaum/Donau Tausendgrabenweg,48.20438607,15.17475501,3,9,186.66666666666666,7
at:43:30654,Golling/Erlauf Blaubergstraße,48.20254801,15.18082762,3,9,186.66666666666666,7
at:43:30655,Wallenbach,48.20699636,15.132633,3,11,152.72727272727272,7
at:43:30656,Diedersdorf Landesstraße,48.20327845,15.12107169,3,6,280.0,-1
at:43:30657,Allentsteig Wurmbacher Allee,48.70021859,15.33538276,3,18,93.33333333333333,6
at:43:30658,Allentsteig Steinlbreite,48.70286873,15.33740397,3,14,120.0,6
at:43:30659,Allentsteig Wiener Straße 45,48.70762321,15.34044926,3,14,120.0,6
at:43:3066,Au am Kraking In der Au,48.21367114,16.05266955,3,15,112.0,6
at:43:30660,Ybbs/Donau Feuerwehr,48.17277068,15.08403415,3,52,32.30769230769231,4
at:43:30661,Krummnußbaum Bahnhofstr.,48.21055835,15.15485732,3,8,210.0,7
at:43:30663,Groß-Neusiedl Nord,48.71549497,15.01651677,3,15,112.0,6
at:43:30664,Ybbs/Donau Unterhaus,48.16930192,15.10790238,3,6,280.0,-1
at:43:30665,Lichtenwörth Kreuthgasse,47.82825502,16.30755753,3,56,30.0,4
at:43:30667,Säusenstein Süd,48.18993728,15.11575366,3,17,98.82352941176471,6
at:43:30668,Säusenstein Parkstraße,48.1934765,15.11555603,3,33,50.90909090909091,5
at:43:3067,Au am Kraking Tirolersiedlung,48.22412756,16.04482726,3,16,105.0,6
at:43:30670,Aigen bei Ybbs Sonnenhang,48.18612231,15.11824199,3,16,105.0,6
at:43:30672,Waasen/Neumarkt,48.15181677,15.07379335,3,6,280.0,-1
at:43:30673,Zillingdorf Grubenweg,47.85725547,16.33111136,3,31,54.193548387096776,5
at:43:30675,Bad Erlach Therme,47.73388249,16.20699113,3,26,64.61538461538461,6
at:43:30676,Wolfsberg bei Neumarkt,48.14275426,15.0812853,3,1,1680.0,-1
at:43:30677,Königstetten/Bergland,48.14546958,15.0994672,3,1,1680.0,-1
at:43:30678,Kemmelbach Essmeister,48.15387239,15.09252323,3,6,280.0,-1
at:43:3068,Au/Leithaberge Hauptplatz,47.92485213,16.55644476,3,40,42.0,5
at:43:30685,Feuerwerksanstalt Heideweg,47.85378351,16.20014597,3,28,60.0,5
at:43:30688,Wiener Neustadt Josef-Mohr-Gasse,47.83364032,16.24180983,3,56,30.0,4
at:43:30689,Wiener Neustadt Josef-Feichtinger-Gasse,47.82185585,16.21504902,3,55,30.545454545454547,4
at:43:3069,Au/Leithaberge Eiskellergasse,47.9190308,16.55955293,3,19,88.42105263157895,6
at:43:30690,Wiener Neustadt Libellengasse,47.82313454,16.21128508,3,55,30.545454545454547,4
at:43:30691,Wiener Neustadt Leithakoloniestraße,47.79991418,16.26972947,3,26,64.61538461538461,6
at:43:30692,Weikersdorf Sportplatz,47.80592991,16.16015297,3,28,60.0,5
at:43:30693,Massendorf Abzw. Mank,48.08596331,15.36738075,3,20,84.0,6
at:43:30695,Weikersdorf Industriestraße,47.80667805,16.1648871,3,28,60.0,5
at:43:30696,Weikersdorf Luckerweg,47.80647292,16.19043518,3,28,60.0,5
at:43:30697,Wöllersdorf Staudiglgasse,47.86765189,16.16540812,3,40,42.0,5
at:43:30698,Oberndorf/Melk Abzw. Lingheim,48.05899429,15.21614039,3,13,129.23076923076923,7
at:43:30699,Oberndorf/Melk Ganz/Wies,48.05788354,15.22702797,3,13,129.23076923076923,7
at:43:3070,Au/Ernstbrunn Ort,48.56390763,16.38119243,3,21,80.0,6
at:43:30702,Wiener Neustadt Moorgasse,47.81760941,16.23001495,3,57,29.473684210526315,4
at:43:30704,Unterdambach Blindenheim,48.18367867,15.88171117,3,23,73.04347826086956,6
at:43:30705,Neulengbach Volksschule,48.19696758,15.91053811,3,26,64.61538461538461,6
at:43:30706,Unterdambach Amadeusgasse,48.18249274,15.88472951,3,23,73.04347826086956,6
at:43:30707,Weiding Abzw. Obereichen,48.20918147,15.87840537,3,12,140.0,7
at:43:30708,Obereichen,48.21325811,15.87745315,3,12,140.0,7
at:43:30709,Mosletzberg,48.21738829,15.87467736,3,12,140.0,7
at:43:30710,Berging bei Neulengbach,48.22498337,15.86475098,3,12,140.0,7
at:43:30712,Wiener Neustadt Primelgasse,47.81034019,16.21022507,3,2,840.0,-1
at:43:30714,Pressbaum Sacré Coeur,48.18514607,16.08187378,3,45,37.333333333333336,4
at:43:30715,Eichgraben Winklstraße,48.18172007,15.98147806,3,27,62.22222222222222,6
at:43:30716,Meierhöfen/Maria Anzbach Nibelungengasse,48.18658947,15.9488782,3,24,70.0,6
at:43:30717,Maria Anzbach Friedhof,48.18908687,15.93601433,3,24,70.0,6
at:43:30718,Maria Anzbach Schwabstraße,48.19057807,15.92957341,3,22,76.36363636363636,6
at:43:3072,Auersthal Am Anger,48.37125988,16.64725545,3,14,120.0,6
at:43:30720,Hofstatt Hubertusgasse,48.191668,15.92215332,3,23,73.04347826086956,6
at:43:30721,Eichgraben Bergstraße,48.17956972,15.98510726,3,26,64.61538461538461,6
at:43:30722,Maria Anzbach Volksschule,48.19005107,15.92922306,3,3,560.0,-1
at:43:30724,Neulengbach Untereichen,48.2094808,15.91089743,3,14,120.0,6
at:43:30725,Großgraben Unterort,48.23787865,15.90006375,3,14,120.0,6
at:43:30726,Haghöfen Ort,48.24141456,15.93123529,3,13,129.23076923076923,7
at:43:30727,Grabensee Hauptstraße,48.23357659,15.93483753,3,13,129.23076923076923,7
at:43:30728,Johannesberg Kirchengasse,48.2182083,15.95681931,3,13,129.23076923076923,7
at:43:30729,Dörfl bei Asperhofen Ort,48.22231415,15.95647795,3,13,129.23076923076923,7
at:43:3073,Auersthal Hauptstraße,48.37449417,16.63365496,3,98,17.142857142857142,3
at:43:30730,Paisling Weidenstraße,48.23127284,15.95710677,3,13,129.23076923076923,7
at:43:30732,Hofstatt Figlgasse,48.19385377,15.91662868,3,23,73.04347826086956,6
at:43:30734,Dürnbach bei Wieselburg Süd,48.12230979,15.16019332,3,3,560.0,-1
at:43:30737,Loipersbach Peischinger Straße,47.71835868,16.12177695,3,3,560.0,-1
at:43:30738,Guntrams Siedlung,47.71718015,16.15200525,3,17,98.82352941176471,6
at:43:30739,Weistrach Mitterhaus,48.04858827,14.58780478,3,37,45.4054054054054,5
at:43:3074,Auersthal Kirchlissen,48.37017975,16.62980119,3,98,17.142857142857142,3
at:43:30740,Seebenstein Aspanger Straße,47.70240706,16.14166565,3,31,54.193548387096776,5
at:43:30741,Schiltern Pittener Straße,47.70098635,16.1620574,3,12,140.0,7
at:43:30742,Warth Marktplatz,47.65293145,16.12802024,3,29,57.93103448275862,5
at:43:30743,Grimmenstein Hütten,47.62281185,16.12822685,3,29,57.93103448275862,5
at:43:30744,Lichtenwörth Bäckerstraße,47.81229484,16.33368054,3,56,30.0,4
at:43:30747,Krumbach Königseggstraße,47.52294696,16.19052501,3,5,336.0,-1
at:43:30749,Ennsdorf Wirtschaftspark,48.22100343,14.50454892,3,25,67.2,6
at:43:3075,Auersthal Raggendorfer Straße,48.3727219,16.64042826,3,93,18.06451612903226,3
at:43:30750,Warth Korngasse,47.64853807,16.12634039,3,5,336.0,-1
at:43:30754,Hochegg Föhrenweg,47.6127661,16.10744882,3,18,93.33333333333333,6
at:43:30755,Hochegg Abzw. Reha-Zentrum,47.61426794,16.09482749,3,2,840.0,-1
at:43:30756,Hochegg Himberger Straße,47.61369264,16.09083897,3,18,93.33333333333333,6
at:43:30757,Hochegg Abzw. LKH,47.61419527,16.0882608,3,8,210.0,7
at:43:30759,Baulanden Abzw. Kalcha,48.15538858,15.22019179,3,8,210.0,7
at:43:3076,Weinzierl/Atzenbrugg Schloss Aumühle,48.28928382,15.89258977,3,36,46.666666666666664,5
at:43:30760,Hochegg Reha-Zentrum,47.61543062,16.09808837,3,11,152.72727272727272,7
at:43:30762,Grimmenstein Abzw. Hochegg,47.60766074,16.12020489,3,18,93.33333333333333,6
at:43:30763,Grimmenstein Abzw. Lucka,47.60932625,16.11144632,3,18,93.33333333333333,6
at:43:30765,Kirchau Ort,47.6554124,16.09019218,3,14,120.0,6
at:43:30767,Warth Bildungszentrum,47.65213268,16.12113914,3,14,120.0,6
at:43:30768,Scheiblingkirchen Schulen,47.65620506,16.1329969,3,15,112.0,6
at:43:30769,Grimmenstein Steinmühlenstraße,47.60907794,16.12181288,3,26,64.61538461538461,6
at:43:3077,Bad Deutsch-Altenburg Amphitheater,48.12653125,16.8938969,3,7,240.0,-1
at:43:30771,Warth Kirchauer Straße 14,47.65459551,16.10601151,3,6,280.0,-1
at:43:30772,Edlitz Schulen,47.59850255,16.13975223,3,15,112.0,6
at:43:30774,Olbersdorf Kapelle,47.59709113,16.11824657,3,10,168.0,7
at:43:30775,Rohr im Gebirge Rohrwiese,47.88989624,15.71935865,3,18,93.33333333333333,6
at:43:30776,Aspang Markt Unteraspang B54,47.56960013,16.0990316,3,12,140.0,7
at:43:30778,Aspang Markt Unteraspang VS,47.56886676,16.1007384,3,3,560.0,-1
at:43:3078,Bad Deutsch-Altenburg Hauptplatz,48.133888,16.90543127,3,10,168.0,7
at:43:30780,Kirchberg/Wechsel St. Wolfgang,47.60849653,15.99909403,3,23,73.04347826086956,6
at:43:30781,Kirchberg/Wechsel Abzw. Ramergraben,47.60858132,16.01752746,3,23,73.04347826086956,6
at:43:30782,Kirchberg/Wechsel Abzw. Hasleiten,47.60836329,16.02648366,3,23,73.04347826086956,6
at:43:30783,Kirchberg/Wechsel Au 111/310,47.60554093,16.03276288,3,23,73.04347826086956,6
at:43:30784,Feistritz/Wechsel Thurnhof,47.60136163,16.04160231,3,23,73.04347826086956,6
at:43:30785,Feistritz/Wechsel Turnersiedlung,47.59975039,16.059362,3,23,73.04347826086956,6
at:43:30786,Feistritz/Wechsel Haidbauer,47.59626727,16.06926143,3,23,73.04347826086956,6
at:43:30789,Sarling Veith-Siedlung,48.16998491,15.12070338,3,1,1680.0,-1
at:43:3079,Bad Deutsch-Altenburg Bahnhof,48.13249107,16.91066844,0,100,16.8,1
at:43:30791,Sarling Auhof,48.17434023,15.12056863,3,25,67.2,6
at:43:30792,Aigen bei Ybbs Almweg,48.18136069,15.12227543,3,16,105.0,6
at:43:30794,Neumarkt/Ybbs Kirchenplatz,48.14139954,15.05828843,3,10,168.0,7
at:43:30795,Ybbs/Donau Eisernes Kreuz,48.16576103,15.07983901,3,6,280.0,-1
at:43:30799,Granz Bundesstraße,48.21264155,15.1363161,3,16,105.0,6
at:43:3080,Stockerau Friedhof,48.39757581,16.20956032,3,7,240.0,-1
at:43:30800,Marbach/Donau Festsaal,48.21418593,15.15298883,3,26,64.61538461538461,6
at:43:30803,Klein Pöchlarn Artstettner Straße,48.21731048,15.21568225,3,42,40.0,5
at:43:30804,Holzing,48.14283818,15.13471709,3,21,80.0,6
at:43:30805,Oberegging,48.15683282,15.11224125,3,26,64.61538461538461,6
at:43:30806,Kottingneusiedl Kirche,48.70127392,16.4632176,3,7,240.0,-1
at:43:30807,Natschbach S.-Ludwig-Siedlung,47.71161958,16.10397234,3,23,73.04347826086956,6
at:43:30808,Natschbach Gartengasse,47.71183718,16.09657022,3,25,67.2,6
at:43:3081,Bad Deutsch-Altenburg Badgasse,48.13680762,16.9047755,3,9,186.66666666666666,7
at:43:3082,Bad Fischau Wr. Neustädter Str.,47.83127037,16.16771679,3,29,57.93103448275862,5
at:43:3084,Bad Pirawarth Untere Hauptstraße,48.44904668,16.60382191,3,70,24.0,4
at:43:30848,Herzograd Puchweg,48.15793545,14.50763913,3,13,129.23076923076923,7
at:43:30849,Herzograd Steyrer Str./Siedlung,48.1595474,14.51162765,3,13,129.23076923076923,7
at:43:30851,Herzograd Waldstraße,48.16380175,14.50940881,3,7,240.0,-1
at:43:30852,Herzograd Schillerstraße,48.16520381,14.51219359,3,7,240.0,-1
at:43:30858,St. Valentin Petzoldstraße,48.17260294,14.51616414,3,24,70.0,6
at:43:30860,St. Valentin Schwimmbad,48.17311814,14.52183251,3,18,93.33333333333333,6
at:43:30862,St. Valentin Neubaustraße,48.17703591,14.52576713,3,2,840.0,-1
at:43:30866,St. Valentin Josef-Stöckler-Str.,48.17689814,14.53676251,3,52,32.30769230769231,4
at:43:30867,Altenhofen Autobahnunterführung,48.18051613,14.54406581,3,52,32.30769230769231,4
at:43:30868,Altenhofen Bachstraße,48.18407996,14.5464194,3,47,35.744680851063826,4
at:43:30870,Klein-Erla Ort,48.19135659,14.54982401,3,40,42.0,5
at:43:30871,Altenhofen Steingasse,48.18340315,14.54794653,3,4,420.0,-1
at:43:30872,Herzograd Porschestraße,48.16119525,14.5155982,3,6,280.0,-1
at:43:30876,St. Valentin Feldstraße,48.18364273,14.51994605,3,28,60.0,5
at:43:30880,Neu-Rubring Irisstraße,48.16673765,14.49785647,3,7,240.0,-1
at:43:30881,Altenhofen Am Teich,48.18081562,14.54775789,3,10,168.0,7
at:43:3090,Bad Vöslau Bahnhof,47.96953476,16.22393336,0,245,6.857142857142857,0
at:43:3091,Bad Vöslau Petzgasse,47.96450644,16.20863505,3,63,26.666666666666668,4
at:43:3092,Bad Vöslau Josefsplatz,47.96686428,16.20734148,3,6,280.0,-1
at:43:30923,Haslach bei St. Leonhard,48.155874,15.32721708,3,12,140.0,7
at:43:30926,Reith/Raabs an der Thaya Ort,48.84336274,15.55655697,3,2,840.0,-1
at:43:30927,Kleedorf bei Hollabrunn Ort,48.50533423,16.05763723,3,22,76.36363636363636,6
at:43:30928,Thaures bei Heidenreichstein Ort,48.88006275,15.04873934,3,5,336.0,-1
at:43:30929,Zwinzen Kapelle,48.69809601,15.30200137,3,18,93.33333333333333,6
at:43:3093,Bad Vöslau Goldeckgasse,47.97366051,16.21495021,3,34,49.411764705882355,5
at:43:30930,Großkainraths Ortsmitte,48.70727938,15.24175136,3,30,56.0,5
at:43:30931,Gerweis Kapelle,48.70220473,15.22205131,3,24,70.0,6
at:43:30932,Altmanns bei Heidenreichstein Feuerwehr,48.87332757,15.09303527,3,5,336.0,-1
at:43:30933,Schlag bei Schwarzenau Kapelle,48.72779807,15.25213589,3,5,336.0,-1
at:43:30935,Reinsbach/Allentsteig Kapelle,48.71013662,15.31405676,3,5,336.0,-1
at:43:30936,Hausbach bei Schwarzenau Ort,48.73736111,15.27671379,3,17,98.82352941176471,6
at:43:30937,Warnungs Kapelle,48.71377609,15.16379556,3,9,186.66666666666666,7
at:43:30938,Kleingloms Kapelle,48.74401388,15.16227741,3,5,336.0,-1
at:43:30939,Kleinpoppen Ort,48.73267462,15.17087428,3,9,186.66666666666666,7
at:43:3094,Bad Vöslau Hansengasse,47.97749127,16.21989094,3,41,40.97560975609756,5
at:43:30941,Germanns Feuerwehr,48.66470993,15.20783098,3,22,76.36363636363636,6
at:43:3095,Bad Vöslau Jakobusheim,47.97732289,16.21622581,3,27,62.22222222222222,6
at:43:30950,Kleedorf/Hollabrunn Oberort,48.50614962,16.05230124,3,21,80.0,6
at:43:30953,Gerweis Aubachbrücke,48.70427971,15.22453066,3,6,280.0,-1
at:43:3096,Gainfarn Gerichtsweg,47.96056042,16.21610005,3,55,30.545454545454547,4
at:43:30961,Roggendorf/Loosdorf Gartenstraße,48.20111105,15.37681306,3,19,88.42105263157895,6
at:43:3097,Bad Vöslau August-Schneider-Gasse,47.96661166,16.22928732,3,27,62.22222222222222,6
at:43:3098,Bad Vöslau Mühlgasse,47.96367034,16.21630666,3,40,42.0,5
at:43:30989,Texing Abzw. Steingrub,48.05416683,15.3261391,3,21,80.0,6
at:43:3099,Bad Vöslau Alleegasse,47.96443426,16.22376268,3,38,44.21052631578947,5
at:43:30990,Panholz bei Texing,48.06089153,15.32137803,3,21,80.0,6
at:43:30991,Kirnberg/Mank Kriegerdenkmal,48.07154118,15.32270753,3,41,40.97560975609756,5
at:43:30992,Oed/Mank Landesstraße,48.08337087,15.32023717,3,54,31.11111111111111,4
at:43:30993,Pölla/Mank,48.08961772,15.31877291,3,54,31.11111111111111,4
at:43:30994,Dorna bei Mank,48.09835364,15.32215956,3,54,31.11111111111111,4
at:43:30995,Mank Alleestraße,48.11083694,15.33535581,3,54,31.11111111111111,4
at:43:30997,Oberneuberg bei Kilb,48.1202589,15.39192273,3,19,88.42105263157895,6
at:43:30998,Hösing Ort,48.13815646,15.40272048,3,19,88.42105263157895,6
at:43:30999,Hürm Kirchenplatz,48.15604779,15.41156888,3,61,27.540983606557376,4
at:43:3100,Bad Vöslau Thermalbad,47.96754394,16.21332426,3,68,24.705882352941178,4
at:43:31000,Inning bei Melk Abzw. Löbersdorf,48.17437018,15.41735403,3,20,84.0,6
at:43:31001,Inning bei Melk Ortsmitte,48.17930617,15.42005796,3,20,84.0,6
at:43:31003,Loosdorf/Melk Sebastianistraße,48.20226661,15.39631549,3,23,73.04347826086956,6
at:43:31004,Loosdorf/Melk Albrechtsberger Str.,48.20555353,15.39571362,3,23,73.04347826086956,6
at:43:31005,Albrechtsberg/Pielach Feuerwehr,48.21205491,15.39141967,3,23,73.04347826086956,6
at:43:31006,Neubach/Pielach Ort,48.21831006,15.3823377,3,23,73.04347826086956,6
at:43:31007,Pielach Bachgasse,48.22292461,15.37521406,3,24,70.0,6
at:43:31008,Pielach Ort,48.22753276,15.37166572,3,23,73.04347826086956,6
at:43:31009,Pielachberg Florianiplatz,48.22925622,15.36369766,3,23,73.04347826086956,6
at:43:3101,Baden Bahnhof,48.0040582,16.2427351,0,587,2.8620102214650767,0
at:43:31011,Großaigen Ort,48.09279186,15.36120034,3,26,64.61538461538461,6
at:43:31012,Hörsdorf bei Mank,48.11759022,15.33225663,3,56,30.0,4
at:43:31015,Fachelberg Bundesstraße,48.15111556,15.27265341,3,24,70.0,6
at:43:31016,Lunzen Bundesstraße,48.15586201,15.24595548,3,24,70.0,6
at:43:31017,Mannersdorf/Zelking Feuerwehr,48.16879866,15.24235323,3,26,64.61538461538461,6
at:43:31018,Zelking Ort,48.18375653,15.25795697,3,28,60.0,5
at:43:31019,Zelking Abzw. Gassen,48.18714046,15.26210718,3,28,60.0,5
at:43:3102,Baden ASV-Sportplatz,47.99776489,16.25115231,3,19,88.42105263157895,6
at:43:31020,Matzleinsdorf/Melk Melkbrücke,48.20378736,15.27751329,3,28,60.0,5
at:43:31021,Freiningau Süd,48.21719077,15.29282058,3,24,70.0,6
at:43:31022,Neuwinden bei Melk,48.21744815,15.30420224,3,24,70.0,6
at:43:31023,Anzenberg/Melk Bundesstraße,48.16387964,15.24049372,3,24,70.0,6
at:43:31026,Mank Schulstraße,48.10913349,15.34139249,3,46,36.52173913043478,4
at:43:31027,Kleinzell bei Mank,48.09346387,15.32262669,3,54,31.11111111111111,4
at:43:31028,Loipersdorf/Mank Landesstraße,48.12360505,15.34756392,3,39,43.07692307692308,5
at:43:31029,Loitsbach,48.13639396,15.35197465,3,39,43.07692307692308,5
at:43:3103,Baden Trabrenngasse,48.01314517,16.25440421,3,66,25.454545454545453,4
at:43:31030,Loitsdorf Landesstraße,48.1359863,15.36325749,3,39,43.07692307692308,5
at:43:31031,Unterthurnhofen,48.14726773,15.39392597,3,39,43.07692307692308,5
at:43:31032,Arnersdorf,48.15450165,15.43167318,3,22,76.36363636363636,6
at:43:31035,Mank Volksschule,48.11059702,15.34304539,3,25,67.2,6
at:43:31036,St. Pölten Eybnerstraße,48.21149221,15.63266224,3,59,28.47457627118644,4
at:43:31038,St. Pantaleon Albing,48.22512101,14.54650025,3,29,57.93103448275862,5
at:43:3104,Baden Augustinergasse,48.00232115,16.25081994,3,11,152.72727272727272,7
at:43:31040,Texing Ortsmitte,48.04798774,15.32423467,3,23,73.04347826086956,6
at:43:31044,Herzograd Industriegebiet,48.1547893,14.50188991,3,13,129.23076923076923,7
at:43:3105,Baden Gesundheitskasse,48.00407623,16.23167684,3,68,24.705882352941178,4
at:43:31058,Herzograd Viehdorfer Straße,48.15657514,14.50471062,3,6,280.0,-1
at:43:3107,Baden Braunstraße,48.00854779,16.25090977,3,22,76.36363636363636,6
at:43:31075,Grottendorf Ort,48.53938488,15.41014954,3,4,420.0,-1
at:43:31077,Gföhl Parksiedlung,48.51989022,15.48726093,3,41,40.97560975609756,5
at:43:31078,Gföhl Karl-Weißenböck-Gasse,48.51495141,15.50325992,3,6,280.0,-1
at:43:3108,Baden Doblhoffgasse,48.00601155,16.22206486,3,87,19.310344827586206,3
at:43:31084,Wurschenaigen Ort,48.50229872,15.42736126,3,16,105.0,6
at:43:31085,Neubau bei Gföhl Ort,48.54154983,15.42385783,3,5,336.0,-1
at:43:31088,Gföhl Abzw. Jaidhof,48.52399561,15.48151171,3,10,168.0,7
at:43:31089,Moritzreith Bundesstraße,48.52957007,15.42801703,3,6,280.0,-1
at:43:3109,Baden Elisabethstraße,48.0014496,16.23057191,3,68,24.705882352941178,4
at:43:31090,Neubau bei Gföhl Wandelmühle,48.54417262,15.43584136,3,4,420.0,-1
at:43:31092,Wurschenaigen Abzw. Ort,48.5075542,15.42262714,3,8,210.0,7
at:43:3110,Baden Hildegardbrücke,48.00611973,16.21611802,3,85,19.764705882352942,3
at:43:31101,Neubau bei Gföhl Kreuzung Dörr,48.54533827,15.42335478,3,5,336.0,-1
at:43:3111,Baden Auf der Haide,47.98971532,16.25838375,3,19,88.42105263157895,6
at:43:31119,Olbersdorf Bundesstraße,47.59812092,16.11530009,3,23,73.04347826086956,6
at:43:31121,Sarling Bodenfeldstraße,48.16760041,15.11817911,3,17,98.82352941176471,6
at:43:31123,Kemmelbach Rasthausstraße,48.15610771,15.0962153,3,6,280.0,-1
at:43:31124,Neumarkt/Ybbs A.-Feißt-Straße,48.14285616,15.06776566,3,5,336.0,-1
at:43:31125,Neumarkt/Ybbs Mitterburgstr.,48.15872046,15.07325436,3,6,280.0,-1
at:43:3113,Baden Goethegasse,48.0124,16.25068519,3,110,15.272727272727273,3
at:43:31130,Allentsteig Schulen,48.69822645,15.32480959,3,28,60.0,5
at:43:31131,Echsenbach Steingraben,48.71755162,15.21614937,3,8,210.0,7
at:43:31132,Echsenbach Nordhangstraße,48.71942447,15.21793702,3,6,280.0,-1
at:43:31133,Echsenbach Am Spitz,48.71713082,15.2239198,3,28,60.0,5
at:43:31134,Kleinreichenbach Ort,48.7583709,15.2545793,3,3,560.0,-1
at:43:31135,Edengans Ort,48.77688563,15.26267312,3,3,560.0,-1
at:43:31136,Rafings Kirche,48.77521029,15.29856082,3,4,420.0,-1
at:43:31137,Echsenbach Berg/Rieweiser Krzg,48.71852361,15.2124573,3,5,336.0,-1
at:43:31138,Krumbach Hohe Brücke,47.51201439,16.20088259,3,7,240.0,-1
at:43:3114,Baden Brusattiplatz,48.00791074,16.2318026,3,90,18.666666666666668,3
at:43:31140,Scheiblingkirchen Bundesstraße,47.66153559,16.12893652,3,29,57.93103448275862,5
at:43:31141,Gleißenfeld Kapellenplatz,47.67661059,16.13118231,3,19,88.42105263157895,6
at:43:31142,Echsenbach Gerweiser Straße,48.71701228,15.2172543,3,30,56.0,5
at:43:31143,Markl Ort,48.7654176,15.27932789,3,19,88.42105263157895,6
at:43:31144,Zistersdorf Bahnstraße,48.5451777,16.7709355,3,44,38.18181818181818,4
at:43:31145,Meires Ort,48.77806959,15.28752951,3,16,105.0,6
at:43:31146,Zistersdorf Schloßplatz,48.54407152,16.76065878,3,88,19.09090909090909,3
at:43:31147,Sprögnitz Kapelle,48.54203752,15.23300177,3,5,336.0,-1
at:43:31148,Rieweis Kapelle,48.7115059,15.19803934,3,9,186.66666666666666,7
at:43:3115,Baden Haidhof-Siedlung,47.97909084,16.27588293,3,19,88.42105263157895,6
at:43:31152,St. Georgen/Leys Feuerwehr,48.03132632,15.22520439,3,23,73.04347826086956,6
at:43:31153,St. Georgen/Leys Drei Tore,48.02946403,15.21572717,3,24,70.0,6
at:43:31154,Pfoisau bei Oberndorf,48.04016223,15.19980902,3,29,57.93103448275862,5
at:43:31155,Oberndorf/Melk Staudenhof,48.0523354,15.20826217,3,29,57.93103448275862,5
at:43:31156,St. Georgen/Leys Wiesmühl,48.03103797,15.2074986,3,25,67.2,6
at:43:31157,Wiener Neustadt Krickelgasse,47.79191828,16.23257515,3,55,30.545454545454547,4
at:43:31158,Wiener Neustadt Olof-Palme-Platz,47.80466286,16.22048383,3,54,31.11111111111111,4
at:43:3116,Baden Haidhofstraße/B210,47.99373125,16.2559044,3,19,88.42105263157895,6
at:43:31161,Ybbs/Donau Unterauer Straße,48.17162644,15.08438449,3,105,16.0,3
at:43:31162,Ybbs/Donau Plankmühle,48.16802579,15.08725011,3,95,17.68421052631579,3
at:43:31163,Ybbs/Donau Bogenstr./Weinberger,48.17455589,15.08401618,3,53,31.69811320754717,4
at:43:31164,Großmotten Bundesstraße,48.53678563,15.39128492,3,1,1680.0,-1
at:43:31166,Großmotten Riegler,48.53269912,15.40272946,3,1,1680.0,-1
at:43:3117,Baden Hartergasse,47.99591342,16.24725362,3,25,67.2,6
at:43:31174,Traisen Gölsensiedlung,48.05011958,15.61347423,3,5,336.0,-1
at:43:31175,Hochegg Landesklinikum,47.61686577,16.08770385,3,18,93.33333333333333,6
at:43:31178,Ybbs/Donau Friedaustraße,48.16124319,15.07626372,3,6,280.0,-1
at:43:31179,Ybbs/Donau Schulen,48.17862929,15.08220158,3,11,152.72727272727272,7
at:43:3118,Baden Jammerpepi,48.0153145,16.19781933,3,48,35.0,4
at:43:31180,Persenbeug Mittelschule,48.18760761,15.09094219,3,24,70.0,6
at:43:31181,Gottsdorf Feuerwehr,48.19575202,15.10637525,3,33,50.90909090909091,5
at:43:31184,Krummnußbaum/Donau Ost,48.21710099,15.17366804,3,11,152.72727272727272,7
at:43:31185,Wiener Neustadt Merbotogasse,47.80168216,16.21923517,3,54,31.11111111111111,4
at:43:3119,Baden Johannesbad,48.00673878,16.23042818,3,88,19.09090909090909,3
at:43:31192,Ybbs/Donau Sensengasse,48.16857699,15.07249978,3,19,88.42105263157895,6
at:43:31193,Waidendorf Am Alten Friedhof,48.46576319,16.82205863,3,32,52.5,5
at:43:31194,Waidendorf Feuerwehr,48.46505437,16.82343305,3,14,120.0,6
at:43:31197,Stögersbach b.Schwarzenau Ort,48.73914435,15.31089469,3,4,420.0,-1
at:43:3121,Baden Josefsplatz,48.00584927,16.23355432,2,482,3.4854771784232366,0
at:43:3122,Baden Zur Hutweide,47.99322627,16.22572999,3,68,24.705882352941178,4
at:43:3123,Baden Rathgasse,48.00056602,16.25170927,3,9,186.66666666666666,7
at:43:3124,Baden Pelzgasse,48.00697918,16.22632288,3,88,19.09090909090909,3
at:43:3125,Baden Helenenstraße 53,48.00911272,16.21000947,3,85,19.764705882352942,3
at:43:31257,Untergrafendorf Ort,48.22597681,15.75227292,3,11,152.72727272727272,7
at:43:31258,Rapoltendorf Wiesener Straße,48.22959732,15.76599918,3,15,112.0,6
at:43:31259,Wiesen/Böheimkirchen Ort,48.21910611,15.78552855,3,11,152.72727272727272,7
at:43:3126,Baden Rauhenstein,48.01086756,16.20448483,3,85,19.764705882352942,3
at:43:31260,Schönbrunn/Böheimkirchen Abzw. Wiesen,48.21399439,15.77376062,3,11,152.72727272727272,7
at:43:31261,Böheimkirchen Untere Hauptstraße,48.1979436,15.76323237,3,38,44.21052631578947,5
at:43:31263,Böheimkirchen Stockhofstraße,48.199213,15.75885757,3,11,152.72727272727272,7
at:43:31264,Böheimkirchen Mittelschule,48.19627298,15.76038471,3,31,54.193548387096776,5
at:43:31265,Böheimkirchen Neulanzendorf,48.19473404,15.77429961,3,8,210.0,7
at:43:31266,Böheimkirchen Lanzendorf,48.1941951,15.78336361,3,8,210.0,7
at:43:31267,Böheimkirchen Bauland,48.19144642,15.78835824,3,8,210.0,7
at:43:31268,Maria Jeutendorf Kirche,48.24307773,15.74135839,3,11,152.72727272727272,7
at:43:31269,Mauterheim,48.23366635,15.75117697,3,11,152.72727272727272,7
at:43:3127,Baden Sagerbachgasse,47.98071442,16.27291849,3,19,88.42105263157895,6
at:43:31270,Untergrafendorf Mauterheimer Straße,48.22611445,15.74710761,3,11,152.72727272727272,7
at:43:31271,Weisching Perschlingbrücke,48.21133058,15.75155427,3,11,152.72727272727272,7
at:43:31272,Weisching Nr. 40/41,48.20743339,15.75498583,3,11,152.72727272727272,7
at:43:31273,Schildberg Ortsmitte,48.21836393,15.7424723,3,11,152.72727272727272,7
at:43:31274,Schildberg Perschlingbrücke,48.21804071,15.7480688,3,11,152.72727272727272,7
at:43:31275,Armschlag Zwettler Straße,48.45194833,15.22144943,3,10,168.0,7
at:43:31276,Untergrafendorf Ziegelfeld,48.22831072,15.7590013,3,11,152.72727272727272,7
at:43:3128,Baden Schießgraben,47.99609977,16.24970603,3,25,67.2,6
at:43:31280,Neustadtl Jakobstraße/Mittelschule,48.19320703,14.90506279,3,21,80.0,6
at:43:31281,Neustadtl Volksschule,48.19360825,14.9031943,3,12,140.0,7
at:43:31284,Ertl Tiefenbach,47.98892773,14.62540826,3,13,129.23076923076923,7
at:43:31288,Bernschlag Ort,48.69640026,15.26511654,3,19,88.42105263157895,6
at:43:31289,Großglobnitz Ortsmitte,48.6741426,15.17044309,3,34,49.411764705882355,5
at:43:3129,Baden Flugfeldweg,47.98349843,16.26151887,3,19,88.42105263157895,6
at:43:31290,Großhaslau Ortsmitte,48.64802936,15.16107366,3,6,280.0,-1
at:43:31291,Gerotten Ortsmitte,48.6366091,15.17977659,3,17,98.82352941176471,6
at:43:31293,Lehen Kerschner,48.0987496,15.24794974,3,21,80.0,6
at:43:31294,Gassen St. Leonhard Abzw. Eselsteiggraben,48.1624416,15.29149108,3,12,140.0,7
at:43:31295,Sandeben,48.15648525,15.31762307,3,12,140.0,7
at:43:3130,Baden HTL/LBS,48.00481551,16.25140384,3,22,76.36363636363636,6
at:43:3131,Baden Casino,48.01011635,16.23146124,3,2,840.0,-1
at:43:31316,Kirchschlag/Bucklige Welt Habich,47.45647917,16.26751962,3,9,186.66666666666666,7
at:43:3132,Baden Strandbad,48.00646832,16.21883093,3,97,17.31958762886598,3
at:43:31325,Wiener Neustadt Grünangergasse,47.81549209,16.24647209,3,307,5.472312703583062,2
at:43:3133,Baden Trennerstraße,47.99886492,16.22926935,3,68,24.705882352941178,4
at:43:31333,Wiener Neustadt Kindlergasse/B17,47.80455426,16.23675232,3,27,62.22222222222222,6
at:43:3134,Baden Viadukt,48.0036555,16.24133373,2,121,13.884297520661157,3
at:43:3135,Baden Wassergasse,48.00418442,16.23710266,3,373,4.50402144772118,0
at:43:3136,Baden Helenenstr./Aquädukt,48.00717151,16.21332426,3,85,19.764705882352942,3
at:43:31363,Feistritz/Wechsel B54,47.58783414,16.1007384,3,41,40.97560975609756,5
at:43:31364,Großglobnitz Abzw. Sportplatz,48.6706723,15.17292244,3,4,420.0,-1
at:43:31365,Aspang Markt Scheibelgarten,47.54793407,16.08294278,3,18,93.33333333333333,6
at:43:31367,Ausschlag Bundesstraße,47.53029877,16.0711479,3,18,93.33333333333333,6
at:43:31369,Mönichkirchen Waldheim,47.52120591,16.05987404,3,18,93.33333333333333,6
at:43:3137,Baden Weidengasse,47.97952981,16.27798499,3,19,88.42105263157895,6
at:43:31372,Pernitz Abzw. Waxeneck,47.92701315,15.98861967,3,16,105.0,6
at:43:31376,Pernitz Augasse,47.90248429,15.95144738,3,18,93.33333333333333,6
at:43:31377,Muggendorf Ort,47.91081842,15.93599636,3,18,93.33333333333333,6
at:43:31378,Thal/Muggendorf Karnerwirt,47.91930774,15.92942069,3,18,93.33333333333333,6
at:43:3138,Baden Wiener Straße,48.01127622,16.24509767,3,106,15.849056603773585,3
at:43:31380,Thal/Muggendorf Vinzenzikircherl,47.9256407,15.90303717,3,18,93.33333333333333,6
at:43:31384,Muggendorf Myrafälle,47.91333526,15.93490042,3,18,93.33333333333333,6
at:43:31385,Pernitz Haltergraben,47.9006294,15.96564975,3,16,105.0,6
at:43:31386,Thal/Muggendorf Rieglhof,47.91891642,15.92453386,3,18,93.33333333333333,6
at:43:3139,Baden Wimmergasse,48.00227908,16.25142181,3,9,186.66666666666666,7
at:43:31393,Totzenbach Am Bruckfeld,48.19488374,15.81517296,3,9,186.66666666666666,7
at:43:31394,Totzenbach Bachgasse,48.19975787,15.81318768,3,9,186.66666666666666,7
at:43:31395,Totzenbach Volksschule,48.20405079,15.80830983,3,7,240.0,-1
at:43:31396,Totzenbach Dir.-Sehnal-Gasse,48.2014224,15.8115258,3,4,420.0,-1
at:43:31397,Fuchsberg Siedlung,48.21526339,15.81409498,3,7,240.0,-1
at:43:31398,Senning/Kirchstetten Ort,48.21278521,15.8262941,3,7,240.0,-1
at:43:31399,Doppel/Kirchstetten Abzw. Paltram,48.20530208,15.83230383,3,7,240.0,-1
at:43:3140,Baumgarten/Reidling Landesstraße,48.32108415,15.8321062,3,21,80.0,6
at:43:31400,Paltram,48.20081168,15.82354525,3,7,240.0,-1
at:43:31401,Totzenbach Weißes Kreuz,48.20048237,15.81670907,3,7,240.0,-1
at:43:31402,Totzenbach Schloss,48.20371552,15.81052867,3,11,152.72727272727272,7
at:43:31405,Kirchstetten/Neulengbach Sommerhofstr.,48.18847002,15.81400515,3,9,186.66666666666666,7
at:43:31407,Oberwolfsbach Ort,48.21432361,15.83475623,3,7,240.0,-1
at:43:3141,Helenental Schulzheim,48.01956878,16.16751916,3,24,70.0,6
at:43:31412,Markersdorf/Neulengbach Ort,48.22102138,15.92598015,3,17,98.82352941176471,6
at:43:31413,Habersdorf/Neulengbach B19,48.23249354,15.92131789,3,40,42.0,5
at:43:31414,Inprugg Ort,48.21606547,15.91287373,3,36,46.666666666666664,5
at:43:31415,Wiener Neustadt Hans-Barwitzius-Volksschule,47.79574439,16.2302575,3,110,15.272727272727273,3
at:43:31417,Raipoltenbach Hauptstraße,48.21779531,15.88786463,3,12,140.0,7
at:43:31418,Raipoltenbach Gh. Schabschneider,48.21570035,15.89020025,3,12,140.0,7
at:43:31419,Marbach/Donau Volksschule,48.21389262,15.14927879,3,16,105.0,6
at:43:3142,Baden Leesdorf,47.99959225,16.25129604,2,182,9.23076923076923,2
at:43:31420,Maria Taferl Ortsmitte,48.22554592,15.15920517,3,12,140.0,7
at:43:31424,Gumprechtsfelden Ort,48.1090975,15.14900031,3,7,240.0,-1
at:43:31425,Gumprechtsfelden Nr. 16,48.10564243,15.16042688,3,7,240.0,-1
at:43:31426,Gumprechtsfelden Nr. 30,48.09843163,15.15180305,3,7,240.0,-1
at:43:31427,Gumprechtsfelden Nr. 23,48.10458667,15.14246956,3,13,129.23076923076923,7
at:43:31428,Wieselburg Rottenhaus,48.12015695,15.1411131,3,8,210.0,7
at:43:31429,Wieselburg Josephinum,48.12762254,15.14370923,3,8,210.0,7
at:43:3143,Baumgarten/Wagram Bundesstraße,48.48617179,15.96560483,3,5,336.0,-1
at:43:31430,Koth bei Purgstall,48.09804766,15.16239419,3,7,240.0,-1
at:43:31431,Hochrieß Am Türkensturz,48.09848562,15.14726656,3,7,240.0,-1
at:43:31432,Weghof bei Ruprechtshofen Abzw. Anzenberg,48.15122943,15.24087101,3,8,210.0,7
at:43:31433,Schönfeld Müllergasse,48.18906891,15.85985516,3,13,129.23076923076923,7
at:43:31434,Schönfeld Schüldenweg,48.18805079,15.8561002,3,13,129.23076923076923,7
at:43:31435,Ollersbach Hauptstraße,48.18664936,15.84637145,3,13,129.23076923076923,7
at:43:31436,Ollersbach Bahnstraße,48.18809272,15.84456583,3,11,152.72727272727272,7
at:43:31437,Schrabatz Schönfelder Str.,48.18963784,15.86484081,3,13,129.23076923076923,7
at:43:31438,Neulengbach Eitzenberg,48.19330284,15.88032776,3,10,168.0,7
at:43:31439,Neulengbach Ebersberger Straße,48.19326092,15.89350605,3,10,168.0,7
at:43:31440,Neulengbach Straß,48.19519512,15.88693038,3,10,168.0,7
at:43:31441,Laa an der Tulln Laskegasse,48.19089547,15.87315921,3,10,168.0,7
at:43:31442,Laa an der Tulln Dambacher Str.,48.18999118,15.87025765,3,10,168.0,7
at:43:31443,Neulengbach Sturmbrücke,48.19253034,15.89629981,3,10,168.0,7
at:43:31444,Neulengbach Haager Straße,48.19214109,15.90291141,3,55,30.545454545454547,4
at:43:31445,Neulengbach Umseer Straße,48.20145233,15.8978,3,12,140.0,7
at:43:31446,Umsee,48.20211693,15.87231479,3,12,140.0,7
at:43:31447,Unterwolfsbach Landesstraße,48.21335987,15.84725179,3,12,140.0,7
at:43:31448,Wolfersdorf Kapelle,48.19996145,15.85883108,3,12,140.0,7
at:43:31449,Matzelsdorf/Neulengbach,48.2014224,15.87991454,3,12,140.0,7
at:43:31451,Eisengraben Zwettler Straße,48.52564362,15.45337648,3,1,1680.0,-1
at:43:31453,Kronberg/Ruprechtshofen Abzw. Miniberg,48.12438459,15.23094463,3,6,280.0,-1
at:43:31454,Kronberg/Ruprechtshofen Nr. 2,48.12361704,15.23964032,3,6,280.0,-1
at:43:31455,Ockert Nr. 5,48.10554646,15.23017208,3,6,280.0,-1
at:43:31456,Ockert Nr. 10,48.11150271,15.22400065,3,6,280.0,-1
at:43:31457,Harbach/St. Leonhard Nr. 12,48.09368587,15.28235521,3,6,280.0,-1
at:43:31458,Lachau Nr. 5,48.10014144,15.27335409,3,6,280.0,-1
at:43:31459,Lachau Nr. 8,48.09925354,15.26255634,3,6,280.0,-1
at:43:31460,Geigenberg Abzw. Straß,48.12789836,15.281933,3,6,280.0,-1
at:43:31461,Hörgerstall,48.11585101,15.2837476,3,6,280.0,-1
at:43:31462,Kerndl Riegler,48.12054075,15.28088197,3,6,280.0,-1
at:43:31464,Gumprechtsfelden Sill,48.10248708,15.16793679,3,7,240.0,-1
at:43:31466,Neumühl/Wieselburg,48.1109689,15.14225396,3,8,210.0,7
at:43:31469,Markersdorf/Neulengbach Abzw. Haag,48.22026127,15.93104664,3,9,186.66666666666666,7
at:43:3147,Baumgarten/Tullnerfeld Hauptstraße,48.2829955,16.03557461,3,32,52.5,5
at:43:31470,Markersdorf/Neulengbach Kläranlage,48.22160193,15.92146162,3,42,40.0,5
at:43:31471,Alt Anzing Abzw. Berging,48.22120093,15.87383294,3,24,70.0,6
at:43:31472,Kerndl Abzw. Etzen,48.11105287,15.27913924,3,6,280.0,-1
at:43:31477,Eisengraberamt Abzw. Simlinger,48.56092319,15.44097074,3,5,336.0,-1
at:43:3148,Baumgarten/Tullnerfeld Schule,48.28241565,16.02898996,3,32,52.5,5
at:43:31489,Lachau Nr. 10,48.09717173,15.2580468,3,6,280.0,-1
at:43:3149,Bad Deutsch-Altenburg Burggasse,48.12858789,16.89758897,3,15,112.0,6
at:43:31506,Frohsdorf Schloßgasse,47.74333107,16.25365861,3,31,54.193548387096776,5
at:43:31508,Warth Ausiedlung,47.6529375,16.11376397,3,14,120.0,6
at:43:3151,Baden Göschlgasse,48.00244738,16.24959823,3,23,73.04347826086956,6
at:43:31512,Bad Erlach Kirche,47.72716957,16.21665701,3,34,49.411764705882355,5
at:43:31515,Grimmenstein K.-Schrammel-Siedlung,47.60164632,16.11756385,3,26,64.61538461538461,6
at:43:31516,Olbersdorf Lehensiedlung,47.60549248,16.12493902,3,10,168.0,7
at:43:3152,Berg bei Wolfsthal Hauptstraße,48.10374685,17.04316097,3,43,39.06976744186046,4
at:43:31520,Pitten Schlossbad,47.71398289,16.17863132,3,8,210.0,7
at:43:31521,Sautern Waldsiedlung,47.7098848,16.16462658,3,12,140.0,7
at:43:31522,Sautern Ort,47.70868795,16.15830244,3,12,140.0,7
at:43:31524,Hinterbrühl bei Pitten Nr. 36/37,47.70310228,16.21769007,3,4,420.0,-1
at:43:31525,Seebenstein Liechtensteinstr.,47.70058733,16.15300238,3,12,140.0,7
at:43:31526,Seebenstein Kirche,47.69994044,16.1487803,3,12,140.0,7
at:43:31527,Seebenstein Schlossweg,47.69876754,16.1449445,3,12,140.0,7
at:43:31528,Neustift am Hartberg Ort,47.53735845,16.10099891,3,16,105.0,6
at:43:31529,Zöbern Kampichl,47.51625543,16.11763571,3,16,105.0,6
at:43:31530,Zöbern Gemeindeamt,47.51272428,16.1299606,3,16,105.0,6
at:43:31533,Neumarkt/Ybbs Wiesenstraße,48.15658713,15.0747815,3,6,280.0,-1
at:43:31534,Schwarzau/Steinfeld Erlacher Straße,47.73451688,16.17913438,3,20,84.0,6
at:43:31535,Metzling Nord,48.19871003,15.10782153,3,8,210.0,7
at:43:31537,St. Valentin Kaufpark,48.19059005,14.52027842,3,12,140.0,7
at:43:31538,Zöbern Waldgasse,47.513689,16.12822685,3,7,240.0,-1
at:43:3155,Berndorf/Triesting Fabrik Bahnhof,47.9401939549575,16.1339131849364,1,39,43.07692307692308,4
at:43:31551,Spielberg/Melk Niobau,48.22419937,15.35734657,3,24,70.0,6
at:43:31552,Pielachberg Dorfstraße,48.23049493,15.36887196,3,23,73.04347826086956,6
at:43:3156,Baumgarten/Tullnerfeld Fichtengasse,48.28279226,16.04150349,3,32,52.5,5
at:43:31561,Reittern Landesstraße,48.51476099,15.44810336,3,17,98.82352941176471,6
at:43:3158,Berndorf Bachgasse,47.94145167,16.10546354,3,36,46.666666666666664,5
at:43:3160,Berndorf Stadt Bahnhof,47.9449298,16.1084729,1,74,22.7027027027027,3
at:43:3162,Bernhardsthal Bahnhof,48.68744619,16.87905673,0,73,23.013698630136986,2
at:43:3163,Biedermannsdorf Ortsmitte,48.08277075,16.35254516,3,163,10.306748466257668,3
at:43:3164,Biedermannsdorf Gemeindeamt,48.08346089,16.34512507,3,89,18.876404494382022,3
at:43:3165,Biedermannsdorf HLW,48.08452908,16.34611322,3,14,120.0,6
at:43:3166,Biedermannsdorf Haidweg,48.08466111,16.33830686,3,92,18.26086956521739,3
at:43:3167,Bierbaum/Kleebühel Kornfeldg.,48.38900419,15.93840385,3,16,105.0,6
at:43:3168,Bierbaum/Kleebühel Landstraße,48.39317386,15.92906137,3,18,93.33333333333333,6
at:43:3169,Bierbaum/Kleebühel Ortsmitte,48.39105626,15.93333735,3,18,93.33333333333333,6
at:43:3170,Bisamberg Bahnhof,48.31622755,16.34733493,1,120,14.0,2
at:43:3171,Bisamberg Weintorgasse,48.32460236,16.35411721,3,91,18.46153846153846,3
at:43:3172,Bisamberg Lavendelweg,48.32660327,16.35655164,3,91,18.46153846153846,3
at:43:3173,Bisamberg Ortsmitte,48.32970901,16.35926456,3,91,18.46153846153846,3
at:43:3174,Altenmarkt/Triesting Abzw. St. Corona,48.01688286,15.98505336,3,32,52.5,5
at:43:3175,Bisamberg Schloss,48.33170374,16.36175289,3,102,16.470588235294116,3
at:43:3176,Bisamberg Otto-Traun-Gasse,48.3359438,16.355294,3,102,16.470588235294116,3
at:43:3177,Blumau Hauptallee,47.91621321,16.28933071,3,44,38.18181818181818,4
at:43:3178,Neurißhof Heidegasse,47.92046362,16.30144,3,44,38.18181818181818,4
at:43:3179,Blumau Bahnhofstraße,47.91494284,16.29348093,3,45,37.333333333333336,4
at:43:3181,Bockfließ Kirche,48.35974724,16.60401056,3,101,16.633663366336634,3
at:43:3182,Bockfließ Althofstraße,48.35976514,16.61085572,3,101,16.633663366336634,3
at:43:3183,Bockfließ Wagramer Straße,48.36024862,16.60167494,3,101,16.633663366336634,3
at:43:3185,Bogenneusiedl Ortsmitte,48.46803254,16.52601882,3,23,73.04347826086956,6
at:43:3189,Breiteneich bei Horn Bahnhof,48.6719418021116,15.6881242251301,1,35,48.0,4
at:43:3190,Breitenfurt Abzw. Wolfsgraben,48.14062026,16.13026602,3,132,12.727272727272727,3
at:43:3191,Breitenfurt Anzengrubergasse,48.14063824,16.13986902,3,65,25.846153846153847,4
at:43:3192,Breitenfurt Rudolf-Ulm-Steig,48.13716132,16.15076558,3,101,16.633663366336634,3
at:43:3193,Breitenfurt Grüner Baum,48.13583643,16.19445065,3,189,8.88888888888889,2
at:43:3194,Breitenfurt Laaber Straße/IZ,48.14346157,16.19576219,3,45,37.333333333333336,4
at:43:3195,Breitenfurt Friedrich-Torberg-Weg,48.1411238,16.1373178,3,65,25.846153846153847,4
at:43:3196,Breitenfurt Kloster,48.13447553,16.17705927,3,101,16.633663366336634,3
at:43:3197,Breitenfurt Laaber Spitz,48.13821641,16.20492501,3,177,9.491525423728813,2
at:43:3198,Breitenfurt An der Breiten Furt,48.13530286,16.16098841,3,101,16.633663366336634,3
at:43:3199,Breitenfurt St. Bernadette,48.13809052,16.20816793,3,175,9.6,2
at:43:3200,Breitenfurt Schloßallee,48.13928347,16.14546552,3,101,16.633663366336634,3
at:43:3201,Breitenfurt Siedlung Eigenheim,48.13731718,16.19800798,3,135,12.444444444444445,3
at:43:3202,Breitenfurt Ludwig-Steindl-Gasse,48.1357465,16.16777069,3,101,16.633663366336634,3
at:43:3203,Breitenfurt Grenzgasse,48.1371853,16.22048383,3,175,9.6,2
at:43:3204,Breitensee Bahnhof,48.2547184,16.87847283,0,45,37.333333333333336,2
at:43:3205,Breitenwaida Bahnhof,48.51495141,16.07486692,1,30,56.0,4
at:43:3206,Breitstetten Leopoldsdorfer Straße,48.19890164,16.71108076,3,50,33.6,4
at:43:3207,Baden Marianne-Hainisch-Gasse,48.00792877,16.2574495,3,24,70.0,6
at:43:3208,Breitstetten Kirche,48.19534483,16.71056872,3,50,33.6,4
at:43:3209,Bruck/Leitha Bahnhof,48.01903401,16.78071816,0,322,5.217391304347826,0
at:43:3210,Bruck/Leitha Altstadt,48.02150352,16.76919277,3,49,34.285714285714285,4
at:43:3211,Altenmarkt/Triesting Volksschule,48.01578321,15.99405448,3,14,120.0,6
at:43:3212,Bruck/Leitha Gymnasium/HAK,48.02974638,16.77513063,3,82,20.48780487804878,4
at:43:3213,Bruck/Leitha Hauptplatz,48.02534275,16.77892153,3,128,13.125,3
at:43:3214,Bruck/Leitha Dr.-Th.-Körner-Platz,48.02195415,16.77767287,3,147,11.428571428571429,3
at:43:3216,Bruck/Leitha Höfleiner Straße,48.03374117,16.78358378,3,21,80.0,6
at:43:3217,Bruck/Leitha Industriegelände West,48.02262708,16.75795485,3,49,34.285714285714285,4
at:43:3221,Bruderndorf Hauptstraße,48.46985509,16.29462179,3,17,98.82352941176471,6
at:43:3222,Brunn/Geb. Franz-Schubert-Straße,48.11078896,16.30060457,3,2,840.0,-1
at:43:3223,Brunn/Geb. Pechhüttenbrunnengasse,48.10897154,16.27807482,3,65,25.846153846153847,4
at:43:3224,Brunn/Geb. Heinrich-Albrecht-Gasse,48.10750796,16.27484089,3,6,280.0,-1
at:43:3225,Brunn/Geb. Rotes Kreuz,48.11085494,16.28688729,3,66,25.454545454545453,4
at:43:3226,Brunn/Geb. Friedrich-Schiller-Straße,48.11145473,16.2727029,3,5,336.0,-1
at:43:3227,Brunn/Geb. Pöllangraben,48.1115447,16.26888506,3,5,336.0,-1
at:43:3228,Brunn/Geb. Dr.-Julius-Wengraf-Straße,48.10303898,16.29535841,3,9,186.66666666666666,7
at:43:3229,Brunn/Geb. Dreihäusergasse,48.10172521,16.28082367,3,99,16.96969696969697,3
at:43:3230,Brunn/Geb. Johann-Steinböck-Straße,48.10829974,16.31017163,3,31,54.193548387096776,5
at:43:3231,Brunn/Geb. Arbeitergasse,48.11103488,16.27525411,3,114,14.736842105263158,3
at:43:3232,Bruck/Leitha Leopold-Petznek-Gasse,48.03846844,16.78455396,3,21,80.0,6
at:43:3233,Brunn/Geb. Industriestraße B West,48.10944539,16.3033085,3,1,1680.0,-1
at:43:3234,Brunn/Geb. Felsenkeller,48.10853367,16.2759548,3,49,34.285714285714285,4
at:43:3235,Brunn/Geb. Adolf-Hruza-Straße,48.10638625,16.28341081,3,6,280.0,-1
at:43:3236,Brunn/Geb. Föhrenwald,48.10496459,16.26509417,3,12,140.0,7
at:43:3237,Brunn/Geb. Jakob-Fuchs-Gasse,48.11189258,16.29609503,3,66,25.454545454545453,4
at:43:3238,Brunn/Geb. Grohestraße,48.10608033,16.27878449,3,99,16.96969696969697,3
at:43:3239,Brunn/Geb. Heideweg,48.11312812,16.30606633,3,58,28.96551724137931,4
at:43:3240,Brunn/Geb. Viktor-Adler-Straße,48.10999122,16.28019485,3,5,336.0,-1
at:43:3241,Brunn/Geb. Industriestraße A,48.11173663,16.3049075,3,60,28.0,4
at:43:3242,Brunn/Geb. Anton-Seidl-Gasse,48.10544448,16.27793109,3,6,280.0,-1
at:43:3243,Brunn/Geb. Kirche,48.10654821,16.28589915,3,99,16.96969696969697,3
at:43:3244,Brunn/Geb. Am Rain,48.11323008,16.27246933,3,5,336.0,-1
at:43:3245,Großengersdorf Bahngasse,48.35767003,16.5705573,3,73,23.013698630136986,4
at:43:3246,Brunn/Geb. Rosenstammgasse,48.10454468,16.27396952,3,6,280.0,-1
at:43:3247,Brunn/Geb. Schöffelgasse,48.10486261,16.27042118,3,6,280.0,-1
at:43:3248,Brunn/Geb. Dr.-R.-Strecker-Gasse,48.10215114,16.27237052,3,5,336.0,-1
at:43:3249,Brunn/Geb. Franz-Rehmann-Gasse,48.11267829,16.26919947,3,5,336.0,-1
at:43:3250,Brunn/Geb. Kressgasse,48.11348798,16.30482665,3,72,23.333333333333332,4
at:43:3251,Brunn/Geb. Volksschule,48.10747197,16.28619559,3,103,16.310679611650485,3
at:43:3252,Brunn/Geb. Kesslerweg,48.10722603,16.27073559,3,6,280.0,-1
at:43:3253,Brunn/Geb. Wasserwerkstraße,48.10814978,16.27698786,3,51,32.94117647058823,4
at:43:3254,Brunn/Geb. Winzerhaus,48.1053545,16.28520745,3,96,17.5,3
at:43:3255,Brunn-Maria Enzersdorf Bahnhof,48.10509056,16.28809104,1,126,13.333333333333334,2
at:43:3256,Breitenfurt Volksschule,48.13313858,16.19489083,3,11,152.72727272727272,7
at:43:3257,Brunn/Geb. Industriestraße B Ost,48.10939741,16.30838398,3,61,27.540983606557376,4
at:43:3258,Brunn/Geb. Ferdinand-Hanusch-Gasse,48.11134077,16.28194656,3,60,28.0,4
at:43:3259,Baden Mühlgasse,48.0081872,16.25090078,3,24,70.0,6
at:43:3260,Buchberg/Kamp Bahnhof,48.5761348263114,15.6588032142523,0,35,48.0,3
at:43:3261,Buchelbach Waldgasse,48.09558182,16.09847465,3,22,76.36363636363636,6
at:43:3262,Buttendorf/Tullnerfd Ortsmitte,48.34091794,15.84645229,3,10,168.0,7
at:43:3263,Bärndorf Ortsmitte,48.34290627,15.86480488,3,10,168.0,7
at:43:3264,Böheimkirchen Bahnhof,48.1999854,15.75388989,0,130,12.923076923076923,1
at:43:3265,Chorherrn Feuerwehr,48.28384435,16.08794639,3,53,31.69811320754717,4
at:43:3266,Chorherrn Ortsmitte,48.28655221,16.08656299,3,53,31.69811320754717,4
at:43:3267,Großengersdorf Rochusgasse,48.35645231,16.57650414,3,74,22.7027027027027,4
at:43:3268,Deutsch Brodersdorf Am See,47.94948471,16.45360563,3,29,57.93103448275862,5
at:43:3269,Deutsch Brodersdorf Feuerwehr,47.93869548,16.47354823,3,33,50.90909090909091,5
at:43:3270,Deutsch Brodersdorf Obere Hauptstr.,47.94164424,16.46755646,3,32,52.5,5
at:43:3271,Deutsch Brodersdorf Ortsmitte,47.93921303,16.47693488,3,37,45.4054054054054,5
at:43:3272,Deutsch Haslau Obere Hauptstraße,48.04939296,16.93801316,3,40,42.0,5
at:43:3273,Deutsch Haslau Untere Hauptstraße,48.04849819,16.94238796,3,40,42.0,5
at:43:3274,Buchelbach Gföhler Straße,48.09852162,16.09680378,3,22,76.36363636363636,6
at:43:3279,Deutsch-Wagram Bahnhof,48.30336398,16.56548181,0,169,9.940828402366863,0
at:43:3280,Helmahof Albrecht-Dürer-Gasse,48.31171103,16.57294681,3,62,27.096774193548388,4
at:43:3281,Helmahof Andreas-Reischek-Gasse,48.31411869,16.57512972,3,62,27.096774193548388,4
at:43:3282,Großengersdorf Bockfließer Straße,48.35868477,16.58060046,3,70,24.0,4
at:43:3283,Deutsch-Wagram Eichengasse,48.30658465,16.56937152,3,29,57.93103448275862,5
at:43:3284,Helmahof Gottlieb-Fichte-Gasse,48.31688468,16.57762704,3,62,27.096774193548388,4
at:43:3285,Deutsch-Wagram Gemeindeamt,48.2980037,16.56010091,3,13,129.23076923076923,7
at:43:3286,Helmahof Kleistgasse,48.31683091,16.58875716,3,32,52.5,5
at:43:3287,Helmahof Hausfeldstraße,48.31811528,16.58415779,3,32,52.5,5
at:43:3288,Helmahof Ofnerstraße,48.31456676,16.59571012,3,32,52.5,5
at:43:3289,Helmahof Quadenstraße,48.31566599,16.59235941,3,32,52.5,5
at:43:3290,Helmahof Stefan-Fadinger-Straße,48.30949444,16.57091662,3,63,26.666666666666668,4
at:43:3291,Deutsch-Wagram Theodor-Körner-Gasse,48.29680249,16.56039735,3,14,120.0,6
at:43:3292,Helmahof Bahnhof,48.31031895,16.59697675,1,89,18.876404494382022,2
at:43:3295,Diendorf b. Würmla Ortsmitte,48.27610855,15.85453713,3,36,46.666666666666664,5
at:43:3296,Diendorf b. Würmla Tautendorfer Straße,48.27619225,15.85313576,3,34,49.411764705882355,5
at:43:3297,Dietersdorf/Tulln Feuerwehr,48.26523221,15.96841656,3,6,280.0,-1
at:43:3301,Dornbach/Wienerwald Feuerwehr,48.08275274,16.13433539,3,22,76.36363636363636,6
at:43:3302,Deutsch Brodersdorf Schubertstr.,47.9407837,16.47918965,3,13,129.23076923076923,7
at:43:3306,Deutsch-Wagram Schulgasse,48.29731046,16.55950802,3,23,73.04347826086956,6
at:43:3309,Drösing Bahnhof,48.54014024,16.89608879,0,78,21.53846153846154,2
at:43:3310,Dürnkrut Bahnhof,48.46967642,16.86038974,0,106,15.849056603773585,1
at:43:3311,Dürnrohr Hauptstraße,48.33101097,15.89920137,3,14,120.0,6
at:43:3312,Dürnrohr Neubaustraße,48.33004346,15.89867136,3,24,70.0,6
at:43:3313,Dürnrohr Umspannwerk Nord,48.33255776,15.88324729,3,9,186.66666666666666,7
at:43:3314,Dürrwien Bahnhof,48.178305829751,16.0614460909564,1,58,28.96551724137931,3
at:43:3315,Dürrwien Autobahnanschluss,48.17732344,16.05989201,3,37,45.4054054054054,5
at:43:3316,Kirchberg am Wagram Dörfl,48.42869467,15.8883587,3,12,140.0,7
at:43:3317,Dörfles b. Ernstbrunn Wildpark,48.54242411,16.350497,3,12,140.0,7
at:43:3318,Ebenfurth Bahnhof,47.87757025,16.36185171,0,154,10.909090909090908,1
at:43:3319,Ebenfurth Ortsmitte,47.8770099,16.37097859,3,73,23.013698630136986,4
at:43:3320,Ebenfurth Haussmannsiedlung,47.87369593,16.35202414,3,40,42.0,5
at:43:3321,Ebenthal Florianiplatz,48.43778405,16.78519177,3,29,57.93103448275862,5
at:43:3322,Ebenthal Stillfrieder Straße,48.43756354,16.79041098,3,29,57.93103448275862,5
at:43:3323,Ebergassing Friedhof,48.04473276,16.51319986,3,33,50.90909090909091,5
at:43:3324,Ebergassing Schulen,48.04666655,16.51718838,3,48,35.0,4
at:43:3325,Ebersdorf/Perschling Ortsmitte,48.28440028,15.86280163,3,11,152.72727272727272,7
at:43:3327,Ebreichsdorf Abzw. Oberwaltersdorf,47.96066269,16.39758669,3,36,46.666666666666664,5
at:43:3328,Ebreichsdorf Bahnstraße,47.96334552,16.40343472,3,186,9.03225806451613,2
at:43:3329,Auersthal Urbanusplatz,48.37497751,16.63001678,3,98,17.142857142857142,3
at:43:3331,Ebreichsdorf Gewerbepark Nord,47.97609611,16.39649973,3,57,29.473684210526315,4
at:43:3332,Ebreichsdorf Hauptplatz,47.96308687,16.40136859,3,123,13.658536585365853,3
at:43:3333,Ebreichsdorf Schulen,47.96237707,16.40540203,3,9,186.66666666666666,7
at:43:3334,Ebreichsdorf Georg-Drasche-Siedlung,47.96899346,16.40064096,3,119,14.117647058823529,3
at:43:3335,Eckartsau Marktplatz,48.14492413,16.7973819,3,22,76.36363636363636,6
at:43:3336,Eckartsau Kornfeldweg,48.14466639,16.80464029,3,22,76.36363636363636,6
at:43:3339,Eggenburg Bahnhof,48.63784385,15.8147238,0,84,20.0,2
at:43:3340,Eggendorf am Wagram Rossberg,48.40238888,16.04367741,3,24,70.0,6
at:43:3341,Eggendorf am Wagram Kapelle,48.40358164,16.03979669,3,24,70.0,6
at:43:3342,Eggendorf/Reidling Abzw. Hasendorf,48.31014569,15.8112563,3,2,840.0,-1
at:43:3343,Ebenfurth Schulen,47.87879334,16.3688406,3,41,40.97560975609756,5
at:43:3344,Neu-Ebenfurth Wr. Neustädter Str.,47.87244861,16.34469388,3,40,42.0,5
at:43:3345,Eibesbrunn Brünner Straße,48.36177064,16.49332015,3,41,40.97560975609756,5
at:43:3346,Eibesbrunn Großebersdorfer Str.,48.36089921,16.49110131,3,23,73.04347826086956,6
at:43:3347,Eichgraben-Altlengbach Bahnhof,48.17337574,15.98136128,0,185,9.08108108108108,0
at:43:3348,Dörfles bei Ernstbrunn Brunnen,48.54052684,16.3544945,3,12,140.0,7
at:43:3349,Einsiedl/Judenau Bundesstraße,48.27029098,15.9698898,3,51,32.94117647058823,4
at:43:33492,Oberdürnbach Ortsmitte,48.58707557,15.84824892,3,8,210.0,7
at:43:33497,Zehethof bei Oberndorf,48.06334102,15.28057655,3,12,140.0,7
at:43:33498,Sattlehen Oberleitner,48.06864786,15.31492812,3,12,140.0,7
at:43:33499,Kirnberg/Mank Lindenplatz,48.07214143,15.32163854,3,12,140.0,7
at:43:3350,Einsiedl/Judenau Kapelle,48.26675109,15.97083303,3,6,280.0,-1
at:43:33500,Kirnberg/Mank Volksschule,48.07131308,15.32537553,3,20,84.0,6
at:43:33501,Kirnberg/Mank Rosental,48.07505256,15.32144989,3,55,30.545454545454547,4
at:43:33502,Weikersdorf Frauenbachgasse,47.80618331,16.14815148,3,30,56.0,5
at:43:33503,Wiener Neustadt Militärakademie,47.80924821,16.24432512,3,121,13.884297520661157,3
at:43:33504,Wiener Neustadt J.-v.-Nepomuk-Platz,47.81635471,16.24382206,3,398,4.221105527638191,0
at:43:33506,Kirnberg/Mank Roßbachstraße,48.07313183,15.33216679,3,20,84.0,6
at:43:33507,Würflach Gerasdorfer Str.,47.77597711,16.05905657,3,22,76.36363636363636,6
at:43:33508,Willendorf Neunkirchner Straße,47.78813413,16.05722401,3,32,52.5,5
at:43:33509,Wiener Neustadt Marie-Curie-Str.,47.83504535,16.25311962,3,56,30.0,4
at:43:33566,Wiener Neustadt Obstgasse,47.81658394,16.23451551,3,120,14.0,3
at:43:33567,Wiener Neustadt Brodtischgasse,47.81065994,16.24267222,3,86,19.53488372093023,3
at:43:33568,Wiener Neustadt Kasematten,47.81120893,16.23903404,3,86,19.53488372093023,3
at:43:33569,Wiener Neustadt Rudolf-Diesel-Straße,47.83527449,16.25104451,3,56,30.0,4
at:43:33570,Wiener Neustadt N.-A.-Otto-Str.,47.8428658,16.24900534,3,27,62.22222222222222,6
at:43:33571,Wiener Neustadt Stephan-Koren-Straße Süd,47.83789148,16.24553784,3,166,10.120481927710843,3
at:43:33572,Wiener Neustadt Ernst-Wurm-Gasse,47.81000235,16.26003665,3,57,29.473684210526315,4
at:43:33573,Wiener Neustadt Am Kanal,47.81338072,16.24917602,3,28,60.0,5
at:43:3375,Eibesbrunn Wiener Straße,48.36020684,16.49135284,3,26,64.61538461538461,6
at:43:3381,Enzersdorf/Fischa Kellergasse,48.07871374,16.60828654,3,35,48.0,5
at:43:3382,Elsbach Wiener Straße,48.25228401,16.04785458,3,29,57.93103448275862,5
at:43:3385,Engelhartstetten Volksschule,48.18201956,16.88346746,3,39,43.07692307692308,5
at:43:3386,Engelmannsbrunn Schule,48.43935144,15.87283581,3,7,240.0,-1
at:43:3387,Engelmannsbrunn Kreisverkehr,48.43720596,15.87165004,3,15,112.0,6
at:43:3388,Enzersdorf bei Staatz Bahnhof,48.672588407768,16.5111067896379,0,33,50.90909090909091,3
at:43:3390,Enzersdorf/Fischa Volksschule,48.08347889,16.60563651,3,40,42.0,5
at:43:3393,Enzersfeld Grießleitenweg,48.35364072,16.43378879,3,20,84.0,6
at:43:3394,Enzersfeld Gemeindeamt,48.36060078,16.42863246,3,13,129.23076923076923,7
at:43:3395,Enzersfeld Kirchenplatz,48.36114393,16.42431157,3,41,40.97560975609756,5
at:43:3396,Enzersfeld Volksschule,48.35812368,16.42907264,3,3,560.0,-1
at:43:3397,Enzesfeld Brunnengasse,47.91739325,16.18806363,3,42,40.0,5
at:43:3398,Enzesfeld Fabrikstraße,47.92199874,16.19480099,3,64,26.25,4
at:43:3399,Enzesfeld Gemeindezentrum,47.92059607,16.18561123,3,42,40.0,5
at:43:3401,Enzesfeld-Lindabrunn Bahnhof,47.92131848,16.18724616,1,116,14.482758620689655,2
at:43:3402,Erdpreß Ort,48.47791286,16.71109872,3,25,67.2,6
at:43:3403,Ernstbrunn Hauptplatz,48.52764853,16.36178882,3,95,17.68421052631579,3
at:43:3404,Ernstbrunn Schulen,48.5296831,16.36090847,3,28,60.0,5
at:43:3405,Andlersdorf Kirche,48.17987521,16.6647187,3,24,70.0,6
at:43:3406,Erpersdorf Ortsmitte,48.34128815,15.92262943,3,34,49.411764705882355,5
at:43:3407,Erpersdorf Langobardengasse,48.34219574,15.91702394,3,34,49.411764705882355,5
at:43:3408,Etsdorf-Straß Bahnhof,48.4531161,15.72984199,0,27,62.22222222222222,4
at:43:3409,Exelberg Rotes Kreuz,48.24941881,16.24173797,3,15,112.0,6
at:43:3410,Ebenfurth Rennbahnstraße,47.87370798,16.37547016,3,73,23.013698630136986,4
at:43:3411,Ebreichsdorf Wr. Neustädter Straße,47.95603657,16.4025364,3,88,19.09090909090909,3
at:43:3412,Eibesbrunn Hauptstraße,48.36110215,16.49378727,3,1,1680.0,-1
at:43:3414,Ernstbrunn Josef-Schibich-Gasse,48.52766637,16.36783448,3,63,26.666666666666668,4
at:43:3415,Felixdorf Bahnhof,47.88683008,16.24814296,0,217,7.741935483870968,0
at:43:3416,Felixdorf Gemeindeamt,47.88236002,16.24281595,3,42,40.0,5
at:43:3417,Großengersdorf Gemeindeamt,48.35728203,16.57351275,3,74,22.7027027027027,4
at:43:3418,Großengersdorf Weißes Kreuz,48.35949654,16.56518537,3,73,23.013698630136986,4
at:43:3419,Felixdorf Hugo-Etrich-Gasse,47.87577472,16.23282668,3,42,40.0,5
at:43:3420,Fels am Wagram Bahnhof,48.4290701973735,15.823141012352,0,50,33.6,2
at:43:3421,Ernstbrunn Haidhof,48.53159862,16.33849551,3,14,120.0,6
at:43:3422,Fels am Wagram Hauptplatz,48.43843962,15.81829909,3,19,88.42105263157895,6
at:43:3423,Fels am Wagram Wiener Straße,48.43684241,15.82230558,3,6,280.0,-1
at:43:3424,Fels am Wagram Schulen,48.4395481,15.81890995,3,17,98.82352941176471,6
at:43:3425,Fels am Wagram Siedlungsstraße,48.4431058,15.81609822,3,9,186.66666666666666,7
at:43:3426,Feuersbrunn Kriegerdenkmal,48.43911901,15.78375887,3,16,105.0,6
at:43:3427,Feuersbrunn Neufang,48.44356465,15.78917571,3,16,105.0,6
at:43:3428,Feuerwerksanstalt Stadtweg,47.85430191,16.19586101,3,30,56.0,5
at:43:3429,Feuerwerksanstalt Kirchdorferplatz,47.84706797,16.19108197,3,30,56.0,5
at:43:3430,Fischamend Bahnhof,48.11660667,16.61497899,0,92,18.26086956521739,1
at:43:3431,Fischamend Kirchenweg,48.11770417,16.60589702,3,9,186.66666666666666,7
at:43:3432,Enzersfeld Kellergasse,48.36881911,16.42573091,3,12,140.0,7
at:43:3433,Fischamend Fischaturm,48.11896956,16.61087369,3,53,31.69811320754717,4
at:43:3434,Bockfließ Engersdorfer Straße,48.36011133,16.59597063,3,70,24.0,4
at:43:3435,Fischamend Kleinneusiedler Str.,48.1198691,16.60651686,3,17,98.82352941176471,6
at:43:3436,Fischamend Wiener Straße,48.12049878,16.60528616,3,36,46.666666666666664,5
at:43:3437,Flachberg Bundesstraße,48.27104437,16.06932432,3,23,73.04347826086956,6
at:43:3438,Flandorf Landesstraße,48.34995138,16.37764409,3,22,76.36363636363636,6
at:43:3439,Franzensdorf Ortsmitte,48.19036248,16.64376999,3,28,60.0,5
at:43:3440,Frauendorf/Au Hauptplatz,48.39195103,15.9223779,3,19,88.42105263157895,6
at:43:3441,Enzersfeld Großebersdorfer Straße,48.36323294,16.42618006,3,29,57.93103448275862,5
at:43:3442,Frauenhofen bei Tulln,48.30684158,16.07701389,3,24,70.0,6
at:43:3448,Freundorf Hauptstraße,48.28304333,16.049229,3,32,52.5,5
at:43:3449,Frättingsdorf Bahnhof,48.64281222,16.51309207,0,49,34.285714285714285,2
at:43:3450,Fuchsenbigl Kapelle,48.20014108,16.74626776,3,23,73.04347826086956,6
at:43:3451,Furth/Triesting Ortsmitte,47.97319744,15.97379747,3,18,93.33333333333333,6
at:43:3452,Füllersdorf Ort,48.5247393,16.1986907,3,18,93.33333333333333,6
at:43:3453,Freundorf Lindenplatz,48.28518335,16.04856425,3,4,420.0,-1
at:43:3454,Föhrenhain Hagenbrunner Straße,48.32322855,16.44437095,3,97,17.31958762886598,3
at:43:3455,Föhrenhain Enzersfelder Straße,48.32567151,16.44747013,3,60,28.0,4
at:43:3456,Föhrenhain Hanuschgasse,48.31853345,16.43850495,3,60,28.0,4
at:43:3457,Gaaden Abzw. Füllenberg,48.05608226,16.15957805,3,49,34.285714285714285,4
at:43:3458,Gaaden Abzw. Sittendorf,48.05406475,16.19905003,3,29,57.93103448275862,5
at:43:3459,Gaaden Feuerwehr,48.05442503,16.20062208,3,44,38.18181818181818,4
at:43:3460,Gaaden Berggasse,48.05751728,16.21177017,3,34,49.411764705882355,5
at:43:3461,Gaaden Kirchenplatz,48.05375852,16.19795408,3,38,44.21052631578947,5
at:43:3462,Gaaden Sparbacher Straße,48.0702206,16.21840872,3,34,49.411764705882355,5
at:43:3463,Gaaden Babenbergerstraße,48.05530769,16.20614672,3,34,49.411764705882355,5
at:43:3464,Gaaden Steinbruch,48.06383331,16.21544428,3,34,49.411764705882355,5
at:43:3465,Gablitz Berggasse,48.21976449,16.1648871,3,92,18.26086956521739,3
at:43:3466,Gablitz Friedhof,48.22687448,16.14354312,3,12,140.0,7
at:43:3468,Gablitz Gemeindeamt,48.22920835,16.15355934,3,125,13.44,3
at:43:3469,Gablitz Ferdinand-Ramler-Straße,48.23116513,16.14863657,3,83,20.240963855421686,4
at:43:3470,Gablitz Höbersbachstraße,48.23648456,16.1404619,3,84,20.0,4
at:43:3471,Gablitz Kupetzstraße,48.22667101,16.1581677,3,97,17.31958762886598,3
at:43:3472,Gablitz Marienheim,48.22443876,16.14145903,3,13,129.23076923076923,7
at:43:3473,Gablitz Wagnergasse,48.2242293,16.16057518,3,95,17.68421052631579,3
at:43:3474,Gablitz Eitlergasse,48.22330764,16.13740763,3,13,129.23076923076923,7
at:43:3476,Gainfarn Gymnasium,47.95926708,16.20849132,3,61,27.540983606557376,4
at:43:3477,Gainfarn Kottingbrunner Str.,47.95921293,16.2029038,3,39,43.07692307692308,5
at:43:3478,Gainfarn Kirchengasse,47.96317108,16.20090056,3,28,60.0,5
at:43:3479,Gainfarn Brunngasse,47.9626237,16.19406438,3,15,112.0,6
at:43:3480,Gainfarn Volksschule,47.96299063,16.19536693,3,63,26.666666666666668,4
at:43:3481,Gaisruck Bahnhof,48.39409246,16.06459019,1,31,54.193548387096776,4
at:43:3482,Gaisruck Ortsmitte,48.39849432,16.05959556,3,34,49.411764705882355,5
at:43:3483,Gallbrunn Dreifaltigkeitsplatz,48.05305597,16.64624036,3,34,49.411764705882355,5
at:43:3484,Gallbrunn Schulgasse,48.05450909,16.64031148,3,34,49.411764705882355,5
at:43:3485,Gallbrunn Wiener Straße,48.05666468,16.63325072,3,34,49.411764705882355,5
at:43:3486,Gars-Thunau Bahnhof,48.59751492,15.65533572,0,39,43.07692307692308,3
at:43:3492,Gebmanns Bundesstraße,48.51568333,16.38186617,3,21,80.0,6
at:43:3493,Gedersdorf Bahnhof,48.4325809528804,15.6917534188784,0,36,46.666666666666664,3
at:43:3494,Geigelberg Abzw. Hagenau,48.21627497,15.98802678,3,14,120.0,6
at:43:3495,Geitzendorf Ort,48.47691241,16.20830267,3,13,129.23076923076923,7
at:43:3496,Gemeinlebarn Bahnhof,48.33618863,15.80424046,1,60,28.0,3
at:43:3499,Gerasdorf Bahnhof,48.29331224,16.48373512,0,124,13.548387096774194,1
at:43:3501,Gerasdorf Auerbachweg,48.2959419,16.44489197,3,106,15.849056603773585,3
at:43:3502,Gablitz Daniel-Gran-Gasse,48.22018945,16.14321973,3,13,129.23076923076923,7
at:43:3504,Gerasdorf Kapellerfelder Straße,48.30443357,16.484867,3,11,152.72727272727272,7
at:43:3505,Gerasdorf Franz-Welte-Weg,48.29547574,16.4516473,3,106,15.849056603773585,3
at:43:3506,Gerasdorf Kirchengasse/Rathaus,48.29583433,16.46809545,3,65,25.846153846153847,4
at:43:3507,Gerasdorf Mittelschule,48.2943701,16.471536,3,58,28.96551724137931,4
at:43:3508,Gerasdorf Hauptstraße 38/73,48.29959331,16.47129346,3,16,105.0,6
at:43:3509,Gerasdorf Josef-Böck-Gasse,48.29353338,16.4788393,3,44,38.18181818181818,4
at:43:3510,Gerasdorf Postamt,48.29463904,16.46854461,3,58,28.96551724137931,4
at:43:3511,Geigelberg Schönbachstraße,48.21675981,15.98923951,3,16,105.0,6
at:43:3512,Gerasdorf Schulgasse,48.29500958,16.45819602,3,119,14.117647058823529,3
at:43:3513,Gerasdorf Sparkasse,48.29496177,16.46175335,3,118,14.23728813559322,3
at:43:3514,Gerasdorf Volksschule,48.29679053,16.45824992,3,27,62.22222222222222,6
at:43:3515,Gerhaus Kriegerdenkmal,48.05784751,16.84488482,3,32,52.5,5
at:43:3516,Gießhübl Autobahnanschluss,48.09827564,16.24126186,3,143,11.748251748251748,3
at:43:3517,Gießhübl Eichbergstraße,48.09944552,16.22725713,3,143,11.748251748251748,3
at:43:3518,Gießhübl Brunnengasse,48.09729173,16.23245837,3,143,11.748251748251748,3
at:43:3519,Gießhübl Friedhof,48.09783168,16.24613073,3,63,26.666666666666668,4
at:43:3520,Gießhübl Hauptstraße 91/92,48.09742972,16.23474908,3,143,11.748251748251748,3
at:43:3521,Gießhübl Johannesgasse,48.09754371,16.24841245,3,31,54.193548387096776,5
at:43:3522,Gießhübl Berggasse,48.10009944,16.23725538,3,92,18.26086956521739,3
at:43:3523,Gießhübl Gemeindeamt,48.09786168,16.23759674,3,143,11.748251748251748,3
at:43:3524,Gigging Ort,48.38875364,15.86679015,3,15,112.0,6
at:43:3527,Glinzendorf Bahnhof,48.2422401669752,16.6401946959838,0,30,56.0,3
at:43:3528,Gobelsburg Bahnhof,48.4626061784791,15.7013294598085,0,37,45.4054054054054,3
at:43:3529,Goldgeben Kapelle,48.39351983,16.11604569,3,22,76.36363636363636,6
at:43:3530,Gollarn Weglstraße,48.27396814,15.98615829,3,29,57.93103448275862,5
at:43:3536,Grafenberg Ort,48.63147389,15.85067438,3,8,210.0,7
at:43:3537,Grafenwörth Marktplatz,48.40829873,15.77689574,3,16,105.0,6
at:43:3538,Gramatneusiedl Bahnhof,48.03549518,16.49039164,0,273,6.153846153846154,0
at:43:3539,Goldgeben Unterer Wagram,48.39239841,16.12600801,3,13,129.23076923076923,7
at:43:3540,Gramatneusiedl Hauptplatz,48.02859895,16.48980773,3,70,24.0,4
at:43:3541,Gramatneusiedl Marienthal,48.02166575,16.49597916,3,56,30.0,4
at:43:3542,Gramatneusiedl Gemeindezentrum,48.02431538,16.4923859,3,56,30.0,4
at:43:3543,Greifenstein Hadersfelder Str.,48.34705584,16.24352562,3,18,93.33333333333333,6
at:43:3544,Greifenstein-Altenberg Bahnhof,48.34496617,16.23996829,1,74,22.7027027027027,3
at:43:3546,Grillenberg Hernsteiner Straße,47.92856011,16.09557309,3,34,49.411764705882355,5
at:43:3547,Grillenberg Steinhofstraße,47.92669412,16.08791944,3,34,49.411764705882355,5
at:43:3548,Groißenbrunn Schloßhofer Straße,48.22117699,16.90260157,3,28,60.0,5
at:43:3549,Großau Berndorfer Straße,47.95616892,16.16583931,3,34,49.411764705882355,5
at:43:3550,Großebersdorf Fasangasse,48.3626898,16.45913925,3,45,37.333333333333336,4
at:43:3552,Großebersdorf Rochusgasse,48.36325681,16.47075447,3,9,186.66666666666666,7
at:43:3555,Groß-Enzersdorf Napoleongasse,48.19036847,16.54365275,3,11,152.72727272727272,7
at:43:3556,Groß-Enzersdorf Busbahnhof,48.20006324,16.54931214,3,411,4.087591240875913,0
at:43:3557,Groß-Enzersdorf Fliedergasse,48.19431486,16.54553023,3,21,80.0,6
at:43:3558,Groß-Enzersdorf Stadtmauer,48.20512846,16.54930316,3,355,4.732394366197183,0
at:43:3559,Groß-Enzersdorf Abzw. Mühlleiten,48.19597956,16.56497876,3,100,16.8,3
at:43:3560,Großhofen Landesstraße,48.25905456,16.61815902,3,29,57.93103448275862,5
at:43:3561,Freundorf Kreuzgasse,48.28352753,16.05524772,3,32,52.5,5
at:43:3564,Großhöniggraben Hengstlstraße,48.12459446,16.0958875,3,34,49.411764705882355,5
at:43:3565,Großhöniggraben Ampfergraben,48.1288697,16.09736074,3,34,49.411764705882355,5
at:43:3566,Großinzersdorf Ortsmitte,48.52420384,16.75824231,3,47,35.744680851063826,4
at:43:3567,Großmugl Hauptstraße,48.49402456,16.23429992,3,16,105.0,6
at:43:3568,Großmugl Gemeindeamt,48.49772131,16.23082344,3,18,93.33333333333333,6
at:43:3569,Großmugl Volksschule,48.4991678,16.23080547,3,30,56.0,5
at:43:3570,Großriedenthal Hauptstraße,48.48489761,15.86690693,3,14,120.0,6
at:43:3571,Großriedenthal Kindergarten,48.48286719,15.86952103,3,14,120.0,6
at:43:3572,Großriedenthal Neubau,48.48637423,15.86465216,3,21,80.0,6
at:43:3573,Gerasdorf Musikschule,48.2977527,16.46964954,3,64,26.25,4
at:43:3574,Großrußbach Hauptstraße,48.47498887,16.41952355,3,24,70.0,6
at:43:3576,Groß-Schweinbarth Gemeindeamt,48.4149532,16.63475989,3,66,25.454545454545453,4
at:43:3577,Groß-Schweinbarth Fürstengarten,48.41836954,16.63174155,3,65,25.846153846153847,4
at:43:3578,Hohenruppersdorf Gemeindeamt,48.46406558,16.65207941,3,37,45.4054054054054,5
at:43:3579,Groß-Schweinbarth Schloss,48.41239527,16.63514616,3,66,25.454545454545453,4
at:43:3580,Großweikersdorf Bahnhof,48.46868176,15.97633072,0,61,27.540983606557376,2
at:43:3581,Guntramsdorf Laxenburger Str.,48.04795771,16.31742103,3,1,1680.0,-1
at:43:3582,Großweikersdorf NMS,48.47133811,15.98514319,3,30,56.0,5
at:43:3583,Großweikersdorf Kirchengasse,48.47255307,15.98453234,3,21,80.0,6
at:43:3584,Großweikersdorf Hauptplatz,48.47230293,15.98259198,3,34,49.411764705882355,5
at:43:3585,Grub/March Ebenthaler Straße,48.4197527,16.83660235,3,7,240.0,-1
at:43:3586,Großweikersdorf Präsident-List-Platz,48.47082591,15.98427182,3,5,336.0,-1
at:43:3587,Großwiesendorf Ort,48.44961272,15.98743389,3,15,112.0,6
at:43:3589,Groß-Enzersdorf Volksschule,48.19902738,16.54703042,3,17,98.82352941176471,6
at:43:3590,Grub Dornbacher Straße,48.08011812,16.11231769,3,22,76.36363636363636,6
at:43:3592,Grub/Würmla Ortsmitte,48.26622487,15.86945815,3,18,93.33333333333333,6
at:43:3593,Gruberau Heiligenkreuzer Str. 35,48.11939534,16.09726192,3,34,49.411764705882355,5
at:43:3594,Gruberau Schusternazl,48.11471749,16.10060365,3,48,35.0,4
at:43:3595,Maria Gugging Feuerwehr,48.31382596,16.24675955,3,53,31.69811320754717,4
at:43:3596,Maria Gugging Freyengasse,48.31390959,16.24395681,3,108,15.555555555555555,3
at:43:3597,Maria Gugging Hochäckergasse,48.31482364,16.24060609,3,109,15.412844036697248,3
at:43:3598,Maria Gugging Kirche,48.3125833,16.25050553,3,108,15.555555555555555,3
at:43:3599,Maria Gugging ISTA,48.30884916,16.25763815,3,171,9.824561403508772,2
at:43:3600,Maria Gugging Lourdesgrotte,48.31753583,16.23628519,3,109,15.412844036697248,3
at:43:3601,Maria Gugging Neubau,48.31092239,16.2557966,3,108,15.555555555555555,3
at:43:3602,Gumpoldskirchen Bahnhof,48.04129138,16.28538711,1,84,20.0,3
at:43:3603,Gumpoldskirchen Am Kanal,48.03788582,16.2930138,3,28,60.0,5
at:43:3604,Hausleiten Gartengasse,48.38998251,16.10630796,3,17,98.82352941176471,6
at:43:3605,Gumpoldskirchen Heidestraße,48.04005411,16.28964512,3,31,54.193548387096776,5
at:43:3606,Gumpoldskirchen Schulgasse,48.04554352,16.28015891,3,28,60.0,5
at:43:3607,Gumpoldskirchen Thallernstraße,48.04369977,16.28287183,3,28,60.0,5
at:43:3608,Guntersdorf Bahnhof,48.64220084,16.05407991,0,45,37.333333333333336,2
at:43:3609,Guntramsdorf A.-Stifter-Gasse,48.05555988,16.32313432,3,63,26.666666666666668,4
at:43:3610,Hausleiten Raiffeisenplatz,48.39394334,16.10256198,3,31,54.193548387096776,5
at:43:3611,Guntramsdorf Hauptstraße/B17,48.04854022,16.30700057,3,30,56.0,5
at:43:3612,Guntramsdorf Kirchenplatz,48.04653443,16.31337861,3,31,54.193548387096776,5
at:43:3613,Guntramsdorf Rohrgasse,48.05022166,16.3189302,3,34,49.411764705882355,5
at:43:3614,Strasshof Frankweg,48.31839605,16.67684596,3,13,129.23076923076923,7
at:43:3615,Guntramsdorf Lokalbahn,48.04853422,16.31230063,2,194,8.65979381443299,2
at:43:3616,Guntramsdorf-Thallern Bahnhof,48.0518790309929,16.2973347014462,1,51,32.94117647058823,3
at:43:3617,Guntramsdorf-Kaiserau Bahnhof,48.0442102597169,16.3250656942708,1,28,60.0,4
at:43:3618,Himberg Gutenhof,48.06008101,16.45851043,3,45,37.333333333333336,4
at:43:3619,Gießhübl Föhrenberge,48.09995546,16.22563118,3,143,11.748251748251748,3
at:43:3620,Günselsdorf Gemeindeamt,47.94228813,16.26161769,3,46,36.52173913043478,4
at:43:3621,Günselsdorf Kirche,47.94560975,16.26446535,3,54,31.11111111111111,4
at:43:3622,Gänserndorf Bahnhof,48.34023724,16.73231693,0,338,4.970414201183432,0
at:43:3623,Hausleiten Kirchenstraße,48.3987985,16.09307577,3,7,240.0,-1
at:43:3624,Großrußbach Schottenfeldstraße,48.47249947,16.41227414,3,20,84.0,6
at:43:3625,Gänserndorf Grillparzergasse,48.33872054,16.73840751,3,33,50.90909090909091,5
at:43:3627,Gänserndorf Hans-Kudlich-Gasse,48.34065522,16.71960577,3,94,17.872340425531913,3
at:43:3628,Gänserndorf Kirchenplatz,48.34206438,16.72004594,3,5,336.0,-1
at:43:3629,Gänserndorf Augasse,48.3440049,16.72093527,3,13,129.23076923076923,7
at:43:3630,Gänserndorf Rathausplatz,48.33980731,16.71722523,3,16,105.0,6
at:43:3631,Gänserndorf Schillergasse,48.33835629,16.73317931,3,33,50.90909090909091,5
at:43:3633,Gänserndorf Protteser Straße/OMV,48.35079912,16.72851705,3,58,28.96551724137931,4
at:43:3634,Gänserndorf Süd Föhrenweg,48.30866992,16.69916909,3,41,40.97560975609756,5
at:43:3635,Gänserndorf Süd Waldweg,48.30328629,16.70611307,3,12,140.0,7
at:43:3636,Strasshof Grenzstraße 3,48.30861017,16.66351496,3,48,35.0,4
at:43:3637,Gänserndorf Süd Volksschule,48.30578398,16.68602674,3,52,32.30769230769231,4
at:43:3638,Gänserndorf Süd Silberwaldstraße,48.31125099,16.69218918,3,54,31.11111111111111,4
at:43:3639,Gänserndorf Süd Blumengasse,48.30399737,16.67101589,3,40,42.0,5
at:43:3640,Gänserndorf Süd Äußere-Jochen-Str.,48.3025035,16.67413305,3,36,46.666666666666664,5
at:43:3641,Gänserndorf Süd Waldheimstraße,48.31230847,16.7049273,3,39,43.07692307692308,5
at:43:3642,Gänserndorf Süd Hochwaldstraße,48.29643793,16.66697347,3,31,54.193548387096776,5
at:43:3643,Strasshof Gartengasse,48.31436363,16.6722915,3,12,140.0,7
at:43:3645,Strasshof Werndlgasse,48.32352721,16.68199331,3,13,129.23076923076923,7
at:43:3647,Göllersdorf Bahnhof,48.4920064148047,16.1270051404006,0,34,49.411764705882355,3
at:43:3648,Gösing am Wagram Ortsmitte,48.47010524,15.81182224,3,12,140.0,7
at:43:3649,Gösing am Wagram Hauptstraße,48.46613844,15.81441837,3,12,140.0,7
at:43:3650,Göttlesbrunn Fohlengarten,48.05362041,16.73586527,3,30,56.0,5
at:43:3652,Gänserndorf Scheunengasse,48.33940127,16.71503334,3,5,336.0,-1
at:43:3653,Ebreichsdorf Bahnhof,47.96445832,16.41924507,0,270,6.222222222222222,0
at:43:3654,Göttlesbrunn Dorfstraße,48.0574032,16.73551493,3,30,56.0,5
at:43:3655,Götzendorf Bahnhof,48.0256852,16.5875624,0,138,12.173913043478262,1
at:43:3656,Velm-Götzendorf Ortsmitte,48.47009929,16.78719501,3,34,49.411764705882355,5
at:43:3657,Götzendorf Hauptplatz,48.01430496,16.58209166,3,55,30.545454545454547,4
at:43:3658,Oberkreuzstetten Abzw. Großrußbach,48.47644791,16.43541474,3,21,80.0,6
at:43:3659,Götzendorf Militärsiedlung Sommerein,48.00489364,16.59021243,3,49,34.285714285714285,4
at:43:3660,Hadersdorf/Kamp Bahnhof,48.44656792,15.71487605,0,116,14.482758620689655,1
at:43:3663,Hagenau Ort,48.22003383,15.98223265,3,14,120.0,6
at:43:3664,Neues Wirtshaus Vierte Gasse,48.333358,16.45709109,3,81,20.74074074074074,4
at:43:3665,Hagenbrunn Weinberggasse,48.33351327,16.40209623,3,20,84.0,6
at:43:3666,Neues Wirtshaus Neunte Gasse,48.33572285,16.4600735,3,44,38.18181818181818,4
at:43:3667,Hagenbrunn Brunnengassl,48.33318482,16.40578831,3,20,84.0,6
at:43:3668,Hagenbrunn Brennleitenstraße,48.33948487,16.41280415,3,49,34.285714285714285,4
at:43:3669,Hagenbrunn Königsbrunner Straße,48.3332087,16.40978581,3,49,34.285714285714285,4
at:43:3670,Hagenbrunn Abzw. Veiglberg-Siedlung,48.33431948,16.39413716,3,20,84.0,6
at:43:3671,Hagenbrunn Stammersdorfer Straße,48.31948923,16.40406354,3,29,57.93103448275862,5
at:43:3672,Neues Wirtshaus Seyringer Straße,48.33121403,16.45498005,3,16,105.0,6
at:43:3673,Steinbach Laudongasse,48.23440233,16.19217791,3,36,46.666666666666664,5
at:43:3674,Mauerbach Steinbachstraße,48.23309192,16.19412726,3,84,20.0,4
at:43:3677,Hainburg/Donau Ungartor/B9,48.14835258,16.94814616,0,124,13.548387096774194,1
at:43:3678,Hausleiten Schulen,48.39691971,16.09313865,3,19,88.42105263157895,6
at:43:3679,Hainburg/Donau Wiener Tor,48.14561344,16.93830062,3,39,43.07692307692308,5
at:43:3680,Hainburg/Donau Bahnstraße,48.14371932,16.93309039,3,78,21.53846153846154,4
at:43:3681,Hainburg/Donau Kulturfabrik Bhf.,48.1448402151353,16.9320213992235,0,41,40.97560975609756,3
at:43:3682,Seyring G3 Shopping Resort/B7,48.34207035,16.46804155,3,44,38.18181818181818,4
at:43:3683,Hainburg/Donau Hauptplatz,48.14731568,16.94112133,3,42,40.0,5
at:43:3685,Hainburg/Donau Landesklinikum,48.14396508,16.95730897,3,53,31.69811320754717,4
at:43:3686,Hainburg/Donau Personenbhf.,48.1489279653604,16.939863691655,0,35,48.0,3
at:43:3687,Hainburg/Donau Pfaffenbergweg,48.1402486,16.92171772,3,78,21.53846153846154,4
at:43:3693,Hankenfeld Bundesstraße,48.27767494,15.8819627,3,35,48.0,5
at:43:3694,Grafenwörth Großer Wörth,48.40300315,15.77696761,3,9,186.66666666666666,7
at:43:3696,Haringsee Friedhofweg,48.19517117,16.77782558,3,23,73.04347826086956,6
at:43:3697,Haringsee Hauptstraße/Steingasse,48.19376394,16.78253275,3,23,73.04347826086956,6
at:43:3698,Harmannsdorf bei Korneuburg Kirchenplatz,48.39066852,16.37185894,3,22,76.36363636363636,6
at:43:3699,Harmannsdorf bei Korneuburg Schulen,48.3906208,16.37519169,3,24,70.0,6
at:43:3700,Grafenwörth Volksschule,48.40975372,15.78050697,3,5,336.0,-1
at:43:3701,Maria Gugging Hintersdorfer Straße,48.30522829,16.24322917,3,22,76.36363636363636,6
at:43:3702,Haselbach/Hintersdorf Im Hanger,48.29927659,16.23226973,3,22,76.36363636363636,6
at:43:3703,Haselbach/Hintersdorf Weingraben,48.3030413,16.23767758,3,22,76.36363636363636,6
at:43:3704,Haselbach bei Stockerau Ortsmitte,48.43549547,16.27559547,3,16,105.0,6
at:43:3705,Hasendorf/Traismauer Abzw. Watzendorf,48.29980247,15.82813565,3,22,76.36363636363636,6
at:43:3706,Haslau an der Donau Bahnhof,48.1096853187575,16.7101914229322,0,35,48.0,3
at:43:3708,Grafenwörth Seebarner Straße,48.40871615,15.78718145,3,12,140.0,7
at:43:3709,Hausleiten Bahnhof,48.39131276,16.10655948,1,32,52.5,4
at:43:3710,Fels am Wagram Bahnstraße,48.42924306,15.82315898,3,12,140.0,7
at:43:3711,Hausleiten Stockerauer Straße,48.39357351,16.10786204,3,22,76.36363636363636,6
at:43:3712,Hautzendorf Bahnhof,48.4511320717865,16.4928889556734,1,31,54.193548387096776,4
at:43:3713,Hautzendorf Gemeindeamt,48.44914797,16.49468559,3,13,129.23076923076923,7
at:43:3714,Heiligeneich Hauptplatz,48.30005346,15.89371266,3,14,120.0,6
at:43:3715,Heiligeneich St. Pöltner Straße,48.29680249,15.89223942,3,38,44.21052631578947,5
at:43:3716,Heiligeneich Wiener Straße,48.29894791,15.89471877,3,22,76.36363636363636,6
at:43:3717,Helenental Cholerakapelle,48.0138783,16.17072615,3,24,70.0,6
at:43:3718,Heiligenkreuz Friedhof,48.05631643,16.13752441,3,49,34.285714285714285,4
at:43:3719,Heiligenkreuz Stift/Badner Tor,48.05536173,16.12972704,3,57,29.473684210526315,4
at:43:3720,Heimbautal Serpentinenstr.,48.17249511,16.14021936,3,28,60.0,5
at:43:3722,Helfens Ort,48.51591541,16.41284008,3,30,56.0,5
at:43:3723,Hennersdorf Bahnhof,48.11245037,16.35839319,1,145,11.586206896551724,2
at:43:3724,Hennersdorf Hauptplatz,48.11147872,16.36208527,3,100,16.8,3
at:43:3726,Henzing Wienerwaldstraße,48.27040459,16.01016127,3,47,35.744680851063826,4
at:43:3727,Hernstein Ortsmitte,47.89476318,16.10544557,3,59,28.47457627118644,4
at:43:3728,Herzogbirbaum Kriegerdenkmal,48.5159035,16.25045163,3,17,98.82352941176471,6
at:43:3730,Hetzmannsdorf bei Korneuburg Feuerwehr,48.44172924,16.39676024,3,17,98.82352941176471,6
at:43:3731,Hetzmannsdorf bei Korneuburg Marienplatz,48.44060292,16.40359642,3,15,112.0,6
at:43:3733,Hetzmannsdorf-Wullersdorf Bhf.,48.61686091,16.09166542,0,42,40.0,3
at:43:3734,Himberg Bahnhof,48.081894555497,16.4451614646215,0,59,28.47457627118644,2
at:43:3735,Himberg Wiener Straße/Industriegebiet,48.08964172,16.42702448,3,134,12.537313432835822,3
at:43:3736,Himberg Friedhof,48.0772553,16.44468536,3,90,18.666666666666668,3
at:43:3737,Himberg Hintere Ortsstraße,48.0800281,16.44142447,3,132,12.727272727272727,3
at:43:3738,Himberg Hauptplatz,48.08197857,16.44025666,3,196,8.571428571428571,2
at:43:3739,Himberg Hauptstraße,48.08649139,16.43994225,3,48,35.0,4
at:43:3740,Himberg Falkenhofgasse,48.08428304,16.43809172,3,134,12.537313432835822,3
at:43:3741,Himberg Neubachbrücke,48.08771554,16.4319203,3,134,12.537313432835822,3
at:43:3742,Himberg Pellendorfer Straße,48.09004975,16.44376009,3,48,35.0,4
at:43:3743,Hinterbrühl Weissenbacher Straße,48.07768143,16.23303329,3,109,15.412844036697248,3
at:43:3744,Hinterbrühl Brühlegg,48.08570527,16.24248357,3,103,16.310679611650485,3
at:43:3746,Hinterbrühl Forstweg,48.08318483,16.23840522,3,106,15.849056603773585,3
at:43:3747,Hinterbrühl Beethovengasse,48.08688144,16.24773871,3,103,16.310679611650485,3
at:43:3748,Hinterbrühl Gießhübler Straße,48.0883036,16.25390116,3,105,16.0,3
at:43:3749,Hinterbrühl Höldrichsmühle,48.08090432,16.23544078,3,108,15.555555555555555,3
at:43:3750,Hinterbrühl Helmstreitgasse,48.08504517,16.25663204,3,63,26.666666666666668,4
at:43:3751,Hinterbrühl Wendestelle,48.07541869,16.23384178,3,59,28.47457627118644,4
at:43:3753,Pfalzau Ortsmitte,48.16049417,16.07198333,3,17,98.82352941176471,6
at:43:3754,Hintersdorf Feuerwehr,48.30298154,16.21780685,3,11,152.72727272727272,7
at:43:3755,Hintersdorf Arzgrub,48.29356326,16.21188695,3,16,105.0,6
at:43:3756,Hintersdorf Schloss,48.29968893,16.2159653,3,33,50.90909090909091,5
at:43:3757,Hintersdorf Grabenweg,48.29692799,16.21473461,3,33,50.90909090909091,5
at:43:3758,Hintersdorf Kirchengasse,48.30094385,16.2168187,3,6,280.0,-1
at:43:3759,Hintersdorf Waldparksiedlung,48.29729254,16.2096771,3,17,98.82352941176471,6
at:43:3760,Hippersdorf Ortsmitte,48.41993752,15.96485923,3,19,88.42105263157895,6
at:43:3761,Hipples Ort,48.50250109,16.41173515,3,20,84.0,6
at:43:3762,Mauerbach Hirschengarten,48.25939546,16.13959054,3,8,210.0,7
at:43:3763,Breitenfurt Lattergrabenstraße,48.1262974,16.18214373,3,47,35.744680851063826,4
at:43:3764,Breitenfurt Josef-Schöffel-Straße,48.12909754,16.18724616,3,47,35.744680851063826,4
at:43:3765,Breitenfurt Hirschentanz,48.12284349,16.17574773,3,43,39.06976744186046,4
at:43:3766,Hirtenberg Bahnhof,47.9291800844531,16.1761519696016,1,39,43.07692307692308,4
at:43:3767,Hirtenberg Mittelschule,47.93125063,16.18905178,3,38,44.21052631578947,5
at:43:3768,Gießhübl Hochleitengasse,48.09665577,16.25542829,3,63,26.666666666666668,4
at:43:3769,Hochroterd Abzw. Sulz,48.13107013,16.11495873,3,34,49.411764705882355,5
at:43:3770,Hochroterd Heiligenkreuzer Str.,48.13625008,16.12446291,3,34,49.411764705882355,5
at:43:3771,Hochroterd Grafenbergstraße,48.13122002,16.1083651,3,35,48.0,5
at:43:3772,Hochstraß Kirche,48.1389058,15.98490065,3,19,88.42105263157895,6
at:43:3773,Klausen-Leopoldsdorf Abzw. Hochstraß,48.10656621,16.01251486,3,19,88.42105263157895,6
at:43:3774,Hof am Leithaberge Auer Straße,47.94015785,16.57747432,3,40,42.0,5
at:43:3775,Hof am Leithaberge Mannersdf. Str.,47.94670488,16.58242404,3,41,40.97560975609756,5
at:43:3776,Hof am Leithaberge Hauptplatz,47.94370225,16.57897451,3,41,40.97560975609756,5
at:43:3778,Hohenau/March Bahnhof,48.59865557,16.9010924,0,101,16.633663366336634,1
at:43:3779,Hohenruppersdorf Unt. Hauptstr./Bahnstr.,48.46781216,16.64681528,3,37,45.4054054054054,5
at:43:3780,Hollabrunn Bahnhof,48.56291482,16.07222587,0,293,5.733788395904437,0
at:43:3781,Hollern Dammstraße,48.07692519,16.89089653,3,23,73.04347826086956,6
at:43:3782,Hollern Kirche,48.07526863,16.89448979,3,23,73.04347826086956,6
at:43:3783,Hollern Leithaweg,48.0746204,16.89864,3,23,73.04347826086956,6
at:43:3784,Horn Bahnhof,48.665855,15.67233184,0,205,8.195121951219512,0
at:43:3785,Horn Hauptplatz,48.66351144,15.65662031,3,160,10.5,3
at:43:3786,Hornsburg Ortsmitte,48.46367839,16.4466886,3,24,70.0,6
at:43:3790,Hundsheim bei Hainburg Altenburger Straße,48.11754824,16.93488702,3,22,76.36363636363636,6
at:43:3791,Hundsheim bei Hainburg Untere Berggasse,48.1204508,16.92877848,3,22,76.36363636363636,6
at:43:3792,Hornsburg Schulgasse,48.46671025,16.44490994,3,22,76.36363636363636,6
at:43:3793,Hütteldorf/Trasdorf Ortsmitte,48.30451723,15.8627118,3,22,76.36363636363636,6
at:43:3794,Höbersdorf Bahnhof,48.44865938,16.17333126,1,44,38.18181818181818,3
at:43:3795,Hohenruppersdorf Marktplatz,48.46422045,16.65560979,3,30,56.0,5
at:43:3796,Höflein/Donau Am Klosterbruch,48.34780213,16.28465947,3,48,35.0,4
at:43:3797,Höflein/Donau Brückenstraße,48.34862602,16.27927856,3,48,35.0,4
at:43:3798,Höflein/Donau Schulgasse,48.3497484,16.27537988,3,48,35.0,4
at:43:3799,Heiligeneich Raiffeisenplatz,48.30115898,15.89338927,3,11,152.72727272727272,7
at:43:3800,Höflein/Donau Bahnhof,48.35005287,16.27202916,1,186,9.03225806451613,1
at:43:3801,IZ NÖ-Süd Straße 3/ecoplus,48.0748905,16.32149938,3,69,24.347826086956523,4
at:43:3802,Höflein Dorfplatz,48.06747128,16.78766213,3,22,76.36363636363636,6
at:43:3805,Hölles Feuerwehr,47.89546789,16.20308346,3,26,64.61538461538461,6
at:43:3806,Hörersdorf Bahnhof,48.6200736339181,16.5166763444002,0,27,62.22222222222222,4
at:43:3810,Hintersdorf Hutweide,48.28915233,16.21165339,3,16,105.0,6
at:43:3811,IZ NÖ-Süd Straße 1/Straße 14,48.07487849,16.33358172,3,20,84.0,6
at:43:3813,IZ NÖ-Süd Straße 6/Süd,48.07020859,16.32678148,3,61,27.540983606557376,4
at:43:3814,IZ NÖ-Süd Straße 10/Straße 13,48.06466178,16.32902726,3,54,31.11111111111111,4
at:43:3815,IZ NÖ-Süd Straße 3/Straße 2,48.07569478,16.31822951,3,69,24.347826086956523,4
at:43:3817,IZ NÖ-Süd Straße 3/Straße 4,48.0743503,16.32365534,3,77,21.818181818181817,4
at:43:3818,IZ NÖ-Süd Straße 14/WALTER GROUP,48.06897802,16.3354592,3,80,21.0,4
at:43:3819,IZ NÖ-Süd Str. 7/WALTER B-PARK 58A-D,48.06685897,16.33340206,3,7,240.0,-1
at:43:3820,IZ NÖ-Süd Straße 14/Straße 16,48.06386933,16.33689651,3,54,31.11111111111111,4
at:43:3822,IZ NÖ-Süd Straße 14/Straße 1,48.07415223,16.33468665,3,41,40.97560975609756,5
at:43:3823,Inkersdorf,48.43184187,15.98661643,3,17,98.82352941176471,6
at:43:3824,Irenental Brettwieser Straße,48.20378138,16.10203198,3,41,40.97560975609756,5
at:43:3826,Irenental Nr. 15,48.19902738,16.11546179,3,41,40.97560975609756,5
at:43:3827,Irenental Schulgasse,48.21027699,16.09321052,3,41,40.97560975609756,5
at:43:3828,Irenental Klosterstraße,48.20181756,16.10834713,3,41,40.97560975609756,5
at:43:3829,Irenental Wundererplatz,48.20797818,16.09620191,3,41,40.97560975609756,5
at:43:3830,Jedenspeigen Bahnhof,48.4954532906266,16.8785177408939,0,33,50.90909090909091,3
at:43:3833,Judenau Ufergasse,48.28195535,16.00867905,3,47,35.744680851063826,4
at:43:3834,Judenau Florianipark,48.28490838,16.01011636,3,108,15.555555555555555,3
at:43:3835,Gänserndorf Süd Grüngasse,48.30958406,16.6790648,3,5,336.0,-1
at:43:3837,Kaindorf/Tullnerfeld Ortsmitte,48.34292419,15.85619901,3,10,168.0,7
at:43:3838,Pfalzau Kaiserbrunn,48.15379448,16.04590524,3,17,98.82352941176471,6
at:43:3840,Kaltenleutgeben Am Brand,48.11239639,16.15409833,3,131,12.82442748091603,3
at:43:3841,Kaltenleutgeben Bachgasse,48.11273227,16.18165864,3,132,12.727272727272727,3
at:43:3842,Kaltenleutgeben Ellinggraben,48.1112568,16.16434811,3,131,12.82442748091603,3
at:43:3843,Kaltenleutgeben Langenbergstraße,48.1123784,16.17801148,3,132,12.727272727272727,3
at:43:3844,Kaltenleutgeben Annagasse,48.11346399,16.18968958,3,132,12.727272727272727,3
at:43:3845,Kaltenleutgeben Hans-Czettel-Hof,48.12043881,16.21046761,3,131,12.82442748091603,3
at:43:3846,Kaltenleutgeben Wilhelmstraße,48.11877765,16.2044489,3,132,12.727272727272727,3
at:43:3847,Kaltenleutgeben Pfarrgasse,48.11475947,16.19421709,3,132,12.727272727272727,3
at:43:3848,Kaltenleutgeben Gemeindeamt,48.11716442,16.20001122,3,132,12.727272727272727,3
at:43:3849,Kaltenleutgeben Thumergasse,48.11222246,16.16976495,3,131,12.82442748091603,3
at:43:3850,Kaltenleutgeben Wiener Graben,48.12358106,16.21793261,3,131,12.82442748091603,3
at:43:3851,Kamegg Bahnhof,48.6095795594008,15.6578869326624,1,29,57.93103448275862,4
at:43:3852,Kapellerfeld Bahnhof,48.3166278,16.49497305,0,87,19.310344827586206,1
at:43:3853,Gänserndorf Süd Eschenweg,48.3083174,16.70485543,3,10,168.0,7
at:43:3854,Kapellerfeld Brunnengasse,48.31105383,16.49299675,3,5,336.0,-1
at:43:3855,Kapellerfeld Blumengasse,48.31750596,16.50362382,3,5,336.0,-1
at:43:3856,Kapellerfeld Halbgasse,48.31119124,16.48987062,3,11,152.72727272727272,7
at:43:3857,Kapellerfeld Lenaugasse,48.32082729,16.49737155,3,5,336.0,-1
at:43:3858,Kapellerfeld Mittelgasse,48.3132823,16.49730867,3,5,336.0,-1
at:43:3859,Kapellerfeld Nelkengasse,48.31985959,16.49385914,3,7,240.0,-1
at:43:3860,Kapellerfeld Rosengasse,48.31091641,16.49651815,3,5,336.0,-1
at:43:3861,Kapellerfeld Sonnwendgasse,48.31554054,16.49882682,3,5,336.0,-1
at:43:3862,Kapellerfeld Waldgasse,48.31414259,16.49210742,3,7,240.0,-1
at:43:3863,Karlsdorf Bergzeile,48.07877976,16.62365671,3,18,93.33333333333333,6
at:43:3864,Karlsdorf Mittergasse,48.07915186,16.61823089,3,35,48.0,5
at:43:3865,Karnabrunn Laaer Straße,48.46046764,16.37323336,3,21,80.0,6
at:43:3867,Katzelsdorf Bahnhof,47.79278733,16.26671113,1,71,23.661971830985916,3
at:43:3868,Katzelsdorf Siedlung Wilfersdorf,48.27660478,16.1091107,3,23,73.04347826086956,6
at:43:3869,Katzelsdorf Augraben,48.27969562,16.11240752,3,23,73.04347826086956,6
at:43:3870,Katzelsdorf am Wienerwald Hauptplatz,48.28484861,16.10850883,3,74,22.7027027027027,4
at:43:3873,Kierling Falbgasse,48.30895671,16.27953908,3,106,15.849056603773585,3
at:43:3874,Kierling Grüntal,48.30905231,16.27723041,3,106,15.849056603773585,3
at:43:3875,Kierling Hauptstraße,48.30747494,16.2859261,3,106,15.849056603773585,3
at:43:3876,Kierling Lenaugasse,48.3085086,16.26750165,3,106,15.849056603773585,3
at:43:3877,Kierling Schuberthöhe,48.30786928,16.26254295,3,106,15.849056603773585,3
at:43:3878,Kierling Volksschule,48.30901646,16.2725951,3,106,15.849056603773585,3
at:43:3879,Kierling Stegleiten,48.30573618,16.29109141,3,106,15.849056603773585,3
at:43:3880,Kirchberg am Wagram Bhf.,48.42755615,15.89403605,0,110,15.272727272727273,1
at:43:3881,Gänserndorf Süd Habichtweg,48.31235029,16.70942785,3,10,168.0,7
at:43:3882,Kirchberg am Wagram Marktplatz,48.43458954,15.89820424,3,26,64.61538461538461,6
at:43:3883,Kirchberg am Wagram Schulen,48.43509615,15.9001985,3,23,73.04347826086956,6
at:43:3884,Irenental Am Forst,48.21084569,16.08612281,3,41,40.97560975609756,5
at:43:3885,Kirchstetten Bahnhof,48.19017084,15.82182947,0,78,21.53846153846154,2
at:43:3890,Klausen-Leopoldsdorf Agsbach,48.09263586,16.0080682,3,19,88.42105263157895,6
at:43:3891,Klausen-Leopoldsdorf Friedhof,48.08419902,16.02218971,3,10,168.0,7
at:43:3892,Klausen-Leopoldsdorf Ortsmitte,48.08820159,16.01428454,3,17,98.82352941176471,6
at:43:3894,Pfalzau Klaushäuseln,48.14717183,16.06399731,3,12,140.0,7
at:43:3895,Kledering Bahnhof,48.13244911,16.43972666,1,176,9.545454545454545,1
at:43:3896,Kledering Gärtnergasse,48.13096821,16.44504468,3,56,30.0,4
at:43:3897,Kledering Kirche,48.13213135,16.43539678,3,147,11.428571428571429,3
at:43:3898,Kleinebersdorf Laaer Straße,48.4952628,16.3911278,3,21,80.0,6
at:43:3899,Klein-Engersdorf Schottenbreite,48.33945501,16.37989886,3,21,80.0,6
at:43:3900,Klein-Engersdorf Schießbergweg,48.33994465,16.37462575,3,21,80.0,6
at:43:3901,Klein-Engersdorf Gewerbegebiet,48.34213603,16.3669721,3,22,76.36363636363636,6
at:43:3902,Klein-Harras Hauptstraße,48.46105143,16.62952271,3,39,43.07692307692308,5
at:43:3903,Klein-Engersdorf Flandorferweg,48.33784872,16.38406704,3,21,80.0,6
at:43:3905,Klausen-Leopoldsdorf Abzw. Kleinkrottenbach,48.0975737,16.00740344,3,19,88.42105263157895,6
at:43:3906,Kleinmeiseldorf Stockerner Straße,48.66346991,15.74823948,3,18,93.33333333333333,6
at:43:3907,Kleinneusiedl Fischamender Str.,48.09394986,16.60596888,3,21,80.0,6
at:43:3908,Klausen-Leopoldsdorf Volksschule,48.08916768,16.01486844,3,3,560.0,-1
at:43:3909,Kleinneusiedl Kirche,48.09211385,16.60536701,3,10,168.0,7
at:43:3911,Kleinneusiedl Enzersdorfer Weg,48.08864564,16.60382191,3,10,168.0,7
at:43:3912,Seyring Alfred-Fröhlich-Straße,48.33854737,16.46358591,3,81,20.74074074074074,4
at:43:3913,Kleinrötz Hauptplatz,48.3976772,16.40641713,3,19,88.42105263157895,6
at:43:3914,Kleinschönbichl Ortsmitte,48.3393953,15.93338226,3,34,49.411764705882355,5
at:43:3915,Kleinsitzendorf Ort,48.52842191,16.40860902,3,33,50.90909090909091,5
at:43:3917,Kleinwetzdorf Schloss,48.49959638,15.95109704,3,13,129.23076923076923,7
at:43:3918,Kleinwiesendorf Kirche,48.451996,15.99276989,3,16,105.0,6
at:43:3919,Kleinwilfersdorf Ort,48.40433306,16.28077875,3,21,80.0,6
at:43:3920,Klement Schloss,48.56782517,16.36189662,3,10,168.0,7
at:43:3921,Kleinstaasdorf Bundesstraße,48.28422095,16.06921652,3,46,36.52173913043478,4
at:43:3922,Klement Brückenwaage,48.57049416,16.36805906,3,12,140.0,7
at:43:3924,Klosterneuburg Kammerjoch,48.28958268,16.34009451,3,171,9.824561403508772,2
at:43:3925,Klosterneuburg Lothringerstiege,48.29166266,16.33792957,3,171,9.824561403508772,2
at:43:3926,Klosterneuburg Agnesbrücke,48.29510521,16.32905421,3,198,8.484848484848484,2
at:43:3927,Klosterneuburg Am Ölberg,48.31307917,16.30385647,3,83,20.240963855421686,4
at:43:3928,Kleinrötz Harmannsdorfer Straße,48.39730144,16.40190758,3,19,88.42105263157895,6
at:43:3929,Klosterneuburg Beindelgasse,48.31065951,16.30948891,3,83,20.240963855421686,4
at:43:3931,Klosterneuburg Schladgasse,48.3154569,16.2933911,3,82,20.48780487804878,4
at:43:3932,Klosterneuburg Fellergraben,48.30697901,16.30566208,3,106,15.849056603773585,3
at:43:3933,Klosterneuburg Gymnasium,48.30398542,16.32019683,3,37,45.4054054054054,5
at:43:3934,Klosterneuburg Wosakgasse,48.32180693,16.3055992,3,25,67.2,6
at:43:3935,Klosterneuburg Küffnergasse,48.30699096,16.30849178,3,106,15.849056603773585,3
at:43:3936,Klosterneuburg Käferkreuzgasse,48.31137048,16.31419608,3,133,12.631578947368421,3
at:43:3937,Klosterneuburg Langstögergasse,48.31012776,16.31960394,3,132,12.727272727272727,3
at:43:3938,Klosterneuburg Leopoldbrücke,48.29996382,16.33262951,3,265,6.339622641509434,2
at:43:3939,Klosterneuburg Marienheim,48.30616042,16.29924811,3,106,15.849056603773585,3
at:43:3940,Klosterneuburg Mühlengasse,48.30682366,16.31638797,3,109,15.412844036697248,3
at:43:3941,Klosterneuburg Stiftsgarten,48.30506696,16.32981778,3,260,6.461538461538462,2
at:43:3942,Klosterneuburg Rathausplatz,48.30489965,16.32524536,3,150,11.2,3
at:43:3943,Klosterneuburg Roman-Scholz-Platz,48.30345361,16.3262874,3,159,10.566037735849056,3
at:43:3944,Klosterneuburg Stadtplatz,48.30889696,16.32302652,3,325,5.1692307692307695,2
at:43:3945,Klosterneuburg Statzengasse,48.31859916,16.3106118,3,98,17.142857142857142,3
at:43:3946,Klosterneuburg Lorenz-Böhler-Weg,48.30557485,16.29572672,3,106,15.849056603773585,3
at:43:3947,Klosterneuburg Max-Frey-Gasse,48.3163291,16.28995055,3,82,20.48780487804878,4
at:43:3948,Klosterneuburg Albrechtstraße/Martinstraße,48.3167652,16.31352234,3,97,17.31958762886598,3
at:43:3949,Klosterneuburg Weißer Hof,48.32420814,16.27793109,3,81,20.74074074074074,4
at:43:3950,Klosterneuburg Ziegelofengasse,48.31260122,16.31714255,3,133,12.631578947368421,3
at:43:3951,Klein-Mariazell Abzw. Stift,48.0305694,15.97555817,3,11,152.72727272727272,7
at:43:3952,Klosterneuburg-Kierling Bhf.,48.30973941,16.32631435,1,624,2.6923076923076925,0
at:43:3953,Klosterneuburg-Weidling Bhf.,48.29722082,16.33477648,1,461,3.644251626898048,0
at:43:3954,Klein-Mariazell Stift,48.03637216,15.97380645,3,7,240.0,-1
at:43:3956,Kogl Feuerwehr,48.22850222,15.98957189,3,25,67.2,6
at:43:3957,Kollersdorf/Wagram Musikheim,48.40748773,15.84835672,3,8,210.0,7
at:43:3958,Kollersdorf/Wagram Ortsmitte,48.406468,15.85391729,3,15,112.0,6
at:43:3959,Klosterneuburg Hausergasse,48.32164565,16.30657837,3,48,35.0,4
at:43:3960,Kollnbrunn Brünner Straße,48.46214155,16.59114668,3,119,14.117647058823529,3
at:43:3961,Kopfstetten Feuerwehr,48.16658187,16.81051527,3,32,52.5,5
at:43:3962,Klement Laaer Straße,48.57269344,16.36750211,3,20,84.0,6
at:43:3963,Korneuburg Bahnhof,48.343575,16.32847031,0,480,3.5,0
at:43:3964,Korneuburg Klosterneuburger Str.,48.34083435,16.32987168,3,16,105.0,6
at:43:3967,Korneuburg HAK,48.34712748,16.33286307,3,66,25.454545454545453,4
at:43:3968,Korneuburg Schulzentrum,48.34617222,16.33637548,3,44,38.18181818181818,4
at:43:3969,Korneuburg Laaer Straße/Baumarkt,48.36069031,16.35037124,3,23,73.04347826086956,6
at:43:3970,Korneuburg Brückenstraße,48.34143743,16.32775166,3,16,105.0,6
at:43:3971,Korneuburg An der Landesbahn,48.35695373,16.32308042,3,4,420.0,-1
at:43:3972,Bisamberg Firma Blaha,48.34296598,16.34915851,3,32,52.5,5
at:43:3973,Korneuburg Industriezeile,48.35773569,16.31912783,3,30,56.0,5
at:43:3974,Korneuburg Industriestraße,48.35679853,16.31787019,3,30,56.0,5
at:43:3975,Korneuburg In der Fischerzeile,48.33843392,16.32928778,3,16,105.0,6
at:43:3976,Korneuburg Franz-Wirer-von-Rettenbach-Str.,48.35535993,16.32626944,3,4,420.0,-1
at:43:3977,Korneuburg Friedhof,48.35039913,16.324904,3,84,20.0,4
at:43:3978,Korneuburg Hauptplatz,48.34360486,16.33313257,3,251,6.693227091633466,2
at:43:3979,Korneuburg Feuerwehr,48.35584941,16.31751086,3,67,25.074626865671643,4
at:43:3980,Korneuburg Karl-Bodingbauer-Straße,48.35780135,16.32984473,3,4,420.0,-1
at:43:3981,Korneuburg Kaiserallee,48.3397476,16.34323861,3,103,16.310679611650485,3
at:43:3982,Klosterneuburg Aupark,48.30725984,16.33406681,3,44,38.18181818181818,4
at:43:3983,Klosterneuburg Karl-Domanig-Gasse,48.30722996,16.31995428,3,52,32.30769230769231,4
at:43:3984,Korneuburg Deutschmeisterstr.,48.34976034,16.33008728,3,30,56.0,5
at:43:3985,Korneuburg Alte Schiffswerft,48.34015961,16.32264024,3,16,105.0,6
at:43:3986,Korneuburg Siedlerstraße,48.35337208,16.33161441,3,30,56.0,5
at:43:3987,Korneuburg Arbeiterkammer,48.34184345,16.33534242,3,137,12.262773722627736,3
at:43:3989,Kottingbrunn Bahnhof,47.9501405329052,16.22693373262,1,52,32.30769230769231,3
at:43:3991,Kottingneusiedl Bahnhof,48.7033667247865,16.4648974514164,0,26,64.61538461538461,4
at:43:3992,Helenental Krainerhütte,48.02319786,16.16620762,3,24,70.0,6
at:43:3993,Krems Bahnhof,48.40888908,15.605596,0,754,2.2281167108753315,0
at:43:3995,Kritzendorf Bahnhof,48.33620655,16.29890675,1,136,12.352941176470589,2
at:43:3996,Kritzendorf L.-Anzengruber-Gasse,48.34008199,16.29451399,3,48,35.0,4
at:43:3997,Korneuburg Kanalstraße,48.33609309,16.32709589,3,16,105.0,6
at:43:3999,Kritzendorf Herminengasse,48.33107069,16.29990388,3,48,35.0,4
at:43:4000,Kritzendorf Hadergasse,48.32605377,16.30329053,3,48,35.0,4
at:43:40000,Loosdorf/Melk Europaplatz,48.20054823,15.4005735,3,2,840.0,-1
at:43:40001,Zellerndorf Abzw. Bahnhof,48.69775805,15.96683553,3,35,48.0,5
at:43:40002,Hohenwarth Langenloiser Straße,48.50563181,15.8251712,3,7,240.0,-1
at:43:40003,Ziersdorf Hauptplatz,48.527827,15.9274983,3,24,70.0,6
at:43:40004,Laa/Thaya Kirchenplatz,48.72336551,16.3859535,3,68,24.705882352941178,4
at:43:40005,Prinzersdorf Mittelschule,48.20348801,15.52029198,3,28,60.0,5
at:43:40007,Unterradlberg Hainer Straße,48.25629142,15.6792309,3,76,22.105263157894736,4
at:43:40009,Herzogenburg Riefthalgasse,48.27739992,15.69552634,3,26,64.61538461538461,6
at:43:4001,Kritzendorf Silberseestraße,48.34552741,16.28959122,3,48,35.0,4
at:43:40011,Ebersdorf an der Donau Ort,48.22633588,15.26070581,3,25,67.2,6
at:43:40012,Emmersdorf/Donau Bundesstraße,48.24063082,15.33671227,3,56,30.0,4
at:43:40013,Rainfeld Ortsmitte,48.04768147,15.71099533,3,28,60.0,5
at:43:40015,Lehen Feuerwehr,48.22980078,15.26358042,3,21,80.0,6
at:43:4002,Kritzendorf Schelhammergasse,48.32345553,16.30470987,3,48,35.0,4
at:43:4003,Unterkritzendorf Bahnhof,48.3239154612648,16.3093631431023,1,56,30.0,3
at:43:4004,Kronau Tullner Straße,48.32707512,16.0046546,3,6,280.0,-1
at:43:4005,Kronberg Parkgasse,48.42080198,16.51251714,3,22,76.36363636363636,6
at:43:40052,Grünbach/Schneeberg Schulen,47.7981582,15.98440657,3,20,84.0,6
at:43:4006,Kronstein Rekawinkler Straße,48.21181546,15.99500669,3,22,76.36363636363636,6
at:43:4007,Kronstein Abzw. Penzing,48.20843914,16.00026184,3,21,80.0,6
at:43:40072,Gaweinstal Brünner Straße,48.4817537,16.59344637,3,68,24.705882352941178,4
at:43:40074,Eichhorn Ortsmitte,48.55001841,16.82982007,3,31,54.193548387096776,5
at:43:40075,Niederabsdorf Schulstraße,48.56376495,16.85476628,3,31,54.193548387096776,5
at:43:40076,Ringelsdorf Obere Hauptstraße,48.55987682,16.8712863,3,31,54.193548387096776,5
at:43:40080,Rabensburg Kirchenplatz,48.64897302,16.90353582,3,24,70.0,6
at:43:40081,Marktl Ort,48.02285539,15.60149968,3,50,33.6,4
at:43:40082,Marktl Werkstraße,48.02579935,15.6037814,3,22,76.36363636363636,6
at:43:40084,Moosbach/Türnitz Bundesstraße,47.95269757,15.53953389,3,34,49.411764705882355,5
at:43:40086,Türnitz Markt,47.93084134,15.49104283,3,34,49.411764705882355,5
at:43:40087,Wiesenfeld Wiesenbachbrücke,48.04977128,15.63983978,3,18,93.33333333333333,6
at:43:40088,St. Veit/Gölsen Kirchenplatz,48.04327335,15.66951113,3,18,93.33333333333333,6
at:43:40094,Jedenspeigen Gemeindeamt,48.49820348,16.87325361,3,14,120.0,6
at:43:40097,Gerichtsberg Bundesstraße,48.02978243,15.85981024,3,34,49.411764705882355,5
at:43:40098,Lehenrotte Bundesstraße,47.96125822,15.55207438,3,34,49.411764705882355,5
at:43:4010,Königstetten Abzw. Eisenbad,48.30193582,16.15752989,3,16,105.0,6
at:43:4011,Königstetten Neuwaldegger Straße,48.30424834,16.15423308,3,82,20.48780487804878,4
at:43:4012,Königstetten Tullner Straße,48.29956343,16.14115361,3,129,13.023255813953488,3
at:43:4013,Königstetten Kirche,48.30091995,16.14566315,3,117,14.35897435897436,3
at:43:4014,Königstetten Feuerwehr,48.30339983,16.15125067,3,89,18.876404494382022,3
at:43:4015,Laa/Thaya Bahnhof,48.72324698,16.40308438,0,182,9.23076923076923,0
at:43:4016,St. Pölten Bildungscampus Bahnhof,48.18938033,15.61508221,1,88,19.09090909090909,2
at:43:4017,Laab Roppersberg,48.15927775,16.15346053,3,44,38.18181818181818,4
at:43:4018,Laab Friedhof,48.15191266,16.1818922,3,44,38.18181818181818,4
at:43:4019,Laab St.-Koloman-Gasse,48.15574815,16.17387025,3,44,38.18181818181818,4
at:43:4020,Laab Tiergartenstraße,48.1544597,16.1811466,3,44,38.18181818181818,4
at:43:4021,Laab Schloßgasse,48.15525674,16.17724791,3,44,38.18181818181818,4
at:43:4022,Laab Jubiläumstraße,48.15622757,16.16839053,3,44,38.18181818181818,4
at:43:4023,Lachsfeld Ortsmitte,48.48348645,16.33795652,3,6,280.0,-1
at:43:4025,Ladendorf Bahnhof,48.53582203,16.50961559,0,67,25.074626865671643,2
at:43:4026,Landegg Bleistiftgasse,47.89239603,16.40151232,3,46,36.52173913043478,4
at:43:4027,Landegg Hauptstraße,47.89961159,16.39701177,3,46,36.52173913043478,4
at:43:4028,Landegg San-Lorenzo-Siedlung,47.89255264,16.40501575,3,46,36.52173913043478,4
at:43:4029,Langenlebarn Bahnhof,48.3274633389714,16.1216511813065,1,56,30.0,3
at:43:4030,Langenlebarn In der Au,48.32856827,16.09174627,3,28,60.0,5
at:43:4031,Langenlebarn Wiener Straße,48.33270108,16.12705006,3,29,57.93103448275862,5
at:43:4032,Langenlebarn Bahnstraße,48.33238457,16.12039354,3,29,57.93103448275862,5
at:43:4033,Langenlebarn Tulbinger Straße,48.33088555,16.10788001,3,29,57.93103448275862,5
at:43:4034,Langenlebarn Tullner Straße,48.33027041,16.1002084,3,28,60.0,5
at:43:4035,Langenlebarn Volksschule,48.33261748,16.11547976,3,29,57.93103448275862,5
at:43:4036,Langenlois Bahnhof,48.47711489,15.68631861,0,88,19.09090909090909,1
at:43:4037,Langenrohr Asparner Straße,48.3086042,16.00889465,3,7,240.0,-1
at:43:4038,Langenrohr Feuerwehr,48.3049116,16.00998161,3,79,21.265822784810126,4
at:43:4039,Langenrohr Ortsmitte,48.30749884,16.00905634,3,79,21.265822784810126,4
at:43:4040,Langenschönbichl Feldgasse,48.33015693,15.97545037,3,39,43.07692307692308,5
at:43:4041,Langenschönbichl Hauptstraße,48.33002554,15.98058873,3,39,43.07692307692308,5
at:43:4042,Langenschönbichl Gartenstraße,48.32785156,15.98597862,3,5,336.0,-1
at:43:4043,Langenschönbichl Ziegelofenstraße,48.3308975,15.99421618,3,5,336.0,-1
at:43:4044,Langenzersdorf Korneuburger Straße,48.31726103,16.35392856,3,44,38.18181818181818,4
at:43:4045,Langenzersdorf Bahnhof,48.30677586,16.35552757,0,128,13.125,1
at:43:4046,Langenzersdorf Wiener Str. 48/65,48.30660258,16.36279494,3,89,18.876404494382022,3
at:43:4047,Langenzersdorf Dr.-Ludwig-Straße,48.30453516,16.36767279,3,89,18.876404494382022,3
at:43:4048,Langenzersdorf Hauptplatz,48.30950639,16.35753979,3,90,18.666666666666668,3
at:43:4049,Langenzersdorf Mautgasse,48.31222483,16.35390161,3,44,38.18181818181818,4
at:43:4050,Langenzersdorf Weißes-Kreuz-Straße,48.30151752,16.37315251,3,93,18.06451612903226,3
at:43:4051,Lanzendorf Andreas-Radlinger-Straße,48.10654821,16.43822647,3,52,32.30769230769231,4
at:43:4052,Lanzendorf Mühlgasse,48.10919347,16.44251143,3,52,32.30769230769231,4
at:43:4053,Langenschönbichl Landesstraße,48.32776197,15.9846042,3,21,80.0,6
at:43:4054,Lanzendorf-Rannersdorf Bahnhof,48.11348798,16.44747912,1,107,15.700934579439252,2
at:43:4055,Bad Pirawarth Kirchensteig,48.45895452,16.59377875,3,64,26.25,4
at:43:4056,Lassee Haringseer Straße,48.22011164,16.81524041,3,17,98.82352941176471,6
at:43:4057,Lassee Mittelschule,48.23301413,16.82036979,3,39,43.07692307692308,5
at:43:4059,Lassee Pointengasse,48.22318196,16.81927385,3,38,44.21052631578947,5
at:43:4060,Lassee Kirche,48.22539032,16.82278626,3,40,42.0,5
at:43:4061,Laxenburg Leopold-Figl-Straße,48.0769552,16.35264397,3,152,11.052631578947368,3
at:43:4062,Laxenburg Eduard-Hartmann-Platz,48.0704427,16.35775539,3,50,33.6,4
at:43:4063,Laxenburg Erholungszentrum,48.05845993,16.35241939,3,33,50.90909090909091,5
at:43:4064,Laxenburg Franz-Joseph-Platz,48.0675133,16.35514129,3,160,10.5,3
at:43:4065,Kritzendorf Leander-Köhler-Weg,48.32856827,16.30057762,3,48,35.0,4
at:43:4066,Laxenburg Wiener Straße,48.07200938,16.35445857,3,152,11.052631578947368,3
at:43:4067,Laxenburg-Biedermannsdorf Bhf.,48.0775013764424,16.3566504596649,1,28,60.0,4
at:43:4068,Langenzersdorf Bisamberggasse,48.31518209,16.35438671,3,45,37.333333333333336,4
at:43:4069,Königsbrunn/Wagram Rathauspl.,48.41797008,15.9448268,3,18,93.33333333333333,6
at:43:4070,Stockerau Leitzersbrunn,48.4018402,16.2269517,3,18,93.33333333333333,6
at:43:4071,Ebreichsdorf Betriebsstraße,47.96389892,16.41075599,3,196,8.571428571428571,2
at:43:4072,Leitzersdorf Volksschule,48.41900747,16.24512462,3,19,88.42105263157895,6
at:43:4073,Leitzersdorf Stockerauer Str.,48.41522747,16.24155831,3,18,93.33333333333333,6
at:43:4074,Klosterneuburg Schüttaustraße,48.29468685,16.33921416,3,26,64.61538461538461,6
at:43:4075,IZ NÖ-Süd Straße 6/REWE,48.07277169,16.32822776,3,41,40.97560975609756,5
at:43:4076,Leobendorf Abzw. Bahnhof,48.36669452,16.30277849,3,51,32.94117647058823,4
at:43:4077,Langenrohr Tullner Straße,48.30859225,16.01145485,3,73,23.013698630136986,4
at:43:4078,Leobendorf Lindengasse,48.37148068,16.31136639,3,24,70.0,6
at:43:4079,Leobendorf Pfarrweg,48.37549664,16.3166395,3,24,70.0,6
at:43:4080,Leobendorf Schmiedgasse,48.3778834,16.32762589,3,9,186.66666666666666,7
at:43:4081,Leobendorf Friedhofsweg,48.37868293,16.32099633,3,29,57.93103448275862,5
at:43:4082,Leobendorf Bildungscampus,48.37871277,16.31569627,3,6,280.0,-1
at:43:4083,Leobendorf-Burg Kreuzenstein Bhf.,48.3644982329432,16.3019520420072,1,72,23.333333333333332,3
at:43:4084,Leobersdorf Bahnhof,47.93786499,16.23129954,0,294,5.714285714285714,0
at:43:4085,Leobersdorf Badener Straße,47.93334517,16.21826499,3,43,39.06976744186046,4
at:43:4086,Kreuth Hauptstraße,48.22788584,16.007107,3,18,93.33333333333333,6
at:43:4087,Leobersdorf Hauptschulplatz,47.9300348,16.21630666,3,80,21.0,4
at:43:4090,Leopoldsdorf/Marchfeld Zuckerfabrik,48.24151626,16.69999554,3,43,39.06976744186046,4
at:43:4091,Leopoldsdorf/Marchfeld Rathausplatz,48.22355302,16.68883847,3,53,31.69811320754717,4
at:43:4092,Kledering Bahnhofplatz,48.13189153,16.43839715,3,101,16.633663366336634,3
at:43:4093,Leopoldsdorf Gemeindeamt,48.10793384,16.39725431,3,164,10.24390243902439,3
at:43:4094,Leopoldsdorf Grabengasse,48.11234841,16.39529598,3,164,10.24390243902439,3
at:43:4095,Leopoldsdorf Platanengasse,48.12152423,16.39622125,3,164,10.24390243902439,3
at:43:4096,Leopoldsdorf Wiesengasse,48.11471149,16.39679617,3,164,10.24390243902439,3
at:43:4097,Leopoldsdorf Laimerstraße,48.10434672,16.4036054,3,101,16.633663366336634,3
at:43:4098,Lerchenau Wiener Straße,48.43236638,16.41041463,3,12,140.0,7
at:43:4099,Kreuth Bründlgasse,48.22821497,16.00382815,3,9,186.66666666666666,7
at:43:4100,Lichtenwörth J.-Löchinger-Pl.,47.8376925,16.29182803,3,56,30.0,4
at:43:4101,Loimersdorf Lasseer Straße,48.17529871,16.8523588,3,35,48.0,5
at:43:4102,Limberg-Maissau Bahnhof,48.59232225,15.86272078,0,41,40.97560975609756,3
at:43:4103,Lindabrunn Eisnerstraße,47.91390123,16.16806713,3,3,560.0,-1
at:43:4104,Lindabrunn Ortsmitte,47.91219126,16.1711753,3,33,50.90909090909091,5
at:43:4105,Loidesthal Lagerhausstraße,48.49983447,16.73881175,3,29,57.93103448275862,5
at:43:4106,Leopoldsdorf Lutzstraße,48.10714206,16.40886054,3,101,16.633663366336634,3
at:43:4107,Lassee Hagelweg,48.22513298,16.83395232,3,21,80.0,6
at:43:4108,Loimersdorf Kirche,48.1746158,16.84520821,3,35,48.0,5
at:43:4112,Maisbirbaum Ortsmitte,48.50884566,16.3056531,3,12,140.0,7
at:43:4113,Leopoldsdorf Achauer Straße,48.10587638,16.39888924,3,164,10.24390243902439,3
at:43:4114,Mallon Kapelle,48.42949937,15.86931442,3,12,140.0,7
at:43:4115,Manhartsbrunn Forstweg,48.38753071,16.43102198,3,33,50.90909090909091,5
at:43:4116,Manhartsbrunn Mittelstraße,48.38334267,16.43593577,3,33,50.90909090909091,5
at:43:4117,Mannersdorf/Leithagebirge Arbachmühle,47.95873168,16.58685273,3,41,40.97560975609756,5
at:43:4119,Mannersdorf/Leithagebirge Güterbahnhof,47.9780385,16.6033458,3,49,34.285714285714285,4
at:43:4120,Mannersdorf/Leithagebirge Halterzeile,47.97278848,16.59394943,3,33,50.90909090909091,5
at:43:4121,Mannersdorf/Leithagebirge Hauptstraße,47.97490539,16.60497175,3,79,21.265822784810126,4
at:43:4122,Mannersdorf/Leithagebirge Hofer Straße,47.96983549,16.59716539,3,43,39.06976744186046,4
at:43:4123,Mannersdorf/Leithagebirge Edmund-Adler-Weg,47.97716053,16.61782665,3,21,80.0,6
at:43:4124,Mannersdorf/Leithagebirge Ziegelofengasse,47.97540454,16.6099035,3,21,80.0,6
at:43:4125,Mannsdorf/Donau Schönauer Straße,48.1525779,16.6598678,3,73,23.013698630136986,4
at:43:4127,Mannsdorf/Donau Ost,48.15197259,16.66660517,3,73,23.013698630136986,4
at:43:4128,Mannswörth Zainethbrückengasse,48.14361143,16.52385388,3,38,44.21052631578947,5
at:43:4129,Mannswörth Römerstraße,48.15024653,16.50730692,3,38,44.21052631578947,5
at:43:4130,Mannswörth Danubiastraße,48.14799896,16.51279562,3,37,45.4054054054054,5
at:43:4131,Mannswörth Volksschule,48.14651851,16.51697279,3,38,44.21052631578947,5
at:43:4132,Marchegg Bahnhof,48.24935899,16.91842091,0,125,13.44,1
at:43:4133,Lerchenau Kapelle,48.43264652,16.41207651,3,40,42.0,5
at:43:4134,Marchegg Hauptplatz,48.28013203,16.9088808,3,32,52.5,5
at:43:4136,Margarethen/Moos B10/B60,48.06533415,16.61000232,3,38,44.21052631578947,5
at:43:4137,Margarethen/Moos Hauptplatz,48.04706892,16.60341767,3,29,57.93103448275862,5
at:43:4138,Margarethen/Moos Leithastraße,48.0426067,16.60396564,3,29,57.93103448275862,5
at:43:4139,Margarethen/Moos Wiener Straße,48.05132658,16.60716364,3,29,57.93103448275862,5
at:43:4140,Maria Anzbach Bahnhof,48.1878771131316,15.9348734674064,0,63,26.666666666666668,2
at:43:4141,Leopoldsdorf Petersbachbrücke,48.10313496,16.39733516,3,64,26.25,4
at:43:4142,Maria Ellend Bahnhof,48.10969132,16.68772456,0,68,24.705882352941178,2
at:43:4143,Großebersdorf Kirchenblick,48.36149011,16.47299127,3,23,73.04347826086956,6
at:43:4145,Leopoldsdorf Kirche,48.10889356,16.3935263,3,164,10.24390243902439,3
at:43:4146,Langenzersdorf Fasangasse,48.29994589,16.37744646,3,1,1680.0,-1
at:43:4147,Maria Enzersdorf Südstadt Zentrum,48.09507184,16.30931823,3,111,15.135135135135135,3
at:43:4148,Maria Enzersdorf Franz-Josef-Straße,48.09742972,16.28379709,3,153,10.980392156862745,3
at:43:4149,Maria Enzersdorf Franziskanerplatz,48.10099332,16.2842193,3,274,6.131386861313868,2
at:43:4150,Maria Enzersdorf Karl-Huber-Gasse,48.10159923,16.27530801,3,89,18.876404494382022,3
at:43:4151,Maria Enzersdorf Dreisteinstraße,48.09396786,16.26044988,3,89,18.876404494382022,3
at:43:4152,Maria Enzersdorf König & Bauer-Straße,48.09720773,16.29094768,3,16,105.0,6
at:43:4154,Maria Enzersdorf Johannesstraße,48.09622379,16.28209029,3,30,56.0,5
at:43:4155,Manhartsbrunn Feldgasse,48.386958,16.42683583,3,18,93.33333333333333,6
at:43:4156,Maria Enzersdorf Franz-Keim-Gasse,48.10143125,16.28038349,3,89,18.876404494382022,3
at:43:4157,Maria Enzersdorf Kloster,48.09898957,16.26928032,3,97,17.31958762886598,3
at:43:4158,Maria Enzersdorf Marienhöhe,48.0960798,16.26128531,3,66,25.454545454545453,4
at:43:4159,Maria Enzersdorf Pachergasse,48.09625379,16.27665548,3,47,35.744680851063826,4
at:43:4160,Maria Enzersdorf Donaustraße,48.10020743,16.3055992,3,16,105.0,6
at:43:4161,Maria Enzersdorf Schulplatz,48.09781968,16.28035654,3,155,10.838709677419354,3
at:43:4162,Maria Enzersdorf Siedlungsstraße,48.09215585,16.26531874,3,47,35.744680851063826,4
at:43:4163,Maria Enzersdorf Südstadt BSFZ,48.09883359,16.31043214,3,81,20.74074074074074,4
at:43:4164,Maria Enzersdorf-Südstadt Bf.,48.09651778,16.31479795,2,226,7.433628318584071,2
at:43:4165,Maria Lanzendorf Bahnhof,48.1024090943728,16.4194965969506,1,28,60.0,4
at:43:4166,Maria Lanzendorf Kanzelhof,48.09299586,16.41345094,3,48,35.0,4
at:43:4167,Maria Lanzendorf Kirche,48.1004414,16.42414089,3,52,32.30769230769231,4
at:43:4168,Lanzendorf Schulen,48.10205515,16.42954874,3,51,32.94117647058823,4
at:43:4169,IZ NÖ-Süd Straße 3/REWE,48.07331791,16.32776962,3,39,43.07692307692308,5
at:43:4170,Maria Ponsee Ortsmitte,48.3504051,15.84459278,3,8,210.0,7
at:43:4171,Markgrafneusiedl Gemeindeamt,48.26766598,16.63120256,3,36,46.666666666666664,5
at:43:4172,Markgrafneusiedl Altes Dorf 29/68,48.26511859,16.63435565,3,31,54.193548387096776,5
at:43:4173,Markthof Kirche,48.19402743,16.95535963,3,10,168.0,7
at:43:4174,Markthof Nr. 10,48.19226086,16.95877323,3,10,168.0,7
at:43:4175,Maria Lanzendorf Hauptstraße/Wiener Straße,48.09891758,16.41840964,3,193,8.704663212435234,2
at:43:4179,Matzen Hauptplatz,48.40287791,16.69376124,3,88,19.09090909090909,3
at:43:4180,Matzen Schule,48.39932932,16.69508176,3,100,16.8,3
at:43:4181,Leobersdorf Franz-Schubert-Gasse,47.9213245,16.2194328,3,5,336.0,-1
at:43:4182,Matzendorf Höllesstraße,47.89296223,16.21336019,3,26,64.61538461538461,6
at:43:4183,Matzendorf Rosenstraße,47.88856499,16.22607135,3,22,76.36363636363636,6
at:43:4184,Matzendorf Badener Straße,47.89051066,16.21707023,3,26,64.61538461538461,6
at:43:4185,Mannersdorf/March Friedhof,48.39362123,16.83811152,3,8,210.0,7
at:43:4187,Mauerbach Hauptstraße/Druckerei,48.23762736,16.18217967,3,87,19.310344827586206,3
at:43:4188,Mauerbach Bieglerweg,48.2464039,16.16220113,3,9,186.66666666666666,7
at:43:4189,Mauerbach Heiligen-Berg-Siedlung,48.24037954,16.17854149,3,87,19.310344827586206,3
at:43:4190,Mauerbach Kreuzbrunn,48.24161199,16.17247786,3,87,19.310344827586206,3
at:43:4191,Mauerbach Busbahnhof,48.24594926,16.16742035,3,119,14.117647058823529,3
at:43:4192,Mayerling Altes Jagdschloss,48.04525525,16.09794464,3,24,70.0,6
at:43:4193,Mayerling Schwechatbrücke,48.04316525,16.0952497,3,13,129.23076923076923,7
at:43:4194,Heiligenkreuz Mayerlinghöhe,48.05420286,16.11088936,3,53,31.69811320754717,4
at:43:4195,Merkersdorf/Ernstbrunn Ortsmitte,48.53499522,16.3014939,3,17,98.82352941176471,6
at:43:4196,Michelhausen Bahnhof,48.2964977,15.93422668,1,75,22.4,3
at:43:4197,Michelhausen B1/Abzw. Spital,48.28200317,15.92950154,3,23,73.04347826086956,6
at:43:4199,Michelhausen Gemeindeamt,48.29016245,15.94080235,3,29,57.93103448275862,5
at:43:4200,Michelhausen Wiener Str./Spitaler Str.,48.28560178,15.93540347,3,6,280.0,-1
at:43:4201,Michelndorf West,48.27971356,15.89202383,3,35,48.0,5
at:43:4202,Mistelbach Bahnhof,48.56602397,16.56535605,0,427,3.9344262295081966,0
at:43:4203,Maria Lanzendorf Industriegebiet,48.1034709,16.41612791,3,101,16.633663366336634,3
at:43:4204,Mistelbach Hauptplatz,48.56954309,16.57229104,3,119,14.117647058823529,3
at:43:4205,Mistelbach Südtiroler Platz,48.56646982,16.58274743,3,169,9.940828402366863,2
at:43:4206,Mitterndorf/Atzenbrugg Gewerbestraße,48.28508771,15.9156585,3,17,98.82352941176471,6
at:43:4207,Mistelbach Stadt,48.5709340210441,16.5689043950262,0,31,54.193548387096776,3
at:43:4208,Mitterndorf/Fischa Volksschule,47.99769276,16.47161685,3,77,21.818181818181817,4
at:43:4209,Mitterndorf/Fischa Lagerstraße,47.99826382,16.47209296,3,89,18.876404494382022,3
at:43:4210,Mitterndorf/Fischa Brunnwiesengasse,47.9989611,16.47666538,3,77,21.818181818181817,4
at:43:4211,Mitterstockstall Nord,48.43852305,15.91158015,3,6,280.0,-1
at:43:4212,Münichsthal Am Gamauf,48.38285345,16.47805777,3,20,84.0,6
at:43:4213,Mold Gemeindeamt,48.64142326,15.69981131,3,15,112.0,6
at:43:4214,Mollersdorf Ortsmitte,48.36020684,16.00662191,3,16,105.0,6
at:43:4215,Mollmannsdorf Hauptstraße,48.41233564,16.40433303,3,22,76.36363636363636,6
at:43:4216,Moosbierbaum-Heiligeneich Bahnhof,48.30636357,15.90016256,1,36,46.666666666666664,4
at:43:4217,Moosbrunn Hauptstraße,48.01733353,16.45453089,3,55,30.545454545454547,4
at:43:4218,Moosbrunn Kirche,48.01899796,16.46132216,3,55,30.545454545454547,4
at:43:4219,Moosbrunn Glasfabrikstraße,48.0124661,16.45375834,3,53,31.69811320754717,4
at:43:4220,Moosbrunn Volksschule,48.02132327,16.46179826,3,59,28.47457627118644,4
at:43:4221,Moosbrunn Leopold-Eder-Straße,48.02512646,16.46284929,3,59,28.47457627118644,4
at:43:4222,Muckendorf Schulgasse,48.32957164,16.15058592,3,22,76.36363636363636,6
at:43:4223,Muckendorf Schlossgasse,48.3309393,16.15931754,3,33,50.90909090909091,5
at:43:4224,Muckendorf Donaustraße,48.33209193,16.15462834,3,33,50.90909090909091,5
at:43:4225,Muckendorf-Wipfing Bahnhof,48.3282158873629,16.1504062535552,1,56,30.0,3
at:43:4226,Mühlleiten Hubertusstraße,48.17003284,16.56777252,3,18,93.33333333333333,6
at:43:4231,Münchendorf Bahnhof,48.03252175,16.38624995,1,58,28.96551724137931,3
at:43:4232,Münchendorf Siedlerstraße,48.03318252,16.38068938,3,73,23.013698630136986,4
at:43:4233,Münchendorf Ortsmitte,48.02873112,16.37888376,3,92,18.26086956521739,3
at:43:4234,Münchendorf Gemeindeamt,48.02642417,16.37817409,3,28,60.0,5
at:43:4235,Münichsthal Alter Hof,48.38554412,16.47277568,3,20,84.0,6
at:43:4236,Münichsthal Tennisplatz,48.39470683,16.45887874,3,19,88.42105263157895,6
at:43:4237,Münichsthal Siedlungsstraße,48.39168857,16.46230132,3,19,88.42105263157895,6
at:43:4238,Münichsthal Kellergasse,48.38850309,16.46785291,3,20,84.0,6
at:43:4239,Mödling Bahnhof,48.08562726,16.29547519,0,860,1.9534883720930232,0
at:43:4240,Mollmannsdorf Dorfstraße,48.41230583,16.40927377,3,4,420.0,-1
at:43:4241,Mödling Andreas-Hofer-Gasse,48.0746264,16.2956279,3,115,14.608695652173912,3
at:43:4242,Mödling Babenbergergasse,48.08392897,16.28402167,3,12,140.0,7
at:43:4243,Mitterstockstall Mühlweg,48.43516767,15.91201134,3,6,280.0,-1
at:43:4245,Mödling Badstraße,48.08538723,16.2860339,3,278,6.043165467625899,2
at:43:4247,Mödling Bahnhof/Bahnbrücke,48.08649739,16.29409178,3,313,5.36741214057508,2
at:43:4248,Mödling Beethovengasse,48.07972202,16.29502603,3,91,18.46153846153846,3
at:43:4249,Mödling Landespflegeheim,48.08988774,16.30173645,3,49,34.285714285714285,4
at:43:4250,Königsbrunn Ortsmitte,48.35114537,16.41118718,3,42,40.0,5
at:43:4251,Mödling Bozner Gasse,48.07649305,16.30161967,3,42,40.0,5
at:43:4252,Mödling Dr.-Franz-Josef-Schicht-Gasse,48.07394215,16.29325635,3,122,13.770491803278688,3
at:43:4254,Mödling Eisentorgasse,48.08278275,16.29329228,3,191,8.795811518324607,2
at:43:4255,Mödling Pfandlbrunngasse,48.07925989,16.29825997,3,17,98.82352941176471,6
at:43:4256,Mödling Schulweg/Feuerwehr,48.08341288,16.30409902,3,42,40.0,5
at:43:4257,Mödling Friedhof,48.07228549,16.29729877,3,55,30.545454545454547,4
at:43:4258,Mödling Bertha-von-Suttner-Promenade,48.07139712,16.30010151,3,55,30.545454545454547,4
at:43:4259,Königsbrunn Flurgasse,48.35275124,16.4143762,3,42,40.0,5
at:43:4260,Mödling Fürstenstraße,48.08930569,16.28346471,3,282,5.957446808510638,2
at:43:4261,Mödling Bernhardgasse,48.07978204,16.28610576,3,189,8.88888888888889,2
at:43:4262,Maria Enzersdorf Josef-Leeb-Gasse,48.09344587,16.28367133,3,281,5.9786476868327405,2
at:43:4263,Mödling Goethegasse,48.08195457,16.2941906,3,91,18.46153846153846,3
at:43:4264,Königsbrunn/Wagram Birkenstraße,48.41841127,15.94044302,3,10,168.0,7
at:43:4265,Mödling Grenzgasse,48.08944371,16.30585971,3,50,33.6,4
at:43:4266,Mödling Grutschgasse,48.07581482,16.28870189,3,159,10.566037735849056,3
at:43:4267,Mödling Prießnitzgasse,48.07218345,16.28642915,3,25,67.2,6
at:43:4268,Mödling HTL,48.07391213,16.28934868,3,202,8.316831683168317,2
at:43:4269,Mödling Arbeitergasse,48.08191256,16.30384749,3,41,40.97560975609756,5
at:43:4271,Mödling Hartigstraße,48.07974002,16.30345223,3,41,40.97560975609756,5
at:43:4272,Mödling Jakob-Thoma-Straße,48.08838761,16.29037276,3,24,70.0,6
at:43:4273,Mitterndorf/Fischa Unterwaltersdorfer Str.,47.99275134,16.46816732,3,77,21.818181818181817,4
at:43:4274,Mödling Hochbründlgasse,48.09069779,16.28956427,3,24,70.0,6
at:43:4275,Mödling Hyrtlstraße,48.08541723,16.30401817,3,42,40.0,5
at:43:4276,Mödling Hauptstraße,48.08638337,16.29101056,3,235,7.148936170212766,2
at:43:4277,Mödling Weißes-Kreuz-Gasse,48.07749537,16.29587045,3,91,18.46153846153846,3
at:43:4280,Mödling F.-Buchberger-Gasse,48.09019376,16.29574468,3,24,70.0,6
at:43:4281,Mödling Lerchengasse,48.08687544,16.28404862,3,305,5.508196721311475,2
at:43:4283,Mödling Mühlgasse,48.08221863,16.27393359,3,64,26.25,4
at:43:4284,Mödling Friedrich-Schiller-Str.,48.08221263,16.30443139,3,25,67.2,6
at:43:4286,Mödling Windtalgasse,48.07167323,16.28332997,3,13,129.23076923076923,7
at:43:4287,Mödling Prießnitztal,48.07118702,16.28141655,3,25,67.2,6
at:43:4289,Gänserndorf Siebenbrunner Straße,48.33439711,16.71609335,3,64,26.25,4
at:43:4291,Mödling Spitalmühlgasse,48.08325684,16.28107519,3,64,26.25,4
at:43:4292,Mödling Stadtbad,48.0812344,16.28748917,3,25,67.2,6
at:43:4293,Mödling Stefan-Milow-Gasse,48.08799157,16.2876329,3,24,70.0,6
at:43:4294,Mödling Griesgasse,48.07680516,16.2983498,3,24,70.0,6
at:43:4297,Mödling Josef-Schleussner-Str.,48.08190056,16.30024524,3,12,140.0,7
at:43:4300,Möllersdorf Karl-Adlitzer-Str.,48.02406904,16.30140407,3,51,32.94117647058823,4
at:43:4301,Möllersdorf Aspangbahn,48.029806458832,16.3131181009904,1,28,60.0,4
at:43:4302,Eigenheimsiedlung Haltestelle,48.03957962,16.30414393,2,119,14.117647058823529,3
at:43:4303,Möllersdorf Volksschule,48.02665246,16.30507818,3,35,48.0,5
at:43:4304,Möllersdorf Lokalbahn,48.02781195,16.30015541,2,122,13.770491803278688,3
at:43:4313,Mörtersdorf Ort,48.61887408,15.71856813,3,17,98.82352941176471,6
at:43:4314,Naglern Ortsmitte,48.49672125,16.36460953,3,6,280.0,-1
at:43:4315,Moosbrunn Parlamentgasse,48.01304301,16.45862721,3,40,42.0,5
at:43:4316,Korneuburg Landesgericht,48.34499006,16.32304448,3,16,105.0,6
at:43:4317,Enzesfeld Bachgasse,47.92810265,16.18747074,3,38,44.21052631578947,5
at:43:4318,Neubau-Kreuzstetten Bahnhof,48.49770941,16.50114447,0,59,28.47457627118644,2
at:43:4319,Gerasdorf Florianiplatz,48.29958734,16.46802359,3,48,35.0,4
at:43:4321,Neudegg Ortsmitte,48.48681482,15.88545714,3,14,120.0,6
at:43:4324,Dürnrohr Fabriksweg,48.32415438,15.90812164,3,16,105.0,6
at:43:4331,Neu-Guntramsdorf Lokalbahn,48.06373125,16.31354031,2,121,13.884297520661157,3
at:43:4334,Neu-Guntramsdorf Dr.-Th.-Körner-Platz,48.06449369,16.31518423,3,63,26.666666666666668,4
at:43:4335,Neu-Guntramsdorf Eichkogelstr.,48.05948062,16.3233589,3,63,26.666666666666668,4
at:43:4336,Neuhaus/Triesting Ortsmitte,47.99661675,16.04610287,3,13,129.23076923076923,7
at:43:4337,Neulengbach Bahnhof,48.1995004,15.89287723,0,58,28.96551724137931,2
at:43:4338,Neulengbach Stadt Bahnhof,48.19631489,15.90638789,0,223,7.533632286995516,0
at:43:4339,Neumitterndorf Dr.-Kirchberger-Straße,48.01749577,16.49423643,3,77,21.818181818181817,4
at:43:4341,Neu-Oberhausen Bundesstraße,48.1935304,16.57084476,3,76,22.105263157894736,4
at:43:4342,Neupurkersdorf Dambachstraße,48.1945005,16.14149497,3,54,31.11111111111111,4
at:43:4343,Neupurkersdorf Kleiner Steinbach,48.19854238,16.15187949,3,54,31.11111111111111,4
at:43:4344,Neupurkersdorf Postsiedlung,48.19686578,16.14594163,3,54,31.11111111111111,4
at:43:4345,Neupurkersdorf Richter-Minder-Siedlung,48.19390766,16.13523371,3,54,31.11111111111111,4
at:43:4347,Neurißhof Anton-Rauch-Platz,47.92632693,16.30255391,3,44,38.18181818181818,4
at:43:4349,Gerasdorf Teichgasse,48.29891803,16.47006276,3,48,35.0,4
at:43:4362,Neusiedl/Berndorf Feuerwehr,47.91660455,16.0926895,3,34,49.411764705882355,5
at:43:4363,Neusiedl/Berndorf Landstraße 8,47.92059607,16.09250085,3,34,49.411764705882355,5
at:43:4364,Neusiedl/Tullnerfeld Ortsmitte,48.32297768,15.96438312,3,43,39.06976744186046,4
at:43:4365,Niedersulz Loidesthaler Straße,48.48810682,16.682155,3,28,60.0,5
at:43:4366,Neustift im Felde Ortsmitte,48.40757718,15.89015533,3,10,168.0,7
at:43:4373,Niederfellabrunn Marktstraße,48.46161138,16.29823302,3,17,98.82352941176471,6
at:43:4374,Niederfellabrunn Birkenweg,48.46269553,16.30694667,3,16,105.0,6
at:43:4375,Niederhollabrunn Gemeindeamt,48.44941609,16.29923015,3,16,105.0,6
at:43:4376,Niederhollabrunn Weyrichsiedlung,48.45642264,16.29940083,3,16,105.0,6
at:43:4377,Niederkreuzstetten Bahnhof,48.4777758981443,16.479683720995,0,39,43.07692307692308,3
at:43:4378,Niederkreuzstetten Feuerwehr,48.48049727,16.47642284,3,25,67.2,6
at:43:4379,Niederleis Ortsmitte,48.55380027,16.39814364,3,32,52.5,5
at:43:4380,Niederleis Volksschule,48.5481809,16.39760465,3,11,152.72727272727272,7
at:43:4381,Niederrußbach Wiener Straße,48.44856404,16.03954516,3,22,76.36363636363636,6
at:43:4382,Niederrußbach Herrengasse,48.45309227,16.03769463,3,26,64.61538461538461,6
at:43:4383,Niederrußbach Oberrußbacher Str.,48.45829327,16.03808989,3,19,88.42105263157895,6
at:43:4384,Niedersulz Kirche,48.48510601,16.68114889,3,67,25.074626865671643,4
at:43:4385,Niederweiden Schloss,48.19838669,16.90094867,3,17,98.82352941176471,6
at:43:4386,Nitzing Feuerwehr,48.30909413,16.09500715,3,24,70.0,6
at:43:4387,Nitzing Siedlung,48.3104265,16.09001252,3,24,70.0,6
at:43:4388,Nodendorf Kapelle,48.54747918,16.38607927,3,29,57.93103448275862,5
at:43:4389,Nursch Ortsmitte,48.5285052,16.27467919,3,17,98.82352941176471,6
at:43:4390,Nöstach Ortsmitte,48.02867705,16.0238516,3,28,60.0,5
at:43:4391,Niederleis Birkensiedlung,48.55840829,16.39226866,3,20,84.0,6
at:43:4392,Oberbierbaum Gemeindeamt,48.34373024,15.83861,3,6,280.0,-1
at:43:4393,Oberbierbaum Ortsmitte,48.34263161,15.83677744,3,4,420.0,-1
at:43:4394,Oberbierbaum Nr. 20,48.34197481,15.83501674,3,2,840.0,-1
at:43:4395,Obereggendorf Bahnhof,47.8496542183557,16.2967957122757,1,32,52.5,4
at:43:4396,Obergänserndorf Hoftenngasse,48.43132927,16.37315251,3,21,80.0,6
at:43:4397,Obergänserndorf Ortsmitte,48.42901059,16.37170622,3,21,80.0,6
at:43:4398,Oberhausen Dorfstraße 86,48.1741725,16.58272048,3,17,98.82352941176471,6
at:43:4399,Niederleis Auer Straße,48.55938335,16.38786692,3,21,80.0,6
at:43:4400,Oberhausen Wittauer Straße,48.1799411,16.58357388,3,74,22.7027027027027,4
at:43:4401,Oberhautzental Ortsmitte,48.44233708,16.12887364,3,12,140.0,7
at:43:4403,Oberkirchbach Gasthaus Bonka,48.28367698,16.2019965,3,38,44.21052631578947,5
at:43:4404,Oberkirchbach Talgasse,48.28550016,16.19746001,3,38,44.21052631578947,5
at:43:4405,Oberkreuzstetten Kirche,48.48204547,16.45142272,3,21,80.0,6
at:43:4406,Au/Ernstbrunn Abzw. Oberleis,48.56473991,16.37302675,3,19,88.42105263157895,6
at:43:4407,Obermallebarn Feuerwehr,48.46329121,16.15412528,3,17,98.82352941176471,6
at:43:4408,Oberolberndorf Bahnhof,48.4135281680888,16.1742834738104,1,29,57.93103448275862,4
at:43:4410,Niederleis Nodendorfer Straße,48.55061306,16.39716448,3,32,52.5,5
at:43:4411,Oberrohrbach Leobendorfer Str.,48.39508858,16.29594231,3,27,62.22222222222222,6
at:43:4412,Oberrohrbach Hofstraße,48.39703304,16.29494518,3,27,62.22222222222222,6
at:43:4413,Oberrohrbach Schaflerhofweg,48.39300684,16.30100881,3,27,62.22222222222222,6
at:43:4414,Oberrußbach Feuerwehr,48.47595363,16.04961528,3,19,88.42105263157895,6
at:43:4415,Obersulz Ortsmitte,48.50344747,16.67468102,3,39,43.07692307692308,5
at:43:4417,Obersdorf Bahnhof,48.3623018468207,16.5167302433173,0,102,16.470588235294116,1
at:43:4418,Obersiebenbrunn Graf-Kollonitsch-Straße,48.26736102,16.71378468,3,45,37.333333333333336,4
at:43:4419,Obersiebenbrunn Prinz-Eugen-Straße,48.26311526,16.70275337,3,36,46.666666666666664,5
at:43:4420,Obersiebenbrunn Marktplatz,48.26547738,16.70907751,3,50,33.6,4
at:43:4421,Oberstockstall Nord,48.44367787,15.9076635,3,25,67.2,6
at:43:4422,Obersulz Sulzbachsiedlung,48.49363761,16.67814852,3,51,32.94117647058823,4
at:43:4423,Oberwaltersdorf Bahnhof,47.9752842595598,16.3284343765868,1,28,60.0,4
at:43:4424,Oberwaltersdorf Lichtäckerstraße,47.96853636,16.31892122,3,45,37.333333333333336,4
at:43:4427,Oberwaltersdorf Europaplatz,47.97726877,16.31976563,3,98,17.142857142857142,3
at:43:4428,Oberwaltersdorf Schloßsee,47.98313766,16.31250725,3,70,24.0,4
at:43:4429,Oberweiden Bahnhof,48.3062799231036,16.8336379092931,1,28,60.0,4
at:43:4430,Weidlingbach Oberweidlingbach,48.27289791,16.22438252,3,22,76.36363636363636,6
at:43:4432,Oberzögersdorf Ortsmitte,48.37974499,16.14966964,3,16,105.0,6
at:43:4436,Oberwaltersdorf Weingartenstraße,47.98098501,16.32951235,3,29,57.93103448275862,5
at:43:4438,Ollern Hauptplatz,48.26645808,16.08198158,3,22,76.36363636363636,6
at:43:4439,Ollern Riederbergstraße,48.26484949,16.08102038,3,36,46.666666666666664,5
at:43:4440,Ollersbach Bahnhof,48.19163207,15.84836571,0,68,24.705882352941178,2
at:43:4442,Ollersdorf Feldgasse,48.39414614,16.80309519,3,17,98.82352941176471,6
at:43:4443,Ollersdorf Ortsmitte,48.39599521,16.79587273,3,13,129.23076923076923,7
at:43:4444,Ollersdorf Teichgasse,48.39785017,16.79134523,3,1,1680.0,-1
at:43:4446,Orth/Donau Hauptstraße 45,48.14893396,16.70979616,3,22,76.36363636363636,6
at:43:4447,Orth/Donau Gemeindeamt,48.14627276,16.70331931,3,135,12.444444444444445,3
at:43:4448,Orth/Donau Wiener Straße 16/29,48.14874217,16.6953243,3,123,13.658536585365853,3
at:43:4449,Orth/Donau Kapellenweg,48.14973709,16.69050934,3,73,23.013698630136986,4
at:43:4452,Ottendorf Nord,48.50657814,16.25718001,3,17,98.82352941176471,6
at:43:4453,Ottenthal Ortsmitte,48.46796107,15.89675795,3,14,120.0,6
at:43:4454,Ottenthal Kriegerdenkmal,48.46575723,15.90057579,3,14,120.0,6
at:43:4455,Paasdorf Bahnhof,48.546373051194,16.5349840098931,1,31,54.193548387096776,4
at:43:4456,Ollersdorf Tallesbrunner Straße,48.39706883,16.7908242,3,16,105.0,6
at:43:4457,Pachfurth Kellergasse,48.0464984,16.831455,3,32,52.5,5
at:43:4458,Pachfurth Kirche,48.04849819,16.83700659,3,32,52.5,5
at:43:4474,Oberkirchbach Am Waldrand,48.28110049,16.20787148,3,27,62.22222222222222,6
at:43:4475,Pellendorf bei Himberg Kindergarten,48.09820365,16.45482734,3,47,35.744680851063826,4
at:43:4476,Perchtoldsdorf Babenbergerg.,48.12872579,16.27764363,3,113,14.867256637168142,3
at:43:4477,Perchtoldsdorf Freizeitzentrum,48.12367101,16.26570502,3,204,8.235294117647058,2
at:43:4478,Perchtoldsdorf Gustav-Freytag-Gasse,48.11112485,16.26048581,3,92,18.26086956521739,3
at:43:4479,Perchtoldsdorf Heinrich-Waßmuth-Str.,48.12451651,16.26910964,3,93,18.06451612903226,3
at:43:4480,Perchtoldsdorf Am Soßenhügel,48.13244311,16.26765436,3,20,84.0,6
at:43:4481,Hintersdorf Sonnberg 1,48.2809331,16.21559699,3,16,105.0,6
at:43:4483,Perchtoldsdorf Mühlgasse,48.12387489,16.28113808,3,13,129.23076923076923,7
at:43:4484,Orth/Donau Hauptstraße 75,48.14940145,16.71416198,3,24,70.0,6
at:43:4485,Perchtoldsdorf Bachackergasse,48.12487029,16.28974394,3,6,280.0,-1
at:43:4486,Perchtoldsdorf Bahngasse,48.12784439,16.26200396,3,113,14.867256637168142,3
at:43:4488,Perchtoldsdorf Beatrixheim,48.11624683,16.25721594,3,11,152.72727272727272,7
at:43:4489,Perchtoldsdorf Berggasse,48.12459446,16.2581951,3,25,67.2,6
at:43:4490,Perchtoldsdorf Corneliusgasse,48.11827989,16.28036553,3,60,28.0,4
at:43:4493,Perchtoldsdorf Eisenhüttelgasse,48.12077463,16.27927856,3,86,19.53488372093023,3
at:43:4496,Perchtoldsdorf Friedhof,48.11811797,16.27336765,3,26,64.61538461538461,6
at:43:4497,Perchtoldsdorf Gauguschgasse,48.12548192,16.27754482,3,12,140.0,7
at:43:4500,Perchtoldsdorf Bahnhof,48.12302339,16.28555779,1,199,8.442211055276381,1
at:43:4501,Perchtoldsdorf Vierbatzstraße,48.11377587,16.27291849,3,104,16.153846153846153,3
at:43:4502,Perchtoldsdorf Hochbergstraße,48.11497538,16.26270465,3,92,18.26086956521739,3
at:43:4503,Perchtoldsdorf Höhenstraße,48.11590498,16.25450303,3,11,152.72727272727272,7
at:43:4504,Perchtoldsdorf Rembrandtgasse,48.12337119,16.28854019,3,35,48.0,5
at:43:4505,Obersulz Unterort,48.49955471,16.67518408,3,51,32.94117647058823,4
at:43:4506,Niedersulz Frauental,48.48953571,16.67654952,3,51,32.94117647058823,4
at:43:4507,Obergänserndorf Kapellenfeld,48.42511807,16.3711313,3,21,80.0,6
at:43:4508,Perchtoldsdorf Marktplatz,48.11962323,16.26536366,3,112,15.0,3
at:43:4509,Perchtoldsdorf Brunner-Feld-Str.,48.12376696,16.29298686,3,58,28.96551724137931,4
at:43:4511,Perchtoldsdorf Rudolf-Hochmayer-Gasse,48.126927,16.28295267,3,14,120.0,6
at:43:4512,Perchtoldsdorf Goethestraße,48.13105814,16.27144525,3,20,84.0,6
at:43:4513,Perchtoldsdorf Salitergasse,48.11725438,16.27002592,3,189,8.88888888888889,2
at:43:4514,Perchtoldsdorf Haydngasse,48.12825212,16.25701831,3,25,67.2,6
at:43:4516,Perchtoldsdorf Schweglergasse,48.12683106,16.27493072,3,93,18.06451612903226,3
at:43:4518,Perchtoldsdorf Spitalskirche,48.12181807,16.26795081,3,167,10.059880239520957,3
at:43:4519,Perchtoldsdorf Sportzentrum,48.11920344,16.2573417,3,26,64.61538461538461,6
at:43:4520,Perchtoldsdorf Tirolerhof,48.10186319,16.23966286,3,92,18.26086956521739,3
at:43:4521,Perchtoldsdorf Tirolerhofallee,48.10599635,16.24760397,3,92,18.26086956521739,3
at:43:4522,Mistelbach M-City,48.56717722,16.59125448,3,36,46.666666666666664,5
at:43:4523,Perchtoldsdorf Am Wallgraben,48.11789608,16.26534569,3,56,30.0,4
at:43:4524,Perchtoldsdorf Walzengasse,48.12220785,16.26108768,3,47,35.744680851063826,4
at:43:4525,Perzendorf Ortsmtte,48.37094957,16.07107603,3,16,105.0,6
at:43:4526,Petronell-Carnuntum Freilichtmuseum,48.11224045,16.86127907,3,8,210.0,7
at:43:4527,Stockerau Pionierweg,48.38077719,16.2221547,3,7,240.0,-1
at:43:4529,Petronell-Carnuntum Schaffelhof,48.09781369,16.86304875,3,11,152.72727272727272,7
at:43:4530,Petronell-Carnuntum Anton-Widter-Straße,48.11522728,16.87409803,3,19,88.42105263157895,6
at:43:4531,Petronell-Carnuntum Bahnhof,48.10594836,16.86761219,0,51,32.94117647058823,2
at:43:4532,Pettendorf Kirchenplatz,48.40494135,16.0599459,3,18,93.33333333333333,6
at:43:4533,Pfaffstätten Bahnhof,48.0182288433052,16.258805958905,1,51,32.94117647058823,3
at:43:4534,Pfaffstätten Bahngasse,48.01633003,16.26175243,3,66,25.454545454545453,4
at:43:4535,Pfaffstätten Prechtlgasse,48.01462345,16.25951563,3,66,25.454545454545453,4
at:43:4536,Pfaffstätten Rennplatz,48.00816316,16.26097988,2,118,14.23728813559322,3
at:43:4537,Pfalzau Pfalzbergstraße,48.16890051,16.07489387,3,17,98.82352941176471,6
at:43:4538,Pframa Ortsmitte,48.16453874,16.78185902,3,45,37.333333333333336,4
at:43:4539,Pfösing Kellergasse,48.39789192,16.43909784,3,15,112.0,6
at:43:4540,Pfösing Kirche,48.39791578,16.44277195,3,19,88.42105263157895,6
at:43:4541,Enzersfeld Bahnstraße,48.35835647,16.43062672,3,13,129.23076923076923,7
at:43:4543,Pischelsdorf/Tulln Donau Chemie,48.33154847,15.94568918,3,34,49.411764705882355,5
at:43:4544,Pischelsdorf/Tulln Ortsmitte,48.32982248,15.94709954,3,34,49.411764705882355,5
at:43:4545,Pischelsdorf Mühlbachstraße,48.00372762,16.56647894,3,35,48.0,5
at:43:4546,Pischelsdorf Ortsmitte,48.00690105,16.56823964,3,70,24.0,4
at:43:4548,Pixendorf Feuerwehr,48.28753847,15.97654631,3,30,56.0,5
at:43:4549,Plank am Kamp Bahnhof,48.5578137277462,15.6733379555514,0,36,46.666666666666664,3
at:43:4550,Pettendorf Ringstraße,48.40489961,16.05813131,3,11,152.72727272727272,7
at:43:4551,Plankenberg Kapelle,48.26543552,15.94517714,3,34,49.411764705882355,5
at:43:4552,Platt Bahnhof,48.6745637663094,15.9661348392981,0,33,50.90909090909091,3
at:43:4556,Pottenbrunn Bahnhof,48.22373855,15.70318897,0,112,15.0,1
at:43:4557,Stockerau Uferweg,48.37948843,16.22166961,3,7,240.0,-1
at:43:4558,Pottendorf Kirchenplatz,47.90986103,16.38616012,3,15,112.0,6
at:43:4559,Pottendorf Marktplatz,47.91006575,16.38855862,3,48,35.0,4
at:43:4560,Pottendorf Schulen,47.90529058,16.39052593,3,51,32.94117647058823,4
at:43:4561,Pottendorf Friedhof,47.91320882,16.39204408,3,33,50.90909090909091,5
at:43:4562,Pottendorf-Landegg Bahnhof,47.90495336,16.39559243,0,86,19.53488372093023,1
at:43:4563,Pottenstein Fabriksgasse,47.96419967,16.08999455,3,43,39.06976744186046,4
at:43:4564,Pottenstein Hauptplatz,47.9583948,16.09710022,3,73,23.013698630136986,4
at:43:4565,Pottenstein an der Triesting Bhf.,47.9620582601231,16.0890513196413,1,37,45.4054054054054,4
at:43:4569,Heiligenkreuz Hofwiese,48.04379586,16.13370657,3,18,93.33333333333333,6
at:43:4570,Prellenkirchen Obere Badgasse,48.07211142,16.95040991,3,24,70.0,6
at:43:4573,Preuwitz Ortsmitte,48.35497192,15.81444532,3,8,210.0,7
at:43:4574,Pressbaum Bahnhof,48.1811630269887,16.0775618671558,0,119,14.117647058823529,1
at:43:4575,Pressbaum Johannes-Brahms-Gasse,48.18122891,16.09867228,3,56,30.0,4
at:43:4576,Pressbaum Fröscherstraße,48.18468489,16.08773978,3,9,186.66666666666666,7
at:43:4577,Pressbaum Brentenmais,48.16973927,16.10059467,3,56,30.0,4
at:43:4578,Pressbaum Dr.-Niedermayr-Gasse,48.18214534,16.08624858,3,59,28.47457627118644,4
at:43:4579,Pressbaum Klostergasse,48.18172606,16.08122699,3,67,25.074626865671643,4
at:43:4580,Pressbaum Rathaus,48.17911449,16.07714864,3,65,25.846153846153847,4
at:43:4581,Pressbaum Siedlungsstraße,48.17830583,16.07053704,3,37,45.4054054054054,5
at:43:4582,Probstdorf Fadenweg,48.16639014,16.61503288,3,17,98.82352941176471,6
at:43:4583,Probstdorf Kirche,48.17106329,16.61509577,3,74,22.7027027027027,4
at:43:4584,Probstdorf Lehenweg,48.1741066,16.61365846,3,74,22.7027027027027,4
at:43:4585,Probstdorf Jubiläumsstraße,48.16945769,16.61844648,3,56,30.0,4
at:43:4588,Prottes Friedensgasse,48.38158861,16.74249484,3,78,21.53846153846154,4
at:43:4589,Prottes Volksschule,48.3856515,16.73904531,3,84,20.0,4
at:43:4590,Prottes Lerchengasse,48.38903402,16.73480526,3,71,23.661971830985916,4
at:43:4593,Purkersdorf Baunzen,48.18219925,16.17749944,3,18,93.33333333333333,6
at:43:4594,Purkersdorf Deutschwaldstraße,48.20010515,16.16883968,3,18,93.33333333333333,6
at:43:4595,Purkersdorf Kirche,48.20741543,16.17473263,3,146,11.506849315068493,3
at:43:4596,Purkersdorf Süßfeldstraße,48.21236619,16.17254973,3,92,18.26086956521739,3
at:43:4597,Purkersdorf Hellbrücke,48.20276954,16.16964817,3,119,14.117647058823529,3
at:43:4598,Purkersdorf Bachgasse,48.20803804,16.17661909,3,35,48.0,5
at:43:4599,Purkersdorf Rechenfeldstraße,48.20057218,16.16155435,3,54,31.11111111111111,4
at:43:4600,Purkersdorf Robert-Hohenwarter-Gasse,48.19322499,16.16962122,3,18,93.33333333333333,6
at:43:4601,Purkersdorf Sanatorium Bhf.,48.20635577,16.20109819,1,195,8.615384615384615,1
at:43:4602,Purkersdorf Schöffelgasse,48.20518833,16.17103157,3,116,14.482758620689655,3
at:43:4603,Purkersdorf Zentrum Bahnhof,48.20613426,16.17577468,0,254,6.6141732283464565,0
at:43:4604,Pressbaum Pfalzauer Straße,48.17782662,16.07650186,3,17,98.82352941176471,6
at:43:4605,Unterpurkersdorf Bahnhof,48.20773871,16.18975246,1,197,8.527918781725889,1
at:43:4606,Putzing Am See,48.36426547,16.45292291,3,45,37.333333333333336,4
at:43:4607,Putzing Kirchensteig,48.37010814,16.45169222,3,33,50.90909090909091,5
at:43:4608,Rekawinkel Kaiserspitz,48.18277425,16.00460968,3,7,240.0,-1
at:43:4609,Stockerau Zum Spitzgarten,48.38266253,16.20582332,3,7,240.0,-1
at:43:4613,Raasdorf Bahnhof,48.23898552,16.5820737,0,42,40.0,3
at:43:4615,Raasdorf Kirche,48.24661328,16.56502367,3,27,62.22222222222222,6
at:43:4616,Rabensburg Bahnhof,48.6519522563326,16.8947323317745,0,37,45.4054054054054,3
at:43:4618,Raggendorf Hauptstraße,48.39422368,16.65840355,3,122,13.770491803278688,3
at:43:4622,Maria Raisenmarkt Ortsmitte,48.03125423,16.07404047,3,7,240.0,-1
at:43:4623,Maria Raisenmarkt Abzw. Untermeierhof,48.03610186,16.0801041,3,13,129.23076923076923,7
at:43:4624,Maria Raisenmarkt Abzw. Laxental,48.02240478,16.07128264,3,7,240.0,-1
at:43:4626,Rannersdorf Kindergarten,48.12480433,16.46186115,3,86,19.53488372093023,3
at:43:4627,Rannersdorf Wirtingerstraße,48.13129197,16.46692764,3,86,19.53488372093023,3
at:43:4628,Rannersdorf Schulgasse,48.12877976,16.46534661,3,86,19.53488372093023,3
at:43:4629,Rannersdorf Baiergasse,48.12215388,16.45869908,3,86,19.53488372093023,3
at:43:4630,Ranzelsdorf Ort,48.26889179,16.00010014,3,4,420.0,-1
at:43:4631,Sieghartskirchen Kogler Straße,48.24080432,16.0077448,3,24,70.0,6
at:43:4632,Rappoltenkirchen Ortsmitte,48.23389971,16.01570388,3,52,32.30769230769231,4
at:43:4633,Rappoltenkirchen Heckenweg,48.22885529,16.02265684,3,34,49.411764705882355,5
at:43:4634,Rauchengern,48.20790035,16.06397934,3,29,57.93103448275862,5
at:43:4635,Rauchenwarth Raiffeisenstr.,48.08329885,16.53124702,3,27,62.22222222222222,6
at:43:4638,Rekawinkel Unterer Kaiserspitz,48.18376851,16.01279334,3,7,240.0,-1
at:43:4639,Regelsbrunn Bahnhof,48.10700409,16.78081697,0,62,27.096774193548388,2
at:43:4641,Regelsbrunn Hainburger Str.,48.10898953,16.78012527,3,10,168.0,7
at:43:4642,Rekawinkel Billrothstraße,48.18062395,16.01847967,3,14,120.0,6
at:43:4643,Reidling Schulgasse,48.32037928,15.8203742,3,21,80.0,6
at:43:4644,Reidling Am Judenauer,48.32187861,15.81433752,3,27,62.22222222222222,6
at:43:4645,Reidling Schlossbergstraße,48.32313896,15.81247801,3,25,67.2,6
at:43:4646,Reidling Leopold-Figl-Platz,48.31963857,15.8178679,3,51,32.94117647058823,4
at:43:4647,Reidling Kremser Straße,48.32532509,15.81073528,3,3,560.0,-1
at:43:4648,Reisenberg Erholungszentrum,47.98530225,16.51628109,3,8,210.0,7
at:43:4649,Reisenberg Hauptplatz,47.99834196,16.52513847,3,40,42.0,5
at:43:4650,Rannersdorf Industriezentrum,48.11703248,16.45795347,3,53,31.69811320754717,4
at:43:4651,Rekawinkel Bahnhof,48.17979135,16.03110998,1,70,24.0,3
at:43:4652,Stetteldorf Kindergarten,48.41047524,16.01817424,3,5,336.0,-1
at:43:4653,Rekawinkel Buchbergstraße,48.17960566,16.02452533,3,22,76.36363636363636,6
at:43:4654,Rekawinkel Sanatoriumstraße,48.17949186,16.0478995,3,22,76.36363636363636,6
at:43:4655,Rekawinkel Schwarzlacken,48.17804226,16.01140993,3,22,76.36363636363636,6
at:43:4656,Retz Bahnhof,48.75376336,15.95688219,0,116,14.482758620689655,1
at:43:4657,Reyersdorf Kirche,48.37212516,16.68549674,3,65,25.846153846153847,4
at:43:4658,Reyersdorf Hauptstraße,48.37069296,16.6896739,3,67,25.074626865671643,4
at:43:4659,Ried am Riederberg Abzw. Tulln,48.2580498,16.07328589,3,17,98.82352941176471,6
at:43:4660,Ried am Riederberg B1/Hauptstr.,48.25709885,16.06985432,3,30,56.0,5
at:43:4661,Riedenthal Ortsmitte,48.41030828,16.51437666,3,23,73.04347826086956,6
at:43:4663,Riederberg Riederberghöhe,48.24979566,16.0949802,3,45,37.333333333333336,4
at:43:4664,Riederberg Eichkogelstraße,48.25627348,16.08438008,3,46,36.52173913043478,4
at:43:4665,Riederberg Weideck,48.24597917,16.10673915,3,45,37.333333333333336,4
at:43:4666,Riederberg Unterer Langleithenweg,48.24291022,16.11815673,3,45,37.333333333333336,4
at:43:4667,Ringendorf Feuerwehr,48.49820348,16.19793612,3,13,129.23076923076923,7
at:43:4668,Rohrau Leithastraße,48.06912809,16.8638752,3,34,49.411764705882355,5
at:43:4669,Rohrau Josef-Haydn-Platz,48.06572437,16.85932074,3,36,46.666666666666664,5
at:43:4670,Rohrau Schloss,48.06337104,16.85314033,3,32,52.5,5
at:43:4671,Rohrendorf bei Krems Bahnhof,48.42324026,15.65702455,0,42,40.0,3
at:43:4672,Ronthal Ortsmitte,48.50227491,15.79551782,3,2,840.0,-1
at:43:4673,Roseldorf Ortsmitte,48.47869892,16.24131576,3,18,93.33333333333333,6
at:43:4674,Rosenburg Bahnhof,48.62831533,15.64345999,0,43,39.06976744186046,2
at:43:4675,Ruppersthal Kirchberger Straße,48.46760965,15.94313797,3,12,140.0,7
at:43:4676,Ruppersthal Ortsmitte,48.46607292,15.94572512,3,15,112.0,6
at:43:4677,Ruppersthal Kogelstraße,48.46053912,15.95311825,3,14,120.0,6
at:43:4678,Rannersdorf Zwölfaxinger Str.,48.11757223,16.453408,3,53,31.69811320754717,4
at:43:4681,Rust/Tullnerfeld Leopold-Figl-Str.,48.30467259,15.92885476,3,18,93.33333333333333,6
at:43:4682,Rutzendorf Ort,48.20737951,16.62604623,3,28,60.0,5
at:43:4683,Rückersdorf Kellergasse,48.39587591,16.37085282,3,22,76.36363636363636,6
at:43:4684,Kogl Abzw. Röhrenbach,48.23401938,15.99429702,3,24,70.0,6
at:43:4685,Röhrenbach Valentinstraße,48.2399368,15.98533184,3,20,84.0,6
at:43:4686,Sachsendorf/Wagram Ortsmitte,48.40627121,15.8419158,3,8,210.0,7
at:43:4687,Saladorf Ort,48.27629389,15.86958391,3,36,46.666666666666664,5
at:43:4688,Sarasdorf Bahnhof,48.0231798388639,16.6772951172231,1,56,30.0,3
at:43:4689,Sattelbach Abzw. Heiligenkreuz,48.03169876,16.14165666,3,13,129.23076923076923,7
at:43:4690,Sattelbach Bundesstraße,48.03095987,16.13921325,3,25,67.2,6
at:43:4691,Scharndorf Hauptplatz,48.09391986,16.7982892,3,22,76.36363636363636,6
at:43:4692,Scharndorf Hauptstraße Nord,48.09651178,16.79410305,3,22,76.36363636363636,6
at:43:4693,Scheiblingstein Tullner Straße,48.2657106,16.20954235,3,31,54.193548387096776,5
at:43:4694,Schildberg Nord,48.21921385,15.73983125,3,11,152.72727272727272,7
at:43:4695,Schleinbach Bahnhof,48.42230431,16.4898257,0,85,19.764705882352942,1
at:43:4696,Schleinbach Landstraße,48.41953212,16.49310455,3,22,76.36363636363636,6
at:43:4697,Stallegg Bahnhof,48.6157384855586,15.6436396522543,1,29,57.93103448275862,4
at:43:4698,Schleinbach Hauptplatz,48.42003291,16.47791404,3,22,76.36363636363636,6
at:43:4699,Schloßhof Parkplatz,48.21580809,16.93361142,3,17,98.82352941176471,6
at:43:4700,Schmida Kirche,48.37789533,16.1140155,3,7,240.0,-1
at:43:4701,Schranawand Obere Ortsstraße,47.97924118,16.44415535,3,5,336.0,-1
at:43:4702,Schwadorf Volksschule,48.07294576,16.58742766,3,40,42.0,5
at:43:4704,Schwadorf Brucker Straße,48.07059276,16.58388829,3,45,37.333333333333336,4
at:43:4705,Rust/Tullnerfeld Figl-Museum,48.30269472,15.92943866,3,16,105.0,6
at:43:4706,Schwadorf Fischamender Straße,48.07153517,16.58360982,3,21,80.0,6
at:43:4707,Schwadorf Schiefer Weg,48.07316184,16.57969316,3,14,120.0,6
at:43:4708,Flughafen Wien Bahnhof,48.12056474,16.56365823,0,215,7.813953488372093,0
at:43:4710,Schwechat Bahnhof,48.14319184,16.48205527,0,425,3.9529411764705884,0
at:43:4711,Stetteldorf Schloss,48.40775011,16.02162377,3,24,70.0,6
at:43:4712,Schleinbach Bahnstraße 27/32,48.41952615,16.48340275,3,22,76.36363636363636,6
at:43:4713,Seitzersdorf-Wolfpassing Birkenspitz,48.4099505,16.09334527,3,4,420.0,-1
at:43:4715,Schwechat Auf der Ried,48.15595789,16.49721884,3,5,336.0,-1
at:43:4716,Schwechat Brauhausstraße,48.14186111,16.47315297,3,170,9.882352941176471,2
at:43:4718,Schwechat Brauerei,48.14534371,16.46920936,3,257,6.536964980544747,2
at:43:4719,Schwechat Ehrenbrunngasse,48.13906167,16.47875846,3,30,56.0,5
at:43:4720,Schwechat Europaschule,48.13366617,16.46740375,3,122,13.770491803278688,3
at:43:4721,Schwechat Buchergasse,48.14743555,16.48024966,3,38,44.21052631578947,5
at:43:4722,Schwechat Gladbeckstraße,48.13786272,16.46888597,3,119,14.117647058823529,3
at:43:4723,Schwechat Hauptplatz,48.14003879,16.4771864,3,77,21.818181818181817,4
at:43:4724,Schwechat Himberger Straße,48.1215662,16.47001785,3,63,26.666666666666668,4
at:43:4726,Schwechat Netzgasse,48.12931938,16.47464417,3,65,25.846153846153847,4
at:43:4727,Schwechat Schlossmühle,48.15281163,16.48447174,3,5,336.0,-1
at:43:4728,Schwechat Hutweidestraße,48.12533801,16.4723894,3,65,25.846153846153847,4
at:43:4729,Schwechat Sendnergasse,48.14210088,16.47731217,3,38,44.21052631578947,5
at:43:4734,Schwechat Mischekgasse,48.13795264,16.47567723,3,65,25.846153846153847,4
at:43:4735,Schwechat B10/Rathausplatz,48.14120772,16.47611741,3,183,9.180327868852459,2
at:43:4739,Schönabrunn Kriegerdenkmal,48.0757428,16.91263576,3,26,64.61538461538461,6
at:43:4740,Schönau an der Donau Ortsmitte,48.14360543,16.61318236,3,17,98.82352941176471,6
at:43:4741,Schönau/Triesting Kirche,47.93506046,16.25359573,3,39,43.07692307692308,5
at:43:4742,Schönberg/Kamp Bahnhof,48.51549291,15.69655042,0,50,33.6,2
at:43:4743,Schönborn-Mallebarn,48.4684852063715,16.159137878118,1,28,60.0,4
at:43:4744,Schönfeld im Marchfeld Hauptstraße,48.26440697,16.80373299,3,24,70.0,6
at:43:4745,Schönfeld-Lassee Bahnhof,48.25114154,16.8075688,0,92,18.26086956521739,1
at:43:4746,Schönkirchen Berggasse,48.36285692,16.70339118,3,50,33.6,4
at:43:4747,Mauerbach Hauptstraße/Billa,48.2434965,16.16806713,3,87,19.310344827586206,3
at:43:4748,Schönkirchen Schloss,48.36465938,16.69907028,3,54,31.11111111111111,4
at:43:4749,Seebarn bei Harmannsdorf Schloßstraße,48.38079508,16.38827116,3,23,73.04347826086956,6
at:43:4750,Seebarn am Wagram Felser Str.,48.40536476,15.81302598,3,18,93.33333333333333,6
at:43:4751,Seebarn am Wagram Ost,48.40638451,15.82240439,3,12,140.0,7
at:43:4752,Seebarn am Wagram Schloss,48.40443444,15.80739355,3,11,152.72727272727272,7
at:43:4754,Hof am Leithaberge Kotzenmühle,47.95180713,16.54102069,3,19,88.42105263157895,6
at:43:4755,Seibersdorf Unterzeile,47.95974832,16.51800585,3,5,336.0,-1
at:43:4756,Seitzersdorf-Wolfpassing Nonnenfeldgasse,48.41527517,16.08535026,3,14,120.0,6
at:43:4757,Seitzersdorf-Wolfpassing Feuerwehr,48.41169763,16.09435138,3,21,80.0,6
at:43:4758,Senning Ort,48.45492727,16.21462681,3,20,84.0,6
at:43:4759,Seyring Bahnhof,48.33067652,16.50174634,0,88,19.09090909090909,1
at:43:4760,Seyring Raimund-Lux-Gasse,48.33077805,16.49450592,3,14,120.0,6
at:43:4761,Seyring Hauptstraße,48.33334606,16.48182171,3,7,240.0,-1
at:43:4762,Seyring Rechte Dorfstraße,48.33306538,16.48618752,3,14,120.0,6
at:43:4763,Seyring Wiener Straße,48.33081389,16.47954897,3,16,105.0,6
at:43:4764,Siebenbrunn-Leopoldsdorf Bahnhof,48.24567408,16.7046578,0,100,16.8,1
at:43:4765,Siebenhirten (NÖ) Haltestelle,48.6111178765332,16.5318938053153,0,27,62.22222222222222,4
at:43:4771,Helenental Abzw. Siegenfeld,48.01811468,16.19030942,3,37,45.4054054054054,5
at:43:4772,Siegenfeld Rosental,48.03122419,16.17910743,3,31,54.193548387096776,5
at:43:4773,Siegenfeld Kirchenplatz,48.03792786,16.17556806,3,31,54.193548387096776,5
at:43:4774,Siegenfeld Badner Straße,48.03710497,16.17376245,3,31,54.193548387096776,5
at:43:4775,Siegersdorf/Pottendorf Kirche,47.90281551,16.35359619,3,15,112.0,6
at:43:4776,Siegersdorf/Pottendorf Albert-Pauser-Str.,47.90476667,16.36264222,3,15,112.0,6
at:43:4777,Sieghartskirchen Tullnerbachsiedlung,48.24498612,16.01516489,3,40,42.0,5
at:43:4778,Sieghartskirchen Mittelschule,48.2552567,16.01095179,3,142,11.830985915492958,3
at:43:4779,Sieghartskirchen Karl-Berger-Platz,48.2539229,16.0139342,3,103,16.310679611650485,3
at:43:4780,Sieghartskirchen Waldgasse,48.25401262,16.02046495,3,17,98.82352941176471,6
at:43:4782,Sieghartskirchen Mihmgasse,48.24825235,16.01431149,3,40,42.0,5
at:43:4783,Sierndorf bei Stockerau Bahnhof,48.42886157,16.17504704,0,42,40.0,3
at:43:4784,Sierndorf bei Stockerau Prager Str.,48.43047095,16.16782459,3,26,64.61538461538461,6
at:43:4785,Sierndorf bei Stockerau Volksschule,48.42765748,16.1677617,3,19,88.42105263157895,6
at:43:4786,Sierndorf bei Stockerau Wiener Str.,48.427884,16.1712292,3,24,70.0,6
at:43:4787,Sierndorf an der March Bahnhof,48.5112083033757,16.8909863570392,0,33,50.90909090909091,3
at:43:4789,Sigmundsherberg Bahnhof,48.68578565,15.744763,0,118,14.23728813559322,1
at:43:4790,Silberwald Bahnhof,48.3282577,16.67805869,1,77,21.818181818181817,3
at:43:4791,Sittendorf Dornbacher Straße,48.07832363,16.15753888,3,74,22.7027027027027,4
at:43:4792,Simonsfeld Ortsmitte,48.50724472,16.33357274,3,9,186.66666666666666,7
at:43:4793,Seyring Fuchsgasse,48.33076611,16.49701222,3,14,120.0,6
at:43:4794,Seyring Enzersfelder Weg,48.3336566,16.48227087,3,11,152.72727272727272,7
at:43:4795,Sittendorf Volksschule,48.07409821,16.16239876,3,29,57.93103448275862,5
at:43:4796,Sitzenberg Ortsmitte,48.32104831,15.80922611,3,23,73.04347826086956,6
at:43:4797,St. Andrä-Wördern Volksschule,48.32293587,16.21044965,3,108,15.555555555555555,3
at:43:4798,Sitzenberg-Reidling Bahnhof,48.3317993,15.82012267,1,35,48.0,4
at:43:4800,Seyring J.-Scheider-Gasse,48.33194263,16.49977005,3,7,240.0,-1
at:43:4801,Sollenau Bahnhof,47.8982143337121,16.2456456399908,1,69,24.347826086956523,3
at:43:4804,Sommerein Hauptstraße,47.98795374,16.65735252,3,21,80.0,6
at:43:4805,Sommerein Kirchenplatz,47.99177743,16.65851134,3,23,73.04347826086956,6
at:43:4806,Sommerein Lindau,47.98619812,16.65107329,3,21,80.0,6
at:43:4807,Mauerbach Sonnwaldsiedlung,48.25778664,16.14711842,3,8,210.0,7
at:43:4808,Schwechat Möhringgasse,48.14071617,16.47977355,3,382,4.397905759162303,0
at:43:4809,Sooß Schulgasse,47.98399749,16.21751939,3,29,57.93103448275862,5
at:43:4811,Spannberg Matzner Straße,48.46322568,16.73376322,3,24,70.0,6
at:43:4813,Sparbach Ost,48.07438031,16.19192639,3,33,50.90909090909091,5
at:43:4814,Spillern Bahnhof,48.3758128952215,16.2568566147382,0,60,28.0,2
at:43:4815,Spillern Bahnstraße,48.37803257,16.25683865,3,30,56.0,5
at:43:4816,Spillern Industriegebiet,48.37433306,16.28629441,3,10,168.0,7
at:43:4817,Spillern Landstraße,48.37716142,16.26260583,3,30,56.0,5
at:43:4818,Hundsheim bei Hainburg Spitzerberg,48.10458667,16.93029663,3,21,80.0,6
at:43:4822,Brunn/Geb. Hubatschstraße,48.10587638,16.3107196,3,61,27.540983606557376,4
at:43:4824,St. Andrä-Wördern Bahnhof,48.33385367,16.20899438,0,130,12.923076923076923,1
at:43:4825,St. Andrä-Wördern Mittelschule,48.32393338,16.21158152,3,34,49.411764705882355,5
at:43:4826,Heideansiedlung Raketengasse,47.86685039,16.20573349,3,47,35.744680851063826,4
at:43:4827,St. Andrä-Wördern Friedhofsiedlung,48.32296573,16.19731628,3,32,52.5,5
at:43:4828,St. Andrä-Wördern Föhrengasse,48.31860513,16.19702882,3,18,93.33333333333333,6
at:43:4829,St. Andrä-Wördern Gemeindeamt,48.33044958,16.20811403,3,23,73.04347826086956,6
at:43:4830,St. Andrä-Wördern Hagenbachklamm,48.31612001,16.21272238,3,46,36.52173913043478,4
at:43:4832,St. Andrä-Wördern Auhofstraße,48.33167986,16.20630841,3,7,240.0,-1
at:43:4833,St. Andrä-Wördern Josef-Karner-Platz,48.3306825,16.21197678,3,25,67.2,6
at:43:4834,St. Andrä-Wördern Kirche,48.32093481,16.20776368,3,52,32.30769230769231,4
at:43:4835,St. Andrä-Wördern Königstetter Straße,48.32138879,16.20532027,3,44,38.18181818181818,4
at:43:4836,Spillern Karl-Wimmer-Gasse,48.37637976,16.26950489,3,11,152.72727272727272,7
at:43:4837,Schwechat Schloßstraße,48.13635799,16.47440163,3,31,54.193548387096776,5
at:43:4838,St. Andrä-Wördern Schlossgasse,48.33002554,16.22022332,3,18,93.33333333333333,6
at:43:4839,Schwechat Sdlg. Frauenfeld,48.13903169,16.4658317,3,61,27.540983606557376,4
at:43:4840,St. Andrä-Wördern Waldgasse,48.32716471,16.21691752,3,12,140.0,7
at:43:4841,Sieghartskirchen Rathaus,48.25594452,16.016171,3,77,21.818181818181817,4
at:43:4842,Schwechat Am Waldfriedhof,48.13876193,16.48837043,3,33,50.90909090909091,5
at:43:4848,St. Pölten Hauptbahnhof,48.20819369,15.62403841,0,1536,1.09375,0
at:43:4849,St. Veit an der Triesting Bhf.,47.9333391494808,16.1492923426027,1,39,43.07692307692308,4
at:43:4850,St. Veit/Triesting Kirche,47.93852698,16.15538292,3,63,26.666666666666668,4
at:43:4851,Staasdorf Ort,48.29944392,16.06126643,3,82,20.48780487804878,4
at:43:4852,Staatz Bahnhof,48.6996257,16.49237692,0,48,35.0,2
at:43:4853,Starnwörth Hauptstraße,48.40634277,16.02622315,3,24,70.0,6
at:43:4854,Starzing Ort,48.21725661,15.97200982,3,23,73.04347826086956,6
at:43:4855,Steinabrunn Ortsmitte,48.51069651,16.21219238,3,18,93.33333333333333,6
at:43:4857,Heideansiedlung Blätterstraße,47.8650786,16.20726063,3,48,35.0,4
at:43:4858,Steinbach bei Ernstbrunn Kirche,48.53860571,16.371823,3,18,93.33333333333333,6
at:43:4859,Steinbach Berggasse,48.24568604,16.19511541,3,24,70.0,6
at:43:4860,Steinbach Lebereckstraße,48.24789343,16.19600474,3,13,129.23076923076923,7
at:43:4861,Steinbach Feuerwehr,48.23675381,16.19239351,3,37,45.4054054054054,5
at:43:4862,Seitzersdorf-Wolfpassing Kapelle,48.41290209,16.08658994,3,7,240.0,-1
at:43:4868,Brunn/Geb. Hamerlinggasse,48.11561111,16.30270663,3,72,23.333333333333332,4
at:43:4869,Steinriegl Schönmais,48.27336427,16.21102457,3,22,76.36363636363636,6
at:43:4870,Steinriegl Hirschbergweg,48.27210269,16.20298465,3,87,19.310344827586206,3
at:43:4871,Brunn/Geb. Radetzkystraße,48.11998904,16.29976914,3,72,23.333333333333332,4
at:43:4872,Stetteldorf Absdorfer Straße,48.40878771,16.01865933,3,10,168.0,7
at:43:4873,Stetteldorf Marktgasse,48.40834047,16.01649439,3,16,105.0,6
at:43:4874,Stetteldorf Kirchenplatz,48.40774415,16.01609914,3,15,112.0,6
at:43:4875,Mannswörth Bahnhof,48.1365798084151,16.5074326801253,1,56,30.0,3
at:43:4876,Stetten Am Teiritz,48.36428934,16.36615464,3,5,336.0,-1
at:43:4877,Stetten Kapelle,48.36601416,16.37488626,3,5,336.0,-1
at:43:4878,Stetten Ortsmitte,48.36672436,16.38319568,3,21,80.0,6
at:43:4879,Stetten Umspannwerk,48.35584941,16.38120142,3,19,88.42105263157895,6
at:43:4880,Stettenhof Gösinger Straße,48.48342095,15.80615387,3,12,140.0,7
at:43:4881,Stiefern Bahnhof,48.5348940978471,15.6913671433062,0,37,45.4054054054054,3
at:43:4882,Stillfried Bahnhof,48.4112146404766,16.8464389020936,0,33,50.90909090909091,3
at:43:4883,Stixneusiedl Alte Bundesstraße,48.04110519,16.67408813,3,33,50.90909090909091,5
at:43:4884,Stockerau Bahnhof,48.38231053,16.21301883,0,310,5.419354838709677,0
at:43:4886,Stockerau Kaserngasse,48.38765002,16.2238076,3,7,240.0,-1
at:43:4887,Stetten Neubergsiedlung,48.36048737,16.3928885,3,3,560.0,-1
at:43:4888,Stockerau Dag-Hammerskjöld-Gasse,48.38631967,16.19265402,3,31,54.193548387096776,5
at:43:4889,Stockerau Alois-Negrelli-Str.,48.38259691,16.22391539,3,7,240.0,-1
at:43:4891,Stockerau Dr.-Johann-Fuchs-Gasse,48.39056115,16.22327759,3,7,240.0,-1
at:43:4892,Stockerau Eduard-Rösch-Straße,48.38641513,16.22318776,3,45,37.333333333333336,4
at:43:4893,Stockerau Joseph-Haydn-Gasse,48.39226718,16.20938964,3,25,67.2,6
at:43:4894,Stockerau Prager Str./Gartensiedlung,48.38683273,16.19806188,3,21,80.0,6
at:43:4895,Stockerau Franz-Jonas-Straße,48.39700918,16.20323618,3,7,240.0,-1
at:43:4896,Stockerau Stögergasse,48.38681483,16.21669294,3,6,280.0,-1
at:43:4897,Stockerau Prager Str./Glasfabrik,48.3901913,16.19338166,3,27,62.22222222222222,6
at:43:4898,Stockerau Unter den Linden/Gymnasium,48.38819289,16.20266125,3,42,40.0,5
at:43:4899,Stockerau Johann-Strauß-Promenade,48.39376439,16.2130368,3,7,240.0,-1
at:43:4900,Stockerau Josef-Wolfik-Straße,48.385216,16.20129581,3,65,25.846153846153847,4
at:43:4901,Stetten Werkstraße,48.35804608,16.38227939,3,8,210.0,7
at:43:4902,Stockerau Judithastraße,48.38692818,16.21283917,3,64,26.25,4
at:43:4903,Spillern Stockerauer Straße,48.38236422,16.2474782,3,30,56.0,5
at:43:4904,Stockerau Kloster,48.38660603,16.18977941,3,33,50.90909090909091,5
at:43:4905,Stockerau Gewerbegebiet Ost,48.38572906,16.23935743,3,28,60.0,5
at:43:4906,Stockerau Horner Straße,48.38827044,16.18332951,3,30,56.0,5
at:43:4907,Stockerau Nikolaus-Heid-Str.,48.39343632,16.22234334,3,25,67.2,6
at:43:4908,Stockerau Weineckgasse,48.38545463,16.22393336,3,7,240.0,-1
at:43:4909,Stockerau Prinz-Eugen-Straße,48.38953511,16.19804391,3,5,336.0,-1
at:43:4910,Stockerau Rathausplatz,48.38483418,16.20747622,3,49,34.285714285714285,4
at:43:4911,Stockerau Dr.-Karl-Gladt-Straße,48.39399105,16.20647011,3,7,240.0,-1
at:43:4912,Stockerau Senninger Straße,48.39729548,16.20270617,3,18,93.33333333333333,6
at:43:4913,Stockerau Sparkassaplatz,48.38579468,16.21409681,3,74,22.7027027027027,4
at:43:4914,Stockerau Tullner Straße,48.38568133,16.18482071,3,16,105.0,6
at:43:4915,Stockerau Wiener Straße,48.38667762,16.23075157,3,27,62.22222222222222,6
at:43:4916,Stopfenreuth Uferstraße,48.1463327,16.88021556,3,16,105.0,6
at:43:4920,Stranzendorf Ort,48.45087587,16.07992444,3,25,67.2,6
at:43:4922,Strasshof Bahnhof,48.3186469451241,16.6345892086102,0,68,24.705882352941178,2
at:43:4923,Strasshof Adalbert-Stifter-G.,48.31767323,16.6225967,3,7,240.0,-1
at:43:4924,Strasshof Anzengrubergasse,48.31932794,16.65140567,3,43,39.06976744186046,4
at:43:4925,Steinriegl Hochstraße,48.27652705,16.20584129,3,54,31.11111111111111,4
at:43:4926,Stetten Gewerbegebiet,48.36571575,16.35869862,3,7,240.0,-1
at:43:4927,Strasshof Beethovenstraße,48.31000229,16.61714393,3,7,240.0,-1
at:43:4928,Strasshof Billrothgasse,48.31649637,16.63846095,3,40,42.0,5
at:43:4929,Strasshof Althofergasse,48.32014632,16.63520006,3,7,240.0,-1
at:43:4930,Strasshof Dr.-Semmelweis-Gasse,48.31264902,16.61770986,3,7,240.0,-1
at:43:4932,Strasshof Goethestraße,48.32054654,16.6326219,3,7,240.0,-1
at:43:4933,Strasshof Girardigasse,48.32150826,16.64004198,3,7,240.0,-1
at:43:4934,Strasshof Grenzstraße 124,48.31263109,16.66974029,3,17,98.82352941176471,6
at:43:4935,Strasshof Josef-Schwarz-Straße,48.31843189,16.67132132,3,7,240.0,-1
at:43:4936,Strasshof Marterlweg,48.31745219,16.66580566,3,7,240.0,-1
at:43:4937,Strasshof Karl-Millöcker-Gasse,48.31939365,16.62831897,3,7,240.0,-1
at:43:4938,Straning Ortsmitte,48.61018539,15.86443657,3,8,210.0,7
at:43:4940,Strasshof Kleistgasse,48.32024189,16.66318258,3,43,39.06976744186046,4
at:43:4941,Strasshof Schillerstraße,48.31105383,16.62076414,3,7,240.0,-1
at:43:4943,Strasshof Neusiedler Straße,48.31457273,16.63431073,3,7,240.0,-1
at:43:4944,Strasshof Parkstraße,48.3218129,16.67024334,3,10,168.0,7
at:43:4945,Strasshof Peter-Strasser-Gasse,48.31424415,16.66705432,3,7,240.0,-1
at:43:4946,Strasshof Petzoldgasse,48.31782257,16.6458451,3,40,42.0,5
at:43:4947,Strasshof Pirquetstraße,48.31275058,16.66231122,3,8,210.0,7
at:43:4949,Strasshof Rote Burg,48.31561222,16.63333157,3,34,49.411764705882355,5
at:43:4950,Strasshof Promenadestraße,48.31592885,16.66207766,3,37,45.4054054054054,5
at:43:4951,Strasshof Schubertgasse,48.32122154,16.67168065,3,7,240.0,-1
at:43:4954,Oberwaltersdorf Feuerwehr,47.98072645,16.31880444,3,33,50.90909090909091,5
at:43:4956,Strasshof Industriestraße,48.31161544,16.60867281,3,8,210.0,7
at:43:4957,Strasshof Lehárgasse,48.3134675,16.61962328,3,34,49.411764705882355,5
at:43:4958,Straudorf Kirche,48.18294196,16.74072516,3,23,73.04347826086956,6
at:43:4959,Streifing Kirche,48.48333759,16.50633674,3,25,67.2,6
at:43:4961,Streitdorf Casinoplatz,48.46235599,16.27145424,3,16,105.0,6
at:43:4962,Streithofen Bundesstraße,48.27660478,15.94159287,3,23,73.04347826086956,6
at:43:4964,Stripfing Ortsmitte,48.34082838,16.79845988,3,21,80.0,6
at:43:4968,St. Pölten Hbf./Kremser Landstr.,48.20928923,15.62483791,3,238,7.0588235294117645,2
at:43:4970,Rappoltenkirchen Kreuthstraße,48.23345094,16.01503014,3,16,105.0,6
at:43:4972,Sulz/Wienerwald Sulzer Höhe,48.10897154,16.14178243,3,46,36.52173913043478,4
at:43:4975,Tallesbrunn Bahnhof,48.3636507256071,16.7861529633679,0,33,50.90909090909091,3
at:43:4976,Tallesbrunn Brunnenplatz,48.36243316,16.7870423,3,8,210.0,7
at:43:4977,Tallesbrunn Winzergasse,48.35980692,16.78445515,3,8,210.0,7
at:43:4978,Tattendorf Bahnhof,47.9556395128707,16.3060034439392,1,28,60.0,4
at:43:4979,Tattendorf Gemeindeamt,47.95666223,16.30283239,3,47,35.744680851063826,4
at:43:4980,Tattendorf Oberwaltersdorfer Straße,47.96087924,16.31177063,3,47,35.744680851063826,4
at:43:4981,Tautendorf Untere Barockstraße,48.28342591,15.85211168,3,34,49.411764705882355,5
at:43:4982,Altenmarkt/Triesting Taßhof,48.00101082,16.02434567,3,41,40.97560975609756,5
at:43:4983,Teesdorf Bahnhof,47.9427575029492,16.2900313981853,1,28,60.0,4
at:43:4984,Teesdorf Bahnstraße,47.94500802,16.28780358,3,44,38.18181818181818,4
at:43:4985,Teesdorf Franz-Lejeune-Straße,47.94944861,16.28660882,3,47,35.744680851063826,4
at:43:4986,Teesdorf Mittelschule,47.94951479,16.28215317,3,84,20.0,4
at:43:4987,Teesdorf Volksschule,47.94857616,16.2781916,3,85,19.764705882352942,3
at:43:4988,Thenneberg Kirche,48.01780823,15.96816503,3,20,84.0,6
at:43:4989,Siedling Maria Theresia Fasangasse,47.87946211,16.25582355,3,52,32.30769230769231,4
at:43:4990,Theresienfeld Bahnhof,47.8603294145247,16.2440556219377,1,35,48.0,4
at:43:4991,Theresienfeld Petrigasse,47.86652496,16.2484933,3,52,32.30769230769231,4
at:43:4992,Thomasl Ort,48.53184847,16.39663447,3,33,50.90909090909091,5
at:43:4993,Thürnthal Kellergasse,48.43811184,15.84520364,3,18,93.33333333333333,6
at:43:4994,Hintersdorf Sonnberg 10,48.28307322,16.21725888,3,16,105.0,6
at:43:4995,Traiskirchen Aspangbahn,48.01783827,16.30331748,1,57,29.473684210526315,3
at:43:4996,Traiskirchen Europaplatz,48.02158163,16.28679746,3,65,25.846153846153847,4
at:43:4997,Traiskirchen Goethesiedlung,48.02509642,16.28446184,3,66,25.454545454545453,4
at:43:4998,Traiskirchen Melkergasse,48.01884174,16.29563689,3,27,62.22222222222222,6
at:43:4999,Traiskirchen Hauptplatz,48.01370403,16.29484637,3,52,32.30769230769231,4
at:43:5000,Traiskirchen Mittelschule,48.01780222,16.28854019,3,84,20.0,4
at:43:5001,Traiskirchen Lokalbahn,48.0152484,16.29059734,2,203,8.275862068965518,2
at:43:5002,Traiskirchen Stadtpark,48.01303099,16.29746047,3,1,1680.0,-1
at:43:5003,Oberkirchbach Kogelweg,48.2878732,16.19731628,3,27,62.22222222222222,6
at:43:5004,Traiskirchen Gregor-Mendel-Straße,48.00902858,16.29337313,3,20,84.0,6
at:43:5005,Traismauer Bahnhof,48.34797527,15.74540081,1,112,15.0,2
at:43:5006,Trasdorf Bahnhof,48.3151701432754,15.8799774203862,1,31,54.193548387096776,4
at:43:50062,Amstetten Dingfurth,48.11144873,14.91992991,3,50,33.6,4
at:43:50063,Amstetten Umdasch Portier,48.11857375,14.90113715,3,25,67.2,6
at:43:50064,Mauer/Amstetten Westbahnstraße,48.09967949,14.81033545,3,26,64.61538461538461,6
at:43:50065,Mauer/Amstetten Meierhofner Str.,48.09486185,14.79616003,3,26,64.61538461538461,6
at:43:50066,Mauer/Amstetten Bergstraße,48.09270786,14.79586359,3,26,64.61538461538461,6
at:43:50067,Mauer/Amstetten Krankenhauszugang,48.09136982,14.80120856,3,26,64.61538461538461,6
at:43:50068,Mauer/Amstetten Eichenstraße,48.09055978,14.80093008,3,26,64.61538461538461,6
at:43:50069,Neufurth Billa,48.08153447,14.80663439,3,26,64.61538461538461,6
at:43:5007,Trasdorf Bindergasse,48.31220691,15.87837842,3,22,76.36363636363636,6
at:43:50070,Neufurth Einkaufszentrum,48.08052023,14.81263513,3,26,64.61538461538461,6
at:43:50071,Neufurth Ober Neufurth,48.07629499,14.80615828,3,26,64.61538461538461,6
at:43:50072,Neufurth Gruberstraße,48.07869573,14.8102546,3,26,64.61538461538461,6
at:43:50073,Neufurth Unter Neufurth,48.08368893,14.81593195,3,26,64.61538461538461,6
at:43:50074,Hausmening Pfadfinderheim,48.08060425,14.8199025,3,26,64.61538461538461,6
at:43:50075,Hausmening Winthalstraße,48.0816545,14.82668478,3,26,64.61538461538461,6
at:43:50076,Ulmerfeld Friedhof,48.07503455,14.82349576,3,26,64.61538461538461,6
at:43:50077,Ulmerfeld Eschenstraße,48.07210542,14.81892334,3,26,64.61538461538461,6
at:43:50078,Hausmening Dorfstraße,48.06913409,14.81352446,3,26,64.61538461538461,6
at:43:5008,Trasdorf Dorfplatz/West,48.31274461,15.87743519,3,1,1680.0,-1
at:43:50080,Amstetten Althausstraße,48.11988709,14.86360554,3,24,70.0,6
at:43:50081,Amstetten Dammstraße,48.11777613,14.86905832,3,25,67.2,6
at:43:50082,Hausmening Heidebad,48.08238066,14.82186981,3,26,64.61538461538461,6
at:43:50083,Amstetten Blindenmarkter Str.,48.11300217,14.89959205,3,25,67.2,6
at:43:50085,Neufurth Wilhelm-Vogl-Straße,48.08190056,14.81241055,3,26,64.61538461538461,6
at:43:50086,Ulmerfeld Marktplatz,48.0789178,14.82591223,3,26,64.61538461538461,6
at:43:5009,Traunfeld Ortsmitte,48.44302238,16.51929943,3,23,73.04347826086956,6
at:43:50116,Korneuburg Landesklinikum,48.34385563,16.33645633,3,46,36.52173913043478,4
at:43:50121,Korneuburg Wiener Str./Sudetendeutschestr.,48.33877428,16.33848652,3,13,129.23076923076923,7
at:43:5013,Trautmannsdorf/Leitha Bhf.,48.0241711825343,16.642350652666,1,56,30.0,3
at:43:50148,Korneuburg Kreuzensteiner Str./SPZ,48.35562855,16.32440094,3,4,420.0,-1
at:43:5015,Michelhausen Ruster Straße,48.2928879,15.93243903,3,10,168.0,7
at:43:5016,Tresdorf Kirche,48.38081298,16.35756674,3,28,60.0,5
at:43:5017,Tresdorf Kellergasse,48.381696,16.34867342,3,5,336.0,-1
at:43:5018,Tresdorf Schloßgasse,48.3805445,16.35500654,3,6,280.0,-1
at:43:5019,Pfaffstätten Wiener Straße,48.01578922,16.2735024,3,66,25.454545454545453,4
at:43:5020,Tribuswinkel Leesdorfer Straße,48.00267578,16.27114881,3,20,84.0,6
at:43:5021,Tribuswinkel Schafflerhofsiedlung,47.99215016,16.2760087,3,76,22.105263157894736,4
at:43:5022,Tribuswinkel-Josefsthal Bhf.,48.00778453,16.26973846,2,118,14.23728813559322,3
at:43:5023,Trumau Bahnhof,47.9926491401971,16.3321534018635,1,28,60.0,4
at:43:5024,Trumau Ortsmitte,47.99303389,16.34312183,3,57,29.473684210526315,4
at:43:5026,Trübensee Fischerzeile,48.36138865,16.0368053,3,15,112.0,6
at:43:5027,Passauerhof bei Katzelsdorf,48.26715771,16.12869397,3,24,70.0,6
at:43:50278,Strasshof Lannergasse,48.30696108,16.65960729,3,7,240.0,-1
at:43:5028,Tulbing Katzelsdorfer Straße,48.28741893,16.11697096,3,74,22.7027027027027,4
at:43:5029,Tulbing Klostergasse,48.2935274,16.12080676,3,85,19.764705882352942,3
at:43:5030,Tulbing Hauptstraße,48.29002498,16.1224417,3,73,23.013698630136986,4
at:43:5031,Tulbingerkogel Mucha,48.27058397,16.15852702,3,16,105.0,6
at:43:5032,Tulbingerkogel Gasthaus Popp,48.27433286,16.15169084,3,16,105.0,6
at:43:5033,Tulbingerkogel Hotel,48.27927714,16.1456901,3,16,105.0,6
at:43:50332,Trumau Traiskirchner Straße,47.99415206,16.33770499,3,31,54.193548387096776,5
at:43:50336,Trumau Triestingstraße,47.99250486,16.3490597,3,31,54.193548387096776,5
at:43:5034,Tulln Bahnhof,48.32732597,16.06436562,0,296,5.675675675675675,0
at:43:5035,Tulln Kaplanstraße,48.32900426,16.07707678,3,29,57.93103448275862,5
at:43:5037,Tattendorf Mühlgasse,47.95688482,16.3013322,3,4,420.0,-1
at:43:5038,Tulln Gebietskrankenkasse,48.32622101,16.0552028,3,12,140.0,7
at:43:5039,Tulln Bundesschulzentrum,48.33279664,16.06439257,3,102,16.470588235294116,3
at:43:5040,Tulln Egon-Schiele-Gasse,48.32420217,16.06194016,3,48,35.0,4
at:43:5041,Tulln Etzelgasse,48.3257193,16.07271096,3,16,105.0,6
at:43:5042,Tulln Feuerwehr,48.32768433,16.05864335,3,159,10.566037735849056,3
at:43:5043,Tulln Industriegebiet,48.31946533,16.08258345,3,40,42.0,5
at:43:5044,Tulln Frauenhofner Straße,48.32323453,16.06076337,3,7,240.0,-1
at:43:5045,Tulln Frauentorgasse/VS II,48.3203972,16.05637959,3,33,50.90909090909091,5
at:43:5046,Tulln Grünwaldgasse,48.32834728,16.04600405,3,12,140.0,7
at:43:5047,Tulln Hafenstraße,48.33046749,16.0677882,3,28,60.0,5
at:43:5048,Tulln Schubertpark,48.3304436,16.04874391,3,243,6.91358024691358,2
at:43:5049,Tulln In der Au,48.34033278,16.06054778,3,15,112.0,6
at:43:5050,Tulln St. Severin,48.3219921,16.06777921,3,16,105.0,6
at:43:50501,Hollabrunn Gewerbering,48.57497584,16.07576524,3,28,60.0,5
at:43:50509,Hollabrunn Hofer-Markt,48.56452589,16.0736003,3,28,60.0,5
at:43:5051,Tulln Kronauer Straße,48.325343,16.03025658,3,3,560.0,-1
at:43:50516,Magersdorf Hauptstraße,48.56143448,16.10273266,3,28,60.0,5
at:43:50517,Magersdorf D-Pfeiffer-Gasse,48.56066755,16.09791769,3,28,60.0,5
at:43:50518,Hollabrunn Schweizer Straße,48.56044757,16.09570784,3,28,60.0,5
at:43:5052,Tulln Kleine Tullnbachgasse,48.32935066,16.07107603,3,45,37.333333333333336,4
at:43:50520,Hollabrunn Lidl-Markt,48.56070322,16.07257622,3,27,62.22222222222222,6
at:43:50525,Hollabrunn Jahnstraße,48.5573678,16.08623061,3,27,62.22222222222222,6
at:43:50528,Hollabrunn Johannesgasse,48.55491218,16.07938545,3,27,62.22222222222222,6
at:43:50529,Hollabrunn Romanofskygasse,48.55450191,16.090821,3,35,48.0,5
at:43:5053,Tulln Listhof,48.32343761,16.07095925,3,56,30.0,4
at:43:50530,Hollabrunn Gilleisstraße/Sapanovgasse,48.55258131,16.08279006,3,27,62.22222222222222,6
at:43:50531,Kottingbrunn Maplanstraße,47.95770298,16.26387246,3,16,105.0,6
at:43:50533,Kottingbrunn Etrichstraße,47.95969418,16.25470964,3,16,105.0,6
at:43:50534,Hirschenwies Erlebnis Nebelstein,48.68708443,14.75449617,3,10,168.0,7
at:43:50535,Hirschenwies Pollak,48.68552471,14.76911176,3,10,168.0,7
at:43:50536,Maißen Obermaißen,48.6817705,14.79077014,3,10,168.0,7
at:43:5054,Tulln Robert-Stolz-Straße,48.32120362,16.06155389,3,16,105.0,6
at:43:5055,Tulln Rudolf-Buchinger-Str.,48.32995387,16.04552794,3,11,152.72727272727272,7
at:43:5056,Tulln Lazarettgasse,48.33162611,16.06210186,3,62,27.096774193548388,4
at:43:5057,Tulln Stadt Bahnhof,48.3283233933695,16.0533971860096,1,69,24.347826086956523,3
at:43:5059,Tulln Umspannwerk,48.3187246,16.05716113,3,80,21.0,4
at:43:5060,Tulln Wiener Straße,48.33165597,16.05717011,3,113,14.867256637168142,3
at:43:5061,Tulln Wilhelmstraße,48.33099903,16.05810436,3,84,20.0,4
at:43:5062,Tulln Messegelände,48.3265973,16.03882651,3,109,15.412844036697248,3
at:43:5063,Tullnerbach Hauptstr./Strandbad,48.18444531,16.09707328,3,79,21.265822784810126,4
at:43:5064,Tullnerbach Gemeindeamt,48.18434948,16.09268051,3,58,28.96551724137931,4
at:43:5065,Tullnerbach Norbertinumstraße,48.1849005,16.10462811,3,82,20.48780487804878,4
at:43:5067,Tullnerbach Weidlingbachstraße,48.18431954,16.09127914,3,8,210.0,7
at:43:5068,Tullnerbach-Pressbaum Bahnhof,48.1859606,16.09309374,0,204,8.235294117647058,0
at:43:5070,Ulrichskirchen Bahnhof,48.4024246610753,16.4882177161953,0,32,52.5,3
at:43:5071,Ulrichskirchen Ortsmitte,48.40165532,16.49269133,3,28,60.0,5
at:43:5072,Untereggendorf Bahnhof,47.8613238861005,16.3214365005225,1,32,52.5,4
at:43:5073,Unterhautzental Ort,48.43367168,16.14427076,3,12,140.0,7
at:43:5074,Unterkirchbach Casinostraße,48.2910052,16.19494473,3,20,84.0,6
at:43:5075,Tulln Landespflegeheim,48.3191786,16.06256,3,39,43.07692307692308,5
at:43:5076,Unterkirchbach Schloßbergweg,48.29269067,16.19665152,3,23,73.04347826086956,6
at:43:5078,Untermallebarn Ort,48.46222494,16.17150768,3,17,98.82352941176471,6
at:43:5079,Mauerbach Heiligenbergstraße,48.2354614,16.18606039,3,87,19.310344827586206,3
at:43:5081,Unterolberndorf Landstraße,48.43225313,16.48703194,3,45,37.333333333333336,4
at:43:5082,Unterolberndorf Hauptplatz,48.43376704,16.47802184,3,25,67.2,6
at:43:5083,Tulln Wolfgang-A.-Mozart-Straße,48.31844981,16.0618683,3,16,105.0,6
at:43:5084,Untermallebarn Höbersdorfer Str.,48.4567086,16.17303482,3,17,98.82352941176471,6
at:43:5085,Unterparschenbrunn Siedlung,48.45219261,16.11240752,3,7,240.0,-1
at:43:5087,Leobendorf Abzw. Unterrohrbach,48.37298447,16.2942445,3,29,57.93103448275862,5
at:43:5088,Unterrohrbach Badgasse,48.37894547,16.29128904,3,26,64.61538461538461,6
at:43:5089,Unterrohrbach Ortsmitte,48.38543077,16.27901805,3,25,67.2,6
at:43:5090,Untersiebenbrunn Bahnhof,48.2479293263746,16.7476871028965,0,30,56.0,3
at:43:5091,Untersiebenbrunn Kellergasse,48.25507727,16.74571979,3,22,76.36363636363636,6
at:43:5092,Untersiebenbrunn Kirchengasse,48.25701511,16.74324943,3,23,73.04347826086956,6
at:43:50924,Sollenau Böhler,47.90250236,16.27309816,3,25,67.2,6
at:43:5093,Unterstockstall Herrenstraße,48.42390793,15.92885476,3,20,84.0,6
at:43:5094,Untertullnerbach Bahnhof,48.19127275,16.12724769,1,159,10.566037735849056,2
at:43:5095,Untertullnerbach Wienerwaldsee,48.18367268,16.12136372,3,23,73.04347826086956,6
at:43:5096,Steinbach Kirche,48.24124704,16.19370505,3,24,70.0,6
at:43:5097,An der Stadlhütte Wasserwerk,48.182918,16.12466054,3,28,60.0,5
at:43:5098,Unterwaltersdorf Rechte Bahnzeile,47.95786541,16.43315099,3,16,105.0,6
at:43:5100,Thenneberg Rehhofsiedlung,48.02447759,15.94767446,3,41,40.97560975609756,5
at:43:5101,Unterwaltersdorf Don Bosco-Gymnasium,47.96673797,16.43089622,3,44,38.18181818181818,4
at:43:5102,Unterwaltersdorf Hauptplatz,47.96021754,16.43049198,3,100,16.8,3
at:43:5104,Unterwaltersdorf Ebreichsdorfer Str.,47.9650538,16.4260004,3,106,15.849056603773585,3
at:43:5105,Unterzögersdorf Ortsmitte,48.38131416,16.17634062,3,16,105.0,6
at:43:5107,Utzenlaa Ortsmitte,48.37010217,15.94742293,3,14,120.0,6
at:43:5108,Veitsau Feuerwehr,47.93682986,16.10076535,3,34,49.411764705882355,5
at:43:5110,Velm bei Himberg Stadelgasse,48.04557955,16.45107238,3,59,28.47457627118644,4
at:43:5111,Velm bei Himberg Kirchengasse,48.04370577,16.44738929,3,59,28.47457627118644,4
at:43:5112,Velm bei Himberg Nelkengasse,48.04021628,16.44496384,3,59,28.47457627118644,4
at:43:5113,Velm-Götzendorf Hauptstraße 18/23,48.46800871,16.77067499,3,34,49.411764705882355,5
at:43:5114,Vorderbrühl Husarentempelgasse,48.08244068,16.25979411,3,64,26.25,4
at:43:5115,Vorderbrühl Jägerhausgasse,48.08110837,16.26623503,3,64,26.25,4
at:43:5116,Vösendorf Anton-Benya-Straße 1,48.11771616,16.31592983,3,11,152.72727272727272,7
at:43:5117,Vösendorf SCS Hotel Pyramide,48.11349398,16.31294742,3,57,29.473684210526315,4
at:43:5118,Tullnerbach Norbertinum,48.1883742,16.10544557,3,68,24.705882352941178,4
at:43:5119,Vösendorf Haidfeldsiedlung,48.13506905,16.32670063,3,12,140.0,7
at:43:5121,Vösendorf Haidfeldstraße,48.131256,16.3266108,3,24,70.0,6
at:43:5122,Brunn/Geb. Wiener Straße 198,48.11454356,16.31017163,3,57,29.473684210526315,4
at:43:5123,Vösendorf Mühlgasse,48.12312533,16.33339308,3,109,15.412844036697248,3
at:43:5124,Purkersdorf Schwarzhubergasse,48.2064336,16.17278329,3,72,23.333333333333332,4
at:43:5126,Vösendorf Post,48.12446854,16.32753606,3,110,15.272727272727273,3
at:43:5127,Vösendorf SCS Ostring,48.11025514,16.31990936,3,67,25.074626865671643,4
at:43:5128,Vösendorf Schlossplatz,48.12093055,16.34066045,3,109,15.412844036697248,3
at:43:5129,Vösendorf Spitz,48.11457355,16.35453044,3,192,8.75,2
at:43:5130,Vösendorf Kirche,48.12202795,16.33811822,3,109,15.412844036697248,3
at:43:5131,Vösendorf B17/Anton-Benya-Straße,48.1182619,16.31695391,3,30,56.0,5
at:43:5132,Vösendorf SCS,48.1115567,16.31554355,2,228,7.368421052631579,2
at:43:5133,Vösendorf-Siebenhirten,48.12551789,16.31902902,2,660,2.5454545454545454,0
at:43:5134,Vösendorf SCS B17,48.11170064,16.31515728,3,57,29.473684210526315,4
at:43:51345,Tresdorf Gewerbepark,48.36668856,16.35411721,3,5,336.0,-1
at:43:51349,Teesdorf Kirchfeld,47.94784812,16.28068892,3,42,40.0,5
at:43:5135,Wagendorf Nord,48.26613517,16.01005347,3,47,35.744680851063826,4
at:43:5136,Wagram am Wagram Dorfstraße,48.43606167,15.77902475,3,16,105.0,6
at:43:5137,Wagram am Wagram NMS,48.43293261,15.77806355,3,23,73.04347826086956,6
at:43:5138,Wagram-Grafenegg Bahnhof,48.4342617380725,15.7763837018071,0,23,73.04347826086956,4
at:43:5139,St. Corona/Schöpfl Abzw. Klausen-Leopoldsdorf,48.06299882,15.92771389,3,11,152.72727272727272,7
at:43:5140,Tulln Krankenhaus,48.32335996,16.06419494,3,16,105.0,6
at:43:5141,Wagram/Donau Ortsmitte,48.16353212,16.75268174,3,46,36.52173913043478,4
at:43:5142,Vösendorf SCS IKEA,48.10494659,16.31679221,3,50,33.6,4
at:43:51421,Klamm Landwirt Wagner,47.65970839,15.86156196,3,4,420.0,-1
at:43:51422,Klamm Pfefferstraße,47.66151744,15.86008872,3,4,420.0,-1
at:43:51423,Klamm Bahnhofweg,47.66582503,15.871138,3,4,420.0,-1
at:43:51424,Klamm Eichbergstraße,47.66668409,15.87634823,3,4,420.0,-1
at:43:51425,Klamm Gh Polleres,47.66946079,15.85242609,3,4,420.0,-1
at:43:51426,Breitenstein Blauer Einschnitt,47.6616808,15.83527725,3,4,420.0,-1
at:43:51427,Breitenstein Untere/Obere Bahnstr.,47.66006536,15.82653664,3,4,420.0,-1
at:43:51428,Breitenstein Rumpler Kurve,47.65961158,15.82330271,3,4,420.0,-1
at:43:51429,Breitenstein Tourismusinfo,47.65775406,15.81983521,3,4,420.0,-1
at:43:51430,Breitenstein Schneider,47.64997231,15.81545143,3,4,420.0,-1
at:43:5144,St. Corona/Schöpfl Ortsmitte,48.06552026,15.92235095,3,11,152.72727272727272,7
at:43:51465,Wieselburg FH,48.13912761,15.13831036,3,21,80.0,6
at:43:5147,Wampersdorf Bahnhof,47.9303778813237,16.4169633478491,1,1,1680.0,-1
at:43:5148,Wampersdorf Abzw. Bahnhof,47.93199095,16.42092492,3,86,19.53488372093023,3
at:43:5149,Klein-Mariazell Nr. 86,48.05007754,15.94406323,3,11,152.72727272727272,7
at:43:5150,Wampersdorf Obere Hauptstraße,47.92231178,16.4274916,3,16,105.0,6
at:43:5151,Wampersdorf Wiener Straße,47.9224984,16.42809347,3,59,28.47457627118644,4
at:43:5152,Wampersdorf Lindenstraße,47.92561663,16.43080639,3,33,50.90909090909091,5
at:43:5153,Wampersdorf Untere Hauptstraße,47.92295591,16.42912654,3,33,50.90909090909091,5
at:43:5154,Wasenbruck Kinderheimstraße,47.98621616,16.55588781,3,33,50.90909090909091,5
at:43:5155,Watzendorf Kapelle,48.30278435,15.84417956,3,22,76.36363636363636,6
at:43:5162,Weidling Hinterweidling,48.26962727,16.27349341,3,20,84.0,6
at:43:5163,Weidling Dehmgasse,48.28713201,16.30291324,3,84,20.0,4
at:43:5164,Weidling Elisabethgasse,48.29188978,16.29881692,3,16,105.0,6
at:43:5165,Weidling Fograben,48.28934359,16.28489303,3,16,105.0,6
at:43:5166,Weidling Friedhof,48.29275043,16.30276053,3,16,105.0,6
at:43:5167,Weidling Gschwendt,48.29322857,16.32241566,3,123,13.658536585365853,3
at:43:5168,Weidling Hauptstraße,48.28432855,16.29105548,3,84,20.0,4
at:43:5169,Weidling Kirche,48.29080199,16.3090128,3,100,16.8,3
at:43:5170,Weidling Rotgraben,48.28890726,16.27406834,3,16,105.0,6
at:43:5171,Weidling Kirchmayergasse,48.29094543,16.31211199,3,98,17.142857142857142,3
at:43:5172,Weidling Schwedenheim,48.28165645,16.28584525,3,84,20.0,4
at:43:5173,Weidling Servitenhof,48.28861438,16.30593158,3,84,20.0,4
at:43:5174,Weidling Steinwandgasse,48.29147738,16.31622627,3,98,17.142857142857142,3
at:43:5175,Weidling Stöllngasse,48.28933762,16.28163215,3,16,105.0,6
at:43:5176,Weidling Säulenweg,48.28961854,16.29486433,3,16,105.0,6
at:43:5178,Weidling Wintergasse,48.28631908,16.29619384,3,84,20.0,4
at:43:5179,Weidlingbach Hubertusweg,48.26657169,16.23845013,3,22,76.36363636363636,6
at:43:5180,Weidlingbach Talgasse,48.26668531,16.25612,3,22,76.36363636363636,6
at:43:5181,Weidlingbach Steinrieglstraße,48.26738494,16.26762741,3,26,64.61538461538461,6
at:43:5182,Weidlingbach Trafo,48.26461029,16.24572649,3,22,76.36363636363636,6
at:43:5183,Weidlingbach Anton-Wallner-Gasse,48.26980067,16.23341957,3,22,76.36363636363636,6
at:43:5185,Weigelsdorf Kienergasse,47.94877472,16.4084024,3,87,19.310344827586206,3
at:43:5186,Weigelsdorf Grenzweg,47.93679375,16.41739454,3,85,19.764705882352942,3
at:43:5188,Weikendorf Mühlgasse,48.34219574,16.76382983,3,28,60.0,5
at:43:5189,Weikendorf-Dörfles Bahnhof,48.3497842194027,16.7593113026747,0,33,50.90909090909091,3
at:43:5190,Weinsteig Ort,48.45700051,16.40197047,3,37,45.4054054054054,5
at:43:5191,Weinzierl/Atzenbrugg Kapelle,48.28599032,15.88454985,3,11,152.72727272727272,7
at:43:5192,Ollern Reichersbergstraße,48.26058559,16.07428302,3,46,36.52173913043478,4
at:43:5193,Weissenbach/Mödling Abzw. Wassergspreng,48.08141444,16.21728583,3,33,50.90909090909091,5
at:43:5194,Weissenbach/Mödling Ortsmitte,48.08053223,16.22315183,3,33,50.90909090909091,5
at:43:5195,Weissenbach-Neuhaus Bahnhof,47.98425003,16.04519557,1,132,12.727272727272727,2
at:43:5196,Weissenbach/Triesting Further Straße,47.98147207,16.03970686,3,46,36.52173913043478,4
at:43:5197,Weissenbach/Triesting Kirchenplatz,47.98247023,16.03861092,3,44,38.18181818181818,4
at:43:5198,Weissenbach/Triesting Mittelschule,47.97636072,16.03800905,3,41,40.97560975609756,5
at:43:5199,Wetzleinsdorf Ort,48.47802005,16.38423772,3,21,80.0,6
at:43:5200,Wiener Neudorf Griesfeld,48.07787949,16.31288454,2,197,8.527918781725889,2
at:43:5201,Wiener Neudorf Bahnhof,48.08700746,16.31405235,2,323,5.201238390092879,2
at:43:5202,Wiener Neudorf Weidenweg,48.08239267,16.33075203,3,5,336.0,-1
at:43:5203,Wiener Neudorf Europaplatz,48.08801557,16.3182385,3,11,152.72727272727272,7
at:43:5204,Wiener Neudorf Ferdinandsgasse,48.08700746,16.30715329,3,110,15.272727272727273,3
at:43:5205,Wiener Neudorf Reisenbauer-Ring Süd,48.08745751,16.31052197,3,4,420.0,-1
at:43:5206,Wiener Neudorf Schlossmühlplatz,48.0846491,16.32452671,3,96,17.5,3
at:43:5207,Wiener Neudorf Wiesengasse,48.08842962,16.32424823,3,4,420.0,-1
at:43:5208,Maria Enzersdorf Steinfeldstraße,48.09101581,16.30967755,3,95,17.68421052631579,3
at:43:5209,Wiener Neustadt Aqua Nova,47.84152127,16.25936291,3,112,15.0,3
at:43:5210,Wiener Neustadt Hauptbahnhof,47.81130546,16.2336172,0,1129,1.4880425155004429,0
at:43:5211,Wiener Neustadt Auge Gottes,47.82152411,16.24772973,3,289,5.813148788927336,2
at:43:5213,Wiener Neustadt Dachensteingasse/Brunner Straße,47.80889226,16.2229003,3,54,31.11111111111111,4
at:43:5215,Wiener Neustadt Zehnergürtel/Zehnergasse,47.81531112,16.21729481,3,119,14.117647058823529,3
at:43:5216,Wiener Neustadt Döttelbachsiedlung,47.83218097,16.26585773,3,124,13.548387096774194,3
at:43:5218,Wiener Neustadt Schulgasse,47.81182428,16.2452953,3,74,22.7027027027027,4
at:43:5219,Wiener Neudorf Bahnstraße,48.08703146,16.31267793,3,49,34.285714285714285,4
at:43:5220,Wiener Neustadt Hauptplatz,47.81310925,16.24477427,3,229,7.336244541484716,2
at:43:5221,Wiener Neustadt Landesklinikum,47.81671062,16.2470021,3,203,8.275862068965518,2
at:43:5223,Wiener Neustadt Nord,47.83452676,16.23869268,1,94,17.872340425531913,2
at:43:5224,Unterzögersdorf Heinrich-Jarosch-Str.,48.38106954,16.1712292,3,16,105.0,6
at:43:5225,Wiener Neustadt Pottendorfer Str. 41/60,47.8265784,16.25273335,3,124,13.548387096774194,3
at:43:5226,Wiener Neustadt Am Schafflerhof,47.83901903,16.2781916,3,123,13.658536585365853,3
at:43:5227,Wiener Neustadt Civitas Nova,47.8334533799048,16.2550869336282,1,32,52.5,4
at:43:5228,Wiener Neustadt Corvinusring,47.81277142,16.2485472,3,182,9.23076923076923,2
at:43:5229,Weikendorf Rathausplatz,48.34464973,16.76643494,3,5,336.0,-1
at:43:5230,Wienerherberg Seegasse,48.0587061,16.55233048,3,51,32.94117647058823,4
at:43:5231,Wienerherberg Fabriksgasse,48.05749326,16.54755144,3,51,32.94117647058823,4
at:43:5235,Wildungsmauer Bahnhof,48.10802981,16.80249332,0,45,37.333333333333336,2
at:43:5236,Wiener Neustadt Günser Str. 44,47.8020261,16.24118101,3,15,112.0,6
at:43:5237,Wilfersdorf/Tulln Kapellenstr.,48.27847007,16.09859143,3,52,32.30769230769231,4
at:43:5238,Wilfersdorf/Tulln Ortsmitte,48.27966573,16.10188825,3,51,32.94117647058823,4
at:43:5239,Wilfleinsdorf Bahnhof,48.0219481428964,16.7199830595304,1,56,30.0,3
at:43:5240,Bruck/Leitha Abzw. Wilfleinsdorf,48.02907355,16.7197495,3,29,57.93103448275862,5
at:43:5241,Wilfleinsdorf Hauptstraße,48.01148655,16.72987351,3,22,76.36363636363636,6
at:43:5242,Wilfleinsdorf Königshofer Str.,48.01183511,16.72157308,3,22,76.36363636363636,6
at:43:5243,Kogl Abzw. Wimmersdorf,48.23091979,15.99028155,3,24,70.0,6
at:43:5244,Wimmersdorf Obere Landstraße,48.23105742,15.97278237,3,13,129.23076923076923,7
at:43:5245,Wimmersdorf Starzinger Str.,48.23123694,15.96655705,3,23,73.04347826086956,6
at:43:5250,Weidlingbach Windischhütte,48.28154286,16.22613423,3,16,105.0,6
at:43:5252,Winkl im Felde Ortsmitte,48.39359141,15.89567099,3,16,105.0,6
at:43:5253,Wittau Kirche,48.18167215,16.59777625,3,74,22.7027027027027,4
at:43:5254,Wittau Am Kirchenfeld,48.18139064,16.60420819,3,74,22.7027027027027,4
at:43:5255,Wittmannsdorf Bahnhof,47.9203131173109,16.2197831429574,1,39,43.07692307692308,4
at:43:5256,Wiener Neustadt Richtergasse,47.8003064,16.24036355,3,15,112.0,6
at:43:5257,Witzelsdorf Ortsmitte,48.15051623,16.8355603,3,22,76.36363636363636,6
at:43:5258,Wolfpassing/Tulln Tullner Straße,48.31273266,16.17933201,3,66,25.454545454545453,4
at:43:5259,Wolfpassing/Mistelbach Ortsmitte,48.45159681,16.5304565,3,23,73.04347826086956,6
at:43:5260,Heimbautal Bundesstraße,48.17114716,16.12666378,3,23,73.04347826086956,6
at:43:5261,Wolfsgraben Brentenmaisstraße,48.16590483,16.12210932,3,81,20.74074074074074,4
at:43:5262,Wolfsgraben Engelkreuzstraße,48.16357406,16.10151994,3,56,30.0,4
at:43:5263,Wolfsgraben Forsthausstraße,48.15389636,16.11875861,3,56,30.0,4
at:43:5264,Wolfsgraben Nord,48.16996094,16.12590021,3,9,186.66666666666666,7
at:43:5265,Wolfsgraben Drei-Berge-Straße,48.15124142,16.11794114,3,37,45.4054054054054,5
at:43:5266,Wiener Neustadt Marktgasse,47.80297945,16.2416122,3,16,105.0,6
at:43:5267,Wolfsgraben Kirche,48.15843882,16.12184881,3,57,29.473684210526315,4
at:43:5268,Wolfsgraben Liesinger Straße,48.16707317,16.1287838,3,85,19.764705882352942,3
at:43:5269,Wolfsgraben Siedlungsstraße,48.16547343,16.11243447,3,56,30.0,4
at:43:5270,Zistersdorf Neustiftgasse,48.54271553,16.76746801,3,47,35.744680851063826,4
at:43:5271,Wolfsthal Bahnhof,48.13555466,17.00606054,0,63,26.666666666666668,2
at:43:5272,Wolfsthal Kirche,48.13625008,17.00854888,3,30,56.0,5
at:43:5273,Wolfsthal Am Friedhof,48.13275487,17.0168044,3,46,36.52173913043478,4
at:43:5274,Wolkersdorf Bahnhof,48.37848007,16.51261596,0,349,4.813753581661891,0
at:43:5275,Wolkersdorf Bahnstraße,48.38149912,16.51251714,3,49,34.285714285714285,4
at:43:5276,Wolkersdorf Alleegasse,48.38386172,16.50752251,3,20,84.0,6
at:43:5278,Wolkersdorf Gymnasium,48.38040727,16.52397965,3,36,46.666666666666664,5
at:43:5279,Wolkersdorf Industriestraße,48.3779013,16.50984915,3,86,19.53488372093023,3
at:43:5280,Wolkersdorf Johann-Galler-Straße,48.37651103,16.51028932,3,4,420.0,-1
at:43:5281,Wolkersdorf Johannesgasse,48.38445236,16.51119662,3,20,84.0,6
at:43:5282,Wolkersdorf Wiener Straße,48.38418389,16.51453835,3,164,10.24390243902439,3
at:43:5283,Wolkersdorf Ziegelofengasse,48.38349183,16.5033184,3,20,84.0,6
at:43:5284,Wollmannsberg Ortsmitte,48.42991662,16.26601045,3,16,105.0,6
at:43:5287,Zistersdorf Hauptstraße,48.54544532,16.7634166,3,102,16.470588235294116,3
at:43:5292,Würmla Kirchenplatz,48.25486195,15.85964855,3,23,73.04347826086956,6
at:43:5293,Würnitz Hauptstraße,48.43050076,16.42411394,3,20,84.0,6
at:43:5294,Wolkersdorf Kirchengasse,48.38420179,16.52084453,3,21,80.0,6
at:43:5296,Zaina Neumühle,48.36976798,16.08496399,3,15,112.0,6
at:43:5297,Zaina Ort,48.36572769,16.09293204,3,15,112.0,6
at:43:5298,Zaußenberg,48.43127562,15.98068755,3,6,280.0,-1
at:43:5299,Zeiselmauer Florianiplatz,48.32929094,16.17510094,3,33,50.90909090909091,5
at:43:5300,Zeiselmauer Gebirgsweg,48.32553414,16.1843446,3,33,50.90909090909091,5
at:43:5301,Zeiselmauer-Königstetten Bhf.,48.32660924,16.17521772,1,78,21.53846153846154,3
at:43:5302,Zwölfaxing Ortsmitte,48.11094491,16.46282234,3,63,26.666666666666668,4
at:43:5303,Zellerndorf Bahnhof,48.69587847,15.96778774,0,61,27.540983606557376,2
at:43:5304,Ziersdorf Bahnhof,48.52842191,15.92114721,0,68,24.705882352941178,2
at:43:5305,Zillingdorf Bergwerk Hauptplatz,47.84737543,16.3796653,3,60,28.0,4
at:43:5308,Zissersdorf bei Stockerau Ortsmitte,48.40173881,16.1415848,3,14,120.0,6
at:43:5309,Zissersdorf/Korneuburg Ahragartensiedlung,48.39286368,16.16229096,3,19,88.42105263157895,6
at:43:5311,Wolkersdorf Fa. Manner,48.37611721,16.51345139,3,4,420.0,-1
at:43:5316,Zwentendorf/Donau Sozialzentrum,48.34750958,15.90544466,3,31,54.193548387096776,5
at:43:5318,Zwentendorf/Donau Hauptplatz,48.34461988,15.91032251,3,54,31.11111111111111,4
at:43:5319,Zwentendorf/Donau Schule,48.34507364,15.91143642,3,10,168.0,7
at:43:5320,Zwerndorf Ortsmitte,48.34167627,16.83898289,3,21,80.0,6
at:43:5321,Wolkersdorf Bertha-v.-Suttner-Straße,48.37000072,16.51172663,3,4,420.0,-1
at:43:5322,Zillingdorf Volksschule,47.85342183,16.32732047,3,31,54.193548387096776,5
at:43:5323,Zöbing Bahnhof,48.4906549850375,15.6938195440322,0,37,45.4054054054054,3
at:43:5324,Zöfing Ortsmitte,48.2809331,16.02180344,3,32,52.5,5
at:43:5325,Stockerau Belvederegasse,48.38790654,16.20947048,3,2,840.0,-1
at:43:5326,Allerheiligenberg Talgasse,48.23903936,16.19267199,3,13,129.23076923076923,7
at:43:5328,IZ NÖ-Süd Straße 2/Straße 2a,48.07331791,16.31572322,3,55,30.545454545454547,4
at:43:5329,IZ NÖ-Süd Straße 2d,48.07179929,16.31679221,3,55,30.545454545454547,4
at:43:5330,IZ NÖ-Süd Straße 1/Mitte,48.07656508,16.32688029,3,88,19.09090909090909,3
at:43:5331,Wolkersdorf Kaiser-Josef-Straße,48.38530548,16.51864365,3,21,80.0,6
at:43:5332,Wolkersdorf Klostergasse,48.38728015,16.51535582,3,24,70.0,6
at:43:5333,Wolkersdorf Kelsenstraße,48.3685983,16.50346213,3,4,420.0,-1
at:43:5335,Wiener Neudorf Gartengasse,48.08612534,16.31142927,3,4,420.0,-1
at:43:5336,Wiener Neudorf Brauhausstr.,48.08543523,16.30973145,3,4,420.0,-1
at:43:5337,St. Corona/Schöpfl Seniorenz.,48.06608456,15.91467934,3,11,152.72727272727272,7
at:43:5338,Neuwald Abzw. Stenzengraben,48.05776946,15.90257903,3,11,152.72727272727272,7
at:43:5339,Zwentendorf/Donau Nelkengasse,48.34530053,15.89960561,3,1,1680.0,-1
at:43:5340,Maria Enzersdorf Mitteräckerstraße,48.09739972,16.26579485,3,32,52.5,5
at:43:5341,Mödling Passauer Gasse,48.09316986,16.29709216,3,3,560.0,-1
at:43:5342,Zissersdorf/Korneuburg Quellenstraße,48.40090385,16.13975223,3,7,240.0,-1
at:43:5343,Traiskirchen Grüne Gasse,48.01968896,16.321706,3,20,84.0,6
at:43:5344,Brunn/Geb. Wällischhofstraße,48.10399879,16.2801679,3,5,336.0,-1
at:43:5346,IZ NÖ-Süd B11/Straße 1,48.07805355,16.32299059,3,64,26.25,4
at:43:5347,Wiener Neudorf Linkegasse,48.08445107,16.31879545,3,5,336.0,-1
at:43:5348,Wiener Neudorf Augasse,48.08140244,16.32011598,3,5,336.0,-1
at:43:5351,Langenzersdorf Paul-Gusel-Str.,48.29930049,16.35747691,3,5,336.0,-1
at:43:5352,Langenzersdorf Spechtgasse,48.29652758,16.36870585,3,5,336.0,-1
at:43:5353,Langenzersdorf Dirnelstraße,48.29248746,16.37706917,3,10,168.0,7
at:43:5354,Langenzersdorf Meisengasse,48.29626462,16.37172419,3,5,336.0,-1
at:43:5356,Langenzersdorf Volksschule,48.3063337,16.36001914,3,7,240.0,-1
at:43:5357,Langenzersdorf Mittelschule,48.30811426,16.35559943,3,13,129.23076923076923,7
at:43:5358,Langenzersdf Sarobagasse,48.30458893,16.35006581,3,10,168.0,7
at:43:5359,Langenzersdorf Barwichgasse,48.30200753,16.3531111,3,5,336.0,-1
at:43:5361,Langenzersdorf Chimanistraße,48.30168484,16.3598305,3,5,336.0,-1
at:43:5362,Langenzersdorf Propst-Peitl-Straße,48.29483626,16.37504796,3,5,336.0,-1
at:43:5363,Langenzersdorf Friedhof,48.30325642,16.3671338,3,10,168.0,7
at:43:5364,Gainfarn Großauer Straße,47.95963403,16.19059688,3,34,49.411764705882355,5
at:43:5365,Großau Vöslauer Straße,47.95704124,16.17049258,3,34,49.411764705882355,5
at:43:5366,Großau St. Veiter Straße,47.95184925,16.16160825,3,34,49.411764705882355,5
at:43:5367,Kottingbrunn Wr. Neustädter Str. 22,47.94888904,16.22463405,3,31,54.193548387096776,5
at:43:5368,Kottingbrunn Defreggergasse,47.94273945,16.22168757,3,47,35.744680851063826,4
at:43:5370,Wolkersdorf B7/Resselstraße,48.36921298,16.50212364,3,76,22.105263157894736,4
at:43:5371,Traiskirchen Georg-Skrianz-Platz,48.00625797,16.28721069,3,20,84.0,6
at:43:5372,Tribuswinkel Schlehengasse,48.0001693,16.26255193,3,84,20.0,4
at:43:5373,Hirtenberg Fa. Hirtenberger,47.93125665,16.18280849,3,34,49.411764705882355,5
at:43:5374,Hirtenberg Bahngasse,47.93103997,16.17684367,3,34,49.411764705882355,5
at:43:5375,Hirtenberg St. Veiter Straße,47.93361601,16.16626152,3,34,49.411764705882355,5
at:43:5376,St. Veit/Triesting Hirtenberger Straße,47.93713077,16.15990145,3,34,49.411764705882355,5
at:43:5377,St. Veit/Triesting Hauptstr./Bahngasse,47.93764833,16.15264306,3,63,26.666666666666668,4
at:43:5378,St. Veit/Triesting Johannesgasse,47.93909869,16.14330058,3,63,26.666666666666668,4
at:43:5379,St. Veit/Triesting Buchbachg.,47.94206548,16.13564693,3,63,26.666666666666668,4
at:43:5380,St. Veit/Triesting Siedlung Morgenrot,47.94353978,16.13158655,3,63,26.666666666666668,4
at:43:5381,Hernstein Schloss,47.89715432,16.09974127,3,34,49.411764705882355,5
at:43:5382,Pottenstein Friedenssiedlung,47.95558537,16.10285843,3,71,23.661971830985916,4
at:43:5383,Pottenstein Schulen,47.96028973,16.09451308,3,43,39.06976744186046,4
at:43:5384,Pottenstein Hainfelder Str. 102,47.96792888,16.08307752,3,31,54.193548387096776,5
at:43:5385,Fahrafeld Feuerwehr,47.9783993,16.0686955,3,31,54.193548387096776,5
at:43:5386,Fahrafeld Hainfelder Straße 90,47.98269872,16.06220068,3,31,54.193548387096776,5
at:43:5387,Weissenbach/Triesting Abzw. Eberbach,47.99089969,16.02660942,3,4,420.0,-1
at:43:5388,Altenmarkt/Triesting Abzw. Hafnerberg,48.01474964,16.0053463,3,55,30.545454545454547,4
at:43:5389,Traiskirchen Kugelzipfgasse,48.0203499,16.31593881,3,20,84.0,6
at:43:5390,Furth/Triesting Schromenau,47.96715299,15.99073969,3,18,93.33333333333333,6
at:43:5391,Furth/Triesting Lerchenfeld,47.97238554,16.00743039,3,18,93.33333333333333,6
at:43:5392,Thenneberg Bahnhofstraße,48.01690089,15.97990601,3,18,93.33333333333333,6
at:43:5393,Thenneberg Friedhof,48.01771809,15.97056353,3,24,70.0,6
at:43:5394,Weissenbach/Triesting Neuhauser Straße,47.98446649,16.04981291,3,45,37.333333333333336,4
at:43:5395,Weissenbach/Triesting Prymhäuser,47.97223518,16.02762452,3,16,105.0,6
at:43:5398,St. Veit/Triesting Schönergasse,47.93850892,16.14772927,3,63,26.666666666666668,4
at:43:5399,Brunn/Geb. Feldstraße,48.11391381,16.28817189,3,56,30.0,4
at:43:5401,Wilfleinsdorf Grabenweg,48.01968295,16.71984831,3,3,560.0,-1
at:43:5402,Wilfleinsdorf Valentin-Karpf-Gasse,48.01615577,16.72015374,3,3,560.0,-1
at:43:5403,Sommerein Heideweg,47.99270926,16.6650421,3,22,76.36363636363636,6
at:43:5404,Brunn/Geb. L.-v.-Beethoven-Straße,48.10533051,16.26126734,3,6,280.0,-1
at:43:5406,Pillichsdorf Am Damm,48.3642595,16.53385213,3,73,23.013698630136986,4
at:43:5407,Hennersdorf Zehentnergasse,48.11039909,16.3681489,3,47,35.744680851063826,4
at:43:5408,Vösendorf Dr.-Adolf-Schärf-Hof,48.11901753,16.3446849,3,108,15.555555555555555,3
at:43:5409,Zwölfaxing Brunnengasse,48.10671017,16.46038791,3,45,37.333333333333336,4
at:43:5410,Zwölfaxing Stöcklstraße,48.11280424,16.46048672,3,17,98.82352941176471,6
at:43:5411,Tribuswinkel Tattendorfer Siedlung,47.99097183,16.27564937,3,6,280.0,-1
at:43:5412,Tribuswinkel Volksschule,48.00205669,16.2674747,3,17,98.82352941176471,6
at:43:5413,Traiskirchen Stadtrandsiedlung,48.01852327,16.3258113,3,20,84.0,6
at:43:5414,Kottingbrunn Friedhof,47.94602494,16.22266674,3,42,40.0,5
at:43:5416,Leopoldsdorf Süd,48.09800567,16.3943258,3,64,26.25,4
at:43:5417,Kottingbrunn Wagramer Hauptstraße,47.93519287,16.21910941,3,20,84.0,6
at:43:5418,Tribuswinkel M.-Hirschhofer-Gasse,47.98776135,16.28626746,3,76,22.105263157894736,4
at:43:5419,Oeynhausen Haberlgasse,47.98477314,16.2939211,3,40,42.0,5
at:43:5420,Oberwaltersdorf Abzw. Tattendorf,47.97450848,16.32331398,3,45,37.333333333333336,4
at:43:5421,Pillichsdorf Hauptstraße,48.36342989,16.54447022,3,73,23.013698630136986,4
at:43:5422,Oberwaltersdorf Hauptstraße,47.97541055,16.32281092,3,82,20.48780487804878,4
at:43:5423,Tattendorf Grenzgasse,47.95288408,16.29644537,3,47,35.744680851063826,4
at:43:5425,Gänserndorf Schönkirchner Straße,48.34151505,16.71593166,3,52,32.30769230769231,4
at:43:5426,Obersdorf Antoniusgasse,48.37208936,16.52196742,3,66,25.454545454545453,4
at:43:5427,Obersdorf Kirche,48.37045426,16.52319811,3,74,22.7027027027027,4
at:43:5428,Wolkersdorf Volksschule,48.37720915,16.5221381,3,28,60.0,5
at:43:5429,Pillichsdorf Kirchengasse,48.36313744,16.54092187,3,17,98.82352941176471,6
at:43:5430,Pillichsdorf Wolkersdorfer Straße,48.36649161,16.52848919,3,73,23.013698630136986,4
at:43:5432,Weigelsdorf B60/Boschansiedlung,47.94053697,16.40069486,3,3,560.0,-1
at:43:5434,Spannberg Hauptplatz,48.46461358,16.7395843,3,49,34.285714285714285,4
at:43:5435,Velm-Götzendorf Hauptstraße 66/73,48.46911059,16.77929882,3,34,49.411764705882355,5
at:43:5436,Velm-Götzendorf Feldstraße,48.46933692,16.79615121,3,34,49.411764705882355,5
at:43:5437,Velm-Götzendorf Vorstadt,48.46833035,16.79863056,3,34,49.411764705882355,5
at:43:5438,Matzen Spannberger Straße,48.40788727,16.69408463,3,24,70.0,6
at:43:5442,Münchendorf Trumauer Straße,48.02137134,16.37162538,3,26,64.61538461538461,6
at:43:5443,Trumau Heidegasse,47.992066,16.35241041,3,22,76.36363636363636,6
at:43:5444,Trumau Scheibenackerstraße,48.00071028,16.34896088,3,26,64.61538461538461,6
at:43:5460,Pottendorf Neustiftgasse,47.91358814,16.39788313,3,33,50.90909090909091,5
at:43:5461,Hautzendorf Kaiser-Franz-Josef-Pl.,48.44588863,16.49165826,3,13,129.23076923076923,7
at:43:5463,Neubau bei Ladendorf Neusiedler Weg,48.49762607,16.51580498,3,35,48.0,5
at:43:5464,Oberkreuzstetten Hippleser Weg,48.484457,16.45578853,3,21,80.0,6
at:43:5465,Niederkreuzstetten Lüßweg,48.48087242,16.46929021,3,25,67.2,6
at:43:5466,Spannberg Sportplatz,48.46008043,16.72960402,3,24,70.0,6
at:43:5467,Schleinbach Bahnstraße 77/90,48.4196752,16.48865789,3,22,76.36363636363636,6
at:43:5468,Niederkreuzstetten Volksschule,48.48220029,16.46772714,3,4,420.0,-1
at:43:5469,Schleinbach Kirche,48.41787469,16.47109583,3,5,336.0,-1
at:43:5470,Riedenthal Hausgartenweg,48.41190036,16.51087323,3,23,73.04347826086956,6
at:43:5471,Traunfeld Kindergartenstraße,48.44250989,16.51777229,3,18,93.33333333333333,6
at:43:5472,Unterolberndorf Berggasse,48.4420272,16.46628984,3,24,70.0,6
at:43:5473,Unterolberndorf Schulstraße,48.43606763,16.47397942,3,24,70.0,6
at:43:5474,Unterolberndorf Mühlengrund,48.4400487,16.46975734,3,24,70.0,6
at:43:5475,Wolfpassing/Mistelbach Ob. Kellergasse,48.45599965,16.52696205,3,23,73.04347826086956,6
at:43:5476,Wolfpassing/Mistelbach Volksschule,48.44592438,16.52701595,3,23,73.04347826086956,6
at:43:5477,Ulrichskirchen Schleinbacher Str. 39/46,48.40510833,16.49092165,3,28,60.0,5
at:43:5478,Wolkersdorf Roseneck,48.38865223,16.51036119,3,24,70.0,6
at:43:5480,Baden Weilburgplatz,48.00498981,16.21132101,3,25,67.2,6
at:43:5481,Baden Jägerhausgasse,48.00333093,16.21391714,3,25,67.2,6
at:43:5482,Baden Albrechtsgasse,48.00140753,16.21576767,3,25,67.2,6
at:43:5483,Baden Friedrichstraße,48.00232115,16.21716905,3,51,32.94117647058823,4
at:43:5484,Baden Schimmergasse,48.00093268,16.22358302,3,49,34.285714285714285,4
at:43:5485,Baden Pötschnergasse,48.00018132,16.22749069,3,49,34.285714285714285,4
at:43:5486,Baden Roseggerstraße,47.99895509,16.23593485,3,49,34.285714285714285,4
at:43:5487,Baden Gallstraße,47.99932777,16.2319104,3,49,34.285714285714285,4
at:43:5488,Baden Gartengasse,48.00229711,16.23685113,3,49,34.285714285714285,4
at:43:5490,Baden Kurpark,48.00986996,16.23352737,3,44,38.18181818181818,4
at:43:5491,Baden Pfarrplatz,48.01011635,16.23622231,3,44,38.18181818181818,4
at:43:5493,Schwechat Rotes Kreuz,48.13985895,16.48525328,3,33,50.90909090909091,5
at:43:5494,Schwechat Am Concorde-Business-Park,48.13772484,16.49264641,3,29,57.93103448275862,5
at:43:5495,Baden Rohrgasse,47.99778293,16.24094745,3,18,93.33333333333333,6
at:43:5496,Baden Herrnkirchengasse,47.99776489,16.24556479,3,22,76.36363636363636,6
at:43:5497,Baden Franz-Gehrer-Straße,47.99882285,16.24840347,3,44,38.18181818181818,4
at:43:5498,Baden Schützengasse,48.00008515,16.24523241,3,26,64.61538461538461,6
at:43:5499,Baden Braitnerstraße,48.0015037,16.24287883,3,26,64.61538461538461,6
at:43:5500,Baden Fabriksgasse,48.00617383,16.24474732,3,23,73.04347826086956,6
at:43:5501,Unterolberndorf Volksschule,48.43412465,16.47447349,3,6,280.0,-1
at:43:5502,Baden Schöne-Felder-Weg,48.01399248,16.24902331,3,22,76.36363636363636,6
at:43:5503,Baden Erzherzog-Wilhelm-Ring,48.01216563,16.24327409,3,22,76.36363636363636,6
at:43:5504,Baden Adolfine-Malcher-Gasse,48.01062718,16.24030965,3,44,38.18181818181818,4
at:43:5505,Baden Mozartstraße,48.00957548,16.22578389,3,46,36.52173913043478,4
at:43:5506,Baden Bergsteiggasse,48.00960553,16.21998077,3,23,73.04347826086956,6
at:43:5507,Klosterneuburg Happyland,48.31052806,16.33085983,3,44,38.18181818181818,4
at:43:5513,Klosterneuburg Tauchnergasse,48.30237801,16.32768877,3,25,67.2,6
at:43:5515,Klosterneuburg Kollersteig,48.29285801,16.33152458,3,26,64.61538461538461,6
at:43:5516,Klosterneuburg Grabmandlgasse,48.29098727,16.33253069,3,26,64.61538461538461,6
at:43:5517,Klosterneuburg Wolfsgraben,48.29011464,16.32994355,3,51,32.94117647058823,4
at:43:5518,Klosterneuburg Sachsengasse,48.29287595,16.33007829,3,26,64.61538461538461,6
at:43:5519,Klosterneuburg Berchtesgadnerhofgasse,48.29793198,16.32883862,3,50,33.6,4
at:43:5520,Klosterneuburg Ottogasse,48.30069885,16.32704199,3,25,67.2,6
at:43:5521,Klosterneuburg Göppingerplatz,48.30249155,16.32436501,3,25,67.2,6
at:43:5522,Klosterneuburg Hermannschule,48.30341178,16.32304448,3,79,21.265822784810126,4
at:43:5523,Klosterneuburg Krankenhaus,48.30759443,16.32456264,3,150,11.2,3
at:43:5525,Klosterneuburg Kardinal-Piffl-Platz,48.30421249,16.32163413,3,25,67.2,6
at:43:5526,Klosterneuburg Wisentgasse,48.30246765,16.31933444,3,25,67.2,6
at:43:5527,Klosterneuburg Martinsfriedhof,48.31936976,16.30942603,3,25,67.2,6
at:43:5528,Klosterneuburg Raphael-Donner-Gasse,48.30255131,16.32281991,3,25,67.2,6
at:43:5529,Klosterneuburg Jahngasse,48.30089605,16.32412246,3,25,67.2,6
at:43:5530,Klosterneuburg Sudetendeutscher Platz,48.29966502,16.32401467,3,25,67.2,6
at:43:5531,Klosterneuburg Nikolaihofgasse,48.2986013,16.32606282,3,25,67.2,6
at:43:5534,Steinabrückl Badener Straße,47.87640135,16.22144503,3,44,38.18181818181818,4
at:43:5535,Hölles Wiesenweg,47.89899729,16.20184379,3,26,64.61538461538461,6
at:43:5536,Spannberg Neugasse,48.4642681,16.74625878,3,34,49.411764705882355,5
at:43:5538,Furth/Triesting Maierhof,47.97048504,15.99842927,3,18,93.33333333333333,6
at:43:5539,Grub Ameisbühel,48.0909858,16.10293029,3,22,76.36363636363636,6
at:43:5540,Siedlung Maria Theresia Wr. Neustädter Str.,47.87315362,16.24925687,3,52,32.30769230769231,4
at:43:5542,Sollenau Feldgasse,47.89365491,16.25360471,3,26,64.61538461538461,6
at:43:5543,Schönau/Triesting Ortsmitte,47.9344225,16.25443116,3,2,840.0,-1
at:43:5544,Sollenau Großmittelstraße,47.88792043,16.2519608,3,33,50.90909090909091,5
at:43:5545,Günselsdorf Hans-Czettel-Str.,47.94315466,16.25370353,3,7,240.0,-1
at:43:5546,Heiligenkreuz Volksschule,48.05695288,16.13064332,3,30,56.0,5
at:43:5547,Langenzersdorf Uferstraße,48.30430212,16.34718222,3,5,336.0,-1
at:43:5548,Langenzersdorf An den Mühlen Süd,48.30786331,16.3455383,3,5,336.0,-1
at:43:5549,Langenzersdorf An den Mühlen Nord,48.31380803,16.34625695,3,5,336.0,-1
at:43:5550,Langenzersdorf Fichtengasse,48.3153195,16.35164684,3,5,336.0,-1
at:43:5551,Mannersdorf/Leithagebirge Volksschule,47.97221714,16.60010288,3,80,21.0,4
at:43:5552,Korneuburg Laaer Straße/EKZ,48.34982004,16.33965433,3,23,73.04347826086956,6
at:43:5553,Klosterneuburg Strandbad,48.30638748,16.33634853,3,44,38.18181818181818,4
at:43:5554,Leopoldsdorf/Marchfeld Getreidegasse,48.22995636,16.69666279,3,42,40.0,5
at:43:5555,Unterparschenbrunn Ort,48.45652987,16.10719729,3,16,105.0,6
at:43:5556,Oberolberndorf Am Anger,48.41085687,16.16329708,3,19,88.42105263157895,6
at:43:5557,Grub/March Hauptstraße,48.4180297,16.84027646,3,7,240.0,-1
at:43:5558,Stillfried Bahngasse,48.41119675,16.84435481,3,8,210.0,7
at:43:5559,Angern/March Johann-Strauß-Gasse,48.38683869,16.83371876,3,8,210.0,7
at:43:5560,Weikendorf Volksschule,48.34397504,16.76394661,3,37,45.4054054054054,5
at:43:5561,Weikendorf Friedhof,48.34383772,16.77257942,3,21,80.0,6
at:43:5562,Kaumberg/Triesting Marktplatz,48.02414114,15.89798864,3,40,42.0,5
at:43:5563,Kaumberg/Triesting Renzenhof,48.02597358,15.93075918,3,38,44.21052631578947,5
at:43:5564,Hernstein Friedhof,47.89816013,16.11256023,3,59,28.47457627118644,4
at:43:5565,Berndorf Friedhof,47.95290213,16.12674463,3,9,186.66666666666666,7
at:43:5566,Berndorf Margaretenplatz,47.94219185,16.10178045,3,11,152.72727272727272,7
at:43:5567,Enzesfeld Hohenluckengasse,47.9130041,16.18256594,3,33,50.90909090909091,5
at:43:5569,Ödlitz Obere Ödlitzer Straße,47.94716819,16.14100988,3,9,186.66666666666666,7
at:43:5570,Ödlitz Kirche,47.95008037,16.13424556,3,9,186.66666666666666,7
at:43:5572,Leobersdorf Marktplatz,47.92555041,16.2159653,3,5,336.0,-1
at:43:5573,Leobersdorf Raiffeisengasse,47.92366625,16.22088807,3,5,336.0,-1
at:43:5574,Leobersdorf Friedhofstraße,47.92290173,16.21636056,3,5,336.0,-1
at:43:5575,Gablitz Lessinggasse,48.21985427,16.13708424,3,13,129.23076923076923,7
at:43:5576,Gablitz Bertha-von-Suttner-Gasse,48.22251764,16.13693152,3,13,129.23076923076923,7
at:43:5580,Bockfließ Hauptstraße 94/101,48.35988452,16.60853807,3,101,16.633663366336634,3
at:43:5581,Kottingbrunn Eschengasse,47.96412147,16.23542281,3,11,152.72727272727272,7
at:43:5582,Kottingbrunn Franz-Gruber-Gasse,47.96065066,16.2342011,3,6,280.0,-1
at:43:5583,Kottingbrunn Kieferngasse,47.96264776,16.23479399,3,5,336.0,-1
at:43:5584,Kottingbrunn Goethegasse,47.96104166,16.22873036,3,2,840.0,-1
at:43:5585,Kottingbrunn Emmerich-Kálmán-Gasse,47.95686678,16.23224278,3,9,186.66666666666666,7
at:43:5586,Kottingbrunn Brunngasse,47.95478522,16.23202718,3,42,40.0,5
at:43:5587,Kottingbrunn Wasserschloss,47.95167477,16.22875731,3,42,40.0,5
at:43:5589,Kottingbrunn Josef-Pürrer-Str.,47.94380455,16.23229667,3,11,152.72727272727272,7
at:43:5590,Kottingbrunn Hügelgasse,47.93820802,16.22033112,3,47,35.744680851063826,4
at:43:5591,Gänserndorf Süd Forstgasse,48.30607079,16.66662313,3,40,42.0,5
at:43:5593,Wiesen bei Stockerau Ort,48.4033252,16.25889579,3,20,84.0,6
at:43:5594,Manhartsbrunn Pfösinger Straße,48.39000638,16.4291445,3,14,120.0,6
at:43:5596,Mödling Templergasse,48.08834561,16.30441343,3,144,11.666666666666666,3
at:43:5597,IZ NÖ-Süd Straße 10/Straße 9,48.06681094,16.32997948,3,54,31.11111111111111,4
at:43:5598,IZ NÖ-Süd Str. 7/Güterbahnhof,48.06795152,16.33070711,3,7,240.0,-1
at:43:5599,Mödling Josef-Hyrtl-Platz,48.08668941,16.30036202,3,198,8.484848484848484,2
at:43:5600,Gänserndorf Sportgasse,48.34471541,16.72062086,3,5,336.0,-1
at:43:5601,Maria Enzersdorf In den Schnablern,48.09888158,16.29610401,3,16,105.0,6
at:43:5602,Mödling Gretl-Sätz-Steig,48.08287277,16.28859409,3,191,8.795811518324607,2
at:43:5603,Obersiebenbrunn Fachschule,48.2628342,16.70126217,3,7,240.0,-1
at:43:5604,Mödling Jasomirgottgasse,48.08217662,16.28509965,3,250,6.72,2
at:43:5605,Sulz/Wienerwald Wöglerin,48.11316411,16.1208427,3,20,84.0,6
at:43:5607,Sulz/Wienerwald Stangau,48.11282823,16.13035586,3,20,84.0,6
at:43:5608,Sulz/Wienerwald Schöffelstraße,48.10155124,16.13748848,3,24,70.0,6
at:43:5609,Mödling Dr.-Friedrich-Stöhr-Gasse,48.09002575,16.29934693,3,49,34.285714285714285,4
at:43:5610,Mödling Bezirkshauptmannschaft,48.08258471,16.30034406,3,12,140.0,7
at:43:5611,Hinterbrühl Gaadner Straße,48.08533922,16.24979586,3,11,152.72727272727272,7
at:43:5612,Lanzendorf Lindengasse,48.11110685,16.44470332,3,51,32.94117647058823,4
at:43:5615,Seibersdorf Marktplatz,47.95866551,16.52000909,3,24,70.0,6
at:43:5616,Reisenberg Hermannstadtstraße,47.99175338,16.5196318,3,17,98.82352941176471,6
at:43:5617,Thürnthal Parkstraße,48.43724172,15.8387178,3,16,105.0,6
at:43:5619,Großebersdorf Hauptplatz,48.36189001,16.46798766,3,35,48.0,5
at:43:5620,Markgrafneusiedl Feuerwehr,48.26581226,16.63306207,3,16,105.0,6
at:43:5621,Hankenfeld Ortsmitte,48.27603083,15.88141472,3,2,840.0,-1
at:43:5622,Tulln Wildgasse,48.32995985,16.0478995,3,18,93.33333333333333,6
at:43:5623,Neuaigen Bildstockgasse,48.36385962,16.03160406,3,15,112.0,6
at:43:5624,Neuaigen Fischerzeile,48.36281514,16.02419296,3,16,105.0,6
at:43:5626,Spannberg Geergasse,48.46441106,16.73438305,3,26,64.61538461538461,6
at:43:5627,Loidesthal Sommerseite 1,48.49968566,16.73985379,3,5,336.0,-1
at:43:5629,Loidesthal Hauptstraße,48.49792371,16.74479453,3,5,336.0,-1
at:43:5631,Tiefenthal Ort,48.43814164,16.00138473,3,21,80.0,6
at:43:5632,Großinzersdorf Gaiselberger Straße,48.52394801,16.74964543,3,7,240.0,-1
at:43:5633,Niederrußbach Ölbergstr./Schule,48.45000597,16.04049738,3,4,420.0,-1
at:43:5634,Engelhartstetten Brucknergasse,48.17774875,16.88070963,3,10,168.0,7
at:43:5635,Tulln Bezirksgericht,48.33252192,16.05191497,3,95,17.68421052631579,3
at:43:5636,Lindabrunn Angergasse,47.91113153,16.16788747,3,33,50.90909090909091,5
at:43:5637,Gänserndorf Süd Fuchsenwaldstr.,48.30834728,16.70000453,3,20,84.0,6
at:43:5638,Mauerbach Friedhof,48.25166193,16.16576744,3,16,105.0,6
at:43:5639,Groß-Enzersdorf Mittelschule,48.19887769,16.55260896,3,3,560.0,-1
at:43:5640,IZ NÖ-Süd Straße 4/Mercedes,48.07589285,16.32409551,3,15,112.0,6
at:43:5641,Großinzersdorf Gemeindehaus,48.52375167,16.75993114,3,23,73.04347826086956,6
at:43:5643,Großinzersdorf Dürnkruter Straße,48.52428119,16.77023482,3,23,73.04347826086956,6
at:43:5644,Grafenwörth P+R,48.41275899,15.77351808,3,11,152.72727272727272,7
at:43:5645,Ernstbrunn Bahnstraße,48.52837432,16.37673679,3,63,26.666666666666668,4
at:43:5646,Orth/Donau Schlossplatz,48.14496609,16.70085793,3,133,12.631578947368421,3
at:43:5656,Wildungsmauer Gemeindeamt,48.10930144,16.80428995,3,17,98.82352941176471,6
at:43:5657,Wilfleinsdorf Kirche,48.01241803,16.72190545,3,3,560.0,-1
at:43:5662,Bruck/Leitha Mittelschulen,48.02638211,16.77634336,3,67,25.074626865671643,4
at:43:5664,Götzendorf Kirche,48.01318723,16.57950452,3,70,24.0,4
at:43:5665,Weidlingbach bei Tullnerbach,48.2009913,16.07245045,3,14,120.0,6
at:43:5666,Kreuth Campingplatz,48.22898694,16.01105959,3,18,93.33333333333333,6
at:43:5667,Leitzersdorf Gemeindeamt,48.421887,16.24730752,3,19,88.42105263157895,6
at:43:5668,Bruderndorf Gartenstraße,48.47380374,16.29165735,3,16,105.0,6
at:43:5670,Stockerau Ernstbrunner Straße,48.38980355,16.21855245,3,18,93.33333333333333,6
at:43:5671,Schwechat B10/Hauptplatz,48.14086603,16.47768048,3,178,9.438202247191011,2
at:43:5673,Schwechat Wismayrstraße,48.13580645,16.47835421,3,36,46.666666666666664,5
at:43:5674,Trasdorf Dorfplatz/Ost,48.31259525,15.87875571,3,9,186.66666666666666,7
at:43:5675,Steinriegl Weidlingbachstraße,48.27372301,16.20596705,3,22,76.36363636363636,6
at:43:5676,Schönabrunn Teichrinne,48.07747737,16.91585172,3,26,64.61538461538461,6
at:43:5677,Korneuburg AHS/SPZ,48.353193,16.32116701,3,110,15.272727272727273,3
at:43:5679,Oeynhausen Friedhofstraße,47.98438231,16.29506196,3,35,48.0,5
at:43:5681,Hundsheim bei Hainburg Am Hohlweg,48.11996505,16.9435378,3,7,240.0,-1
at:43:5682,Mitterndorf/Atzenbrugg Steinfeldstr.,48.28554201,15.91636817,3,36,46.666666666666664,5
at:43:5683,Kogl Höhengasse,48.22183535,15.98923951,3,13,129.23076923076923,7
at:43:5684,Hadersfeld Feldgasse,48.33556161,16.26548044,3,13,129.23076923076923,7
at:43:5685,Hadersfeld Moserbergl,48.33710826,16.26096192,3,13,129.23076923076923,7
at:43:5686,Brunn/Geb. Alexander-Groß-Gasse,48.11105887,16.2826203,3,5,336.0,-1
at:43:5688,Rappoltenkirchen Öppinger Str.,48.23249953,16.01976426,3,52,32.30769230769231,4
at:43:5689,Höflein Volksschule,48.06507001,16.79210879,3,21,80.0,6
at:43:5690,Lassee Erholungszentrum,48.22381635,16.8546495,3,21,80.0,6
at:43:5691,Obermallebarn Abzw. Viendorf,48.47414916,16.15393663,3,2,840.0,-1
at:43:5692,Baden R.-Zöllner-Str./Stadtfriedhof,47.99811955,16.23703978,3,18,93.33333333333333,6
at:43:5693,Baden Horagasse,48.00976178,16.22264877,3,46,36.52173913043478,4
at:43:5696,Sieghartskirchen Schneeleitensiedlung,48.2517038,16.01663812,3,8,210.0,7
at:43:5697,Gerersdorf bei Sieghartskirchen,48.24658337,16.02548653,3,4,420.0,-1
at:43:5699,Klosterneuburg Max-Poosch-Gasse,48.31393349,16.2934989,3,42,40.0,5
at:43:5701,Strasshof Dr.-Bruno-Kreisky-Str.,48.31220093,16.62636962,3,7,240.0,-1
at:43:5702,Strasshof Dr.-R.-Kirchschläger-Str.,48.31028908,16.62721404,3,7,240.0,-1
at:43:5703,Hainburg/Donau Preßburger Reichsstr.,48.14664438,16.95490149,3,77,21.818181818181817,4
at:43:5704,Korneuburg Jochingergasse/NMS,48.34601102,16.3386572,3,4,420.0,-1
at:43:5706,Hinterbrühl Regenhartstraße,48.08649739,16.2486011,3,2,840.0,-1
at:43:5707,Hinterbrühl Parkstraße,48.08550124,16.24699311,3,2,840.0,-1
at:43:5708,Stockerau Johann-Gutenberg-Gasse,48.38081895,16.22603542,3,7,240.0,-1
at:43:5709,Stockerau Karl-Auer-von-Welsbach-Str.,48.38085475,16.23434483,3,7,240.0,-1
at:43:5710,Stockerau Am Neuriß,48.38139769,16.23097615,3,7,240.0,-1
at:43:5711,Stockerau Josef-Ressel-Gasse,48.38195255,16.22702356,3,7,240.0,-1
at:43:5712,Stockerau Bauhof,48.38503702,16.22665525,3,7,240.0,-1
at:43:5713,Stockerau Manhartstraße,48.39002427,16.20811403,3,11,152.72727272727272,7
at:43:5714,Berg/Wolfsthal Volksschule,48.10379484,17.03751056,3,38,44.21052631578947,5
at:43:5715,Korneuburg Hans-Kudlich-Straße,48.34497811,16.34188216,3,4,420.0,-1
at:43:5716,Stockerau Mittelweg,48.3785457,16.22864951,3,7,240.0,-1
at:43:5718,Marchegg Fünfhaus,48.26520829,16.90834181,3,33,50.90909090909091,5
at:43:5719,Marchegg Fasangasse,48.25837874,16.91244711,3,30,56.0,5
at:43:5720,Marchegg Friedlgasse,48.25482606,16.91630088,3,30,56.0,5
at:43:5721,Marchegg Marchgasse,48.25266682,16.91791785,3,20,84.0,6
at:43:5722,Breitensee Feuerwehr,48.24248545,16.87779011,3,15,112.0,6
at:43:5723,Breitensee Graf-Salm-Straße,48.2492274,16.87877825,3,15,112.0,6
at:43:5724,Breitensee Abzw. Bahnhof,48.24548863,16.87961369,3,15,112.0,6
at:43:5725,Breitensee Föhrenweg,48.24655346,16.88840819,3,15,112.0,6
at:43:5726,Klosterneuburg Meynertgasse,48.30183423,16.31848104,3,25,67.2,6
at:43:5727,Klosterneuburg Stadtfriedhof,48.30116495,16.32035852,3,50,33.6,4
at:43:5728,Klosterneuburg Brunnleiten,48.3225954,16.3074677,3,50,33.6,4
at:43:5729,Klosterneuburg Nivenburggasse,48.3130015,16.31879545,3,25,67.2,6
at:43:5731,Klosterneuburg Martinskirche,48.31432182,16.31822951,3,25,67.2,6
at:43:5732,Klosterneuburg Ingrid-Birkfellner-Weg,48.31506858,16.31703476,3,25,67.2,6
at:43:5733,Klosterneuburg Jakobgasse,48.32005671,16.30979433,3,25,67.2,6
at:43:5734,Klosterneuburg Schubertgasse,48.32162175,16.30887805,3,25,67.2,6
at:43:5735,Klosterneuburg Frankengasse,48.31433974,16.31649577,3,25,67.2,6
at:43:5736,Klosterneuburg Dietrichsteingasse,48.31324048,16.31751086,3,72,23.333333333333332,4
at:43:5737,Klosterneuburg In der Gugl,48.30968563,16.31594779,3,50,33.6,4
at:43:5738,Klosterneuburg Dr.-Weiß-Gasse,48.3092435,16.3174929,3,50,33.6,4
at:43:5739,Klosterneuburg Josef-Brenner-Str.,48.30856237,16.31943326,3,50,33.6,4
at:43:5741,Tulln Franz-Josef-Straße,48.32920135,16.05341515,3,126,13.333333333333334,3
at:43:5742,Schmida Abzw. Hausleiten,48.37837863,16.11767164,3,7,240.0,-1
at:43:5744,Klosterneuburg Ubald-Kostersitz-Gasse,48.29187185,16.32968303,3,26,64.61538461538461,6
at:43:5747,Weikendorf Fasanweg,48.34784392,16.76095522,3,5,336.0,-1
at:43:5748,Dörfles/Weikendorf Kirchensteig,48.35282288,16.75669721,3,5,336.0,-1
at:43:5749,Dörfles/Weikendorf Hauptstraße,48.35587329,16.75262784,3,5,336.0,-1
at:43:5753,Wolkersdorf Wirtschaftspark,48.3700604,16.5137658,3,8,210.0,7
at:43:5754,Parbasdorf Ortsmitte,48.28038311,16.58855055,3,10,168.0,7
at:43:5756,Deutsch-Wagram Wilhelm-Busch-Gasse,48.30325044,16.58013334,3,5,336.0,-1
at:43:5758,Baden Neumistergasse,48.01170891,16.24727159,3,44,38.18181818181818,4
at:43:5759,Tullnerfeld Bahnhof,48.29514106,15.99673146,0,322,5.217391304347826,0
at:43:5760,Glinzendorf Kirche,48.24718756,16.64058097,3,21,80.0,6
at:43:5764,Flughafen Wien Busterminal,48.11993507,16.56402654,3,176,9.545454545454545,2
at:43:5771,Fischamend Mittelschule,48.11648673,16.61382914,3,8,210.0,7
at:43:5772,Fischamend Flugfeldstraße,48.1112628,16.61461068,3,15,112.0,6
at:43:5773,Enzersdorf/Fischa Fischamender Str. 38,48.08707946,16.60885248,3,7,240.0,-1
at:43:5774,Enzersdorf/Fischa Dreifaltigkeitsplatz,48.08403099,16.6067594,3,17,98.82352941176471,6
at:43:5778,Prellenkirchen Deutsch-Altenburger Straße,48.07732732,16.94696038,3,21,80.0,6
at:43:5780,Baumgarten/Wagram Ortsmitte,48.48330782,15.9556515,3,9,186.66666666666666,7
at:43:5781,Pfösing Schulgasse,48.3971404,16.44556571,3,19,88.42105263157895,6
at:43:5782,Wolkersdorf Mühlgasse,48.38523389,16.51143018,3,1,1680.0,-1
at:43:5784,Hadersfeld Hauptstraße,48.33686342,16.25593135,3,26,64.61538461538461,6
at:43:5785,Hernstein Am Schlosspark,47.89485955,16.10206791,3,16,105.0,6
at:43:5786,Wolkersdorf Brünner Straße,48.38685062,16.51689194,3,77,21.818181818181817,4
at:43:5789,Allhang Sportplatzstraße,48.24154618,16.12622361,3,29,57.93103448275862,5
at:43:5791,Prellenkirchen Ortsmitte,48.07498653,16.95088602,3,29,57.93103448275862,5
at:43:5793,Petronell-Carnuntum Hauptplatz,48.11329606,16.86760321,3,19,88.42105263157895,6
at:43:5798,Leobersdorf Gemeindeamt,47.92875874,16.21660311,3,10,168.0,7
at:43:5799,Vösendorf Seeparksiedlung,48.10987726,16.35197922,3,99,16.96969696969697,3
at:43:5800,Breitenfurt Blasiussteig,48.13895376,16.13818917,3,63,26.666666666666668,4
at:43:5801,Klosterneuburg Aufeldgasse 66,48.29013854,16.34058858,3,26,64.61538461538461,6
at:43:5804,Perchtoldsdorf Balthasar-Krauß-Gasse,48.12954123,16.27438275,3,20,84.0,6
at:43:5806,Perchtoldsdorf Franz-Vesely-Gasse,48.12704692,16.27935941,3,14,120.0,6
at:43:5809,Baden Melkergründe,48.00406421,16.2585185,2,118,14.23728813559322,3
at:43:5810,Baumgarten/March Ortsmitte,48.30777966,16.87101681,3,14,120.0,6
at:43:5811,Breitensee Kirchenring,48.24054706,16.87652348,3,15,112.0,6
at:43:5812,Breitensee Badgasse,48.23758547,16.87535567,3,15,112.0,6
at:43:5814,Schwechat Mannswörther Str./OMV,48.14856236,16.49279912,3,33,50.90909090909091,5
at:43:5815,Neustift im Felde Abzw. Kirchberg,48.40757122,15.88765802,3,6,280.0,-1
at:43:5817,Hausleiten Mariengasse,48.39731337,16.09834888,3,7,240.0,-1
at:43:5818,Gaisruck Sommerbad,48.39889393,16.05580467,3,23,73.04347826086956,6
at:43:5819,Wiener Neustadt Kollonitschgasse,47.81288001,16.2360696,3,52,32.30769230769231,4
at:43:5820,Wiener Neustadt Zehnergasse/Gymnasium,47.81353154,16.2285507,3,106,15.849056603773585,3
at:43:5821,Wiener Neustadt Kaisersteingasse,47.81068407,16.21549818,3,121,13.884297520661157,3
at:43:5823,Mödling Neusiedler Straße,48.07796952,16.28801019,3,214,7.850467289719626,2
at:43:5824,Wiener Neustadt Herzog-Leopold-Straße,47.81402621,16.2387376,3,292,5.7534246575342465,2
at:43:5825,Adletzberg Nord,48.30098568,15.81347514,3,20,84.0,6
at:43:5826,Tulln Königstetter Straße,48.3258507,16.06262288,3,44,38.18181818181818,4
at:43:5827,Gänserndorf Villagasse,48.33924005,16.73061911,3,5,336.0,-1
at:43:5830,Gänserndorf Volksschule,48.33586019,16.71843796,3,16,105.0,6
at:43:5831,Möllersdorf Mühlgasse,48.02544488,16.3055453,3,10,168.0,7
at:43:5832,Oeynhausen Strauchgasse,47.98635444,16.29660707,3,7,240.0,-1
at:43:5833,Oeynhausen Anton-Kubernat-Str.,47.98811607,16.29513383,3,7,240.0,-1
at:43:5834,Gänserndorf Goethestraße,48.34024918,16.73999752,3,5,336.0,-1
at:43:5835,Eigenheimsiedlung Fischergasse,48.03839637,16.308375,3,4,420.0,-1
at:43:5836,Eigenheimsiedlung Igelgasse,48.03831828,16.30654243,3,4,420.0,-1
at:43:5837,Langenrohr Schule,48.30823973,16.00697225,3,3,560.0,-1
at:43:5839,Mödling Toni-Berg-Promenade,48.08400699,16.29340906,3,45,37.333333333333336,4
at:43:5840,Mödling Restitutagasse,48.08860363,16.29580757,3,24,70.0,6
at:43:5841,Mödling Franz-Skribany-Gasse,48.08910168,16.28548592,3,24,70.0,6
at:43:5842,Mödling Fabriksgasse,48.08172052,16.29799945,3,17,98.82352941176471,6
at:43:5843,Mödling Südtiroler Gasse,48.07717127,16.29881692,3,17,98.82352941176471,6
at:43:5844,Hausleiten Hauptplatz,48.3951184,16.10225655,3,15,112.0,6
at:43:5845,Hausleiten Gudenusstraße,48.38957091,16.11521924,3,8,210.0,7
at:43:5846,Groß-Enzersdorf Auvorstadt,48.18776332,16.5438414,3,21,80.0,6
at:43:5847,Biedermannsdorf Dorfweg,48.08313082,16.3494819,3,41,40.97560975609756,5
at:43:5849,Gablitz Hochbuch,48.22277499,16.14913065,3,13,129.23076923076923,7
at:43:5851,Gablitz Hauersteigstraße,48.23079413,16.14822335,3,12,140.0,7
at:43:5852,Gänserndorf Lehárgasse,48.34033278,16.73615273,3,5,336.0,-1
at:43:5853,Eigenheimsiedlung Grillenweg,48.03884685,16.31072858,3,31,54.193548387096776,5
at:43:5855,Perchtoldsdorf Sebastian-Kneipp-Gasse,48.12672912,16.28078773,3,14,120.0,6
at:43:5856,Wolfsgraben Hauptstraße,48.16308872,16.1206271,3,57,29.473684210526315,4
at:43:5857,Pfalzau Rudolf-Pleban-Straße,48.15990095,16.05949675,3,17,98.82352941176471,6
at:43:5858,Sulz/Wienerwald Josefsweg,48.09900157,16.13693152,3,42,40.0,5
at:43:5859,Sulz/Wienerwald Kaltenleutgebner Str.,48.10777189,16.1341198,3,66,25.454545454545453,4
at:43:5860,Sulz/Wienerwald Kirchengasse,48.10300299,16.13667101,3,66,25.454545454545453,4
at:43:5861,Sulz/Wienerwald Vogelgraben,48.09273186,16.14339041,3,42,40.0,5
at:43:5862,Sulz/Wienerwald Abzw. Rohrberg,48.09007375,16.14805267,3,42,40.0,5
at:43:5863,Sitzenberg Karl-Fischer-Straße,48.32153813,15.8032074,3,23,73.04347826086956,6
at:43:5864,Weigelsdorf Fabriksstraße,47.94299219,16.39627515,3,3,560.0,-1
at:43:5865,Weigelsdorf Volksschule,47.94846786,16.40548288,3,3,560.0,-1
at:43:5866,Pressbaum Sattelberggasse,48.16658187,16.09887889,3,47,35.744680851063826,4
at:43:5867,Weissenbach/Triesting Sportplatz,47.97416568,16.03367018,3,16,105.0,6
at:43:5868,Ebreichsdorf Schafflerhofstr.,47.9724577,16.4068573,3,4,420.0,-1
at:43:5869,Weigelsdorf Judenweg,47.94214371,16.41339704,3,85,19.764705882352942,3
at:43:5870,Hatzenbach Ortsmitte,48.42937419,16.2143124,3,17,98.82352941176471,6
at:43:5871,Niederhollabrunn Steinbergstr.,48.44759876,16.30560819,3,16,105.0,6
at:43:5872,Eggendorf/Reidling Ort,48.31021141,15.81031307,3,20,84.0,6
at:43:5874,Weissenbach/Mödling Autobahnbrücke,48.07879776,16.21295595,3,33,50.90909090909091,5
at:43:5875,Sparbach Ortsmitte,48.07429028,16.18865652,3,33,50.90909090909091,5
at:43:5876,Sparbach Tiergartensiedlung,48.07511858,16.18513512,3,33,50.90909090909091,5
at:43:5877,Dornbach/Wienerwald Ortsstraße 15,48.08319083,16.13714712,3,22,76.36363636363636,6
at:43:5878,Grub Sattelbachbrücke,48.08496716,16.10672118,3,22,76.36363636363636,6
at:43:5879,Sittendorf Feuerwehr,48.07579082,16.16322521,3,81,20.74074074074074,4
at:43:5880,Hasendorf/Traimauer Ortsmitte,48.29718496,15.8285848,3,20,84.0,6
at:43:5883,Michelhausen St. Pöltner Straße,48.28969026,15.93711027,3,29,57.93103448275862,5
at:43:5884,Lassee Wagramstraße,48.24597917,16.81450379,3,23,73.04347826086956,6
at:43:5885,Stockerau Wiesener Straße,48.39070431,16.23421009,3,19,88.42105263157895,6
at:43:5886,Auersthal Schulen,48.3744524,16.63753568,3,16,105.0,6
at:43:5887,Gaweinstal Volksschule,48.47952069,16.58540645,3,19,88.42105263157895,6
at:43:5889,Strasshof Albert-Sever-Str.,48.33041972,16.67321677,3,7,240.0,-1
at:43:5890,Tulln Zeiselweg,48.32586264,16.05181615,3,12,140.0,7
at:43:5891,Hagenbrunn Abzw. Wolfsbergensiedlung,48.32434552,16.40642611,3,29,57.93103448275862,5
at:43:5892,Fels am Wagram Wagramstraße,48.43455378,15.82926752,3,10,168.0,7
at:43:5893,Großriedenthal Untere Zeile,48.48189065,15.87082359,3,14,120.0,6
at:43:5895,Ladendorf Hauptplatz,48.53374011,16.49149657,3,14,120.0,6
at:43:5896,Schönkirchen Volksschule,48.36742262,16.69830671,3,5,336.0,-1
at:43:5898,Korneuburg Hafnerteich,48.35912647,16.32070887,3,30,56.0,5
at:43:5899,Oberweiden Gemeindeamt,48.30647113,16.83006261,3,10,168.0,7
at:43:5900,Schönkirchen Irisgasse,48.3269258,16.68033142,3,3,560.0,-1
at:43:5901,Schönkirchen Waldgasse,48.33108264,16.68531707,3,3,560.0,-1
at:43:5902,Schönkirchen Mozartgasse,48.33227707,16.68294552,3,3,560.0,-1
at:43:5903,Schönkirchen Haselnussgasse,48.32923719,16.67946904,3,3,560.0,-1
at:43:5905,Berndorf Hainfelder Straße,47.94641606,16.11022461,3,109,15.412844036697248,3
at:43:5906,Berndorf Gymnasium,47.94847388,16.10343335,3,36,46.666666666666664,5
at:43:5907,Tulln Fasanstraße,48.32310312,16.05582264,3,12,140.0,7
at:43:5908,Breitenfurt Hauptstraße 97,48.13402589,16.18319476,3,101,16.633663366336634,3
at:43:5909,Gars am Kamp Hauptplatz,48.59684952,15.66061781,3,22,76.36363636363636,6
at:43:5910,Gföhl Langenloiser Straße,48.51177961,15.50967389,3,52,32.30769230769231,4
at:43:5911,Leobendorf In Kirchbigeln,48.38249548,16.31488778,3,25,67.2,6
at:43:5912,Hafnerberg Kirche,48.01795845,16.01374555,3,30,56.0,5
at:43:5914,Nöstach Dörfl,48.03360301,16.02993319,3,42,40.0,5
at:43:5915,Schwarzensee Ortsmitte,48.00995409,16.06081727,3,9,186.66666666666666,7
at:43:5916,Gadenweith Ort,47.99108005,16.06886618,3,9,186.66666666666666,7
at:43:5918,Niedersulz Museumsdorf,48.4813607,16.67535476,3,25,67.2,6
at:43:5920,Baden Sandwirtgasse,48.00213482,16.21929805,3,49,34.285714285714285,4
at:43:5921,Schwechat Plankenwehrstraße,48.14179517,16.47479689,3,193,8.704663212435234,2
at:43:5922,Schwechat Rödlichgasse,48.1331086,16.47616233,3,21,80.0,6
at:43:5923,Nöstach Oberdörfl,48.03500262,16.03132558,3,13,129.23076923076923,7
at:43:5925,Nöstach Hafnerbergstraße,48.02613579,16.0218753,3,29,57.93103448275862,5
at:43:5926,Schwechat Felmayergasse,48.13344434,16.47499452,3,15,112.0,6
at:43:5927,Nöstach Neuhauser Straße,48.02342017,16.0284869,3,9,186.66666666666666,7
at:43:5928,Baden Evangelische Kirche,48.01133631,16.24341782,3,22,76.36363636363636,6
at:43:5929,Baden Kornhäuselstraße,48.0082473,16.2170343,3,23,73.04347826086956,6
at:43:5930,Baden Schlossgasse,48.00715949,16.21839075,3,23,73.04347826086956,6
at:43:5932,Muckendorf Bahnstraße,48.33089153,16.15099914,3,30,56.0,5
at:43:5933,Schwechat Franz-Schubert-Str.,48.1377608,16.47907287,3,36,46.666666666666664,5
at:43:5935,Schwechat Johann-Burkl-Gasse,48.13373811,16.47927948,3,36,46.666666666666664,5
at:43:5936,Schwechat Mappesgasse,48.13389999,16.47371891,3,86,19.53488372093023,3
at:43:5937,Schwechat Sommerbad,48.1403565,16.4707365,3,170,9.882352941176471,2
at:43:5938,Asparn/Tulln Europastraße,48.32060628,16.02020444,3,75,22.4,4
at:43:5939,Neu-Oberhausen Zellergasse,48.19402144,16.57072798,3,28,60.0,5
at:43:5940,Neu-Oberhausen Mozartgasse,48.19694363,16.57297376,3,28,60.0,5
at:43:5941,Neu-Oberhausen Schrammelgasse,48.20093143,16.57510277,3,28,60.0,5
at:43:5942,Alland Gewerbestraße,48.06750129,16.06389849,3,18,93.33333333333333,6
at:43:5943,Alland Fichtengasse,48.05730713,16.08760503,3,59,28.47457627118644,4
at:43:5952,Vösendorf Fischerstraße,48.11180261,16.34810748,3,13,129.23076923076923,7
at:43:5953,Vösendorf Badgasse,48.11646874,16.35019157,3,108,15.555555555555555,3
at:43:5954,Vösendorf Strandstraße,48.10954736,16.35073056,3,13,129.23076923076923,7
at:43:5956,Unterrohrbach Im Rauchenberg,48.38205398,16.28419235,3,26,64.61538461538461,6
at:43:5957,Leobendorf Rohrbacher Straße,48.38088458,16.31815765,3,25,67.2,6
at:43:5958,Dürnrohr Sackgasse,48.32081535,15.90391752,3,18,93.33333333333333,6
at:43:5959,Korneuburg Kornfeldstraße,48.35873849,16.31354929,3,53,31.69811320754717,4
at:43:5960,Schwechat Wiener Straße,48.1432338,16.47283856,3,324,5.185185185185185,2
at:43:5962,Gerasdorf Mozartweg,48.28821391,16.44872778,3,32,52.5,5
at:43:5963,Stopfenreuth Kirche,48.14848444,16.88062878,3,18,93.33333333333333,6
at:43:5964,Gerasdorf Blumenweg,48.2892121,16.45154849,3,32,52.5,5
at:43:5965,Gerasdorf Anzengruberweg,48.29035969,16.45480039,3,32,52.5,5
at:43:5966,Dürnkrut Schulen,48.47260667,16.85117302,3,80,21.0,4
at:43:5967,Waidhofen/Thaya Busbahnhof,48.8126287,15.28266064,3,216,7.777777777777778,2
at:43:5968,Waidhofen/Thaya Niederthal,48.81250447,15.29147311,3,33,50.90909090909091,5
at:43:5973,Bad Pirawarth Kurzentrum,48.44964847,16.60984961,3,6,280.0,-1
at:43:5974,Waidhofen/Thaya Bahnhofstraße,48.81375857,15.2823103,3,7,240.0,-1
at:43:5975,Dürnkrut Badsiedlung,48.47160016,16.84312412,3,46,36.52173913043478,4
at:43:5976,Klosterneuburg Eichbergg. 30,48.31222483,16.2930677,3,42,40.0,5
at:43:5977,Klosterneuburg Leopoldsgraben,48.31138243,16.29546621,3,42,40.0,5
at:43:5978,Klosterneuburg Dr.-Teichmann-Gasse,48.31283422,16.29995778,3,42,40.0,5
at:43:5979,Klosterneuburg Kindergarten,48.31479975,16.30236527,3,41,40.97560975609756,5
at:43:5982,Gerasdorf Johann-Kaller-Gasse,48.29163278,16.45835772,3,32,52.5,5
at:43:5983,Tribuswinkel J.-Lichtenecker-Gasse,48.0006682,16.26734894,3,82,20.48780487804878,4
at:43:5984,Wiener Neustadt Ferdinand-Porsche-Ring,47.81067201,16.23652774,3,143,11.748251748251748,3
at:43:5985,Oberhausen Volksschule,48.18431355,16.58064538,3,80,21.0,4
at:43:5987,Gerasdorf Dr.-Theodor-Körner-Gasse,48.29301341,16.4622564,3,32,52.5,5
at:43:5988,Rauchenwarth Kirchenplatz,48.08401899,16.52803105,3,27,62.22222222222222,6
at:43:5990,Wiener Neudorf Martonygasse,48.08277075,16.31047705,3,25,67.2,6
at:43:5992,Mitterndorf/Fischa Grenzgasse,48.00212881,16.47284754,3,77,21.818181818181817,4
at:43:5993,Langenlois Haindorf B218,48.47407174,15.69314581,3,11,152.72727272727272,7
at:43:5994,Rastenfeld Bundesstraße/P+R,48.57537406,15.33037915,3,71,23.661971830985916,4
at:43:5995,Gerasdorf Westliche Scheunenstraße,48.29505739,16.46571492,3,119,14.117647058823529,3
at:43:5996,Gerasdorf Grenzweg,48.29623474,16.44063396,3,106,15.849056603773585,3
at:43:5997,Fischamend Zeppelinstraße,48.12446254,16.59003277,3,34,49.411764705882355,5
at:43:5998,Auersthal Europa-Siedlung,48.37767456,16.62398909,3,21,80.0,6
at:43:5999,Tulln Einkaufszentrum,48.32883703,16.05060343,3,8,210.0,7
at:43:6000,Winkl im Felde Kirche,48.38455378,15.89903967,3,5,336.0,-1
at:43:6001,Strasshof Schulcampus,48.3219025,16.65481029,3,19,88.42105263157895,6
at:43:6002,Hornsburg Hauptstraße 19,48.46016979,16.44606876,3,13,129.23076923076923,7
at:43:6003,Wiener Neustadt Anemonensee,47.8119208068183,16.2095333655642,1,49,34.285714285714285,3
at:43:6004,Hochschneeberg Bahnhof,47.7605202,15.83430707,1,8,210.0,6
at:43:6005,Puchberg Hengsthütte,47.75843075,15.88332814,1,8,210.0,6
at:43:6006,Puchberg Baumgartner,47.75344834,15.85075522,1,8,210.0,6
at:43:6007,Bad Fischau Schulgasse,47.83042006,16.16268622,3,29,57.93103448275862,5
at:43:6008,Langenzersdorf Rebschulgasse,48.30412286,16.36102526,3,5,336.0,-1
at:43:6009,Langenzersdorf Im Kühhagel,48.30091995,16.36932569,3,5,336.0,-1
at:43:6010,Judenau Schloßplatz,48.28428671,16.01011636,3,5,336.0,-1
at:43:6011,Langenzersdorf Friedhofstraße,48.30017895,16.36982874,3,5,336.0,-1
at:43:6012,Deutsch-Wagram Franz-Schuhmeier-Str.,48.30150557,16.57234494,3,7,240.0,-1
at:43:6014,Deutsch-Wagram Karl-Wiesinger-Straße,48.30243179,16.57874095,3,7,240.0,-1
at:43:6015,Deutsch-Wagram Albert-Schweitzer-G.,48.3015235,16.58158861,3,7,240.0,-1
at:43:6016,Schönau/Triesting R.-Steiner-Schule,47.93657709,16.2485472,3,38,44.21052631578947,5
at:43:6017,Mauerbach Volksschule,48.24843181,16.16659389,3,8,210.0,7
at:43:6018,Sieghartskirchen Volksschule,48.25921604,16.00958635,3,100,16.8,3
at:43:6020,Vösendorf Anton-Benya-Straße 7,48.11579703,16.31250725,3,11,152.72727272727272,7
at:43:6021,Wiener Neudorf Am Anningerpark,48.07904383,16.30825822,3,5,336.0,-1
at:43:6022,Sooß Obere Hauptstraße,47.9844725,16.20927285,3,29,57.93103448275862,5
at:43:6023,Wiener Neudorf Anningerstraße,48.08083831,16.31154605,3,5,336.0,-1
at:43:6025,Kronberg Feldgasse,48.41854244,16.51892213,3,5,336.0,-1
at:43:6026,Sieghartskirchen Sichelgrund,48.25764909,16.01039483,3,64,26.25,4
at:43:6029,Brunn/Geb. Auf der Stierwiese,48.10143125,16.30209577,3,7,240.0,-1
at:43:6030,Wipfing/Donau Hauptstraße,48.32273875,16.14343533,3,20,84.0,6
at:43:6031,Wiener Neudorf Eumigweg,48.08961772,16.31921766,3,4,420.0,-1
at:43:6032,Engelmannsbrunn Ortsmitte,48.44141339,15.87487499,3,5,336.0,-1
at:43:6033,Wolfsgraben Besenkopf,48.16431704,16.10542761,3,56,30.0,4
at:43:6034,Gaaden Buchengasse,48.06000896,16.21435732,3,34,49.411764705882355,5
at:43:6035,Ulrichskirchen Volksschule,48.41271725,16.49323032,3,28,60.0,5
at:43:6036,Ulrichskirchen Hofgartenstraße,48.39618607,16.49180199,3,3,560.0,-1
at:43:6037,Ulrichskirchen Bahnstraße,48.39877464,16.49294285,3,3,560.0,-1
at:43:6038,Mauerbach Hirschengartenstraße,48.24660131,16.16339589,3,8,210.0,7
at:43:6039,Bruck/Leitha Volksschule,48.03130229,16.77058516,3,35,48.0,5
at:43:6041,Ebergassing Siedlergasse,48.04980131,16.5113134,3,44,38.18181818181818,4
at:43:6042,Sarasdorf Volksschule,48.02114302,16.67578595,3,3,560.0,-1
at:43:6043,Trautmannsdorf/Leitha Volksschule,48.02212839,16.64383287,3,3,560.0,-1
at:43:6045,Korneuburg Liebherrstraße,48.36108424,16.32477823,3,30,56.0,5
at:43:6046,Hinterbrühl Mannlichergasse,48.08970173,16.26191413,3,42,40.0,5
at:43:6047,Perchtoldsdorf Wegbachgasse,48.11775814,16.26636079,3,84,20.0,4
at:43:6048,Moosbrunn Unterwaltersdorfer Straße,48.01219568,16.45299477,3,2,840.0,-1
at:43:6049,Mödling WIFI,48.07118702,16.30246408,3,24,70.0,6
at:43:6050,Breitenfurt Wolfsgrabenstraße,48.14146548,16.13016721,3,10,168.0,7
at:43:6052,Leobersdorf Leopold-Hörbinger-Straße,47.93134091,16.21448308,3,18,93.33333333333333,6
at:43:6053,Bad Vöslau Veilchengasse,47.95960395,16.21717803,3,42,40.0,5
at:43:6054,Enzesfeld Kreuzgasse,47.91429861,16.18731803,3,33,50.90909090909091,5
at:43:6055,Baden Landesklinikum,47.99943597,16.25570677,2,222,7.5675675675675675,2
at:43:6056,Puchberg Hengsttal,47.78523095,15.89920137,1,8,210.0,6
at:43:6057,Fahrafeld Hainfelder Str. 21/28,47.97366051,16.07159705,3,31,54.193548387096776,5
at:43:6058,Sooß Gartengasse,47.98382312,16.22127435,3,68,24.705882352941178,4
at:43:6060,Bad Pirawarth Rathaus,48.4525918,16.59984237,3,64,26.25,4
at:43:6061,Korneuburg Viktor-Kaplan-Str.,48.36010537,16.32864099,3,26,64.61538461538461,6
at:43:6062,Korneuburg McDonalds-Straße,48.36118571,16.32025971,3,30,56.0,5
at:43:6065,Korneuburg Bezirksbauernkammer,48.35717459,16.33038372,3,30,56.0,5
at:43:6067,Kaltenleutgeben Wiesengasse,48.11256433,16.1748045,3,66,25.454545454545453,4
at:43:6068,Langenzersdorf Schulstraße,48.31154972,16.35164684,3,5,336.0,-1
at:43:6069,Klosterneuburg Aufeldgasse/Inkustraße,48.29345568,16.33829788,3,52,32.30769230769231,4
at:43:6071,Gramatneusiedl Schulen,48.02966228,16.48887349,3,73,23.013698630136986,4
at:43:6073,Schwadorf Schulgasse,48.06977639,16.58017825,3,64,26.25,4
at:43:6074,Alland Groisbach,48.04452256,16.05037885,3,3,560.0,-1
at:43:6078,Mold Abfallwirtschaftsverband,48.64210587,15.70015267,3,5,336.0,-1
at:43:6079,Mold Meierhofstraße,48.64662868,15.70163489,3,5,336.0,-1
at:43:6080,Rohrau Ziegelofengasse,48.06599451,16.85593409,3,16,105.0,6
at:43:6083,Unterwaltersdorf Friedhof,47.96382673,16.42939603,3,103,16.310679611650485,3
at:43:6084,Aigen b. Berndorf Hinteraigen,47.90246622,16.12413951,3,60,28.0,4
at:43:6087,Sparbach b. Vitis B2/Abzw. Ort,48.75000239,15.22419828,3,5,336.0,-1
at:43:6089,Baden Hochschulpromenade,48.00792276,16.25383828,3,24,70.0,6
at:43:6090,Baden Josef-Kollmann-Straße,48.00571104,16.25676678,3,24,70.0,6
at:43:6091,Baden Bezirkshauptmannschaft,48.00456307,16.25434133,3,24,70.0,6
at:43:6092,Baden Kanalgasse,48.0023452,16.2532364,3,47,35.744680851063826,4
at:43:6093,Baden Prinz-Solms-Straße,48.00350523,16.24654396,3,23,73.04347826086956,6
at:43:6094,Baden Erzherzogin-Isabelle-Straße,47.99835398,16.21171627,3,26,64.61538461538461,6
at:43:6095,Baden Dörflergasse,48.00152173,16.21274035,3,26,64.61538461538461,6
at:43:6096,Baden Steinbruchgasse,48.00389592,16.21259662,3,49,34.285714285714285,4
at:43:6097,Baden Dumbagasse,48.00084252,16.21576767,3,25,67.2,6
at:43:6098,Maria Lanzendorf Sportplatz,48.09393186,16.42041288,3,130,12.923076923076923,3
at:43:6099,Zwölfaxing Josef-Weiß-Gasse,48.11555114,16.46632577,3,63,26.666666666666668,4
at:43:6101,Wiener Neudorf Buchenweg,48.07955998,16.32928778,3,5,336.0,-1
at:43:6103,Dürrwien Höferwiese,48.17271077,16.04596812,3,14,120.0,6
at:43:6104,Purkersdorf Volksschule,48.20546373,16.17402296,3,6,280.0,-1
at:43:6107,Schönkirchen Tannengasse,48.32595821,16.68345756,3,3,560.0,-1
at:43:6109,Angern/March Volksschule,48.37787146,16.82893972,3,8,210.0,7
at:43:6110,Neu-Guntramsdorf Ozeanstraße,48.06747728,16.31663051,3,63,26.666666666666668,4
at:43:6111,Biedermannsdorf S.-Marcus-Str.,48.08578329,16.35674029,3,77,21.818181818181817,4
at:43:6112,Obereggendorf Gemeindeamt,47.85362075,16.31341455,3,66,25.454545454545453,4
at:43:6113,Untereggendorf Hauptstraße 39/42,47.8579426,16.32106819,3,66,25.454545454545453,4
at:43:6114,Bruck/Leitha Eco-Plus-Park 2. Straße,48.03422173,16.80519725,3,22,76.36363636363636,6
at:43:6115,Höflein Am Anger,48.07147515,16.78190393,3,22,76.36363636363636,6
at:43:6118,Angern/March Feldgasse,48.38504895,16.82067522,3,17,98.82352941176471,6
at:43:6121,Marchegg Hauptstraße,48.27557047,16.90932996,3,32,52.5,5
at:43:6122,Heimbautal Gartenstraße,48.17426235,16.14804368,3,29,57.93103448275862,5
at:43:6123,Obereggendorf Am Stampf,47.84670022,16.29559197,3,66,25.454545454545453,4
at:43:6124,Wolkersdorf Hofgartenstraße,48.38256708,16.51677516,3,25,67.2,6
at:43:6127,Alland P+R,48.06057333,16.07375301,3,38,44.21052631578947,5
at:43:6131,Gänserndorf Lagerhausstraße,48.34023724,16.72996334,3,19,88.42105263157895,6
at:43:6132,Gänserndorf Peter-Rosegger-Gasse,48.34200467,16.73193065,3,5,336.0,-1
at:43:6133,Gänserndorf Gärtnergasse,48.34373621,16.72480701,3,5,336.0,-1
at:43:6134,Gänserndorf Remisengasse,48.3450617,16.71527589,3,5,336.0,-1
at:43:6135,Gänserndorf Bockfließer Weg,48.34139563,16.71191619,3,5,336.0,-1
at:43:6136,Obereggendorf Ortsmitte,47.85085988,16.30828516,3,66,25.454545454545453,4
at:43:6137,Gänserndorf Flurgasse,48.33731726,16.71382062,3,5,336.0,-1
at:43:6140,Hainburg/Donau Josef-Maurer-Gasse,48.14220278,16.95443437,3,2,840.0,-1
at:43:6141,Hainburg/Donau Selbsthilfegasse,48.1457453,16.95465894,3,2,840.0,-1
at:43:6142,Hennersdorf Stiftergasse,48.10945139,16.37186792,3,33,50.90909090909091,5
at:43:6143,Hennersdorf Wildgansgasse,48.10907351,16.37324234,3,31,54.193548387096776,5
at:43:6144,Berg bei Wolfsthal Friedhofgasse,48.10330293,17.03266864,3,32,52.5,5
at:43:6146,St. Andrä-Wördern Tullner Straße,48.32217727,16.20515857,3,32,52.5,5
at:43:6147,Kierling Maital,48.30768406,16.26546248,3,53,31.69811320754717,4
at:43:6148,Purkersdorf Pestsäule,48.202081,16.16966613,3,72,23.333333333333332,4
at:43:6150,Brunn/Geb. Karl-Etti-Platz,48.11437563,16.29593333,3,56,30.0,4
at:43:6151,Brunn/Geb. Europaring,48.11475947,16.30073033,3,56,30.0,4
at:43:6152,Brunn/Geb. Liebermannstraße,48.11423169,16.29296889,3,56,30.0,4
at:43:6153,Wiener Neudorf Reisenbauer-Ring Nord,48.0909618,16.31035129,3,4,420.0,-1
at:43:6156,Leobersdorf Ared-Park,47.92729004,16.20382008,3,64,26.25,4
at:43:6158,Laxenburg Guntramsdorfer Str.,48.06437962,16.35149413,3,60,28.0,4
at:43:6159,Unterwaltersdorf Mitterndorfer Str.,47.96250941,16.43648374,3,25,67.2,6
at:43:6160,Moosbrunn Wassergasse,48.02117306,16.46532864,3,30,56.0,5
at:43:6161,Unterwaltersdorf Mühlgasse,47.9649335,16.43787613,3,25,67.2,6
at:43:6162,Klosterneuburg Wigandgasse 8,48.32119764,16.30544649,3,25,67.2,6
at:43:6163,Klosterneuburg Wigandgasse 22,48.32050473,16.30727905,3,25,67.2,6
at:43:6164,Hennersdorf Gemeindeamt,48.11090292,16.36636125,3,52,32.30769230769231,4
at:43:6181,Schwarzensee Maigraben,48.00710539,16.06160779,3,9,186.66666666666666,7
at:43:6184,Kottingbrunn Volksschule,47.94498396,16.22779612,3,5,336.0,-1
at:43:6186,Schönau an der Donau Friedhof,48.14663839,16.61475441,3,17,98.82352941176471,6
at:43:6187,Strasshof Anton-Fromm-Straße,48.32482933,16.6474441,3,7,240.0,-1
at:43:6188,Wolkersdorf Marie-Curie-Straße,48.36962475,16.5072081,3,4,420.0,-1
at:43:6190,Gablitz Schielegasse,48.22442679,16.15388273,3,13,129.23076923076923,7
at:43:6191,Berndorf Niederfeldkapelle,47.94291396,16.11757283,3,61,27.540983606557376,4
at:43:6192,Pachfurth Bahnstraße,48.04935092,16.8306555,3,3,560.0,-1
at:43:6193,Pachfurth Milchgasse,48.04803578,16.83559624,3,2,840.0,-1
at:43:6195,Haslau/Donau Volksschule,48.11488542,16.71419791,3,5,336.0,-1
at:43:6196,Maria Ellend Kirche,48.11074098,16.69100341,3,27,62.22222222222222,6
at:43:6197,Strasshof Franz-Planeta-Straße,48.31391557,16.61835665,3,7,240.0,-1
at:43:6198,Leopoldsdorf/Marchfeld Breitstetter Str.,48.21983033,16.69252156,3,49,34.285714285714285,4
at:43:6200,IZ NÖ-Süd Str. 15/WALTER B-PARK 77,48.06209228,16.33191086,3,54,31.11111111111111,4
at:43:6201,Großwiesendorf Unterer Wiesboden,48.43912497,15.98573608,3,16,105.0,6
at:43:6202,Kirchstetten/Neul. Bahnbrücke,48.1895001,15.82456933,3,9,186.66666666666666,7
at:43:6205,Prellenkirchen Volksschule,48.07456638,16.95398521,3,3,560.0,-1
at:43:6206,Niederfellabrunn Volksschule,48.46312442,16.29756826,3,4,420.0,-1
at:43:6208,Vösendorf SCS Park/Europaring,48.11745828,16.32002615,3,67,25.074626865671643,4
at:43:6209,Wienerherberg Kleinfeldgasse,48.06047727,16.55549255,3,52,32.30769230769231,4
at:43:6210,Ebergassing Schwadorfer Straße,48.04615609,16.51973062,3,31,54.193548387096776,5
at:43:6211,Absdorf b. Tulln Brunnenweg,48.40052215,15.96732062,3,3,560.0,-1
at:43:6212,Horn Stadtsee,48.67010279,15.65407808,3,20,84.0,6
at:43:6213,Wiener Neustadt Platz der Gesundheit,47.81272316,16.23220684,3,273,6.153846153846154,2
at:43:6215,Schloßhof Prinz-Eugen-Straße,48.21528134,16.93056613,3,24,70.0,6
at:43:6216,Leobendorf Industriezeile,48.36282111,16.3079977,3,51,32.94117647058823,4
at:43:6218,Wolkersdorf Mittelschule,48.38169004,16.52085351,3,57,29.473684210526315,4
at:43:6220,Breitenfurt Rudolf-Steiner-Gasse,48.1347573,16.18822533,3,101,16.633663366336634,3
at:43:6221,Wiener Neustadt Waldschule,47.76782054,16.19083044,3,10,168.0,7
at:43:6222,Münchendorf Babenbergersee II,48.03306238,16.40917495,3,15,112.0,6
at:43:6223,Judenau An der Tulln,48.28569145,16.01246994,3,32,52.5,5
at:43:6224,Tulbing Volksschule,48.29557734,16.12037557,3,9,186.66666666666666,7
at:43:6225,Himberg Ebergassinger Str.,48.07199737,16.45623769,3,45,37.333333333333336,4
at:43:6226,Wiener Neudorf Brown-Boveri-Str.,48.07480047,16.30614717,3,33,50.90909090909091,5
at:43:6227,Sittendorf An der Teichwiese,48.07174526,16.16582134,3,49,34.285714285714285,4
at:43:6228,Herzogbirbaum Ort,48.51856333,16.25120621,3,17,98.82352941176471,6
at:43:6229,Erlaa Kapellenstraße,48.2125338,15.96579348,3,4,420.0,-1
at:43:6230,Wiener Neudorf Franz-Fürst-Str.,48.07658908,16.31063875,3,16,105.0,6
at:43:6231,Klosterneuburg Untere Öden,48.29186587,16.32470637,3,25,67.2,6
at:43:6233,Klosterneuburg Normannengasse,48.2936051,16.34327455,3,26,64.61538461538461,6
at:43:6234,Klosterneuburg Donaustr./Büropark,48.29131003,16.3439393,3,26,64.61538461538461,6
at:43:6235,Gänserndorf Busbahnhof,48.33857126,16.71661438,3,144,11.666666666666666,3
at:43:6236,Breitenfurt Friedhof,48.14091399,16.13391318,3,65,25.846153846153847,4
at:43:6237,Breitenfurt Raphael-Donner-Gasse,48.13886384,16.13240402,3,63,26.666666666666668,4
at:43:6239,Elsbach Alte Poststraße,48.25187129,16.04727068,3,1,1680.0,-1
at:43:6240,Guntramsdorf Schulcampus,48.05187903,16.31495965,3,36,46.666666666666664,5
at:43:6241,Furth/Triesting Sägewerk,47.97163978,16.01723101,3,18,93.33333333333333,6
at:43:6243,IZ NÖ-Süd Str. 15/Wendestelle,48.06158196,16.33357274,3,56,30.0,4
at:43:6245,Feuerwerksanstalt Industriestr.,47.85646586,16.20095445,3,12,140.0,7
at:43:6246,Steinabrückl Volksschule,47.86851968,16.20293973,3,47,35.744680851063826,4
at:43:6247,Steinabrückl Mitterweg,47.86989363,16.21438427,3,19,88.42105263157895,6
at:43:6248,Steinabrückl Getreidegasse,47.87374413,16.21759125,3,19,88.42105263157895,6
at:43:6250,Thürnthal Seepark,48.4280807,15.85115048,3,5,336.0,-1
at:43:6251,Brunn/Geb. Rennweg,48.10858765,16.2998949,3,11,152.72727272727272,7
at:43:6253,St. Andrä-Wördern Dr.-Ignaz-Stich-Platz,48.32665105,16.21112338,3,19,88.42105263157895,6
at:43:6254,St. Andrä-Wördern Franz-Lehar-Gasse,48.32885495,16.21206661,3,19,88.42105263157895,6
at:43:6255,Trumau Schloßgasse,47.99343667,16.33817211,3,5,336.0,-1
at:43:6256,Wiener Neudorf Gemeindeamt,48.08637737,16.31794205,3,94,17.872340425531913,3
at:43:6257,Götzendorf Volksschule,48.0129769,16.58228031,3,2,840.0,-1
at:43:6260,Mistelbach Landesklinikum,48.56626176,16.58018723,3,168,10.0,2
at:43:6264,Matzendorf An der Raxstraße,47.89196234,16.2275356,3,11,152.72727272727272,7
at:43:6265,Matzendorf Buchenweg,47.89034802,16.2229003,3,11,152.72727272727272,7
at:43:6267,Ebergassing Götzendorfer Str.,48.04302111,16.52390778,3,42,40.0,5
at:43:6268,Oberwaltersdorf Badeteich,47.98495352,16.3356748,3,29,57.93103448275862,5
at:43:6269,Mödling Im Felberbrunn,48.07651106,16.30275154,3,16,105.0,6
at:43:6270,Weidling Reitstall,48.27913964,16.28036553,3,84,20.0,4
at:43:6271,Matzen Hofgartenstraße,48.39865536,16.69789349,3,62,27.096774193548388,4
at:43:6272,Haringsee Volksschule,48.19341662,16.78547923,3,23,73.04347826086956,6
at:43:6273,Haringsee Pframastraße,48.19027265,16.78651229,3,23,73.04347826086956,6
at:43:6275,Maria Gugging Am Campus,48.31015166,16.25891376,3,42,40.0,5
at:43:6276,Stockerau Gymnasiumweg,48.38937405,16.20275109,3,14,120.0,6
at:43:6278,Schwechat Klederinger Straße,48.13709537,16.46390032,3,56,30.0,4
at:43:6279,Bruck/Leitha Eco-Plus-Park 5. Straße,48.03441996,16.79571104,3,22,76.36363636363636,6
at:43:6280,Mödling Landesklinikum,48.08859163,16.29718199,3,25,67.2,6
at:43:6281,Velm bei Himberg Schlosspark,48.03896097,16.43539678,3,1,1680.0,-1
at:43:6282,Velm bei Himberg Kalter Gang,48.03691276,16.43300726,3,15,112.0,6
at:43:6283,Kottingbrunn Dammgasse,47.95411742,16.22104078,3,31,54.193548387096776,5
at:43:6284,Kottingbrunn Flugplatz,47.96401922,16.2501462,3,16,105.0,6
at:43:6288,Bad Vöslau Flugfeldstraße,47.96601619,16.23641096,3,27,62.22222222222222,6
at:43:6290,Bad Vöslau Sinagasse,47.97300499,16.21495919,3,34,49.411764705882355,5
at:43:6291,Gainfarn Grafgasse,47.96303875,16.20038852,3,35,48.0,5
at:43:6292,Klausen-Leopoldsdorf Abzw. Großkrottenbach,48.08478713,16.02113868,3,8,210.0,7
at:43:6293,Traiskirchen Margarethenstraße,48.01922028,16.29597825,3,25,67.2,6
at:43:6294,Kottingbrunn Kastanienweg,47.96204623,16.23466823,3,11,152.72727272727272,7
at:43:6296,Wiener Neustadt Neudörfler Straße P+D,47.80462666,16.26767233,3,82,20.48780487804878,4
at:43:6297,Enzesfeld Remisegasse,47.91366039,16.1895728,3,9,186.66666666666666,7
at:43:6299,Enzesfeld Wiesengasse,47.92347362,16.19755882,3,64,26.25,4
at:43:6300,Gänserndorf Gesundheitskasse,48.34758123,16.72596584,3,28,60.0,5
at:43:6301,Gänserndorf Medizinisches Zentrum,48.34638716,16.72889435,3,28,60.0,5
at:43:6302,Engelhartstetten Gemeindeamt,48.18216331,16.88071861,3,33,50.90909090909091,5
at:43:6303,Siegenfeld Hochweg,48.03845643,16.18138915,3,31,54.193548387096776,5
at:43:6304,St. Veit/Triesting Volksschule,47.939201,16.15568835,3,36,46.666666666666664,5
at:43:6305,Mitterndorf/Fischa Landesmann-Straße,48.00278397,16.48121984,3,27,62.22222222222222,6
at:43:6307,Wolkersdorf Alter Markt,48.38689835,16.51237341,3,1,1680.0,-1
at:43:6308,Prottes Dörfleser Straße,48.38126643,16.74319553,3,6,280.0,-1
at:43:6309,Strasshof Sillerstraße,48.32658535,16.67885819,3,10,168.0,7
at:43:6310,Strasshof Bertha-von-Suttner-Gasse,48.32542065,16.67350423,3,10,168.0,7
at:43:6311,Helmahof Eduard-Bauernfeld-Gasse,48.31936976,16.57988181,3,62,27.096774193548388,4
at:43:6316,Neu-Guntramsdorf Franz-Novy-Gasse,48.06203824,16.32162515,3,63,26.666666666666668,4
at:43:6317,Deutsch-Wagram Rohrergasse,48.29644989,16.5564268,3,49,34.285714285714285,4
at:43:6319,Bad Deutsch-Altenburg Berggasse,48.1328568,16.90412871,3,8,210.0,7
at:43:6320,Enzersdorf/Fischa Julius-Raab-Gasse,48.08910168,16.60938248,3,8,210.0,7
at:43:6321,Pischelsdorf Schulgasse,48.00515809,16.56752099,3,35,48.0,5
at:43:6322,Unterwaltersdorf Georg-Bannert-Straße,47.95591625,16.43625916,3,14,120.0,6
at:43:6323,Kleinneusiedl Schwadorfer Straße 18,48.09039177,16.60443276,3,11,152.72727272727272,7
at:43:6324,Deutsch-Wagram Grenzweg,48.30817998,16.56940745,3,34,49.411764705882355,5
at:43:6327,Kottingbrunn Feldgasse,47.94606706,16.23101208,3,11,152.72727272727272,7
at:43:6329,Seyring G3 Shopping Resort/Eingang C,48.34478108,16.46344218,3,19,88.42105263157895,6
at:43:6330,Seyring G3 Shopping Resort/Eingang B,48.34270326,16.46308285,3,18,93.33333333333333,6
at:43:6331,Haschendorf Dorfstraße,47.88807103,16.34528677,3,15,112.0,6
at:43:7032,Bad Erlach Bahnhof,47.73222095,16.21211153,0,76,22.105263157894736,2
at:43:7033,Brunn an der Pitten Bahnhof,47.7225165390814,16.1878839672139,0,30,56.0,3
at:43:7034,Pitten Bahnhof,47.7171257590473,16.1795655676818,0,36,46.666666666666664,3
at:43:7035,Sautern-Schiltern Bahnhof,47.70720696,16.15584106,1,43,39.06976744186046,3
at:43:7036,Seebenstein Bahnhof,47.7034287354609,16.1429592198488,0,34,49.411764705882355,3
at:43:7037,Gleißenfeld Bahnhof,47.6772335852797,16.12915211393,1,30,56.0,4
at:43:7038,Scheiblingkirchen-Warth Bhf.,47.66228581,16.13096671,0,64,26.25,2
at:43:7039,Petersbaumgarten Bahnhof,47.63379395,16.13237707,1,45,37.333333333333336,3
at:43:7040,Edlitz-Grimmenstein Bahnhof,47.61674466,16.12784956,0,157,10.700636942675159,1
at:43:7041,Aspang Markt Bahnhof,47.56203561,16.09936398,0,117,14.35897435897436,1
at:43:7042,Ausschlag-Zöbern Bahnhof,47.5329007736222,16.0832482029051,0,20,84.0,4
at:43:7057,Lanzenkirchen Bahnhof,47.7508271028915,16.2422949239806,1,30,56.0,4
at:43:7058,Gleißenfeld B54/Klammgasse,47.67368909,16.12975399,3,5,336.0,-1
at:43:7076,Großwiesendorf Süd,48.44620444,15.98633795,3,16,105.0,6
at:43:7091,Bad Fischau-Brunn Bahnhof,47.8267714,16.17318753,0,71,23.661971830985916,2
at:43:7092,Bad Fischau Bahnhof,47.8314935011909,16.171624460569,0,46,36.52173913043478,2
at:43:7093,Feuerwerksanstalt Bahnhof,47.8487861215994,16.1893482211272,0,39,43.07692307692308,3
at:43:7094,Wöllersdorf Bahnhof,47.8614383997844,16.178298943131,0,46,36.52173913043478,2
at:43:7096,Dreistetten Bahnhof,47.87241848,16.11049411,1,39,43.07692307692308,4
at:43:7097,Oberpiesting Bahnhof,47.8745575822432,16.0977110789814,0,48,35.0,2
at:43:7098,Wopfing Bahnhof,47.8736959280159,16.077094743208,0,39,43.07692307692308,3
at:43:7099,Waldegg Bahnhof,47.8689475344163,16.0585984315054,0,46,36.52173913043478,2
at:43:7100,Oed/Piesting Bahnhof,47.8787150131668,16.0263938285652,0,39,43.07692307692308,3
at:43:7101,Miesenbach-Waidmannsfeld Bhf.,47.87739552,16.0048163,0,63,26.666666666666668,2
at:43:7102,Pernitz Ortmann Bahnhof,47.89329953,15.97951974,0,68,24.705882352941178,2
at:43:7104,Pernitz-Muggendorf Bahnhof,47.89584131,15.95802305,0,126,13.333333333333334,1
at:43:7105,Gutenstein Bahnhof,47.87660621,15.91037641,0,68,24.705882352941178,2
at:43:7106,Wöllersdorf Marchgraben Bf,47.8649701186672,16.1649948937713,1,34,49.411764705882355,4
at:43:7108,Waldegg-Dürnbach Bahnhof,47.86759766,16.05144784,0,46,36.52173913043478,2
at:43:7109,Markt Piesting Bahnhof,47.8747263,16.12466952,0,81,20.74074074074074,2
at:43:7110,Piesting Harzwerk,47.8764495559384,16.1361140573828,1,35,48.0,4
at:43:7112,Winzendorf Bahnhof,47.81139595,16.11176073,1,86,19.53488372093023,2
at:43:7113,Urschendorf Bahnhof,47.7973737275949,16.0898238707857,1,29,57.93103448275862,4
at:43:7114,Willendorf Bahnhof,47.7892084431052,16.0605387925193,1,28,60.0,4
at:43:7115,Unterhöflein Bahnhof,47.79058450111,16.0331132268914,1,29,57.93103448275862,4
at:43:7116,Grünbach/Schneeberg Bahnhof,47.7975185547631,15.9978723182904,1,29,57.93103448275862,4
at:43:7117,Grünbach/Schneeberg Schule,47.8014830417037,15.9815409464229,1,29,57.93103448275862,4
at:43:7118,Grünbach/Schneeberg Kohlenwerk,47.7982306158013,15.9718660908116,1,29,57.93103448275862,4
at:43:7119,Rothengrub Bahnhof,47.7892024076828,16.0510795325763,1,29,57.93103448275862,4
at:43:7120,Puchberg am Schneeberg Bahnhof,47.79042155,15.91078963,1,75,22.4,3
at:43:7161,Hötzelsdorf-Geras Bahnhof,48.74233151,15.67049928,0,32,52.5,3
at:43:7162,Irnfritz Bahnhof,48.748492,15.53974051,0,47,35.744680851063826,2
at:43:7163,Göpfritz an der Wild Bahnhof,48.72977718,15.39415953,0,115,14.608695652173912,1
at:43:7164,Allentsteig Bahnhof,48.71577947,15.33023542,0,28,60.0,3
at:43:7165,Schwarzenau Bahnhof,48.74579096,15.26708385,0,59,28.47457627118644,2
at:43:7166,Vitis Bahnhof,48.75308818,15.17336262,0,37,45.4054054054054,3
at:43:7167,Hirschbach bei Gmünd Bahnhof,48.74917908,15.12748566,0,22,76.36363636363636,4
at:43:7168,Pürbach-Schrems Bahnhof,48.76329185,15.08532772,0,36,46.666666666666664,3
at:43:7169,Gmünd Bahnhof,48.76436954,14.98527336,0,185,9.08108108108108,0
at:43:7170,Schwarzenau Schloss,48.74403757,15.25962783,3,26,64.61538461538461,6
at:43:7181,Stein-Mautern Bahnhof,48.39934125,15.57180138,1,79,21.265822784810126,3
at:43:7182,Unterloiben Bahnhof,48.39175419,15.54769958,1,8,210.0,6
at:43:7183,Dürnstein-Oberloiben Bahnhof,48.39331106,15.52523271,1,8,210.0,6
at:43:7184,Weißenkirchen/Wachau Bahnhof,48.39857782,15.47339992,1,8,210.0,6
at:43:7185,Wösendorf-Joching Bahnhof,48.3834083,15.45407716,1,8,210.0,6
at:43:7186,Spitz/Donau Bahnhof,48.36538154,15.41809963,1,18,93.33333333333333,5
at:43:7187,Schwallenbach Bahnhof,48.34222559,15.40360083,1,8,210.0,6
at:43:7188,Willendorf in der Wachau Bhf.,48.31911289,15.40539746,1,8,210.0,6
at:43:7189,Aggsbach Markt Bahnhof,48.29683237,15.40300794,1,8,210.0,6
at:43:7190,Grimsing Bahnhof,48.26313321,15.36465886,1,8,210.0,6
at:43:7191,Emmersdorf/Donau Bahnhof,48.24308371,15.33735906,1,19,88.42105263157895,5
at:43:7193,Kottschallings Ort,48.78185213,15.28187012,3,19,88.42105263157895,6
at:43:7196,Persenbeug Bahnhofplatz,48.18887127,15.08730401,3,41,40.97560975609756,5
at:43:7197,Weins Mühlbergweg,48.19661429,15.02374821,3,14,120.0,6
at:43:7198,Windigsteig Ortsmitte,48.7653051,15.28690967,3,16,105.0,6
at:43:71982,Alt-Nagelberg Bahnhof,48.83798845,14.99007037,3,17,98.82352941176471,6
at:43:71983,Schönau bei Litschau Dorfwirt,48.93226508,15.03813023,3,18,93.33333333333333,6
at:43:7211,St. Pantaleon Bahnhof,48.22776017,14.52855191,0,73,23.013698630136986,2
at:43:7222,Prinzersdorf Bahnhof,48.20297909,15.52550221,0,85,19.764705882352942,1
at:43:7223,Markersdorf an der Pielach Bf.,48.19630291504,15.4966573054462,0,31,54.193548387096776,3
at:43:7224,Großsierning Bahnhof,48.1877932673452,15.4567361742144,0,31,54.193548387096776,3
at:43:7225,Loosdorf/Melk Bahnhof,48.19479392,15.40497525,0,139,12.086330935251798,1
at:43:7226,Melk Bahnhof,48.22458838,15.33101695,0,218,7.706422018348624,0
at:43:7227,Pöchlarn Bahnhof,48.20810389,15.21649073,0,169,9.940828402366863,0
at:43:7228,Krummnußbaum Bahnhof,48.2079482418925,15.1592680509896,0,32,52.5,3
at:43:7229,Säusenstein Bahnhof,48.1928417369366,15.1138402470654,0,4,420.0,-1
at:43:7230,Ybbs/Donau Bahnhof,48.15846878,15.09975466,0,167,10.059880239520957,1
at:43:7231,Neumarkt/Ybbs-Karlsbach Bf.,48.1422207670867,15.0506078342074,0,37,45.4054054054054,3
at:43:7233,Blindenmarkt Bahnhof,48.1250621757369,14.9805841578005,0,36,46.666666666666664,3
at:43:7234,Amstetten Bahnhof,48.12154222,14.87853554,0,581,2.891566265060241,0
at:43:7235,Mauer-Öhling Bahnhof,48.0947658501862,14.8004629601567,1,31,54.193548387096776,4
at:43:7236,Aschbach Bahnhof,48.06956029,14.75621195,1,45,37.333333333333336,3
at:43:7237,Krenstetten-Biberbach Bahnhof,48.05501947,14.69924978,1,34,49.411764705882355,4
at:43:7238,St. Peter-Seitenstetten Bhf.,48.05469523,14.6460246,1,51,32.94117647058823,3
at:43:7239,St. Johann-Weistrach Bahnhof,48.0748844958882,14.6132181223087,1,31,54.193548387096776,4
at:43:7241,Stadt Haag Bahnhof,48.11569508,14.56605657,1,72,23.333333333333332,3
at:43:7242,St. Valentin Bahnhof,48.17881499,14.52203912,0,222,7.5675675675675675,0
at:43:7243,Ennsdorf Bahnhof,48.21656228,14.49594306,1,78,21.53846153846154,3
at:43:7252,Ennsdorf Ort,48.21412608,14.49150538,3,33,50.90909090909091,5
at:43:7253,Ennsdorf Eulenstraße,48.20090748,14.50527656,3,10,168.0,7
at:43:7254,Melk Prinzlstraße,48.22581523,15.32710928,3,86,19.53488372093023,3
at:43:7255,Melk Kremser Straße,48.22764646,15.32825014,3,55,30.545454545454547,4
at:43:7264,Kleinwiesendorf Am Wiesboden,48.44909434,15.99064088,3,15,112.0,6
at:43:7369,Krems Campus-Kunstmeile,48.40738039,15.58535696,1,8,210.0,6
at:43:7370,St. Pölten Traisenpark/P+R Nord,48.22082387,15.64149268,1,86,19.53488372093023,2
at:43:7371,St. Pölten Alpenbahnhof-Kaiserwald,48.19826694,15.6128993,1,68,24.705882352941178,3
at:43:7372,St. Pölten Porschestraße,48.18326539,15.61706749,1,38,44.21052631578947,4
at:43:7373,Spratzern B20/Ober-Grafendorfer Str.,48.17209372,15.61559425,3,71,23.661971830985916,4
at:43:7374,Spratzern B20/Tankstelle,48.15712047,15.6147139,3,37,45.4054054054054,5
at:43:7376,St. Georgen am Steinfelde Bahnhof,48.13778478,15.61445339,1,64,26.25,3
at:43:7377,Wilhelmsburg/Traisen Bahnhof,48.11161068,15.60845264,1,71,23.661971830985916,3
at:43:7378,Kreisbach Bahnhof,48.1004893910789,15.6078417881771,1,36,46.666666666666664,4
at:43:7381,Traisen Bahnhof,48.05664066,15.61248608,1,72,23.333333333333332,3
at:43:7382,Traisen Markt Bahnhof,48.03960364,15.611462,1,65,25.846153846153847,3
at:43:7383,Marktl Bahnhof,48.0216477247814,15.600493569152,1,35,48.0,4
at:43:7384,Lilienfeld Bahnhof,48.01379417,15.59341484,1,124,13.548387096774194,2
at:43:7385,Lilienfeld Krankenhaus Bahnhof,48.00880622,15.57821535,1,104,16.153846153846153,2
at:43:7386,Schrambach Bahnhof,48.00149168,15.57468497,1,95,17.68421052631579,2
at:43:7387,Freiland Alter Bahnhof,47.9718623,15.57331953,3,25,67.2,6
at:43:7389,St. Pölten Alte Reichsstraße,48.19934473,15.61268371,3,63,26.666666666666668,4
at:43:7395,Hohenberg In der Bruck,47.89573892,15.6145522,3,26,64.61538461538461,6
at:43:7397,St. Aegyd am Neuwalde Eisenwerk,47.86067899,15.58219489,3,26,64.61538461538461,6
at:43:7398,St. Aegyd am Neuwalde Mittelweg,47.85465152,15.57382259,3,26,64.61538461538461,6
at:43:7399,Wiesenfeld-Schwarzenbach Bf.,48.0512605271733,15.6485264874006,1,28,60.0,4
at:43:7400,St. Veit an der Gölsen Bahnhof,48.0450810860458,15.6718557353324,1,28,60.0,4
at:43:7401,Rainfeld-Kleinzell Bahnhof,48.05069006,15.70753682,1,34,49.411764705882355,4
at:43:7402,Rohrbach an der Gölsen Bahnhof,48.047867631363,15.7425441650496,1,30,56.0,4
at:43:7403,Hainfeld Bahnhof,48.03936339,15.76847853,1,107,15.700934579439252,2
at:43:7411,Schwadorf/St. Pölten Pummersdorfer Str.,48.17527475,15.5830393,3,7,240.0,-1
at:43:7412,Ober-Grafendorf Bahnhof,48.15176283,15.53985729,1,108,15.555555555555555,2
at:43:7413,Klangen Bahnhof,48.12011498,15.54115086,1,38,44.21052631578947,4
at:43:7414,Weinburg Bahnhof,48.11260032,15.53531181,1,31,54.193548387096776,4
at:43:7415,Kammerhof Bahnhof,48.10437672,15.52986802,1,36,46.666666666666664,4
at:43:7416,Hofstetten-Grünau Bahnhof,48.09642178,15.50726641,1,31,54.193548387096776,4
at:43:7417,Mainburg Bahnhof,48.08008812,15.4785293,1,31,54.193548387096776,4
at:43:7418,Rabenstein an der Pielach Bahnhof,48.06827568,15.46635713,1,31,54.193548387096776,4
at:43:7419,Steinklamm Bahnhof,48.05344027,15.45664634,1,31,54.193548387096776,4
at:43:7420,Steinschal-Tradigist Bahnhof,48.04124333,15.45166069,1,31,54.193548387096776,4
at:43:7421,Kirchberg an der Pielach Bahnhof,48.02421925,15.43260743,1,31,54.193548387096776,4
at:43:7422,Schwerbach Bahnhof,48.02003145,15.40387032,1,31,54.193548387096776,4
at:43:7423,Loich Bahnhof,48.01212356,15.39260545,1,30,56.0,4
at:43:7424,Schwarzenbach/Pielach Bahnhof,47.99484339,15.35384314,1,30,56.0,4
at:43:7425,Frankenfels Bahnhof,47.98200122,15.32212363,1,30,56.0,4
at:43:7426,Boding Bahnhof,47.96352598,15.29642283,1,30,56.0,4
at:43:7427,Laubenbachmühle Bahnhof,47.95156647,15.28588559,1,41,40.97560975609756,4
at:43:7429,Winterbach Bahnhof,47.95017663,15.27524954,1,14,120.0,5
at:43:7430,Puchenstuben Bahnhof,47.93039594,15.29067361,1,16,105.0,5
at:43:7431,Gösing Bahnhof,47.888065,15.28236419,1,18,93.33333333333333,5
at:43:7432,Annaberg-Reith Bahnhof,47.86498217,15.31142469,1,26,64.61538461538461,5
at:43:7433,Wienerbruck-Josefsberg Bahnhof,47.856496,15.30705888,1,18,93.33333333333333,5
at:43:7434,Erlaufklause Bahnhof,47.8324644,15.28340624,1,18,93.33333333333333,5
at:43:7435,Erlauf Bahnhof,48.1838403817524,15.1821211918208,0,36,46.666666666666664,3
at:43:7437,Kienberg-Gaming Nostalgiebhf.,47.94285378,15.11350787,3,52,32.30769230769231,4
at:43:7439,Kienberg/Erlauf Alte Straße,47.94420772,15.12255391,3,29,57.93103448275862,5
at:43:7442,Petzenkirchen Bahnhof,48.1435454932188,15.1569953133205,0,35,48.0,3
at:43:7443,Wieselburg Bahnhof,48.13202942,15.14216413,0,146,11.506849315068493,1
at:43:7444,Mühling Bahnhof,48.1110168822777,15.1355884600969,0,29,57.93103448275862,3
at:43:7445,Mühling-Plaika Bahnhof,48.1032309454295,15.1326330028118,0,28,60.0,3
at:43:7446,Schauboden Bahnhof,48.0788817873301,15.1369089835648,0,27,62.22222222222222,4
at:43:7447,Purgstall/Erlauf Bahnhof,48.05863405,15.13102502,0,51,32.94117647058823,2
at:43:7448,Sölling Bahnhof,48.0389549607645,15.1405022447017,0,27,62.22222222222222,4
at:43:7449,Saffen Bahnhof,48.02212839,15.15147966,0,60,28.0,2
at:43:7450,Scheibbs Bahnhof,48.00517612,15.16454116,0,158,10.632911392405063,1
at:43:7451,Neustift/Scheibbs Dreimärkterstr.,47.99048486,15.16578982,3,32,52.5,5
at:43:7452,Miesenbach/Scheibbs Schloss Neubruck,47.9785316,15.17753978,3,30,56.0,5
at:43:7454,Kienberg/Erlauf Am Sonnenhang,47.94561577,15.12574292,3,29,57.93103448275862,5
at:43:7456,Saffen Güterweg Klett,48.01820481,15.12400918,3,32,52.5,5
at:43:7463,Niederhofen bei Kilb Bundesstr.,48.11433364,15.44097074,3,35,48.0,5
at:43:7466,Mank Bahnhofstraße,48.11233642,15.34458151,3,9,186.66666666666666,7
at:43:7500,Hohenwarth Am Fischerberg,48.50414385,15.83220501,3,8,210.0,7
at:43:7501,Hohenwarth Großriedenthaler Str.,48.50641149,15.82653664,3,8,210.0,7
at:43:7502,Hohenwarth Mühlbacher Str.,48.50671502,15.82523409,3,11,152.72727272727272,7
at:43:7503,Mühlbach Brücke,48.51769459,15.79010996,3,14,120.0,6
at:43:7504,Mühlbach Ortsmitte,48.52166926,15.78836723,3,15,112.0,6
at:43:7506,Eggendorf am Walde Ort,48.54258469,15.78525906,3,12,140.0,7
at:43:7507,Baierdorf An der Landesstraße,48.54251927,15.81427464,3,11,152.72727272727272,7
at:43:7508,Oberravelsbach Ortsmitte,48.5467715,15.83239366,3,11,152.72727272727272,7
at:43:7509,Ravelsbach Hauptplatz,48.55163585,15.85016234,3,24,70.0,6
at:43:7510,Ravelsbach Hauptschule,48.55361,15.85299203,3,5,336.0,-1
at:43:7511,Ravelsbach Kremser Straße,48.55010761,15.85229134,3,3,560.0,-1
at:43:7512,Eitzersthal Ortsmitte,48.48933924,16.09552817,3,6,280.0,-1
at:43:7513,Göllersdorf Hauptplatz,48.49307205,16.12035761,3,30,56.0,5
at:43:7514,Göllersdorf Hollabrunner Str.,48.49539376,16.11532704,3,25,67.2,6
at:43:7515,Großstelzendorf Göllersdorfer Str.,48.50379269,16.1098024,3,24,70.0,6
at:43:7516,Großstelzendorf Ort,48.50579846,16.10269673,3,24,70.0,6
at:43:7517,Hollabrunn Dietrichsteingasse,48.54957837,16.07982562,3,9,186.66666666666666,7
at:43:7518,Hollabrunn Otmargasse,48.56682055,16.07108501,3,28,60.0,5
at:43:7519,Hollabrunn Hauptplatz,48.56249866,16.07833442,3,121,13.884297520661157,3
at:43:7520,Hollabrunn Lothringerplatz,48.5658813,16.07980766,3,120,14.0,3
at:43:7521,Hollabrunn Kirchenplatz,48.5612918,16.08102936,3,118,14.23728813559322,3
at:43:7522,Siegersdorf/Neulengbach Kapelle,48.25263691,15.94123354,3,34,49.411764705882355,5
at:43:7523,Siegersdorf/Neulengbach Sonnleitengasse,48.2497179,15.93788282,3,34,49.411764705882355,5
at:43:7524,Siegersdorf/Neulengbach Abzw. Haghöfen,48.2452972,15.93190903,3,36,46.666666666666664,5
at:43:7525,Göllersdorf Abzw. Bahnhof,48.49173851,16.12502885,3,6,280.0,-1
at:43:7526,Markersdorf/Neulengbach B19,48.22163186,15.9151824,3,36,46.666666666666664,5
at:43:7530,Schmida Ortsmitte,48.37837863,16.11675536,3,9,186.66666666666666,7
at:43:7532,Schmida Eichenweg,48.37791323,16.11057495,3,9,186.66666666666666,7
at:43:7533,Hollabrunn HTL,48.56006707,16.07046518,3,88,19.09090909090909,3
at:43:7534,Hollabrunn Mittelschule,48.55984115,16.07711271,3,45,37.333333333333336,4
at:43:7535,Hollabrunn Koliskoplatz,48.5635866,16.08048139,3,70,24.0,4
at:43:7536,Weitersfeld Hauptstraße,48.78387647,15.80686354,3,11,152.72727272727272,7
at:43:7539,Hollabrunn Brunnthalgasse,48.56544139,16.07482201,3,28,60.0,5
at:43:7541,Hollabrunn Wimmergasse,48.55314025,16.08441601,3,8,210.0,7
at:43:7543,Weitersfeld Auberg,48.78381728,15.81597246,3,27,62.22222222222222,6
at:43:7893,Greinsfurth/Amst. Bahnhof,48.10874361,14.83937798,1,88,19.09090909090909,2
at:43:7894,Ulmerfeld-Hausmening Bahnhof,48.07472244,14.81571635,0,65,25.846153846153847,2
at:43:7895,Kröllendorf Bahnhof,48.04239649,14.78900046,1,40,42.0,4
at:43:7896,Hilm-Kematen Bahnhof,48.02264511,14.76216778,1,31,54.193548387096776,4
at:43:7897,Rosenau am Sonntagberg Bahnhof,48.01068728,14.74201857,0,57,29.473684210526315,2
at:43:7898,Sonntagberg Bahnhof,47.9921501617927,14.7383085256398,1,29,57.93103448275862,4
at:43:7899,Böhlerwerk an der Ybbs Bahnhof,47.9832579183194,14.7540649757254,1,29,57.93103448275862,4
at:43:7900,Waidhofen/Ybbs Bahnhof,47.96819954,14.76532087,0,163,10.306748466257668,1
at:43:7901,Waidhofen/Ybbs Stadt,47.9584128464053,14.7678451321857,1,22,76.36363636363636,5
at:43:7902,Waidhofen/Ybbs Kupferschmiedgasse,47.96074089,14.77114195,1,56,30.0,3
at:43:7903,Waidhofen/Ybbs Landesklinikum,47.95350978,14.78863215,3,160,10.5,3
at:43:7904,Waidhofen/Ybbs Kreilhof Gewerbepark,47.94381658,14.8027357,3,67,25.074626865671643,4
at:43:7905,Waidhofen/Ybbs Lokalbahn,47.95579593,14.77895729,1,56,30.0,3
at:43:7906,Waidhofen/Ybbs Vogelsang,47.95120548,14.78732061,1,56,30.0,3
at:43:7907,Gstadt Industriegebiet,47.94380455,14.8189952,3,67,25.074626865671643,4
at:43:7911,Hollenstein/Ybbs Krenngraben,47.82902696,14.75278038,3,32,52.5,5
at:43:7917,Lunz am See Nostalgiebahnhof,47.85651408,15.02139462,3,46,36.52173913043478,4
at:43:7930,Waidhofen/Ybbs Schillerpark,47.95739016,14.77390876,1,56,30.0,3
at:43:7931,Waidhofen/Ybbs Schwellöd,47.94493582,14.79759733,3,94,17.872340425531913,3
at:43:7933,Opponitz Ortsmitte,47.8768653,14.82332508,3,43,39.06976744186046,4
at:43:7934,Opponitz Oberes Dorf,47.87525051,14.82721479,3,42,40.0,5
at:43:7935,Mirenau Bundesstraße,47.89095038,14.82882277,3,33,50.90909090909091,5
at:43:7936,Ederlehen Firma Riess,47.94107256,14.85932058,3,34,49.411764705882355,5
at:43:7937,Hollenstein/Ybbs Abzw. Weyer,47.82538424,14.75285225,3,40,42.0,5
at:43:7938,Opponitz Haselreith,47.87127358,14.85217897,3,4,420.0,-1
at:43:7939,Hollenstein/Ybbs Feuerwehr,47.80486197,14.7720223,3,47,35.744680851063826,4
at:43:7941,St. Georgen/Reith Abzw. Kripp,47.83822914,14.87452007,3,4,420.0,-1
at:43:7942,Königsbergau Bundesstraße,47.82560136,14.85756886,3,9,186.66666666666666,7
at:43:7943,St. Georgen am Reith Obereinöd,47.83217494,14.87260666,3,9,186.66666666666666,7
at:43:7944,Blamau Bundesstraße,47.81882789,14.83653032,3,18,93.33333333333333,6
at:43:7945,St. Georgen/Reith Dorf,47.84038171,14.8803681,3,27,62.22222222222222,6
at:43:7946,Opponitz Busbahnhof,47.88293838,14.82177998,3,38,44.21052631578947,5
at:43:7947,Kogelsbach Ybbsbrücke,47.83872961,14.92049585,3,27,62.22222222222222,6
at:43:7948,Opponitz Abzw. Gstadt,47.87445515,14.80195416,3,31,54.193548387096776,5
at:43:7949,Hohenlehen Abzw. Schloss,47.85071521,14.77113297,3,32,52.5,5
at:43:7950,Schütt bei Ybbsitz,47.94284175,14.82659495,3,34,49.411764705882355,5
at:43:7951,Ybbsitz Gurhof,47.94564586,14.87988301,3,34,49.411764705882355,5
at:43:7952,Ybbsitz Schwemmau,47.94820913,14.89029449,3,34,49.411764705882355,5
at:43:7955,Waidhofen/Ybbs Pestalozzistraße,47.9490876,14.79001555,1,56,30.0,3
at:43:8000,Furth-Göttweig Bahnhof,48.373157517251,15.6156930637614,1,30,56.0,4
at:43:8001,Furth-Palt Bahnhof,48.3845060514071,15.6059373597745,0,41,40.97560975609756,3
at:43:8002,Getzersdorf/Traisen Bahnhof,48.3242499518548,15.7153611445484,1,31,54.193548387096776,4
at:43:8003,Herzogenburg Bahnhof,48.27638357,15.69650551,0,109,15.412844036697248,1
at:43:8004,Herzogenburg Stadt,48.2845317903816,15.7005658918169,1,32,52.5,4
at:43:8005,Herzogenburg-Wielandsthal,48.285015979881,15.6907293394544,1,35,48.0,4
at:43:8007,Meidling im Tal Bahnweg,48.33547801,15.6239396,3,19,88.42105263157895,6
at:43:8008,Oberradlberg Bahnhof,48.2406308156952,15.6704992792532,1,30,56.0,4
at:43:8009,Paudorf Bahnhof,48.3514558,15.61591764,0,79,21.265822784810126,2
at:43:8010,Statzendorf Bahnhof,48.30917778,15.63262631,0,74,22.7027027027027,2
at:43:8011,Unterradlberg Bahnhof,48.25478419,15.68633658,1,86,19.53488372093023,2
at:43:8012,Viehofen Bahnhof,48.23112923,15.65344027,1,57,29.473684210526315,3
at:43:8013,Walpersbach Am Steinberg,47.7184312,16.23552163,3,10,168.0,7
at:43:8014,Walpersbach Birkfeldstraße,47.72573745,16.2286046,3,14,120.0,6
at:43:8015,Klingfurth Süd,47.68729113,16.2498767,3,10,168.0,7
at:43:8016,Haderswörth Leithagasse,47.73698186,16.22334047,3,31,54.193548387096776,5
at:43:8018,Haderswörth Hofgasse,47.73825056,16.23090429,3,26,64.61538461538461,6
at:43:8020,Gutenstein Waldhof,47.8764134,15.89695558,3,21,80.0,6
at:43:8022,Brunn an der Schneebergbahn Bhf.,47.8255892961511,16.157314298091,1,33,50.90909090909091,4
at:43:8023,Winzendorf Weikersdorfer Str.,47.81075043,16.11702486,3,30,56.0,5
at:43:8024,Emmerberg Prosset,47.81533525,16.10395437,3,23,73.04347826086956,6
at:43:8027,Maiersdorf Abzw. Hohe Wand,47.82590292,16.06148202,3,21,80.0,6
at:43:8028,Brunn/Schneebergbahn Blätterstraße,47.8243167,16.15904805,3,29,57.93103448275862,5
at:43:8029,Scheiblingkirchen Hauptplatz,47.65877661,16.13541337,3,16,105.0,6
at:43:8030,Bromberg Thernberger Straße,47.66491756,16.20888658,3,19,88.42105263157895,6
at:43:8031,Bromberg Gemeindezentrum,47.66476027,16.21193187,3,19,88.42105263157895,6
at:43:8032,Bromberg Abzw. Wiesmath,47.66524425,16.21450105,3,20,84.0,6
at:43:8033,Hollenthon Sägestube,47.60433563,16.25417964,3,4,420.0,-1
at:43:8034,Hollenthon Kirche,47.58983956,16.25960546,3,23,73.04347826086956,6
at:43:8035,Wiesmath Zeilgasse,47.61533373,16.28815392,3,19,88.42105263157895,6
at:43:8036,Wiesmath Hauptplatz,47.61782252,16.28730052,3,21,80.0,6
at:43:8037,Hollenthon Gartensiedlung,47.59159045,16.26345923,3,19,88.42105263157895,6
at:43:8038,Wiener Neustadt Dilmonhof,47.77132845,16.22231639,3,16,105.0,6
at:43:8039,Bromberg Hofstätten,47.67177158,16.207593,3,20,84.0,6
at:43:8042,Bad Erlach Ofengasse,47.71564501,16.22142706,3,4,420.0,-1
at:43:8043,Bromberg Kirche,47.6665147,16.20907522,3,20,84.0,6
at:43:8044,Lichtenegg Ortsmitte,47.59942329,16.19748696,3,21,80.0,6
at:43:8046,Breitenau Kirchenplatz,47.73298225,16.13974325,3,32,52.5,5
at:43:8048,Weikersdorf Hauptplatz,47.8058213,16.14361499,3,58,28.96551724137931,4
at:43:8049,Weikersdorf Technologiestraße,47.80535672,16.16427624,3,28,60.0,5
at:43:8050,Weikersdorf Nußbaumweg,47.80726932,16.13621287,3,30,56.0,5
at:43:8051,Winzendorf Schulen,47.80770975,16.11182361,3,61,27.540983606557376,4
at:43:8052,Dreistetten Ortsmitte,47.85565816,16.10325368,3,20,84.0,6
at:43:8053,Lichtenegg (NÖ) Schulen,47.59901744,16.19977766,3,5,336.0,-1
at:43:8054,Gutenstein Abzw. Blättertal,47.88278777,15.92110229,3,21,80.0,6
at:43:8056,Pernitz Kirche,47.89734103,15.95793322,3,47,35.744680851063826,4
at:43:8058,Pernitz Pottensteiner Straße,47.89770842,15.96264039,3,41,40.97560975609756,5
at:43:8059,Pernitz Wipfelhofstraße/Bf.,47.8956907389086,15.9684075769672,0,46,36.52173913043478,2
at:43:8060,Waidmannsfeld Kreuzbach,47.86669973,15.99437787,3,17,98.82352941176471,6
at:43:8061,Waidmannsfeld Waidmannsbachstraße,47.86763382,15.98322978,3,10,168.0,7
at:43:8062,Miesenbach Balbersdorf,47.85926862,15.98782017,3,17,98.82352941176471,6
at:43:8063,Miesenbach Abzw. Frohnberg,47.85496497,15.98764051,3,17,98.82352941176471,6
at:43:8064,Miesenbach Unterort,47.84884038,15.98621219,3,17,98.82352941176471,6
at:43:8065,Miesenbach Abzw. Scheuchenstein,47.8422267,15.98219672,3,17,98.82352941176471,6
at:43:8066,Miesenbach Gemeindeamt,47.84003803,15.98222367,3,17,98.82352941176471,6
at:43:8067,Miesenbach Abzw. Grandhäusl,47.83199403,15.97736378,3,17,98.82352941176471,6
at:43:8068,Pfennigbach Bahnhof,47.79582888,15.92387809,1,42,40.0,4
at:43:8071,Miesenbach Am Bach,47.82740465,15.9696203,3,17,98.82352941176471,6
at:43:8072,Miesenbach Abzw. Kaltenberg,47.82604163,15.96505686,3,17,98.82352941176471,6
at:43:8073,Wiener Neustadt Maria-Theresien-Ring,47.8086811,16.23556654,3,170,9.882352941176471,2
at:43:8074,Pernitz Raimundviertel Bahnhof,47.89204667,15.94623716,0,68,24.705882352941178,2
at:43:8075,Würflach Gemeindeamt,47.77706376,16.05441228,3,50,33.6,4
at:43:8076,Wiener Neustadt Schenkgasse,47.80596007,16.24282493,3,31,54.193548387096776,5
at:43:8077,Wiener Neustadt An der Zeiselmauer,47.79867716,16.23972574,3,16,105.0,6
at:43:8078,Pernitz Felixstraße,47.89628702,15.96856927,3,25,67.2,6
at:43:8079,Frohsdorfersiedlung Landesstraße,47.78912395,16.24462156,3,37,45.4054054054054,5
at:43:8080,Frohsdorfersiedlung Nelkengasse,47.78792892,16.2466787,3,15,112.0,6
at:43:8081,Katzelsdorf Sägewerksiedlung,47.79064485,16.25130503,3,32,52.5,5
at:43:8082,Katzelsdorf Hauptstraße 61/62,47.78017867,16.26986422,3,61,27.540983606557376,4
at:43:8083,Katzelsdorf Hauptstraße 79/122,47.774655,16.26701656,3,27,62.22222222222222,6
at:43:8084,Katzelsdorf Friedhof,47.7721435,16.26503128,3,27,62.22222222222222,6
at:43:8085,Katzelsdorf Gymnasium,47.76957754,16.27246035,3,44,38.18181818181818,4
at:43:8086,Katzelsdorf Volksschule,47.77973197,16.27087932,3,31,54.193548387096776,5
at:43:8087,Lanzenkirchen Schulgasse,47.7437056,16.2385759,3,56,30.0,4
at:43:8088,Hochwolkersdorf Hollerbergstr.,47.67338665,16.28277301,3,22,76.36363636363636,6
at:43:8089,Hochwolkersdorf Hauptstraße,47.66074905,16.28260233,3,31,54.193548387096776,5
at:43:8090,Hochwolkersdorf Füliphof,47.65255022,16.30561717,3,9,186.66666666666666,7
at:43:8092,Schwarzenbach Gemeindeamt,47.63699008,16.34927529,3,9,186.66666666666666,7
at:43:8093,Kleinwolkersdorf Gewerbepark A,47.75637142,16.24806211,3,28,60.0,5
at:43:8099,Wiener Neustadt Zehnergürtel/Am Reitweg,47.82122856,16.22029518,3,29,57.93103448275862,5
at:43:8100,Wöllersdorf Am Wasser,47.86358398,16.18534173,3,45,37.333333333333336,4
at:43:8101,Wöllersdorf Satzäcker,47.86352974,16.18067948,3,45,37.333333333333336,4
at:43:8102,Wöllersdorf Mühle,47.86386121,16.17346601,3,45,37.333333333333336,4
at:43:8103,Wöllersdorf Hauptplatz,47.86550046,16.16848934,3,45,37.333333333333336,4
at:43:8104,Markt Piesting Marktplatz,47.8729608,16.12737345,3,32,52.5,5
at:43:8105,Markt Piesting Gutensteiner Str. 31/34,47.87270772,16.11854301,3,7,240.0,-1
at:43:8107,Oberpiesting Siedlung Hezental,47.87303311,16.10906578,3,7,240.0,-1
at:43:8108,Wopfing Ort,47.87487693,16.07733729,3,7,240.0,-1
at:43:8109,Waldegg Nr. 125,47.8689174,16.05263362,3,7,240.0,-1
at:43:8111,Rohr im Gebirge Gemeindeamt,47.89507638,15.73672308,3,14,120.0,6
at:43:8113,Markt Piesting Friedhof,47.87245464,16.13756933,3,25,67.2,6
at:43:8118,Felixdorf Volksschule,47.87904639,16.24008507,3,3,560.0,-1
at:43:8120,Wiener Neustadt B17/Friedhof,47.82592101,16.24419037,3,130,12.923076923076923,3
at:43:8136,Walpersbach Kirche,47.72168258,16.23325787,3,10,168.0,7
at:43:8140,Reichenau/Rax Erlangerplatz,47.69790297,15.83716371,3,32,52.5,5
at:43:8141,Pernitz Stixstraße,47.90100279,15.953783,3,18,93.33333333333333,6
at:43:8142,Gloggnitz Sparkassenplatz,47.67522547,15.93571788,3,119,14.117647058823529,3
at:43:8143,Gloggnitz Forstgartenstraße,47.67259425,15.95366622,3,35,48.0,5
at:43:8144,Grafenbach Bundesstraße,47.68397108,16.00479833,3,36,46.666666666666664,5
at:43:8151,Neunkirchen Am Spitz,47.71853394,16.06945008,3,48,35.0,4
at:43:8152,Neunkirchen Postgasse,47.72055247,16.0823948,3,7,240.0,-1
at:43:8153,Neunkirchen Elisabethbrücke,47.72584622,16.08946454,3,30,56.0,5
at:43:8155,Schwarzau/Steinfeld Neunkirchner Str.,47.73186447,16.16864205,3,6,280.0,-1
at:43:8156,Bad Erlach Gemeindeamt,47.72759255,16.21421359,3,29,57.93103448275862,5
at:43:8157,Bad Erlach Rosaliastraße,47.72623295,16.22224453,3,13,129.23076923076923,7
at:43:8160,Payerbach Hauptstraße 8/10,47.69279383,15.86254112,3,36,46.666666666666664,5
at:43:8164,Stollhof Volksschule,47.82938278,16.07384284,3,22,76.36363636363636,6
at:43:8165,Frohsdorf Ortsmitte,47.74613391,16.25437726,3,52,32.30769230769231,4
at:43:8166,Frohsdorf Sancta Christiana,47.74271491,16.25161045,3,68,24.705882352941178,4
at:43:8167,Frohsdorf Hubertusgasse,47.74433383,16.2573956,3,35,48.0,5
at:43:8171,Thernberg Innerschildgraben,47.66004721,16.16068298,3,16,105.0,6
at:43:8173,Thernberg Handlersiedlung,47.66326593,16.19126163,3,19,88.42105263157895,6
at:43:8174,Thernberg Unterbromberg,47.6617534,16.2030116,3,19,88.42105263157895,6
at:43:8175,Eichberg bei Thernberg,47.64324253,16.1830151,3,3,560.0,-1
at:43:8176,Thernberg Markt,47.66269117,16.17656519,3,19,88.42105263157895,6
at:43:8178,Ofenbach bei Lanzenkirchen Abzw. Ort,47.73778537,16.2498767,3,24,70.0,6
at:43:8179,Schlag bei Thernberg,47.63123934,16.19723543,3,3,560.0,-1
at:43:8182,Saubersdorf Schlossgasse,47.7942176,16.12147152,3,23,73.04347826086956,6
at:43:8183,Saubersdorf Holzweg,47.7893714,16.11850708,3,25,67.2,6
at:43:8184,Hollenthon Abzw. Stickelberg,47.61518234,16.25133198,3,4,420.0,-1
at:43:8185,Unterschlatten Fa. Oberger,47.65695536,16.23454246,3,14,120.0,6
at:43:8186,Unterschlatten Aumühle,47.65273781,16.23950116,3,14,120.0,6
at:43:8187,Oberschlatten Stanglgraben,47.64212889,16.24061507,3,14,120.0,6
at:43:8188,Oberschlatten Feuerwehr,47.634593,16.23928557,3,14,120.0,6
at:43:8189,Oberschlatten Abzw. Michelbach,47.62427101,16.24304053,3,4,420.0,-1
at:43:8190,Geretschlag Süd,47.60016229,16.26893896,3,19,88.42105263157895,6
at:43:8191,Geretschlag Nord,47.60491709,16.27166085,3,19,88.42105263157895,6
at:43:8192,Wiener Neustadt Lanzenkirchner Trift,47.76073156,16.2105305,3,16,105.0,6
at:43:8193,Föhrenau 2. Quergasse,47.74292634,16.2019965,3,17,98.82352941176471,6
at:43:8194,Kleinwolkersdorf Hauptstraße,47.74934731,16.24875381,3,26,64.61538461538461,6
at:43:8196,Haderswörth Erlacher Straße,47.73734435,16.21284815,3,31,54.193548387096776,5
at:43:8197,Peisching Triftweg,47.72808804,16.11190446,3,26,64.61538461538461,6
at:43:8198,Peisching Loipersbacher Straße,47.7288373,16.11771656,3,35,48.0,5
at:43:8199,Rosental Nord,47.75599698,16.26716927,3,35,48.0,5
at:43:8200,Netting Dorfplatz,47.80754082,16.07922375,3,21,80.0,6
at:43:8201,Maierhöfen Abzw. Kaltenberg,47.61160336,16.18846787,3,21,80.0,6
at:43:8202,Muthmannsdorf Kapelle,47.8376925,16.10952392,3,23,73.04347826086956,6
at:43:8203,Reichental Astasiedlung,47.8778474,16.00381018,3,17,98.82352941176471,6
at:43:8204,Miesenbach Abzw. In der Grub,47.82234441,15.95771763,3,17,98.82352941176471,6
at:43:8205,Am Ascher Ascherhöhe,47.81406843,15.9413593,3,14,120.0,6
at:43:8206,Walpersbach Schleinzerkreuz,47.73317559,16.24522343,3,24,70.0,6
at:43:8207,Schleinz Süd,47.71786914,16.25462879,3,23,73.04347826086956,6
at:43:8208,Schleinz Kuhwald,47.69406361,16.27352935,3,23,73.04347826086956,6
at:43:8209,Kaltenberg Ort,47.61548512,16.18140711,3,18,93.33333333333333,6
at:43:8211,Föhrenau Obere Querstraße,47.73881844,16.19997529,3,21,80.0,6
at:43:8212,Föhrenau Untere Querstraße,47.73931986,16.20281397,3,27,62.22222222222222,6
at:43:8213,Föhrenau B54/Föhrengasse,47.75016271,16.19640898,3,16,105.0,6
at:43:8215,Oberpiesting Hauptstraße 30,47.87597958,16.10157383,3,7,240.0,-1
at:43:8216,Eichbüchl Furtweg,47.76166152,16.27010677,3,35,48.0,5
at:43:8217,Köttlach Ort/B17,47.67484441,15.97849566,3,38,44.21052631578947,5
at:43:8218,Föhrenau 4. Quergasse,47.74652653,16.1997058,3,17,98.82352941176471,6
at:43:8220,Ternitz Blindendorf,47.70790212,16.04082976,3,37,45.4054054054054,5
at:43:8222,Kleinwolkersdorf Wr. Neustädter Str.,47.74933523,16.24936467,3,50,33.6,4
at:43:8223,Wörth Ortsmitte,47.67275757,15.96673671,3,34,49.411764705882355,5
at:43:8224,Klingfurth Nord,47.68962531,16.25082892,3,10,168.0,7
at:43:8225,Breitenstein Abzw. Hofstätten,47.68097742,16.20574248,3,4,420.0,-1
at:43:8236,Wiener Neustadt Adlergasse,47.81364012,16.24568157,3,16,105.0,6
at:43:8238,Wiener Neustadt Neunkirchner Str./Wasserturm,47.80696162,16.24112711,3,123,13.658536585365853,3
at:43:8239,Gerasdorf/Steinfeld Feuerwehr,47.78097548,16.07675338,3,23,73.04347826086956,6
at:43:8240,Herzograd Bahnhof,48.1613750173322,14.5035787418667,0,47,35.744680851063826,2
at:43:8241,Ernsthofen Bahnhof,48.126693147972,14.4799081341268,0,47,35.744680851063826,2
at:43:8242,Dorf an der Enns,48.091183813358,14.4730270390495,1,29,57.93103448275862,4
at:43:8243,Ramingdorf-Haidershofen Bf.,48.0679155,14.45965112,1,46,36.52173913043478,3
at:43:8245,Wiener Neustadt Petzoldgasse,47.80992392,16.25580559,3,15,112.0,6
at:43:8246,Wiener Neustadt Nestroystraße,47.80846994,16.2584107,3,27,62.22222222222222,6
at:43:8247,Ernsthofen Werkgarnerstraße,48.12853393,14.48278274,3,8,210.0,7
at:43:8248,Ernsthofen Altenrath Nord,48.14457648,14.4950178,3,7,240.0,-1
at:43:8249,Ernsthofen Loderleiten,48.11293619,14.49713782,3,5,336.0,-1
at:43:8663,St. Pölten Landhaus Nord,48.20416455,15.63324614,3,343,4.8979591836734695,0
at:43:8665,Krems Austraße/B3,48.40624139,15.60925214,3,52,32.30769230769231,4
at:43:8666,St. Pölten Landhaus Süd,48.19902738,15.63271614,3,81,20.74074074074074,4
at:43:8669,Krems Wilhelm-Gause-Gasse,48.40875193,15.60863231,3,65,25.846153846153847,4
at:43:8670,Krems Lastenstraße,48.40933631,15.60853349,3,14,120.0,6
at:43:8671,Horn Prager Straße/Gewerbepark,48.66539223,15.63564465,3,73,23.013698630136986,4
at:43:8674,Zwettl Kampbrücke/P+R,48.60884899,15.17233854,3,19,88.42105263157895,6
at:43:8677,St. Pölten Landhaus Klangturm,48.20033866,15.63277004,3,213,7.887323943661972,2
at:43:8757,St. Egyden/Stfd Bahnhof,47.76094895,16.14667825,0,80,21.0,2
at:43:8758,Neunkirchen Bahnhof,47.73144757,16.08458669,0,184,9.130434782608695,0
at:43:8759,Ternitz Bahnhof,47.71375322,16.03338272,0,126,13.333333333333334,1
at:43:8760,Pottschach Bahnhof,47.6971169801639,16.006334448268,0,57,29.473684210526315,2
at:43:8761,Gloggnitz Bahnhof,47.67758439,15.94597664,0,177,9.491525423728813,0
at:43:8762,Schlöglmühl Bahnhof,47.68263454,15.91353848,0,63,26.666666666666668,2
at:43:8763,Payerbach-Reichenau Bahnhof,47.69602867,15.8636191,0,130,12.923076923076923,1
at:43:8764,Küb Bahnhof,47.6818664646053,15.8766536538345,1,14,120.0,5
at:43:8765,Eichberg am Semmering Bahnhof,47.6722494542208,15.9111489607495,1,14,120.0,5
at:43:8766,Klamm-Schottwien Bahnhof,47.6651595544981,15.8724675046099,1,14,120.0,5
at:43:8767,Breitenstein Bahnhof,47.6599141027692,15.8204370833465,1,14,120.0,5
at:43:8768,Wolfsbergkogel Bahnhof,47.6495244958223,15.8273181784238,1,13,129.23076923076923,6
at:43:8769,Semmering Bahnhof,47.6395686235483,15.8307766922681,0,30,56.0,3
at:43:99980,TP Gmünd Lainsitzbrücke Schiene,48.7644583618963,14.9683221541706,0,17,98.82352941176471,4
at:43:99985,Kittsee Tarifpunkt A6/Staatsgrenze,48.1030329825077,17.0837558338853,0,34,49.411764705882355,3
at:43:99986,Marchegg Tarifpunkt,48.2413128517877,16.9461788481032,0,28,60.0,3
at:43:99987,TP Unterretzbach(Gr),48.773629617622,16.0144821678961,0,15,112.0,4
at:44:40062,Maria Neustift Bschaumühle,47.96145672,14.58989786,3,1,1680.0,-1
at:44:40156,Neumarkt-Kallham Bahnhof,48.2717678566339,13.7258443182262,0,74,22.7027027027027,2
at:44:40179,Lengau Bahnhst,48.0082172468018,13.2201017963494,0,30,56.0,3
at:44:40192,Steyr City Point,48.03729718,14.41548096,3,35,48.0,5
at:44:40222,Perg Schulzentrum Bahnhst,48.2424615235991,14.640625721631,0,36,46.666666666666664,3
at:44:40342,Pichl bei Weyer Abzw. Winkl,47.85073932,14.68323282,3,20,84.0,6
at:44:40483,Enns Gesundheitszentrum,48.22114707,14.47328755,3,1,1680.0,-1
at:44:41016,Leonding Straßfeld Lokalbahn,48.2746557142042,14.245905985734,0,1,1680.0,-1
at:44:41027,Linz Pichling,48.2428743212308,14.3791171592346,1,45,37.333333333333336,3
at:44:41060,Linz/Donau Franckstraße Bahnhof,48.2858707723606,14.3239965333933,0,51,32.94117647058823,2
at:44:41072,Leonding Westbahn Bahnhof,48.2740040173359,14.2527152155885,1,28,60.0,4
at:44:41121,Linz Ebelsberg,48.2519669892919,14.3467328932376,0,48,35.0,2
at:44:41164,Linz/Donau Hauptbahnhof,48.2909992268168,14.2919805766629,0,421,3.990498812351544,0
at:44:41224,Linz/Donau Oed Bahnhst,48.2652561254967,14.2764936211625,0,38,44.21052631578947,3
at:44:41272,Linz/Donau Urfahr Bahnhof,48.3118842880337,14.2792783985436,0,79,21.265822784810126,2
at:44:41298,Linz/Donau Wegscheid Bahnhof,48.2491615950796,14.2755324238083,1,37,45.4054054054054,4
at:44:41428,Enns Dr.-Renner-Straße,48.21270141,14.47550639,3,14,120.0,6
at:44:41500,Pasching b.Linz Bahnhst,48.2569433440564,14.2083923394639,0,30,56.0,3
at:44:41501,Hörsching Bahnhst,48.2460629211155,14.18717413245,0,31,54.193548387096776,3
at:44:41570,Oftering Bahnhst,48.2282628472174,14.1524722130197,0,29,57.93103448275862,3
at:44:41600,Traun OÖ Bahnhof,48.2262221742256,14.2544040483229,0,66,25.454545454545453,2
at:44:41601,St.Martin b.Traun Bahnhst,48.2365144750064,14.2649053539957,1,37,45.4054054054054,4
at:44:41602,Ansfelden Bahnhof,48.2093071897821,14.2610515814263,1,39,43.07692307692308,4
at:44:41740,Nettingsdorf Bahnhof,48.1896617980496,14.2583117198094,1,39,43.07692307692308,4
at:44:41760,Nöstlbach-St.Marien Bahnhst,48.1634722011238,14.246076665638,1,39,43.07692307692308,4
at:44:41761,Neuhofen/Krems Bahnhof,48.1360102829229,14.2383421710406,0,68,24.705882352941178,2
at:44:41770,Kematen/Krems-Piberbach Bahnhof,48.1135719480826,14.2037749989029,0,40,42.0,3
at:44:41900,Asten-Fisching,48.2273412630388,14.4272758416229,1,45,37.333333333333336,3
at:44:41910,Enns Bahnhof,48.2210991879258,14.4670801918678,0,68,24.705882352941178,2
at:44:41914,Enns Hauptplatz,48.21386269,14.4791805,3,12,140.0,7
at:44:41917,Enns Busbahnhof,48.21845371,14.47876727,3,26,64.61538461538461,6
at:44:42107,Wels Hauptbahnhof,48.1657011139022,14.0262409492776,0,252,6.666666666666667,0
at:44:42146,Wels Lokalbahn Bahnhof,48.1566290734773,14.0173655942693,1,30,56.0,4
at:44:42268,Wels Messe Bahnhof,48.1524520399787,14.0196473150913,1,25,67.2,5
at:44:42300,Marchtrenk Bahnhof,48.1996081817458,14.0965431034226,0,79,21.265822784810126,2
at:44:42390,Kremsmünster Bahnhof,48.0530259456002,14.1401922430841,0,66,25.454545454545453,2
at:44:42410,Schauersberg Bahnhst,48.1359323473642,14.0086519360121,1,29,57.93103448275862,4
at:44:42411,Steinhaus b.Wels Bahnhst,48.1192214312611,14.0179405160512,1,29,57.93103448275862,4
at:44:42412,Oberhart b.Steinhaus Bahnhst,48.1039508041729,14.0392036388293,1,30,56.0,4
at:44:42430,Unterhart b.Sattledt Bahnhst,48.08909567677,14.0426441863679,1,30,56.0,4
at:44:42431,Sattledt Bahnhof,48.0740621917186,14.0580772429513,1,30,56.0,4
at:44:42451,Großendorf Bahnhst,48.0387987951079,14.055696707448,1,22,76.36363636363636,5
at:44:42452,Wiesmühle b.Sattledt Bahnhst,48.0217739006029,14.0437041984033,1,22,76.36363636363636,5
at:44:42453,Voitsdorf Bahnhst,48.0124841312467,14.0471088133306,1,22,76.36363636363636,5
at:44:42750,Gunskirchen Bahnhof,48.1322272743164,13.9453296916257,0,48,35.0,2
at:44:42790,Lambach OÖ Bahnhof,48.0941478616439,13.8886100645785,0,48,35.0,2
at:44:42791,Lambach OÖ Markt Bahnhst,48.0943338589768,13.8700329045003,0,44,38.18181818181818,2
at:44:42850,Neukirchen b.Lambach Bahnhst,48.0950778415804,13.8323395951734,0,30,56.0,3
at:44:42940,Haiding Bahnhof,48.2099178066073,13.9747225677262,1,25,67.2,5
at:44:43002,Steyr Griehmühle,48.04504505,14.44645487,3,1,1680.0,-1
at:44:43005,Steyr,48.0384263981703,14.4232513891495,0,49,34.285714285714285,2
at:44:43013,Steyr Bahnhof (Busterminal/Parkdeck),48.03802997,14.42296393,3,76,22.105263157894736,4
at:44:43023,Steyr Rederbrücke,48.04266676,14.4326298,3,40,42.0,5
at:44:43039,Steyr Grenzgasse,48.04305714,14.43462406,3,34,49.411764705882355,5
at:44:43041,Steyr Haager Straße,48.06020709,14.45228494,3,8,210.0,7
at:44:43108,Steyr Stadtbad,48.04745927,14.44304127,3,75,22.4,4
at:44:43122,Steyr Wälzlagerwerk,48.04574771,14.45045238,3,58,28.96551724137931,4
at:44:43133,Steyr-Münichholz,48.0481919177918,14.4495540606722,0,49,34.285714285714285,2
at:44:43148,Steyr Schönauerstraße,48.03919521,14.42720398,3,6,280.0,-1
at:44:43450,Rohr-Bad Hall Bahnhof,48.0697823965365,14.1916207931071,0,66,25.454545454545453,2
at:44:43490,Pichl bei Weyer Setzbauer,47.84883435,14.68724828,3,20,84.0,6
at:44:43491,Pichl bei Weyer Abzw. Waldhütte,47.84455394,14.69468634,3,20,84.0,6
at:44:43492,Pichl bei Weyer Abzw. Lechner,47.83892859,14.70389407,3,20,84.0,6
at:44:43493,Pichl bei Weyer Abzw Grubbauer,47.836583,14.70878989,3,20,84.0,6
at:44:43494,Pichl bei Weyer Pichlhöhe,47.84001391,14.72330666,3,20,84.0,6
at:44:43500,Kirchdorf/Krems Bahnhof,47.9064768907548,14.1163329891345,0,67,25.074626865671643,2
at:44:43510,Micheldorf in OÖ Bahnhof,47.8837275876988,14.1258730974532,0,21,80.0,4
at:44:43520,Schlierbach/Krems Bahnhof,47.9379131328646,14.1117515811849,0,39,43.07692307692308,3
at:44:43530,Nußbach Bahnhst,47.9717480348432,14.1233937472687,1,39,43.07692307692308,4
at:44:43540,Wartberg/Krems Bahnhof,47.9889397516179,14.1215072851718,0,54,31.11111111111111,2
at:44:43589,Klaus/Pyhrnbahn Bahnhof,47.8331880468111,14.1551761420253,0,18,93.33333333333333,4
at:44:43615,Steyrling Bahnhof,47.8015735515718,14.1636921709199,0,16,105.0,4
at:44:43620,Hinterstoder Bahnhof,47.7745765209736,14.1790892948918,0,27,62.22222222222222,4
at:44:43640,Roßleithen Bahnhst,47.7244865728733,14.308734156714,0,18,93.33333333333333,4
at:44:43649,Windischgarsten Bahnhof,47.7153367670756,14.3279850532554,0,26,64.61538461538461,4
at:44:43660,Spital am Pyhrn Bahnhof,47.6738100707217,14.3473527307837,0,18,93.33333333333333,4
at:44:43790,Steinbachbrücke Bahnhst,47.9321053083565,13.9929943006077,1,22,76.36363636363636,5
at:44:43835,Pettenbach OÖ Bahnhof,47.9620943520422,14.0112121345722,1,22,76.36363636363636,5
at:44:43839,Pettenbach OÖ Diensthubersiedlung Bahnhst,47.9678747489572,14.0219110696076,1,22,76.36363636363636,5
at:44:43860,Wilfling Bahnhst,47.9804498396189,14.0290347098116,1,22,76.36363636363636,5
at:44:43900,Garsten Bahnhof,48.0238407367626,14.4084202038066,0,54,31.11111111111111,2
at:44:43934,Lahrndorf b.Garsten Bahnhof,47.9948794545638,14.3745357512849,0,19,88.42105263157895,4
at:44:43940,Dürnbach/Enns Bahnhst,47.9780926192318,14.3540361964985,0,19,88.42105263157895,4
at:44:43941,Ternberg,47.9487025193099,14.3549704443941,0,19,88.42105263157895,4
at:44:43950,Trattenbach/Enns Bahnhst,47.9304501093938,14.3544224720707,0,19,88.42105263157895,4
at:44:43960,Losenstein,47.9240153963644,14.4311385973452,0,20,84.0,4
at:44:43981,Reichraming Bahnhof,47.8915165997439,14.4714549873021,0,20,84.0,4
at:44:44000,Puchenau Bahnhst,48.3116333594826,14.2385218340975,1,75,22.4,3
at:44:44001,Puchenau West Bahnhst,48.3124817319985,14.2218850350333,0,77,21.818181818181817,2
at:44:44002,Dürnberg b.Ottensheim Bahnhof,48.331488746431,14.1923753779458,1,75,22.4,3
at:44:44003,Ottensheim Bahnhof,48.3376158338442,14.1777238556598,0,77,21.818181818181817,2
at:44:44009,Achleitnersiedlung Bahnhst,48.3215739657143,14.2056165452356,1,74,22.7027027027027,3
at:44:44020,Walding b.Linz Bahnhst,48.3485961684199,14.153307646234,0,79,21.265822784810126,2
at:44:44040,Rottenegg Bahnhof,48.3598427369391,14.1378925559564,0,79,21.265822784810126,2
at:44:44050,Lacken im Mühlkreis Bahnhst,48.3860512134047,14.0913508410797,0,22,76.36363636363636,4
at:44:44052,Gerling OÖ Bahnhst,48.3974684466881,14.0771305101301,0,21,80.0,4
at:44:44350,Steyregg Bahnhof,48.284513857349,14.3621839161266,1,40,42.0,4
at:44:44351,Pulgarn Bahnhst,48.2786075694648,14.3926727368738,1,40,42.0,4
at:44:44360,St.Georgen/Gusen Bahnhof,48.2651425066616,14.440499042607,1,40,42.0,4
at:44:44361,St.Georgen/Gusen Ort Bahnhst,48.2702491248497,14.4505601737905,0,40,42.0,3
at:44:44410,Mauthausen OÖ Bahnhof,48.243400782942,14.5327829717575,0,36,46.666666666666664,3
at:44:44450,Lungitz/Gusen Bahnhof,48.2887279468872,14.4786684590346,0,40,42.0,3
at:44:44470,Katsdorf Bahnhst,48.3121889853298,14.4904543555639,1,36,46.666666666666664,4
at:44:44471,Gaisbach-Wartberg Bahnhof,48.3302942966598,14.5062916540251,1,36,46.666666666666664,4
at:44:44472,Schloss Haus Bahnhst,48.3414314548014,14.5055999512562,1,36,46.666666666666664,4
at:44:44500,Perg Bahnhof,48.2476062995692,14.627168958673,0,36,46.666666666666664,3
at:44:44550,Aisthofen,48.257451718417,14.5902122678792,0,35,48.0,3
at:44:44551,Schwertberg Bahnhof,48.2686167368164,14.5797109622064,0,37,45.4054054054054,3
at:44:44850,Arbing,48.2271078722042,14.7007858962169,0,36,46.666666666666664,3
at:44:44870,Dornach,48.1917997448007,14.8202797953271,0,35,48.0,3
at:44:44880,Grein-Bad Kreuzen Bahnhof,48.2212607852783,14.8506698013931,0,37,45.4054054054054,3
at:44:44881,Grein Stadt Bahnhof,48.2299922688373,14.8557722322076,0,32,52.5,3
at:44:44900,St.Nikola-Struden Bahnhst,48.2334928222967,14.9091950421616,0,31,54.193548387096776,3
at:44:44960,Baumgartenberg Bahnhst,48.2086786060334,14.7480732127795,0,35,48.0,3
at:44:44961,Saxen Bahnhof,48.2051823422963,14.7907431887811,0,36,46.666666666666664,3
at:44:45000,Freistadt Bahnhof,48.4952568428613,14.4815430679441,0,18,93.33333333333333,4
at:44:45002,Freistadt Busterminal,48.50767323,14.50133295,3,3,560.0,-1
at:44:45005,Freistadt Böhmertor (Froschau),48.51349943,14.50515978,3,3,560.0,-1
at:44:45009,Freistadt Graben,48.51996757,14.51597549,3,1,1680.0,-1
at:44:45023,Grünbach/Freist. B38/Abzw. Ort,48.52246059,14.53484011,3,1,1680.0,-1
at:44:45040,Freistadt Eglsee,48.51542151,14.51097188,3,3,560.0,-1
at:44:45090,Pregarten Bahnhof,48.3559867091429,14.5225781101284,0,56,30.0,2
at:44:45260,Summerau Bahnhof,48.5572726729473,14.4490150715017,0,18,93.33333333333333,4
at:44:45340,Grünbach b.Freistadt Oberrauchenödt,48.52719639,14.57227291,3,1,1680.0,-1
at:44:45341,Weinviertl bei Sandl Bundesstraße,48.53704734,14.61417932,3,1,1680.0,-1
at:44:45350,Sandl Königsau,48.54218621,14.62609996,3,1,1680.0,-1
at:44:45351,Sandl Abzw. Viehberg,48.54813927,14.63190308,3,1,1680.0,-1
at:44:45352,Sandl Größgstötten,48.55271212,14.64102996,3,1,1680.0,-1
at:44:45354,Sandl Kirchenplatz,48.56038217,14.64389559,3,3,560.0,-1
at:44:45355,Sandl Kohlstatt,48.56049513,14.65711879,3,7,240.0,-1
at:44:45360,Rosenhof b.Sandl,48.55872935,14.68077143,3,7,240.0,-1
at:44:45362,Schönberg bei Sandl Ort,48.561595,14.72019849,3,7,240.0,-1
at:44:45450,Kefermarkt Bahnhof,48.436872209085,14.5382357455328,0,19,88.42105263157895,4
at:44:45500,Rohrbach-Berg Bahnhof,48.5817570379345,13.9873618637755,0,16,105.0,4
at:44:45530,Oepping Bahnhst,48.5998555981871,13.9604303715539,0,10,168.0,-1
at:44:45550,Haslach/Mühl Bahnhst,48.5538121636426,14.0313343969393,0,16,105.0,4
at:44:45680,Iglmühle Bahnhst,48.5205804204354,14.0364637772123,0,17,98.82352941176471,4
at:44:45706,Grünbach/Freistadt Unterrauchenödt,48.52335304,14.54661703,3,1,1680.0,-1
at:44:45728,Sandl Pendlerparkplatz,48.5600314,14.64194625,3,7,240.0,-1
at:44:45750,Neufelden Bahnhof,48.4841831018904,14.0054269841417,0,15,112.0,4
at:44:45765,Kleinzell im Mühlkreis Bahnhst,48.4582217792644,14.0320260997082,0,16,105.0,4
at:44:45780,Neuhaus-Niederwaldkirchen Bahnhst,48.4422357696593,14.0509805522057,0,20,84.0,4
at:44:46009,Pinsdorf Bahnhst,47.93317664526,13.7661517250303,0,29,57.93103448275862,3
at:44:46010,Gmunden Bahnhof,47.9252975873337,13.7830131029156,0,31,54.193548387096776,3
at:44:46011,Altmünster/Traunsee Bahnhof,47.8911371158624,13.7584531630443,0,31,54.193548387096776,3
at:44:46320,Viechtwang Bahnhst,47.9156833907011,13.9713449022574,1,22,76.36363636363636,5
at:44:46321,Scharnstein-Mühldorf Bahnhof,47.9004186142064,13.9585618757626,1,22,76.36363636363636,5
at:44:46322,Kothmühle Bahnhst,47.8868421282657,13.9407662499818,1,22,76.36363636363636,5
at:44:46323,Traxenbichl Bahnhst,47.8768532483889,13.9384306302427,1,22,76.36363636363636,5
at:44:46340,Grünau im Almtal Bahnhof,47.8536629489123,13.9515999323097,1,21,80.0,5
at:44:46406,Traunkirchen Bahnhof,47.8553386872809,13.7771201546509,0,29,57.93103448275862,3
at:44:46430,Traunkirchen Ort Bahnhof,47.8427633002807,13.7871184037646,0,17,98.82352941176471,4
at:44:46440,Ebensee Landungsplatz,47.8122767398557,13.7750360631915,0,29,57.93103448275862,3
at:44:46441,Ebensee Bahnhof,47.8043973802475,13.771469751513,0,30,56.0,3
at:44:46470,Steinkogel Bahnhst,47.7871865373981,13.7413582231852,0,16,105.0,4
at:44:46500,Bad Ischl Bahnhof,47.7121817058842,13.6274518451429,0,29,57.93103448275862,3
at:44:46534,Lauffen b.Bad Ischl Bahnhst,47.6749109426599,13.6166361291206,0,15,112.0,4
at:44:46570,Bad Goisern Jodschwefelbad Bahnhst,47.6585587908079,13.6088297693005,0,15,112.0,4
at:44:46571,Bad Goisern Bahnhof,47.6394657262084,13.6134830424729,0,29,57.93103448275862,3
at:44:46580,Steeg-Gosau Bahnhof,47.6164540032392,13.6317368090488,0,29,57.93103448275862,3
at:44:46630,Obersee OÖ Bahnhst,47.5915238053063,13.665818890933,0,15,112.0,4
at:44:46631,Hallstatt Bahnhst,47.5676545523749,13.6619920678221,0,26,64.61538461538461,4
at:44:46640,Obertraun-Dachsteinhöhlen Bahnhof,47.5576588359976,13.6835426514912,0,29,57.93103448275862,3
at:44:46790,Aurachkirchen Bahnhof,47.967796558518,13.7456701365495,0,17,98.82352941176471,4
at:44:46803,Kleinraming Kindlehen,48.02710905,14.47283839,3,3,560.0,-1
at:44:46804,Kleinraming Mühlenweg,48.02261506,14.47750065,3,3,560.0,-1
at:44:46820,Kleinraming Ortsmitte,48.01001419,14.49090351,3,1,1680.0,-1
at:44:46833,Maria Neustift Sulzbach Ort,47.97165782,14.57352157,3,1,1680.0,-1
at:44:46835,Maria Neustift Abzw. Wirleitner,47.96584176,14.58540628,3,1,1680.0,-1
at:44:46840,Maria Neustift Brandnerkapelle,47.95800979,14.59564708,3,1,1680.0,-1
at:44:46841,Maria Neustift Ramskogler,47.94626563,14.61532916,3,1,1680.0,-1
at:44:46842,Maria Neustift Ortsmitte,47.93791915,14.6077384,3,10,168.0,7
at:44:46843,Maria Neustift Großalb,47.9334535,14.60450446,3,10,168.0,7
at:44:46844,Maria Neustift Abzw. Waidhofen,47.93087746,14.61058606,3,10,168.0,7
at:44:46845,Maria Neustift Pfarrsiedlung,47.9337424,14.60867265,3,10,168.0,7
at:44:46849,Maria Neustift Volksschule,47.9386353,14.60896011,3,3,560.0,-1
at:44:46854,Maria Neustift Schörghuber,47.92925231,14.63856858,3,10,168.0,7
at:44:46860,Maria Neustift Abzw. Dörfl,47.92458727,14.6286422,3,10,168.0,7
at:44:46861,Maria Neustift Zwiemühle,47.92374451,14.61832954,3,10,168.0,7
at:44:46870,Maria Neustift Moosbauer,47.93327294,14.65224992,3,10,168.0,7
at:44:46871,Maria Neustift Abzw. Gaflenz,47.93665533,14.66307462,3,12,140.0,7
at:44:46875,Maria Neustift Ofenbauer,47.92754285,14.65889745,3,14,120.0,6
at:44:46900,Oberland OÖ Bahnhof,47.9023096434401,14.7449380924375,1,22,76.36363636363636,5
at:44:46901,Oberland Joglbauer,47.90005726,14.73749106,3,18,93.33333333333333,6
at:44:46902,Oberland Abzw. Forsteralm,47.90459806,14.75082206,3,18,93.33333333333333,6
at:44:46910,Großraming Bahnhof,47.882082890143,14.5516026769624,0,20,84.0,4
at:44:46930,Küpfern Bahnhst,47.8586719195056,14.6104243617747,0,19,88.42105263157895,4
at:44:46940,Kastenreith Bahnhst,47.8514868193462,14.6377960284856,0,42,40.0,3
at:44:46942,Weyer/Enns Bahnhof,47.86153483,14.66693738,1,32,52.5,4
at:44:46943,Weyer/Enns Marktplatz,47.85758698,14.66432328,3,28,60.0,5
at:44:46946,Weyer/Enns Waidhofner Straße,47.86107075,14.66890469,3,20,84.0,6
at:44:46947,Weyer/Enns Schwimmbad,47.86481945,14.67124031,3,20,84.0,6
at:44:46948,Weyer/Enns Mühlein,47.85281903,14.67974735,3,20,84.0,6
at:44:46950,Kleinreifling Bahnhof,47.8242201966064,14.6422426891427,0,33,50.90909090909091,3
at:44:46960,Gaflenz Bahnhst,47.8938958400702,14.7241241273015,1,22,76.36363636363636,5
at:44:46961,Weyer/Enns Abzw. Neudorf,47.87137602,14.67739377,3,20,84.0,6
at:44:46962,Neudorf/Gaflenz Sonnensiedlung,47.8767689,14.68088821,3,20,84.0,6
at:44:46963,Gaflenz Lindau,47.88410713,14.68539776,3,20,84.0,6
at:44:46964,Gaflenz Abzw Gschnaidt,47.88946856,14.69174884,3,20,84.0,6
at:44:46965,Gaflenz B121/Bahnunterführung,47.89306462,14.7038761,3,20,84.0,6
at:44:46966,Gaflenz Pettendorf,47.89399221,14.71559912,3,20,84.0,6
at:44:46967,Gaflenz Volksschule,47.89619667,14.72662144,3,20,84.0,6
at:44:47000,Vöcklabruck Bahnhof,48.0099961598472,13.6637886983906,0,136,12.352941176470589,1
at:44:47060,Oberthalheim-Timelkam Bahnhst,48.0016900335213,13.6235531568093,1,27,62.22222222222222,5
at:44:47120,Ottnang-Wolfsegg Bahnhof,48.0921258472251,13.6648037946618,1,21,80.0,5
at:44:47130,Bergern am Hausruck Bahnhst,48.1009993192585,13.6308474769174,1,21,80.0,5
at:44:47150,Schwanenstadt Bahnhof,48.0542328805069,13.7684873447693,0,47,35.744680851063826,2
at:44:47151,Breitenschützing Bahnhof,48.0788757856237,13.8011590716573,1,28,60.0,4
at:44:47200,Attnang-Puchheim Bahnhof,48.012243752775,13.7205981569663,0,181,9.281767955801104,0
at:44:47230,Lehen-Altensam Bahnhst,48.0351768203487,13.7012484457436,1,21,80.0,5
at:44:47250,Wankham b.Attnang Bahnhst,47.997554502319,13.7308120017481,0,29,57.93103448275862,3
at:44:47270,Lenzing OÖ Bahnhof,47.983143673987,13.6136088066127,0,28,60.0,3
at:44:47271,Lenzing OÖ Ort Bahnhst,47.9717540490364,13.6067636441468,1,27,62.22222222222222,5
at:44:47300,Siebenmühlen-Rosenau Bahnhst,47.9592730909825,13.6056676995,1,27,62.22222222222222,5
at:44:47301,Kammer-Schörfling Bahnhst,47.9485460802713,13.5962353890154,0,28,60.0,3
at:44:47510,Grieskirchen-Gallspach Bahnhof,48.2312548892331,13.8383942401892,0,41,40.97560975609756,3
at:44:47511,Schlüßlberg Bahnhof,48.2236368059743,13.8691256060633,0,35,48.0,3
at:44:47650,Obertrattnach-Markt Hofkirchen Bahnhst,48.245464699888,13.7671039392316,0,25,67.2,4
at:44:47750,Bad Schallerbach-Wallern Bahnhof,48.2287954434942,13.9220543426109,0,40,42.0,3
at:44:47795,Kimpling Bahnhst,48.2666015924968,13.6707506418435,0,22,76.36363636363636,4
at:44:47800,Timelkam Bahnhof,48.0080970477614,13.5959838607359,0,31,54.193548387096776,3
at:44:47840,Neukirchen-Gampern Bahnhst,48.0201275822772,13.5500979160166,0,29,57.93103448275862,3
at:44:47841,Redl-Zipf Bahnhst,48.0262499382624,13.5148570074157,0,30,56.0,3
at:44:47860,Vöcklamarkt Bahnhof,47.9981496064433,13.4895694321642,0,30,56.0,3
at:44:47870,Frankenmarkt Bahnhof,47.9831075967769,13.4322479338766,0,31,54.193548387096776,3
at:44:47880,Pöndorf Bahnhof,47.9870458766814,13.3549928194316,0,29,57.93103448275862,3
at:44:47901,Oberhofen-Zell am Moos Bahnhst,47.9590444959189,13.3019922176611,0,31,54.193548387096776,3
at:44:47980,Wolfshütte Bahnhst,48.0529178604971,13.6815663578658,1,21,80.0,5
at:44:48000,Ried im Innkreis Bahnhof,48.2005482277103,13.4883028076135,0,58,28.96551724137931,2
at:44:48050,Bad Ried Bahnhst,48.2126355618005,13.4776757378008,1,23,73.04347826086956,5
at:44:48060,Oberbrunn im Innkreis Bahnhst,48.1709973890415,13.5123596909255,1,22,76.36363636363636,5
at:44:48080,Neuratting Bahnhst,48.2270779502253,13.3741898170559,1,30,56.0,4
at:44:48081,Gurten OÖ Bahnhst,48.2441186765431,13.334385466811,0,34,49.411764705882355,3
at:44:48101,Aurolzmünster Bahnhst,48.2490957950739,13.4580475488401,1,21,80.0,5
at:44:48140,St.Martin im Innkreis Bahnhof,48.2887936958839,13.4336942214842,1,21,80.0,5
at:44:48141,Hart im Innkreis Bahnhst,48.3164187127855,13.4150541793362,1,21,80.0,5
at:44:48170,Kumpfmühl Bahnhof,48.2692685023944,13.6203282049389,0,22,76.36363636363636,4
at:44:48171,Riedau Bahnhof,48.3034536079945,13.626535563553,0,35,48.0,3
at:44:48190,Peterskirchen Bahnhof,48.233917659498,13.5497745225143,0,34,49.411764705882355,3
at:44:48201,Pram-Haag Bahnhof,48.2317395835744,13.6174985117935,0,37,45.4054054054054,3
at:44:48210,Wendling b.Haag Bahnhof,48.2464039040845,13.6502151544457,0,33,50.90909090909091,3
at:44:48300,Eberschwang Bahnhof,48.1518047791101,13.5369106476439,1,21,80.0,5
at:44:48310,Hausruck Bahnhof,48.1296671404832,13.5716574828385,1,21,80.0,5
at:44:48315,Schalchen-Mattighofen Bahnhst,48.0952398363653,13.1636067481233,0,31,54.193548387096776,3
at:44:48320,Holzleithen am Hausruck Bahnhst,48.1135539551056,13.6066199137013,1,21,80.0,5
at:44:48500,Schärding Bahnhof,48.4642204474756,13.4421114356976,0,56,30.0,2
at:44:48530,Wernstein/Inn Bahnhof,48.506387682348,13.4574546607525,0,32,52.5,3
at:44:48531,Gopperding Bahnhst,48.4409902821885,13.4583260265782,1,21,80.0,5
at:44:48790,Taufkirchen/Pram Bahnhof,48.4072969065227,13.5212709785452,0,35,48.0,3
at:44:48800,Andorf Bahnhof,48.3697978181439,13.5657914840324,0,37,45.4054054054054,3
at:44:48880,Zell/Pram Bahnhof,48.3170459730176,13.6242089269668,0,22,76.36363636363636,4
at:44:48900,Suben Bahnhof,48.4026632151704,13.4331103165495,1,21,80.0,5
at:44:48920,Dietrichshofen Bahnhst,48.3701916842161,13.4221778195402,1,21,80.0,5
at:44:48930,Antiesenhofen Bahnhof,48.347634961175,13.4020914897845,1,21,80.0,5
at:44:49000,Braunau/Inn Bahnhof,48.259054559776,13.0481552677921,0,65,25.846153846153847,2
at:44:49100,Hagenau im Innkreis Bahnhst,48.2653099448568,13.1146665314376,1,30,56.0,4
at:44:49110,Mining Bahnhof,48.2713373545704,13.1718802318911,0,34,49.411764705882355,3
at:44:49120,Mühlheim/Inn Bahnhst,48.2697050012989,13.2206138360614,1,30,56.0,4
at:44:49130,Obernberg-Altheim Bahnhof,48.2705361327404,13.2577771393706,0,34,49.411764705882355,3
at:44:49131,Geinberg Bahnhst,48.2662727038343,13.2907273439967,0,31,54.193548387096776,3
at:44:49190,St.Georgen/Mattig Bahnhof,48.2163587719652,13.0988022835179,0,29,57.93103448275862,3
at:44:49210,Mauerkirchen Bahnhof,48.1913506037245,13.1288868623872,0,29,57.93103448275862,3
at:44:49220,Uttendorf-Helpfau Bahnhof,48.1603923074264,13.1334323377255,0,29,57.93103448275862,3
at:44:49250,Furth b.Mattighofen Bahnhst,48.1320234275872,13.1397744436322,0,27,62.22222222222222,4
at:44:49320,Achenlohe Bahnhst,48.0454834628936,13.1979313751342,0,5,336.0,-1
at:44:49330,Teichstätt Bahnhof,48.0201155651618,13.2128344256999,0,5,336.0,-1
at:44:49331,Friedburg Bahnhof,47.9971457399539,13.2341244979365,0,56,30.0,2
at:44:49650,Mattighofen Bahnhof,48.1087376083892,13.1522071271662,0,31,54.193548387096776,3
at:44:49666,Munderfing Bahnhof,48.0734499567223,13.1798482884624,0,31,54.193548387096776,3
at:44:49759,Lasberg-St.Oswald Bahnhst,48.4608786750852,14.5216438622328,0,14,120.0,4
at:44:49841,Schlägl Bahnhst,48.6365734843422,13.9754052873422,0,15,112.0,4
at:44:49844,Aigen-Schlägl Bahnhof,48.642640082591,13.9750279949228,0,15,112.0,4
at:44:99981,TP Summerau(Gr),48.593118414952,14.4336359138354,0,30,56.0,3
at:45:50002,Salzburg Hauptbahnhof 7,47.8128739779457,13.0460352437213,0,322,5.217391304347826,0
at:45:50034,Salzburg Liefering S-Bahn 1,47.8241960711805,13.000499641963,0,89,18.876404494382022,1
at:45:50209,Wallersee S-Bahn 1,47.9192716154518,13.1593577168288,1,30,56.0,4
at:45:50210,Köstendorf Weng S-Bahn 1,47.9362641381288,13.1750063690803,1,57,29.473684210526315,3
at:45:50230,Eugendorf S-Bahn 2,47.8733524674419,13.1167685892027,1,30,56.0,4
at:45:50253,Salzburg Kasern S-Bahn 1,47.8390250614774,13.0653130897212,1,58,28.96551724137931,3
at:45:50254,Hallwang-Elixhausen S-Bahn 1,47.8577678089782,13.09138219927,0,58,28.96551724137931,2
at:45:50273,Neumarkt Bahnhof 1,47.955338708528,13.2255545701248,0,118,14.23728813559322,1
at:45:50281,Steindorf Bahnhof 1,47.9665815841754,13.238598108052,0,32,52.5,3
at:45:50290,Straßwalchen Bahnhof 1,47.9720908427371,13.2643528072513,0,60,28.0,2
at:45:50456,Salzburg Parsch S-Bahn 1,47.798659054605,13.0733440283624,1,56,30.0,3
at:45:50457,Salzburg Aigen S-Bahn 2,47.7887678554297,13.0787069706093,1,56,30.0,3
at:45:50458,Salzburg-Süd S-Bahn 1,47.7700545207365,13.0785632401638,0,92,18.26086956521739,1
at:45:50470,Elsbethen S-Bahn 2,47.760810063248,13.0803329212738,1,55,30.545454545454547,3
at:45:50475,Puch S-Bahn 2,47.7129191127704,13.0906186312784,1,56,30.0,3
at:45:50489,Oberalm 1,47.7004603710145,13.0931698466856,1,56,30.0,3
at:45:50494,Hallein Bahnhof 2,47.6850717408354,13.0995568683566,0,91,18.46153846153846,1
at:45:50500,Hallein Burgfried S-Bahn 1,47.6757698485924,13.1146665314376,1,56,30.0,3
at:45:50578,Kuchl Garnei S-Bahn 1,47.6516546244669,13.128329906911,1,56,30.0,3
at:45:50580,Kuchl S-Bahn 1,47.6249370090466,13.1421549791355,0,79,21.265822784810126,2
at:45:50591,Golling-Abtenau Bahnhof 3,47.6007861915132,13.1640020068483,0,103,16.310679611650485,1
at:45:50861,Salzburg Sam S-Bahn 1,47.8195396540721,13.0631930656504,1,56,30.0,3
at:45:51023,Salzburg Mülln-Altstadt S-Bahn 2,47.8084639065245,13.0345996901529,0,116,14.482758620689655,1
at:45:51024,Salzburg Aiglhof S-Bahn 2,47.8078907507305,13.0268921450141,0,90,18.666666666666668,1
at:45:52011,Hüttau Bahnhof 2,47.4156827897973,13.3206502261149,1,16,105.0,5
at:45:52099,Bischofshofen Bahnhof 4,47.4177920460833,13.2201107795022,0,99,16.96969696969697,1
at:45:52106,Pöham Bahnhof 1,47.430348577946,13.2545521875002,1,15,112.0,5
at:45:52114,Radstadt Bahnhof 1,47.3843987442143,13.4680547811066,0,32,52.5,3
at:45:52183,Altenmarkt Bahnhof 1,47.3824280484658,13.4285109422941,1,17,98.82352941176471,5
at:45:52189,Eschenau Bahnhof 1,47.3062444075745,13.0073807370403,1,18,93.33333333333333,5
at:45:52191,Lend Bahnhof 2,47.2976854488956,13.0548297503541,0,42,40.0,3
at:45:52192,Mitterberghütten Bahnhof 1,47.3953517934407,13.222518264464,1,37,45.4054054054054,4
at:45:52197,Schwarzach-St.Veit Bahnhof 1,47.3186630936919,13.1543990164597,0,82,20.48780487804878,2
at:45:52199,Dorfgastein Bahnhof 1,47.2387219960024,13.1030962305765,0,13,129.23076923076923,-1
at:45:52201,Bad Hofgastein Bahnhof 1,47.1961455979624,13.1015151956763,0,21,80.0,4
at:45:52204,Bad Gastein Bahnhof 2,47.1115443995315,13.1320129995764,0,17,98.82352941176471,4
at:45:52205,Böckstein Bahnhof 1,47.080857042786,13.1301804363965,1,28,60.0,4
at:45:52210,Tenneck Bahnhof 1,47.4945126810836,13.1789499731782,1,32,52.5,4
at:45:52294,Dorfgastein Abzw Bahnhof A,47.2402589391435,13.1042640404461,3,4,420.0,-1
at:45:52343,Eben Bahnhof 1,47.4070503707522,13.3962973562011,1,17,98.82352941176471,5
at:45:52385,St.Johann Bahnhof 3,47.3483123944447,13.1948321874036,0,73,23.013698630136986,2
at:45:52418,Mandling Bahnhof 1,47.4042840498267,13.5677048955878,1,18,93.33333333333333,5
at:45:52428,Pfarrwerfen Bahnhof 2,47.4607186183503,13.2000244497465,1,33,50.90909090909091,4
at:45:52434,Werfen Bahnhof 2,47.4729491627435,13.1951825303645,0,61,27.540983606557376,2
at:45:52495,Niedernfritz-St.Martin Bahnhof 1,47.4212991814387,13.3446711768156,1,16,105.0,5
at:45:54001,Saalfelden Bahnhof 2,47.4268359680717,12.8298287211093,0,51,32.94117647058823,2
at:45:54104,Zell am See Bahnhof 3,47.3205691858669,12.7967617354963,0,46,36.52173913043478,2
at:45:54179,Bruck-Fusch Bahnhof 1,47.2845732398113,12.8281488715278,0,42,40.0,3
at:45:54180,Taxenbach-Rauris Bahnhof 1,47.2927870299816,12.9471217477732,0,42,40.0,3
at:45:54252,Leogang Steinberge Bahnhof 1,47.4454051724687,12.7689229448376,0,29,57.93103448275862,3
at:45:54253,Maishofen-Saalbach Bahnhof 1,47.3588834872379,12.8103262962884,0,20,84.0,4
at:45:54276,Leogang Bahnhof 1,47.4434003056585,12.740275670423,0,29,57.93103448275862,3
at:45:56183,Seekirchen Bahnhof 1,47.899057512198,13.1293809357935,0,87,19.310344827586206,1
at:45:56199,Bad Vigaun S-Bahn 2,47.6641613257464,13.1240449430051,1,56,30.0,3
at:45:56483,Straßwalchen West,47.9767455878307,13.2454163210594,0,56,30.0,2
at:45:56533,Salzburg Gnigl S-Bahn 1,47.8119871674001,13.0663461522981,1,61,27.540983606557376,3
at:45:56656,Puch Urstein (FH) 2,47.7241058666292,13.0881123316353,1,61,27.540983606557376,3
at:45:56702,Salzburg Taxham Europark S-Bahn 1,47.8161134224544,13.0104260258539,0,116,14.482758620689655,1
at:45:56900,Gries Bahnhof 1,47.2880161187099,12.8906805984641,0,20,84.0,4
at:45:56901,Gerling Bahnhof 2,47.3902860630438,12.8274661519118,1,19,88.42105263157895,5
at:46:1034,Studenzen-Fladnitz,46.9992031109601,15.774676902767,0,39,43.07692307692308,3
at:46:1745,Pernegg Bahnhof 2,47.35947375066,15.3429735266176,0,47,35.744680851063826,2
at:46:1746,Flughafen Graz-Feldkirchen Bahnhof,46.9979777795337,15.449343039425,1,65,25.846153846153847,3
at:46:1747,Werndorf Bahnhof,46.9163197190372,15.4767955545115,1,65,25.846153846153847,3
at:46:1748,Wildon Bahnhof,46.8837763241821,15.52141487468,1,61,27.540983606557376,3
at:46:1749,Lebring Bahnhof,46.8557530566974,15.5321497423267,1,61,27.540983606557376,3
at:46:1751,Lichendorf Bahnhof,46.7139020779385,15.6981134910909,1,21,80.0,5
at:46:1752,Weitersfeld an der Mur Bahnhof,46.7146288615495,15.7219098629705,1,21,80.0,5
at:46:1753,Mureck Bahnhof,46.7113336201544,15.7710836416301,1,21,80.0,5
at:46:1756,Purkla Bahnhof,46.7316069435731,15.9032437862481,1,20,84.0,5
at:46:1757,Halbenrain Bahnhof,46.7237066727307,15.949147697273,1,20,84.0,5
at:46:1758,Judendorf-Straßengel Bahnhof 2,47.1185991342982,15.3432699706614,0,49,34.285714285714285,2
at:46:1759,Stübing Bahnhof 1,47.1774702731869,15.3223931234556,0,49,34.285714285714285,2
at:46:1760,Peggau-Deutschfeistritz Bahnhof 2,47.2075221754074,15.3431352233688,0,53,31.69811320754717,2
at:46:1761,Laßnitzhöhe 2,47.0788811447733,15.5883213970505,0,39,43.07692307692308,3
at:46:1762,Takern-St.Margarethen Bahnhof,47.045340879914,15.7578963732574,0,35,48.0,3
at:46:1764,Rohr Haltestelle,46.9765238016064,15.8120468185916,0,31,54.193548387096776,3
at:46:1765,Gniebing,46.9620692257391,15.8525428716054,0,31,54.193548387096776,3
at:46:1766,Lödersdorf,46.9546687858387,15.9462102062935,0,32,52.5,3
at:46:1767,Hohenbrugg an der Raab,46.944274559436,16.0604489609909,0,21,80.0,4
at:46:1768,Hatzendorf Bahnhof,46.9793860552844,16.0033610246772,0,12,140.0,-1
at:46:1770,Söchau Bahnhof,47.028749592341,16.0135299536948,0,12,140.0,-1
at:46:1771,Übersbach Bahnhof,47.0268329969131,16.0539271920273,0,12,140.0,-1
at:46:1772,Bierbaum/Safen Bahnhof,47.0978846555311,16.0743728478967,0,12,140.0,-1
at:46:1774,Bad Waltersdorf Bahnhof,47.1703622780116,16.013574869459,0,12,140.0,-1
at:46:1775,Sebersdorf Bahnhof,47.1891133603673,15.9989053808673,0,12,140.0,-1
at:46:1794,Kalsdorf Bahnhof,46.9642333697302,15.4699503920456,1,64,26.25,3
at:46:1827,Leibnitz Bahnhof,46.7798270595866,15.547412119006,0,75,22.4,2
at:46:1839,Spielfeld-Straß Bahnhof,46.7096582053222,15.6288623658285,0,99,16.96969696969697,1
at:46:1858,Gosdorf Bahnhof,46.7246057486456,15.7977366561136,1,21,80.0,5
at:46:1891,Bad Radkersburg Bahnhof,46.6995060503683,15.9933807418692,1,20,84.0,5
at:46:1923,Feldbach 3,46.9586235807284,15.8892749835781,0,41,40.97560975609756,3
at:46:1960,Fehring,46.9495485784874,16.0128652003845,0,72,23.333333333333332,2
at:46:1982,Fürstenfeld Bahnhof,47.0421822,16.08344583,0,27,62.22222222222222,4
at:46:1983,Fürstenfeld Schillerplatz,47.04693239,16.08069699,3,23,73.04347826086956,6
at:46:1986,Fürstenfeld Ledergasse,47.05621119,16.07245944,3,8,210.0,7
at:46:2022,Hartberg Bahnhof,47.2809351225163,15.9846401341535,0,18,93.33333333333333,4
at:46:2042,Frohnleiten Bahnhof 2,47.2664715895702,15.3273428406718,0,61,27.540983606557376,2
at:46:2051,Mixnitz-Bärenschützklamm Bahnhof 1,47.331894704931,15.3599966012541,0,47,35.744680851063826,2
at:46:2065,Bruck/Mur Bahnhof 1,47.4136342381198,15.2792021245891,0,221,7.601809954751131,0
at:46:2244,Laßnitzthal 1,47.0882767113615,15.6571592972822,1,29,57.93103448275862,4
at:46:2286,Fürstenfeld Grazer Platz,47.0518107,16.07336673,3,27,62.22222222222222,6
at:46:2735,Bad Blumau Bahnhof,47.1232447226609,16.0567658683255,0,12,140.0,-1
at:46:2738,Burgau Hauptplatz,47.14322224,16.09882499,3,8,210.0,7
at:46:28,Gleisdorf 2,47.098936470302,15.7099982023014,0,42,40.0,3
at:46:2994,Graz Dietrichsteinplatz,47.06626548,15.44607317,3,34,49.411764705882355,5
at:46:30205,Spielfeld Tarifpunkt Grenze (Bahn),46.6920200775411,15.6403608014668,0,20,84.0,4
at:46:3038,Graz Ostbahnhof 2,47.0531265983253,15.4484537072936,0,44,38.18181818181818,2
at:46:30382,Fürstenfeld Fabriksgasse/Ärztezentrum,47.04966846,16.08004122,3,7,240.0,-1
at:46:3039,Raaba 1,47.0302130166348,15.4967561201275,0,42,40.0,3
at:46:3040,Graz Hauptbahnhof,47.07248191,15.41750675,0,266,6.315789473684211,0
at:46:30454,Leoben Lerchenfeld Bahnhof,47.385450968256,15.114145674262,0,58,28.96551724137931,2
at:46:3049,Graz Glacisstraße,47.07358929,15.44695352,3,16,105.0,6
at:46:3051,Graz St.Leonhard/Klinikum Mitte,47.07941336,15.46774952,3,16,105.0,6
at:46:3064,Pinggau Steinamangerer Straße,47.44005869,16.07054602,3,3,560.0,-1
at:46:3261,Graz Moserhofgasse,47.05961383,15.4521907,3,32,52.5,5
at:46:3369,Graz Walter-P.-Chrysler-Platz,47.02521639,15.48182612,3,32,52.5,5
at:46:3747,Graz Liebenau Murpark 1,47.040137525801,15.4622967458238,0,42,40.0,3
at:46:3918,Kaindorf Bahnhof,46.8020362533423,15.5423725702614,0,65,25.846153846153847,2
at:46:4231,Graz Neue Technik,47.06334669,15.45095102,3,32,52.5,5
at:46:4279,Graz Puntigam Bahnhof,47.0305742741974,15.4293645075034,0,71,23.661971830985916,2
at:46:4281,Graz Uni/Beethovenstraße,47.07477006,15.45122052,3,16,105.0,6
at:46:4498,Graz Don Bosco Bahnhof 1,47.0580349340922,15.4190608311931,0,114,14.736842105263158,1
at:46:4971,St. Sebastian Gesundheitszentrum,47.78716843,15.3060887,3,8,210.0,7
at:46:5205,St.Johann in der Haide Bahnhof,47.2804719606536,16.0353500319491,0,15,112.0,4
at:46:5211,Grafendorf Bahnhof,47.3468698877301,16.003540687734,0,16,105.0,4
at:46:5230,Rohrbach-Vorau Bahnhof,47.3893434064149,15.9858348934816,0,16,105.0,4
at:46:5239,Friedberg Hauptplatz,47.44174168,16.05767317,3,3,560.0,-1
at:46:5240,Pinggau Hauptplatz,47.44439667,16.06521902,3,3,560.0,-1
at:46:525,Gratwein-Gratkorn Bahnhof 2,47.1291122544742,15.3231387251415,0,57,29.473684210526315,2
at:46:5511,Unzmarkt Bahnhof 3,47.2010224446483,14.4422148247999,0,63,26.666666666666668,2
at:46:5686,Mariazell Freizeitzentrum Bahnhof,47.78530941,15.30055508,1,23,73.04347826086956,5
at:46:5952,Palfau Schule,47.71087006,14.80750575,3,10,168.0,7
at:46:5953,Palfau Untere Palfau,47.70406954,14.79444425,3,5,336.0,-1
at:46:6092,Kapfenberg Bahnhof A/B,47.4450953344082,15.292551089713,0,90,18.666666666666668,1
at:46:6155,St.Marein-St.Lorenzen Bahnhof,47.4733256288884,15.3732737011552,0,42,40.0,3
at:46:6313,Kindberg Bahnhof,47.5012919468317,15.4485165893635,0,40,42.0,3
at:46:6344,Leoben Hauptbahnhof A,47.3859497029502,15.0897204816834,0,113,14.867256637168142,1
at:46:6435,Semmering Passhöhe,47.63268616,15.82928549,3,31,54.193548387096776,5
at:46:6443,Schäffern A2,47.48005299,16.09385731,3,34,49.411764705882355,5
at:46:6539,Krieglach Bahnhof,47.5473095328863,15.5607071852128,0,41,40.97560975609756,3
at:46:6550,Mariazell Busbahnhof,47.77324834,15.31588932,3,7,240.0,-1
at:46:6575,Palfau Erzhalden,47.71327572,14.83069127,3,10,168.0,7
at:46:6576,Palfau Zur Wacht,47.70951607,14.81968691,3,10,168.0,7
at:46:6624,St. Sebastian Franziskusheim,47.7803658,15.31183792,3,7,240.0,-1
at:46:6642,Mendling Nr.58,47.73000952,14.86553692,3,11,152.72727272727272,7
at:46:6643,Mendling Nr.154,47.72506669,14.85163998,3,11,152.72727272727272,7
at:46:6750,St.Michael Bahnhof,47.346346436727,15.0093032974378,0,65,25.846153846153847,2
at:46:6770,Mautern Bahnhof,47.3968902682111,14.8353086100325,0,18,93.33333333333333,4
at:46:6892,Stainach-Irdning Bahnhof,47.5291827196225,14.1072240721523,0,48,35.0,2
at:46:6938,Selzthal Bahnhof,47.5503593641829,14.3135311603319,0,59,28.47457627118644,2
at:46:6947,Rottenmann Bahnhof,47.5278422146281,14.3648069967566,0,29,57.93103448275862,3
at:46:7024,Gröbming Bahnhof,47.4265989496206,13.9001893485924,1,17,98.82352941176471,5
at:46:7063,Bad Aussee Bahnhof,47.5990840708468,13.7767967611486,0,18,93.33333333333333,4
at:46:7112,Tauplitz Bahnhof,47.5516750417758,14.0101521225368,0,16,105.0,4
at:46:7189,Haus Bahnhof,47.4170383157867,13.800494318347,1,17,98.82352941176471,5
at:46:7208,Schladming Bahnhof,47.3940139527803,13.678476153288,0,46,36.52173913043478,2
at:46:7316,Bad Mitterndorf Bahnhof,47.5505170047145,13.9440091681579,0,18,93.33333333333333,4
at:46:7347,St. Sebastian Sebastianikapelle,47.7993711,15.30073474,3,8,210.0,7
at:46:7420,Kapfenberg Fachhochschule,47.4537761845344,15.3298042245506,0,42,40.0,3
at:46:7421,Allerheiligen-Mürzhofen Bahnhof,47.4821110969833,15.4032325158848,1,31,54.193548387096776,4
at:46:7422,Wartberg Bahnhof,47.5273812185684,15.4840449588554,0,35,48.0,3
at:46:7423,Mitterdorf-Veitsch Bahnhof,47.5364184286851,15.5125305365188,0,41,40.97560975609756,3
at:46:7424,Langenwang Bahnhof,47.567909118182,15.613267612494,1,31,54.193548387096776,4
at:46:7426,Mürzzuschlag Bahnhof,47.6084238518851,15.677811565667,0,80,21.0,2
at:46:7427,Spital am Semmering Bahnhof,47.6164418923256,15.7479160904494,1,13,129.23076923076923,6
at:46:7428,Steinhaus Bahnhof,47.6208198048324,15.7838487018192,1,13,129.23076923076923,6
at:46:7431,Kammern Bahnhof,47.389872512534,14.903643453705,0,18,93.33333333333333,4
at:46:7432,Kalwang Bahnhof,47.4237364117414,14.7463664137394,0,18,93.33333333333333,4
at:46:7433,Wald am Schoberpaß Bahnhof,47.4502772878522,14.6708630140987,0,18,93.33333333333333,4
at:46:7435,Gaishorn Bahnhof,47.4891104909456,14.5470122858599,0,18,93.33333333333333,4
at:46:7436,Trieben Bahnhof,47.4890679996071,14.4897267201836,0,19,88.42105263157895,4
at:46:7437,Liezen Bahnhof 1,47.5626114699446,14.2422139099157,0,40,42.0,3
at:46:7438,Wörschach Schwefelbad Bahnhof,47.5455389728656,14.1395185066209,1,16,105.0,5
at:46:7441,Niederöblarn Bahnhof,47.4819957479013,14.0145089516654,1,17,98.82352941176471,5
at:46:7442,Öblarn Bahnhof,47.4607246918193,13.9876583078193,1,18,93.33333333333333,5
at:46:7443,Stein an der Enns Bahnhof,47.4374034752551,13.9419699924626,1,17,98.82352941176471,5
at:46:7444,Pruggern Bahnhof,47.4233292015621,13.8745244809216,1,17,98.82352941176471,5
at:46:7445,Aich-Assach Bahnhof,47.4203023764361,13.8211645530374,1,17,98.82352941176471,5
at:46:7447,Pichl bei Schladming Bahnhof,47.3883034237349,13.613024901678,1,18,93.33333333333333,5
at:46:7449,Ardning Bahnhof,47.5906695720126,14.359309307217,0,15,112.0,4
at:46:7456,Weißenbach-St.Gallen Bahnhof,47.7140070710886,14.6353526109125,0,14,120.0,4
at:46:7461,Niklasdorf Bahnhof 2,47.3936673248874,15.1545249462888,0,65,25.846153846153847,2
at:46:7463,Kraubath an der Mur Bahnhof,47.3060190292743,14.9453612155053,0,36,46.666666666666664,3
at:46:7465,Fentsch-St.Lorenzen Bahnhof,47.2518150794249,14.8925672262502,0,34,49.411764705882355,3
at:46:7466,Knittelfeld Bahnhof,47.2154733449547,14.8380844042608,0,54,31.11111111111111,2
at:46:7468,Zeltweg Bahnhof,47.1901084297481,14.7500944221691,0,35,48.0,3
at:46:7469,Judenburg Bahnhof,47.1750155576593,14.6626524124007,0,54,31.11111111111111,2
at:46:7470,Thalheim-Pöls Bahnhof,47.1966705366546,14.5893049694421,0,34,49.411764705882355,3
at:46:7471,St.Georgen ob Judenburg Bahnhof,47.2121538918749,14.4995902220046,0,34,49.411764705882355,3
at:46:7472,Scheifling Bahnhof,47.1484949553355,14.4182567561691,0,16,105.0,4
at:46:7473,Mariahof-St.Lambrecht Bahnhof,47.106304706225,14.3728020027863,0,14,120.0,4
at:46:7474,Neumarkt Bahnhof,47.0734730491898,14.4149689222288,0,14,120.0,4
at:46:7510,Pürgg Bahnhof,47.5286853416766,14.0646439276791,0,14,120.0,4
at:46:7512,Bad Mitterndorf-Heilbrunn Bahnhof,47.5512870112655,13.925072681966,0,16,105.0,4
at:46:7513,Kainisch Bahnhof,47.5698425657119,13.8427600524707,0,16,105.0,4
at:46:7521,Mitterbach/Erlaufsee Bahnhof,47.81307306,15.29689894,1,18,93.33333333333333,5
at:46:7542,Dechantskirchen Bahnhof,47.4186916455392,16.0221717467293,0,17,98.82352941176471,4
at:46:7543,Friedberg Bahnhof,47.43480889,16.05407991,0,23,73.04347826086956,4
at:46:7547,Pinggau Markt Bahnhof,47.4405933637551,16.0611765963712,0,21,80.0,4
at:46:7548,Tauchen-Schaueregg Bahnhof,47.4828153279913,16.0548524567701,0,21,80.0,4
at:46:76,Ehrenhausen Bahnhof,46.7276415586498,15.5855905185864,0,55,30.545454545454547,2
at:46:7681,Graz Dr.-Lister-Gasse,47.04700585,15.45871247,3,32,52.5,5
at:46:8203,Haideggendorf Abzw Lafnitzdorf,47.42873815,16.08579044,3,3,560.0,-1
at:46:8244,Sinnersdorf Meisterfrost,47.40031367,16.10291232,3,2,840.0,-1
at:46:8685,Pinggau Abzw Haideggendorf,47.43721511,16.07342962,3,2,840.0,-1
at:46:8686,Haideggendorf Gh Schuh,47.432913,16.07882849,3,3,560.0,-1
at:46:8687,Haideggendorf Ort,47.43175234,16.08019393,3,3,560.0,-1
at:46:8688,Schäffernsteg P+R,47.42462983,16.0899137,3,40,42.0,5
at:46:8941,Sinnersdorf Gh Pleyer,47.39942592,16.104152,3,2,840.0,-1
at:46:8942,Sinnersdorf B63,47.40003397,16.10144807,3,40,42.0,5
at:46:942,Feldkirchen-Seiersberg Bahnhof,47.0124961505099,15.440449718111,1,65,25.846153846153847,3
at:46:977,Hart b.Graz Bahnhof 1,47.0421393468009,15.5076347182197,0,30,56.0,3
at:47:1150,Lienz-Peggetz Bahnhof,46.8273217978306,12.7923150748393,1,28,60.0,4
at:47:1153,Hochfilzen Bahnhof,47.4674961732612,12.6264411576035,0,53,31.69811320754717,2
at:47:1154,Pfaffenschwendt Bahnhof,47.4685588826344,12.5809774210679,1,30,56.0,4
at:47:1155,Fieberbrunn Bahnhof,47.4910164956281,12.5294410732108,0,53,31.69811320754717,2
at:47:1156,St. Johann i. T. Grieswirt Bahnhof,47.5097572133851,12.4668195147461,1,30,56.0,4
at:47:1157,St. Johann i. T. Bahnhof,47.5196407322749,12.4306713077081,0,57,29.473684210526315,2
at:47:1159,Oberndorf in Tirol,47.4974502680681,12.3908130585462,1,30,56.0,4
at:47:1160,Kitzbühel Bahnhof,47.4539644866086,12.3910196710616,0,57,29.473684210526315,2
at:47:1161,Kitzbühel Hahnenkamm Bahnhof,47.4433577773532,12.389968642179,0,42,40.0,3
at:47:1162,Kitzbühel Schwarzsee Bahnhof,47.4534785443966,12.3705470657336,1,30,56.0,4
at:47:1163,Kirchberg i. T. Bahnhof,47.4489529919256,12.3088956877759,0,57,29.473684210526315,2
at:47:1164,Brixen i. Th. Bahnhof,47.4492324332913,12.2613748092394,0,53,31.69811320754717,2
at:47:1165,Westendorf Bahnhof,47.441061197806,12.2227113194055,0,53,31.69811320754717,2
at:47:1166,Windau Bahnhof,47.4389285698851,12.1868685395641,1,30,56.0,4
at:47:1167,Hopfgarten i. Br. Berglift Bahnhof,47.4469543353968,12.1586165238746,0,54,31.11111111111111,2
at:47:1168,Hopfgarten i. Br. Bahnhof,47.455634878714,12.1490314997918,1,30,56.0,4
at:47:1169,Wörgl Süd-Bruckhäusl Bahnhof,47.4868887548736,12.1090834191014,1,30,56.0,4
at:47:1170,Wörgl Hbf,47.4916052792686,12.060358798084,0,179,9.385474860335195,0
at:47:1172,Kundl Bahnhof,47.4761065371877,11.9820796042149,0,53,31.69811320754717,2
at:47:1173,Rattenberg-Kramsach Bahnhof 1,47.4391959125971,11.89603896629,0,52,32.30769230769231,2
at:47:1174,Brixlegg Bahnhof,47.4348331958352,11.8800938699946,0,52,32.30769230769231,2
at:47:1175,Münster-Wiesing Bahnhof,47.403372044054,11.8197540323519,0,52,32.30769230769231,2
at:47:1178,Stans Bahnhof,47.3652786699997,11.7262304281092,1,56,30.0,3
at:47:1179,Schwaz Bahnhof,47.3497244303448,11.701499808334,0,108,15.555555555555555,1
at:47:1180,Pill-Vomperbach Bahnhof,47.3239792750536,11.6770656326025,1,56,30.0,3
at:47:1181,Terfens-Weer Bahnhof,47.3159773966459,11.6345843028106,1,56,30.0,3
at:47:1182,Fritzens-Wattens Bahnhof,47.3020899828974,11.5895248081529,1,56,30.0,3
at:47:1183,Volders-Baumkirchen Bahnhof,47.2962902986786,11.564488761181,1,56,30.0,3
at:47:1184,Hall in Tirol Bahnhof,47.2769615494567,11.5011934662531,0,108,15.555555555555555,1
at:47:1186,Rum Bahnhof,47.2779184033758,11.4570861857967,0,122,13.770491803278688,1
at:47:1187,Innsbruck Hauptbahnhof,47.2631980039047,11.4008246995445,0,321,5.233644859813084,0
at:47:1189,Innsbruck Westbahnhof,47.255949065016,11.3918595130077,0,133,12.631578947368421,1
at:47:1191,Völs Bahnhof,47.2556137242302,11.3214585441814,0,90,18.666666666666668,1
at:47:1192,Kematen i. T. Bahnhof,47.2612715534805,11.2765607462749,0,60,28.0,2
at:47:1193,Oberhofen i. I. Bahnhof,47.3019498719755,11.0957029300979,1,56,30.0,3
at:47:1194,Zirl Bahnhof,47.2659168621112,11.2298393683413,0,60,28.0,2
at:47:1195,Inzing Bahnhof,47.2777233772294,11.1991169856202,1,57,29.473684210526315,3
at:47:1196,Hatting Bahnhof,47.2813373387392,11.170505643817,1,57,29.473684210526315,3
at:47:1197,Flaurling Bahnhof,47.2889423062856,11.1431249939532,1,56,30.0,3
at:47:1198,Telfs-Pfaffenhofen Bahnhof,47.3005852940121,11.0787966364485,0,90,18.666666666666668,1
at:47:1199,Rietz Bahnhof,47.2920315120498,11.0247090731841,0,36,46.666666666666664,3
at:47:1200,Stams Bahnhof,47.2818979986751,10.9798382247361,0,58,28.96551724137931,2
at:47:1201,Mötz Bahnhof,47.2752428257161,10.9599585074957,0,35,48.0,3
at:47:1202,Silz Bahnhof,47.270189942224,10.9367550237037,0,57,29.473684210526315,2
at:47:1203,Haiming Bahnhof,47.2532723766615,10.8901504267571,0,35,48.0,3
at:47:1204,Ötztal-Bahnhof,47.2386427080438,10.8592124483677,0,76,22.105263157894736,2
at:47:1205,Roppen Bahnhof,47.2157418210478,10.8174318044975,0,29,57.93103448275862,3
at:47:1206,Imst-Pitztal Bahnhof,47.2187437793295,10.7637664494167,0,48,35.0,2
at:47:1209,Imsterberg Bahnhof,47.2112019515533,10.706049692404,0,28,60.0,3
at:47:1210,Schönwies Bahnhof,47.1973053392986,10.6607296863139,0,29,57.93103448275862,3
at:47:1212,Landeck-Zams Bahnhof,47.1482872337089,10.5785338378055,0,61,27.540983606557376,2
at:47:1222,St. Anton a. A. Bahnhof,47.1274681884331,10.2671777602863,0,18,93.33333333333333,4
at:47:211,Innsbruck Messe Bahnhof,47.2728352996644,11.4071578222984,0,122,13.770491803278688,1
at:47:2181,Kirchbichl Bahnhof,47.5196710655631,12.0938479918806,0,32,52.5,3
at:47:2183,Schaftenau Bahnhof,47.5588045909843,12.1252710605235,0,46,36.52173913043478,2
at:47:2184,Kufstein Bahnhof,47.5821385910481,12.1657671135372,0,114,14.736842105263158,1
at:47:2221,Innsbruck Hötting Bahnhof,47.261369096959,11.3737584600302,1,41,40.97560975609756,4
at:47:2222,Innsbruck Allerheiligenhöfe Bahnhof,47.269141515132,11.3534834840648,1,41,40.97560975609756,4
at:47:2223,Kranebitten Bahnhof,47.2696596357673,11.3284115044815,1,41,40.97560975609756,4
at:47:2225,Hochzirl Bahnhof,47.2810509123484,11.2493687426208,1,41,40.97560975609756,4
at:47:2226,Leithen Bahnhof,47.2907946327823,11.2218443623116,1,41,40.97560975609756,4
at:47:2227,Reith b. S. Bahnhof,47.30089598227,11.2007339531318,1,41,40.97560975609756,4
at:47:2228,Seefeld i. T. Bahnhof,47.3288017396844,11.1895948436072,1,41,40.97560975609756,4
at:47:2230,Gießenbach Bahnhof,47.3746114463162,11.2367743623357,1,36,46.666666666666664,4
at:47:2231,Scharnitz Bahnhof,47.3918672556579,11.2668589412051,1,41,40.97560975609756,4
at:47:2261,Unterberg-Stefansbrücke Bahnhof,47.2141309441001,11.3919313782304,1,4,420.0,-1
at:47:2262,Patsch Bahnhof,47.1934842009701,11.4158624974027,1,3,560.0,-1
at:47:2263,Matrei a. Br. Bahnhof,47.127132034844,11.4526844409039,0,58,28.96551724137931,2
at:47:2264,Steinach a. Br. Bahnhof,47.0894449244422,11.46989616175,0,57,29.473684210526315,2
at:47:2265,St. Jodok a. Br. Bahnhof,47.0633344501987,11.4992710715448,0,33,50.90909090909091,3
at:47:2266,Gries a. Br. Bahnhof,47.041141506578,11.4852753194163,0,33,50.90909090909091,3
at:47:294,Hall-Thaur Bahnhof,47.2770042121019,11.4746392664508,1,56,30.0,3
at:47:3871,Nikolsdorf Bahnhof,46.7790273331025,12.8954686189291,1,28,60.0,4
at:47:3872,Dölsach Bahnhof,46.8147696534968,12.833386049635,1,28,60.0,4
at:47:3873,Lienz Bahnhof,46.8283850916648,12.7712855140351,0,63,26.666666666666668,2
at:47:3875,Thal Bahnhof,46.7841330749378,12.6707999663395,1,31,54.193548387096776,4
at:47:3876,Mittewald Bahnhof,46.7696388864413,12.5950719878777,1,31,54.193548387096776,4
at:47:3877,Abfaltersbach Bahnhof,46.7581810418443,12.5293422585295,1,31,54.193548387096776,4
at:47:3878,Tassenbach Bahnhof,46.7468254033257,12.465570856501,1,31,54.193548387096776,4
at:47:3879,Sillian Bahnhof,46.7458651420689,12.4253981969896,0,33,50.90909090909091,3
at:47:3880,Weitlanbrunn Bahnhof,46.7425164048779,12.3954932811771,1,28,60.0,4
at:47:3881,Heinfels Bahnhof,46.745828208602,12.444190952736,1,31,54.193548387096776,4
at:47:61321,Jenbach Bahnhof,47.3882973419045,11.7775871129095,0,153,10.980392156862745,1
at:48:1029,Götzis Bahnhof,47.3373800107614,9.63744077972521,0,113,14.867256637168142,1
at:48:1098,Hard-Fussach Bahnhof,47.4798526373119,9.68833034057766,1,69,24.347826086956523,3
at:48:1099,Dornbirn Haselstauden Bahnhof,47.4327246222875,9.74913730216818,1,70,24.0,3
at:48:1133,Hohenems Bahnhof,47.3647554015789,9.68114381830371,0,115,14.608695652173912,1
at:48:1184,Klaus Bahnhof,47.3087174144468,9.62429842711671,1,71,23.661971830985916,3
at:48:1226,Langen a. A. Bahnhof,47.1314713087892,10.1215518695575,0,17,98.82352941176471,4
at:48:1252,Lauterach Bahnhof,47.4773572907542,9.72432583401734,1,75,22.4,3
at:48:130,Bludenz Bahnhof,47.1547750964851,9.81448973909697,0,179,9.385474860335195,0
at:48:1303,Lorüns Bahnhof,47.1310007285886,9.85291068380411,1,55,30.545454545454547,3
at:48:1305,Ludesch Bahnhof,47.1801691080421,9.77147840328734,0,61,27.540983606557376,2
at:48:1313,Lustenau Bahnhof,47.4507936327332,9.66724688085644,1,69,24.347826086956523,3
at:48:134,Schruns Bahnhof,47.079584646274,9.91759836742256,1,55,30.545454545454547,3
at:48:1377,Nenzing Bahnhof,47.1914453340856,9.70875803014139,0,92,18.26086956521739,1
at:48:139,Kaltenbrunnen Bahnhof,47.0853835917109,9.88816057555787,1,55,30.545454545454547,3
at:48:1405,Nüziders Bahnhof,47.1711378529337,9.79361289189113,0,60,28.0,2
at:48:1436,Rankweil Bahnhof,47.2723294005178,9.63755756071216,0,115,14.608695652173912,1
at:48:146,Schwarzach Bahnhof,47.4460734444255,9.75433854766396,1,72,23.333333333333332,3
at:48:1679,Schlins Bahnhof,47.1949369984411,9.69048629725985,1,58,28.96551724137931,3
at:48:187,St. Anton im Montafon Bahnhof,47.1099670432124,9.86622371631662,1,55,30.545454545454547,3
at:48:233,Sulz-Röthis Bahnhof,47.2940238626521,9.63461108657984,1,57,29.473684210526315,3
at:48:2383,Lauterach Unterfeld Bahnhof,47.4809272391017,9.7178399976651,1,56,30.0,3
at:48:276,Tisis Bahnhof,47.2272179028968,9.57575346915614,1,16,105.0,5
at:48:326,Vandans Bahnhof,47.0987713612186,9.8687389991125,1,55,30.545454545454547,3
at:48:356,Wolfurt Bahnhof,47.457050114865,9.74106144776282,1,73,23.013698630136986,3
at:48:394,Altach Bahnhof,47.3526214202206,9.66217139950046,1,58,28.96551724137931,3
at:48:413,Bludenz Moos Bahnhof,47.1421224194527,9.8310456897856,1,55,30.545454545454547,3
at:48:452,Bregenz Bahnhof,47.5032946062811,9.74107941406851,0,201,8.35820895522388,0
at:48:454,Bregenz Riedenburg Bahnhof,47.4936629351967,9.72121766313386,0,166,10.120481927710843,1
at:48:466,Bregenz Hafen Bahnhof,47.5061285422812,9.74828390264815,0,104,16.153846153846153,1
at:48:511,Bludenz Brunnenfeld Bahnhof,47.1362502121,9.83888798221705,1,55,30.545454545454547,3
at:48:567,Altenstadt Bahnhof,47.2564002474497,9.61529730796858,1,21,80.0,5
at:48:585,Dornbirn Bahnhof,47.4176036145207,9.73840243452146,0,137,12.262773722627736,1
at:48:628,Dornbirn Hatlerdorf Bahnhof,47.39901851894,9.72480194111799,1,58,28.96551724137931,3
at:48:738,Dornbirn Schoren Bahnhof,47.413214791894,9.72659857168648,1,72,23.333333333333332,3
at:48:817,Feldkirch Bahnhof,47.2408932201416,9.60394260277573,0,164,10.24390243902439,1
at:48:847,Feldkirch Amberg Bahnhof,47.2553576443819,9.62126212145597,1,57,29.473684210526315,3
at:48:868,Frastanz Bahnhof,47.220189783947,9.63910266300106,0,91,18.46153846153846,1
at:48:889,Lochau Bahnhof,47.529401079182,9.74256163428751,0,60,28.0,2
at:48:892,Tschagguns Bahnhof,47.079119724584,9.90476144201071,1,55,30.545454545454547,3
at:48:975,Gisingen Bahnhof,47.2555771414705,9.59798677244119,1,16,105.0,5
at:49:1,Wien Schrankenberggasse,48.17380108,16.38980728,2,706,2.3796033994334276,0
at:49:10,"Wien Neustift, Agnesgasse",48.25044767,16.30756651,3,357,4.705882352941177,0
at:49:100,Wien Broßmannplatz,48.25197895,16.39836822,3,84,20.0,4
at:49:1000,Wien Pensionistenwohnhaus Atzgersdorf,48.15061811,16.28979784,3,272,6.176470588235294,2
at:49:1001,Wien Pensionistenwohnhaus Rosenberg,48.15945152,16.28677051,3,218,7.706422018348624,2
at:49:1002,Wien Pensionsversicherungsanstalt,48.22928615,16.39756872,3,376,4.468085106382978,0
at:49:1003,Wien Penzing,48.1925602813794,16.3048536003753,1,282,5.957446808510638,1
at:49:1004,Wien Pfalzgasse,48.24045731,16.49155945,3,197,8.527918781725889,2
at:49:1005,Wien Penzinger Straße,48.19033254,16.31523813,2,474,3.5443037974683542,0
at:49:1007,Wien Perfektastraße,48.13680762,16.31339658,1,710,2.3661971830985915,0
at:49:1008,Wien Perntergasse,48.24914963,16.35502451,2,168,10.0,2
at:49:101,Wien Aumannplatz,48.22816111,16.33656413,2,364,4.615384615384615,0
at:49:1010,Wien Peter-Jordan-Straße,48.23865047,16.32596401,3,127,13.228346456692913,3
at:49:1011,Wien Pfarrer-Matz-Gasse,48.30171472,16.40622848,3,93,18.06451612903226,3
at:49:1012,Wien Pfarrgasse,48.1496352,16.34709239,3,428,3.925233644859813,0
at:49:1013,Wien Pfenninggeldgasse,48.2074274,16.31324387,3,216,7.777777777777778,2
at:49:1014,Wien Seckendorfstraße,48.19687177,16.28705797,2,431,3.897911832946636,0
at:49:1015,Wien Meidling,48.17434023,16.33199171,0,2500,0.672,0
at:49:1016,Wien Alfred-Adler-Straße,48.18243284,16.38146193,2,417,4.028776978417266,0
at:49:1017,Wien Piaristengasse,48.20634979,16.3514043,3,185,9.08108108108108,2
at:49:1018,Wien Pilgramgasse,48.19262615,16.35447654,1,1150,1.4608695652173913,0
at:49:1019,Wien Kolschitzkygasse,48.18813464,16.37306268,3,368,4.565217391304348,0
at:49:102,Wien Autokaderstraße,48.27700534,16.38822624,2,351,4.786324786324786,0
at:49:1021,Wien Plachygasse,48.22670692,16.28084163,3,86,19.53488372093023,3
at:49:1022,Wien Plankengasse,48.20658926,16.36951433,3,80,21.0,4
at:49:1023,Wien Karl-Bednarik-Gasse,48.24550059,16.4832141,3,159,10.566037735849056,3
at:49:1024,Wien Plattensteinergasse,48.21116296,16.47870456,3,111,15.135135135135135,3
at:49:1025,Wien Plößlgasse,48.19453643,16.37713205,2,489,3.4355828220858897,0
at:49:1026,Wien Podlahagasse,48.21099535,16.53319636,3,386,4.352331606217617,0
at:49:1027,Wien Pogrelzstraße,48.24350847,16.45592328,3,166,10.120481927710843,3
at:49:1028,Wien Pohlgasse,48.17867721,16.32401467,3,265,6.339622641509434,2
at:49:1029,Wien Veletaweg,48.2279756,16.28095841,3,43,39.06976744186046,4
at:49:103,Wien Aßmayergasse,48.17872513,16.33771397,2,555,3.027027027027027,0
at:49:1030,Wien Pokornygasse,48.24115132,16.35549163,2,168,10.0,2
at:49:1031,Wien Polgarstraße,48.23124891,16.44969796,2,735,2.2857142857142856,0
at:49:1032,Wien Kaltenleutgebner Straße 12/75,48.13116606,16.24184577,3,132,12.727272727272727,3
at:49:1033,Wien Tiefer Graben,48.2136053,16.36926281,3,79,21.265822784810126,4
at:49:1034,Wien Portnergasse,48.24438788,16.44391281,3,198,8.484848484848484,2
at:49:1035,Wien Hütteldorfer Straße,48.19912318,16.3122108,1,1069,1.5715622076707203,0
at:49:1037,Wien Possingergasse,48.20902582,16.31804985,3,306,5.490196078431373,2
at:49:1038,Wien Fritz-Feigl-Weg,48.23439036,16.47224567,3,40,42.0,5
at:49:1039,Wien Praterbrücke,48.20339221,16.4342649,3,263,6.387832699619772,2
at:49:104,Wien Bacherplatz,48.18824244,16.35685707,3,549,3.060109289617486,0
at:49:1040,Wien Praterstern,48.21851356,16.39233154,0,2501,0.6717313074770092,0
at:49:1041,Wien Rasumofskygasse,48.20554156,16.39436174,3,174,9.655172413793103,2
at:49:1042,Wien Nestroyplatz/Praterstraße,48.21628694,16.38659131,3,87,19.310344827586206,3
at:49:1043,Wien Predigtstuhl,48.22230218,16.28929478,3,256,6.5625,2
at:49:1044,Wien Preindlgasse,48.18754772,16.27732922,3,268,6.268656716417911,2
at:49:1045,Wien Pretschgasse,48.15813919,16.42421275,3,177,9.491525423728813,2
at:49:1046,Wien Christine-Touaillon-Str.,48.223164,16.51026237,3,211,7.962085308056872,2
at:49:1047,Wien Preßgasse,48.19524902,16.36334291,3,327,5.137614678899083,2
at:49:1048,Wien Prinzgasse,48.23987698,16.48173188,2,545,3.0825688073394497,0
at:49:1049,Wien Otto-Wagner-Areal,48.20689458,16.28026671,3,358,4.692737430167598,0
at:49:105,Wien Badeteich Süßenbrunn,48.2777407,16.48780449,3,59,28.47457627118644,4
at:49:1050,Wien Puchgasse,48.26014901,16.45506988,3,99,16.96969696969697,3
at:49:1052,Wien Klinik Penzing,48.20522425,16.27242442,3,428,3.925233644859813,0
at:49:1053,Wien Pumgasse,48.13601628,16.27213696,3,177,9.491525423728813,2
at:49:1054,Wien Purkytgasse,48.15015662,16.33382427,3,387,4.341085271317829,0
at:49:1055,Wien Pönningerweg,48.21328206,16.28854918,3,160,10.5,3
at:49:1056,Wien Pötzleinsdorf,48.24090004,16.31119571,2,362,4.640883977900552,0
at:49:1057,Wien Pötzleinsdorfer Friedhof,48.24551854,16.3074138,3,89,18.876404494382022,3
at:49:1058,Wien Quellenplatz,48.1756222,16.37349387,2,1087,1.545538178472861,0
at:49:106,Wien Badgasse,48.20901385,16.22399624,3,232,7.241379310344827,2
at:49:1060,Wien Knöllgasse,48.17740132,16.35810573,2,647,2.596599690880989,0
at:49:1061,Wien Rabengasse,48.19405138,16.39761364,3,304,5.526315789473684,2
at:49:1062,Wien Spittelau,48.23561099,16.35836624,0,1752,0.958904109589041,0
at:49:1063,Wien Radetzkyplatz,48.21093549,16.39014864,2,520,3.230769230769231,0
at:49:1065,Wien Raimannstraße,48.20451779,16.28130876,3,70,24.0,4
at:49:1066,Wien Rainergasse,48.18872155,16.36811296,3,367,4.577656675749319,0
at:49:1067,Wien Rallenweg,48.20443397,16.45892365,3,111,15.135135135135135,3
at:49:1068,Wien Rampengasse,48.24095987,16.36060305,2,247,6.801619433198381,2
at:49:107,Wien Rettichgasse,48.20158405,16.26224651,2,470,3.574468085106383,0
at:49:1070,Wien Rappachgasse,48.17992313,16.42439242,3,204,8.235294117647058,2
at:49:1071,Wien Löwengasse,48.20573913,16.39490971,2,339,4.95575221238938,0
at:49:1072,Wien Rathaus,48.21002556,16.3553479,2,270,6.222222222222222,2
at:49:1073,Wien Ravelinstraße,48.17349556,16.42711431,3,106,15.849056603773585,3
at:49:1074,Wien Laxenburger Str./Sahulkastr.,48.16308273,16.36749313,3,121,13.884297520661157,3
at:49:1075,Wien Ratmannsdorfgasse,48.17738335,16.27589192,3,106,15.849056603773585,3
at:49:1076,Wien Ratzenhofergasse,48.28420899,16.41985592,3,169,9.940828402366863,2
at:49:1077,Wien Rauscherstraße,48.23075822,16.37520965,2,494,3.4008097165991904,0
at:49:1078,Wien Raxstr./Rudolfshügelgasse,48.16567715,16.36348664,2,994,1.6901408450704225,0
at:49:1079,Wien Rebhanngasse,48.22784395,16.38826217,2,271,6.199261992619927,2
at:49:108,Wien Duchekgasse,48.20918746,16.51754771,3,153,10.980392156862745,3
at:49:1080,Wien Redtenbachergasse,48.21332396,16.31469015,2,202,8.316831683168317,2
at:49:1081,Wien Pflaumengasse,48.15679087,16.29119921,3,150,11.2,3
at:49:1082,Wien Reichmanngasse,48.20685268,16.28483015,3,288,5.833333333333333,2
at:49:1083,"Wien Eßling, Wegmayersiedlung",48.20224865,16.51496056,3,106,15.849056603773585,3
at:49:1084,Wien Linzer Straße/Reinlgasse,48.19327889,16.31142927,2,445,3.7752808988764044,0
at:49:1085,Wien Reinprechtsdorfer Brücke,48.18929049,16.35142226,3,305,5.508196721311475,2
at:49:1086,Wien Reinprechtsdorfer Straße/Arbeitergasse,48.18652957,16.35315601,3,548,3.065693430656934,0
at:49:1087,Wien Hansl-Schmid-Weg,48.2144134,16.2842732,3,160,10.5,3
at:49:1088,Wien Westbahnstraße/Neubaugasse,48.20196725,16.3490597,2,726,2.3140495867768593,0
at:49:109,Wien Barawitzkagasse,48.2446212,16.35568028,2,568,2.9577464788732395,0
at:49:1090,Wien Renngasse,48.21321022,16.36760092,3,283,5.936395759717315,2
at:49:1091,Wien Rennweg,48.19476398,16.3862769,0,1194,1.407035175879397,0
at:49:1093,Wien Asparagusweg,48.24237178,16.5306721,3,76,22.105263157894736,4
at:49:1095,Wien Reumannplatz,48.17415452,16.37819206,1,2506,0.6703910614525139,0
at:49:1096,Wien Reischergasse,48.17437617,16.26446535,3,17,98.82352941176471,6
at:49:1098,Wien Richard-Strauss-Straße,48.13773682,16.33821703,3,160,10.5,3
at:49:1099,Wien Richthausenstraße,48.22387021,16.32275702,3,276,6.086956521739131,2
at:49:11,Wien Aignerstraße,48.24628426,16.37494914,3,176,9.545454545454545,2
at:49:110,Wien Barichgasse,48.19823101,16.39486479,3,220,7.636363636363637,2
at:49:1100,Wien Riedelgasse,48.16326848,16.27960196,2,263,6.387832699619772,2
at:49:1101,Wien Riedstraße,48.21051644,16.23872861,3,84,20.0,4
at:49:1102,Wien Riemergasse,48.2078345,16.37730273,3,166,10.120481927710843,3
at:49:1103,Wien Schippergasse,48.28352753,16.41737657,3,170,9.882352941176471,2
at:49:1104,Wien Rochusgasse,48.20252406,16.39132543,1,917,1.83206106870229,0
at:49:1105,Wien Rodaun,48.13281483,16.26277651,2,848,1.9811320754716981,0
at:49:1106,Wien Hochstraße,48.13238915,16.25848257,3,237,7.0886075949367084,2
at:49:1107,Wien Rodauner Straße,48.13883986,16.26018038,3,307,5.472312703583062,2
at:49:1108,Wien Rodlergasse,48.2407744,16.33415664,3,239,7.02928870292887,2
at:49:1109,Wien Rohrbacherstraße,48.18767948,16.27321494,3,217,7.741935483870968,2
at:49:111,Wien Morelligasse,48.25042972,16.40413541,3,84,20.0,4
at:49:1110,Wien Sieveringer Str./Rohrerwiese,48.2639465,16.29460382,3,6,280.0,-1
at:49:1111,Wien Rohrhofergasse,48.17160846,16.42920739,3,177,9.491525423728813,2
at:49:1112,Wien Rosasgasse,48.18166018,16.32455365,3,181,9.281767955801104,2
at:49:1113,Wien Krautackergasse,48.23059067,16.53372637,3,84,20.0,4
at:49:1114,Wien Rosenhügelstraße,48.16885258,16.30242815,2,253,6.640316205533597,2
at:49:1115,Wien Rosensteingasse,48.21910013,16.32716775,2,643,2.6127527216174182,0
at:49:1116,Wien Rosentalgasse,48.20225464,16.26109666,3,84,20.0,4
at:49:1117,Wien Rossakgasse,48.14810085,16.32160718,3,111,15.135135135135135,3
at:49:1118,Wien Rotenmühlgasse,48.1838284,16.32369127,3,178,9.438202247191011,2
at:49:1119,Wien Rotenturmstraße,48.21034284,16.3744371,3,80,21.0,4
at:49:112,Wien Bauernfeldplatz,48.22109919,16.36070186,2,485,3.463917525773196,0
at:49:1120,Wien Raffineriestr./Biberhaufenweg,48.19338668,16.46698154,3,56,30.0,4
at:49:1121,Wien Sandleitengasse,48.21781326,16.30754855,2,611,2.7495908346972175,0
at:49:1122,Wien Obachgasse,48.26185941,16.46439439,3,246,6.829268292682927,2
at:49:1124,Wien Roßauer Lände,48.22214058,16.36750211,1,418,4.019138755980861,0
at:49:1125,Wien Schartlgasse,48.13770086,16.28122791,3,123,13.658536585365853,3
at:49:1126,Wien Haschkagasse,48.18061796,16.32696114,3,410,4.097560975609756,0
at:49:1127,Wien Rudolf-Waisenhorn-Gasse,48.14284417,16.26142904,3,178,9.438202247191011,2
at:49:1128,Wien Rudolf-Zeller-Gasse,48.14751347,16.28342878,3,554,3.032490974729242,0
at:49:1129,Wien Rudolfsplatz,48.21438347,16.37105944,3,160,10.5,3
at:49:113,Wien Linzer Straße/Hochsatzengasse,48.19685381,16.27710464,2,336,5.0,2
at:49:1130,Wien Rueppgasse,48.22040491,16.38596249,3,191,8.795811518324607,2
at:49:1131,Wien Rustenfeld Siedlung,48.12415672,16.39481089,3,165,10.181818181818182,3
at:49:1132,Wien Rustengasse,48.1913506,16.32748216,2,505,3.3267326732673266,0
at:49:1133,Wien Ruthnergasse,48.27230598,16.41805031,3,249,6.746987951807229,2
at:49:1134,Wien Ruzickagasse,48.15256591,16.28438998,3,131,12.82442748091603,3
at:49:1135,Wien Rußbergstraße,48.28737709,16.38323161,2,512,3.28125,0
at:49:1136,Wien Römergasse,48.21689748,16.31359421,2,269,6.245353159851301,2
at:49:1137,Wien Trabrennstraße,48.2123602,16.41178905,3,49,34.285714285714285,4
at:49:1138,Wien Saarplatz,48.2452613,16.34976038,3,401,4.1895261845386536,0
at:49:1139,Wien Sagedergasse,48.1615428,16.31775341,3,134,12.537313432835822,3
at:49:114,"Wien Baumgartner Friedhof, 3. Tor",48.2014224,16.27907195,3,139,12.086330935251798,3
at:49:1140,Wien Sahulkastraße,48.16220791,16.36221103,2,315,5.333333333333333,2
at:49:1141,Wien Saikogasse,48.2506331,16.43633103,2,353,4.759206798866855,0
at:49:1142,Wien Salmannsdorf,48.25210456,16.29334618,3,239,7.02928870292887,2
at:49:1143,Wien Saltenstraße,48.21650841,16.49805427,3,280,6.0,2
at:49:1144,Wien Salzgries,48.21280916,16.37273929,3,81,20.74074074074074,4
at:49:1145,Wien Salztorbrücke,48.21400636,16.37394303,2,330,5.090909090909091,2
at:49:1146,Wien Samptwandnergasse,48.20339221,16.24519648,3,380,4.421052631578948,0
at:49:1147,Wien Sandrockgasse,48.2467748,16.39902399,3,42,40.0,5
at:49:1148,Wien Viehmarktgasse,48.19048824,16.40109012,2,356,4.719101123595506,0
at:49:1149,Wien St.-Hemma-Kirche,48.17266285,16.29269939,3,222,7.5675675675675675,2
at:49:115,Wien Baumgasse,48.19329086,16.40475524,2,333,5.045045045045045,2
at:49:1150,Wien St.-Hubertus-Platz,48.16234572,16.2607553,3,114,14.736842105263158,3
at:49:1151,Wien St.-Michael-Gasse,48.26625476,16.43958293,3,227,7.400881057268722,2
at:49:1152,Wien St.-Ulrichs-Platz,48.20414659,16.35354229,3,134,12.537313432835822,3
at:49:1153,Wien Sauerburggasse,48.24624239,16.33883687,3,227,7.400881057268722,2
at:49:1154,Wien Scalagasse,48.18233701,16.35743199,3,139,12.086330935251798,3
at:49:1155,Wien Schafbergbad,48.23620933,16.30103576,3,50,33.6,4
at:49:1156,Wien Schafberghöhe,48.23779488,16.29788267,3,101,16.633663366336634,3
at:49:1158,Wien Linzer Straße/Johnstraße,48.1924465,16.3163161,2,620,2.7096774193548385,0
at:49:1159,Wien Schattenfrohgasse,48.286606,16.48268409,3,45,37.333333333333336,4
at:49:116,"Wien Nußdorf, Beethovengang",48.25954497,16.36305545,2,369,4.5528455284552845,0
at:49:1160,"Wien Meidling S+U, Schedifkaplatz",48.17338173,16.33005134,2,1074,1.5642458100558658,0
at:49:1162,Wien Schemmerlstraße/Hasenleitengasse,48.16280111,16.41823896,3,69,24.347826086956523,4
at:49:1163,Wien Zillbauerplatz,48.2081458,16.45478242,3,194,8.65979381443299,2
at:49:1164,Wien Schillwasserweg,48.20541583,16.45332715,3,194,8.65979381443299,2
at:49:1165,Wien Südportalstraße,48.21295282,16.40764782,3,49,34.285714285714285,4
at:49:1166,Wien Schlachthammerstraße,48.21213871,16.52406948,3,53,31.69811320754717,4
at:49:1168,Wien Schleifmühlgasse,48.19696758,16.3656426,3,163,10.306748466257668,3
at:49:1169,Wien Schlickgasse,48.21874101,16.36431309,2,241,6.970954356846473,2
at:49:117,Wien Belgradplatz,48.17428033,16.36073779,3,244,6.885245901639344,2
at:49:1170,Wien Angerer Straße,48.26004734,16.39910484,3,19,88.42105263157895,6
at:49:1171,Wien Schloss Alterlaa,48.14810685,16.30664125,3,534,3.146067415730337,0
at:49:1173,Wien Schloss Belvedere,48.19190754,16.37917122,2,490,3.4285714285714284,0
at:49:1174,Wien Schloss Hetzendorf,48.16728286,16.30903077,2,381,4.409448818897638,0
at:49:1175,Wien Schloss Laudon,48.21458699,16.2217235,3,83,20.240963855421686,4
at:49:1176,Wien Schloss Schönbrunn,48.18812266,16.31323488,2,623,2.696629213483146,0
at:49:1177,Wien Wilhelminenberg,48.22009967,16.28466846,3,320,5.25,2
at:49:1178,Wien Schluckergasse,48.15824706,16.29101056,3,147,11.428571428571429,3
at:49:1179,Wien Schmelzbrücke,48.19590172,16.32968303,3,166,10.120481927710843,3
at:49:118,Wien Bellevuestraße,48.24868903,16.32844336,3,227,7.400881057268722,2
at:49:1180,Wien Schoeppelgasse,48.21955501,16.53793947,3,69,24.347826086956523,4
at:49:1181,Wien Schottenfeldgasse,48.20758306,16.34343624,2,259,6.486486486486487,2
at:49:1182,Wien Schottenring,48.21692142,16.3711313,1,1994,0.8425275827482447,0
at:49:1184,Wien Schottentor,48.21394051,16.36226493,1,2612,0.6431852986217458,0
at:49:1185,Wien St. Veiter Tor,48.17665853,16.25422455,3,15,112.0,6
at:49:1186,Wien Floridsdorfer Markt,48.2619551,16.40020078,2,555,3.027027027027027,0
at:49:1187,Wien Schrammelgasse,48.22581523,16.28522541,3,65,25.846153846153847,4
at:49:1188,Wien Schrekergasse,48.20640367,16.28880071,3,288,5.833333333333333,2
at:49:1189,Wien Schrutkagasse,48.18155236,16.28079672,3,52,32.30769230769231,4
at:49:119,"Wien Jedlesee, Bellgasse",48.26263685,16.38695962,3,478,3.514644351464435,0
at:49:1190,Wien Schuhmeierplatz,48.21151615,16.31933444,2,432,3.888888888888889,0
at:49:1191,Wien Ettenreichgasse/Schulzentrum,48.16858298,16.37395201,3,420,4.0,0
at:49:1192,Wien Schwanngasse,48.27990486,16.41940677,3,85,19.764705882352942,3
at:49:1193,Wien Schwarzenbergplatz,48.20153017,16.37431134,2,1344,1.25,0
at:49:1195,Wien Schwarzenhaidestraße,48.15242807,16.32845234,3,386,4.352331606217617,0
at:49:1196,Wien Voltelinistraße,48.27719068,16.37343099,3,149,11.275167785234899,3
at:49:1197,Wien Schwarzspanierstraße,48.21722668,16.35919269,2,986,1.7038539553752536,0
at:49:1198,Wien Schwedenplatz,48.21174961,16.37789562,1,1662,1.0108303249097472,0
at:49:1199,Wien Schlachthausgasse,48.19403341,16.40745019,1,1204,1.3953488372093024,0
at:49:12,Wien Auf der Schmelz,48.20364966,16.31662153,3,258,6.511627906976744,2
at:49:120,Wien Belvederegasse,48.19014689,16.37195775,3,183,9.180327868852459,2
at:49:1200,Wien Schweglerstraße,48.19788971,16.32839844,1,1300,1.2923076923076924,0
at:49:1201,Wien Schweizertalstraße,48.18784118,16.26588468,3,109,15.412844036697248,3
at:49:1202,Wien Scheibenbergstraße,48.23885987,16.31814867,2,182,9.23076923076923,2
at:49:1203,Wien Schwertgasse,48.21231231,16.36960417,3,204,8.235294117647058,2
at:49:1204,Wien Schüttauplatz,48.22635383,16.42318867,3,264,6.363636363636363,2
at:49:1205,Wien Schüttaustraße,48.23079413,16.41727776,3,265,6.339622641509434,2
at:49:1206,Wien Stadionbrücke,48.19699153,16.41132193,3,437,3.8443935926773456,0
at:49:1207,Wien Schütthäufel,48.20858282,16.46996395,3,121,13.884297520661157,3
at:49:1208,Wien Schöberweg,48.23093774,16.31129452,3,101,16.633663366336634,3
at:49:1209,Wien Schödlbergergasse,48.22842442,16.42047576,3,265,6.339622641509434,2
at:49:121,Wien Benatzkygasse,48.2299444,16.43960988,3,159,10.566037735849056,3
at:49:1210,Wien Schöffelgasse,48.23145236,16.32600893,2,221,7.601809954751131,2
at:49:1211,Wien Schönbrunn,48.18590071,16.31947817,1,593,2.833052276559865,0
at:49:1212,Wien Gatterholzgasse,48.17846157,16.32070887,3,168,10.0,2
at:49:1213,Wien Hertha-Kräftner-Gasse,48.26946582,16.43151606,3,115,14.608695652173912,3
at:49:1214,Wien Schöpfwerk,48.16345423,16.33166831,2,228,7.368421052631579,2
at:49:1215,Wien Scottgasse,48.27423719,16.42042186,3,73,23.013698630136986,4
at:49:1216,Wien Sebaldgasse,48.26232587,16.44722759,3,176,9.545454545454545,2
at:49:1217,Wien Sebastian-Kohl-Gasse,48.25880935,16.40959716,3,346,4.855491329479769,0
at:49:1218,Wien Sechskrügelgasse,48.20203311,16.38732793,2,270,6.222222222222222,2
at:49:1219,Wien Rosalia-Chladek-Gasse,48.21181546,16.5290731,3,54,31.11111111111111,4
at:49:122,Wien Berggasse,48.21806465,16.36173492,3,243,6.91358024691358,2
at:49:1220,Wien Seifertstraße,48.18230706,16.26127633,3,106,15.849056603773585,3
at:49:1221,Wien Strigelgasse,48.2310634,16.5181945,3,243,6.91358024691358,2
at:49:1223,Wien Selma-Lagerlöf-Gasse,48.1510796,16.37606305,3,167,10.059880239520957,3
at:49:1224,Wien Senderstraße,48.31111357,16.40101825,3,29,57.93103448275862,5
at:49:1226,Wien Sensengasse,48.22069818,16.35559045,2,492,3.4146341463414633,0
at:49:1227,Wien Seuttergasse,48.19324296,16.26226447,3,109,15.412844036697248,3
at:49:1228,Wien Pellmannbrücke,48.13636998,16.28790239,3,215,7.813953488372093,2
at:49:1229,Wien Shuttleworthstraße,48.27154663,16.40586915,2,514,3.2684824902723735,0
at:49:123,Wien Bergmillergasse,48.2013745,16.25677577,3,418,4.019138755980861,0
at:49:1230,Wien Sibeliusstraße,48.15911595,16.36668464,3,332,5.0602409638554215,2
at:49:1231,Wien Sickenberggasse,48.25803186,16.3669721,2,247,6.801619433198381,2
at:49:1232,Wien Siebenbrunnenfeldgasse,48.18219326,16.35462027,3,83,20.240963855421686,4
at:49:1233,Wien Siebenbrunnengasse,48.18720035,16.35791708,3,223,7.533632286995516,2
at:49:1234,Wien Siebenbürgerstraße,48.23316372,16.44665267,3,198,8.484848484848484,2
at:49:1235,Wien Siebenhirten,48.13013481,16.30969552,1,886,1.8961625282167043,0
at:49:1236,Wien Brunner Straße/Ketzergasse,48.12945129,16.29795454,3,226,7.433628318584071,2
at:49:1237,Wien Siebensterngasse,48.20220674,16.35177261,2,358,4.692737430167598,0
at:49:1239,Wien Siedlung Blumental,48.14588316,16.36141153,3,711,2.3628691983122363,0
at:49:124,Wien Yppengasse,48.21471269,16.33566581,2,202,8.316831683168317,2
at:49:1240,Wien Karl-Bekehrty-Straße,48.21880086,16.24862805,3,39,43.07692307692308,5
at:49:1241,Wien Siedlung Einigkeit,48.22194906,16.44089447,3,159,10.566037735849056,3
at:49:1242,Wien Siedlung Heuberg,48.22733528,16.28001518,3,43,39.06976744186046,4
at:49:1243,Wien Siedlung Kordon,48.21817239,16.26202193,3,76,22.105263157894736,4
at:49:1244,Wien Siedlung Sonnheim,48.22051863,16.44089447,3,159,10.566037735849056,3
at:49:1245,Wien Siedlung Südost,48.15640735,16.39460428,3,539,3.116883116883117,0
at:49:1246,Wien Promenadeweg,48.25064506,16.28105723,3,88,19.09090909090909,3
at:49:1247,Wien Siegesplatz,48.21756786,16.4856665,3,545,3.0825688073394497,0
at:49:1248,Wien Siemensstraße,48.2708351,16.42025118,0,540,3.111111111111111,0
at:49:1249,Wien Tivoligasse,48.18057603,16.32114904,3,168,10.0,2
at:49:125,Wien Theodor-Körner-Gasse,48.2497179,16.4076568,3,42,40.0,5
at:49:1250,Wien Sievering,48.25422794,16.31708865,3,297,5.656565656565657,2
at:49:1251,Wien Jägerhaus,48.26398836,16.30107169,3,6,280.0,-1
at:49:1252,Wien Sieveringer Straße,48.24614667,16.34264572,2,233,7.210300429184549,2
at:49:1253,Wien Silbergasse,48.24277262,16.34876325,2,640,2.625,0
at:49:1254,Wien Percostraße,48.26884994,16.46494237,3,60,28.0,4
at:49:1255,Wien Sillerplatz,48.15959534,16.27634107,2,262,6.412213740458015,2
at:49:1257,Wien Grillgasse,48.16693536,16.40734239,0,457,3.676148796498906,0
at:49:1258,Wien Schukowitzgasse,48.23928467,16.49896157,3,128,13.125,3
at:49:1259,Wien Simmeringer Haide,48.17745523,16.44059802,3,147,11.428571428571429,3
at:49:1260,Wien Simmering,48.17015865,16.42000864,0,1815,0.9256198347107438,0
at:49:1261,"Wien Wolfersberg, Schöffelplatz",48.21662214,16.22819137,3,162,10.37037037037037,3
at:49:1262,"Wien Meidling S+U, Eichenstraße",48.17468768,16.33289002,3,546,3.076923076923077,0
at:49:1263,Wien Polkorabplatz,48.17454391,16.41178905,2,312,5.384615384615385,2
at:49:1264,Wien Simoningplatz,48.17918637,16.42067339,3,204,8.235294117647058,2
at:49:1265,Wien Sindinggasse,48.15345288,16.37064621,3,83,20.240963855421686,4
at:49:1266,Wien Siriusweg,48.2075651,16.24754109,3,97,17.31958762886598,3
at:49:1267,Wien Skodagasse,48.21508381,16.34910461,2,571,2.9422066549912436,0
at:49:1268,Wien Skraupstraße,48.27414751,16.41391806,3,250,6.72,2
at:49:1269,Wien Sobotagasse,48.14420485,16.33020406,3,15,112.0,6
at:49:127,Wien Fernkorngasse,48.17406466,16.36356749,3,122,13.770491803278688,3
at:49:1270,Wien Contiweg,48.23068043,16.47020649,3,207,8.115942028985508,2
at:49:1271,"Wien Vorderhainbach, Augustinerwaldgasse",48.2315122,16.19782832,3,206,8.155339805825243,2
at:49:1272,Wien Sommarugagasse,48.22616831,16.33163238,2,498,3.3734939759036147,0
at:49:1274,Wien Sonnbergstraße,48.13021275,16.25497914,3,133,12.631578947368421,3
at:49:1275,Wien Sonnenuhrgasse,48.19078767,16.34394828,3,206,8.155339805825243,2
at:49:1276,Wien Sonnergasse,48.16777416,16.31916376,2,385,4.363636363636363,0
at:49:1277,Wien Sorgenthalgasse,48.26608135,16.43207301,3,178,9.438202247191011,2
at:49:1278,Wien Donauspital,48.21956099,16.4659934,1,778,2.159383033419023,0
at:49:1279,"Wien Breitenlee, Spargelfeldstraße",48.25148249,16.4830524,3,327,5.137614678899083,2
at:49:128,Wien Bernreiterplatz,48.28140537,16.40634526,3,317,5.299684542586751,2
at:49:1280,Wien Spargelfeldstraße Nord,48.25416215,16.48458852,3,79,21.265822784810126,4
at:49:1282,Wien Speierlinggasse,48.25864189,16.53633148,3,83,20.240963855421686,4
at:49:1283,Wien Preyergasse,48.17372919,16.28588118,2,493,3.4077079107505073,0
at:49:1284,Wien Siedlung Rosenhügel,48.16482634,16.2931755,3,220,7.636363636363637,2
at:49:1285,Wien Speisinger Straße,48.15051023,16.26948693,3,89,18.876404494382022,3
at:49:1286,Wien Spengergasse,48.18478072,16.35753979,3,140,12.0,3
at:49:1287,Wien Spinnerin am Kreuz,48.17050014,16.35051497,3,33,50.90909090909091,5
at:49:1288,Wien Spitalgasse,48.22228422,16.35324584,2,1493,1.1252511721366376,0
at:49:1289,Wien Vernholzgasse,48.22685054,16.45201561,3,186,9.03225806451613,2
at:49:129,Wien Mühlschüttel,48.24919749,16.41072904,3,84,20.0,4
at:49:1290,Wien Spitzweg,48.26504683,16.45651617,3,28,60.0,5
at:49:1291,Wien Schreinerweg,48.22750284,16.44723657,3,198,8.484848484848484,2
at:49:1292,Wien Smolagasse,48.22757465,16.45131492,3,99,16.96969696969697,3
at:49:1295,Wien Speising,48.17368126535,16.2835725112916,1,56,30.0,3
at:49:1296,Wien Stadionbad,48.20440403,16.41651419,3,263,6.387832699619772,2
at:49:1299,Wien Stadlau,48.21917195,16.44832353,0,883,1.9026047565118913,0
at:49:13,Wien Morzinplatz,48.21311445,16.374491,3,57,29.473684210526315,4
at:49:130,Wien Berzeliusgasse,48.27565417,16.41049548,3,407,4.127764127764128,0
at:49:1300,Wien Scheugasse,48.17791048,16.3786502,3,140,12.0,3
at:49:1301,Wien Praterkai,48.19962016,16.44112803,1,242,6.9421487603305785,1
at:49:1302,Wien Segelzentrum Nord,48.27916355,16.36753804,3,150,11.2,3
at:49:1303,Wien Lorenz-Mandl-Gasse,48.21321621,16.30822228,3,214,7.850467289719626,2
at:49:1304,Wien Stadlergasse,48.18158231,16.28578237,2,272,6.176470588235294,2
at:49:1305,Wien Stadtpark,48.20251209,16.37910834,1,417,4.028776978417266,0
at:49:1306,Wien Staglgasse,48.19417114,16.33520767,2,506,3.3201581027667983,0
at:49:1307,Wien Stallarngasse,48.28297757,16.48744517,3,67,25.074626865671643,4
at:49:1308,Wien Stammersdorf,48.29764513,16.42035898,2,744,2.2580645161290325,0
at:49:1309,Wien Stammersdorf Zentralfriedhof,48.29631841,16.43617831,3,106,15.849056603773585,3
at:49:131,Wien Franz-Eder-Weg,48.17724557,16.43450745,3,147,11.428571428571429,3
at:49:1310,Wien Liebleitnergasse,48.30194179,16.41034276,3,133,12.631578947368421,3
at:49:1311,Wien Stammhausstraße,48.21133058,16.23934845,3,99,16.96969696969697,3
at:49:1312,Wien Stefan-Fadinger-Platz,48.16784006,16.35427891,2,668,2.5149700598802394,0
at:49:1313,Wien Steigenteschgasse,48.2455664,16.43916072,3,198,8.484848484848484,2
at:49:1314,Wien Steinamangergasse,48.28347971,16.40261725,3,312,5.384615384615385,2
at:49:1315,Wien Barthgasse,48.19318307,16.40677645,3,86,19.53488372093023,3
at:49:1316,Wien Steinbrechergasse,48.23358856,16.43872054,3,159,10.566037735849056,3
at:49:1317,Wien Kendlerstraße,48.20470937,16.30908467,1,707,2.376237623762376,0
at:49:1318,Wien Steinlegasse,48.21164785,16.2965891,3,160,10.5,3
at:49:1319,Wien Steinsee,48.15197858,16.3205292,3,522,3.218390804597701,0
at:49:132,Wien Anton-Schall-Gasse,48.28902083,16.41571469,2,513,3.2748538011695905,0
at:49:1320,Wien Stephansplatz,48.20813383,16.37163436,1,1580,1.0632911392405062,0
at:49:1321,Wien Hermine-Jursa-Gasse,48.18941626,16.41087277,3,173,9.710982658959537,2
at:49:1322,Wien Sterngasse,48.14849643,16.34354404,3,459,3.6601307189542482,0
at:49:1323,Wien Sternwartestraße,48.22918441,16.34999394,2,326,5.153374233128834,2
at:49:1324,Wien Stiegergasse,48.18806876,16.33308765,3,370,4.54054054054054,0
at:49:1325,Wien Stiftgasse,48.20239234,16.3546023,2,358,4.692737430167598,0
at:49:1326,Wien Stock im Weg,48.18037836,16.26249803,3,214,7.850467289719626,2
at:49:1327,Wien Stockholmer Platz,48.14978503,16.38237821,3,789,2.129277566539924,0
at:49:1328,Wien Stollgasse,48.19870404,16.34111859,2,307,5.472312703583062,2
at:49:1329,Wien Strandbad Alte Donau,48.24213248,16.41655012,3,87,19.310344827586206,3
at:49:133,Wien Bettelheimstraße,48.27899616,16.4924937,3,148,11.35135135135135,3
at:49:1330,Wien Strandbad Stadlau,48.21441938,16.45633651,3,217,7.741935483870968,2
at:49:1331,Wien Maria-Jacobi-Gasse,48.18729019,16.4070729,3,173,9.710982658959537,2
at:49:1332,Wien Stranzenberggasse,48.17202782,16.29715504,3,290,5.793103448275862,2
at:49:1333,Wien Strebersdorf,48.28582893,16.38130921,1,425,3.9529411764705884,0
at:49:1335,Wien Strebersdorfer Platz,48.29564906,16.38894489,3,190,8.842105263157896,2
at:49:1336,Wien Strehlgasse,48.24647569,16.31477998,3,238,7.0588235294117645,2
at:49:1337,Wien Stadlauer Friedhof,48.21986026,16.4582589,3,134,12.537313432835822,3
at:49:1338,Wien Strohbogasse,48.28420302,16.37645831,3,75,22.4,4
at:49:1339,Wien Neu Marx,48.18696079,16.40392879,3,173,9.710982658959537,2
at:49:134,Wien Bernoullistraße,48.24017014,16.43703171,3,141,11.914893617021276,3
at:49:1340,Wien Strozzigasse,48.20643959,16.34933817,2,445,3.7752808988764044,0
at:49:1341,Wien Johann-Kutschera-Gasse,48.22497738,16.49677866,3,178,9.438202247191011,2
at:49:1342,Wien Sulzengasse,48.14476829,16.37486829,3,216,7.777777777777778,2
at:49:1343,Wien Sulzwiese,48.27735807,16.32001716,3,119,14.117647058823529,3
at:49:1344,Wien Swatoschgasse,48.16585689,16.41063023,3,249,6.746987951807229,2
at:49:1345,Wien Hannah-Arendt-Platz,48.2246961,16.50152177,3,178,9.438202247191011,2
at:49:1346,Wien Quartier Belvedere,48.18802085,16.38136311,0,1721,0.9761766414875073,0
at:49:1349,Wien Hauptbahnhof,48.18518799,16.3764134,0,3229,0.5202849179312481,0
at:49:135,Wien Döblinger Hauptstraße/Gatterburggasse,48.23891372,16.3546023,2,168,10.0,2
at:49:1351,Wien Michael-Neumann-Gasse,48.24692435,16.36727753,3,289,5.813148788927336,2
at:49:1352,Wien Südwestfriedhof 1. Tor,48.1617645,16.3033085,3,201,8.35820895522388,2
at:49:1353,Wien Südwestfriedhof 2. & 8. Tor,48.16094359,16.30294019,3,201,8.35820895522388,2
at:49:1357,Wien Süßenbrunn,48.28521922,16.48451666,0,122,13.770491803278688,1
at:49:1358,Wien Hauptbahnhof Süd,48.18433151,16.37597322,3,145,11.586206896551724,3
at:49:1359,Wien Süßenbrunner Platz,48.27766298,16.49540424,3,126,13.333333333333334,3
at:49:136,Wien Laxenburger Str./Gudrunstr.,48.17835974,16.37375438,2,611,2.7495908346972175,0
at:49:1360,"Wien Hirschstetten, Süßenbrunner Str.",48.23596401,16.4623103,3,395,4.253164556962025,0
at:49:1361,Wien Taglieberstraße,48.15000679,16.28429116,3,309,5.436893203883495,2
at:49:1363,Wien Gertrude-Fröhlich-Sandner-Straße,48.18557729,16.37829986,3,88,19.09090909090909,3
at:49:1364,Wien Tamariskengasse,48.21655031,16.4648705,3,133,12.631578947368421,3
at:49:1365,Wien Tandelmarktgasse,48.21689149,16.37759019,3,175,9.6,2
at:49:1366,Wien Taubstummengasse,48.19387772,16.3702779,1,565,2.9734513274336285,0
at:49:1368,Wien Teiläckergasse,48.23345692,16.53837066,3,6,280.0,-1
at:49:1369,Wien Teinfaltstraße,48.21183342,16.36456462,3,123,13.658536585365853,3
at:49:137,Wien Bezirksamt Margareten,48.19067389,16.35499756,3,386,4.352331606217617,0
at:49:1370,Wien Tenschertstraße,48.14062626,16.35250024,3,164,10.24390243902439,3
at:49:1371,Wien Tesarekplatz,48.15536461,16.35064971,2,314,5.350318471337579,2
at:49:1372,Wien Thaliastraße,48.20856486,16.33843263,1,760,2.210526315789474,0
at:49:1373,Wien Tanbruckgasse,48.17705987,16.32885658,3,168,10.0,2
at:49:1374,Wien Feßtgasse,48.21059427,16.32519146,2,514,3.2684824902723735,0
at:49:1375,Wien Theater in der Josefstadt,48.20946284,16.35055988,3,184,9.130434782608695,2
at:49:1376,Wien Theergasse,48.17495726,16.32255041,3,357,4.705882352941177,0
at:49:1377,Wien Theodor-Sickel-Gasse,48.16023651,16.39234053,3,292,5.7534246575342465,2
at:49:1378,Wien Agrarweg,48.24980165,16.52551577,3,157,10.700636942675159,3
at:49:138,Wien Bibernellweg,48.24725336,16.47909982,3,79,21.265822784810126,4
at:49:1380,Wien Thujagasse,48.25357,16.53429231,3,83,20.240963855421686,4
at:49:1381,Wien Tilakstraße,48.29671882,16.42742872,3,106,15.849056603773585,3
at:49:1382,Wien Niederpointenstraße,48.20324253,16.27508343,3,69,24.347826086956523,4
at:49:1383,Wien Edelsinnstraße,48.17088955,16.31124062,3,270,6.222222222222222,2
at:49:1384,Wien Tolstojgasse,48.18101927,16.27785923,3,106,15.849056603773585,3
at:49:1385,Wien Traisengasse,48.23403733,16.38417484,0,1010,1.6633663366336633,0
at:49:1386,Wien Voitgasse,48.26245744,16.46095385,3,99,16.96969696969697,3
at:49:1388,Wien Traviatagasse,48.14398306,16.34077723,3,212,7.9245283018867925,2
at:49:1389,Wien Triester Str./Rossakgasse,48.14587117,16.33253968,3,15,112.0,6
at:49:139,Wien Kretschekgasse,48.22464224,16.28368929,3,130,12.923076923076923,3
at:49:1392,Wien Knöllgasse/Troststraße,48.17277667,16.35370399,2,250,6.72,2
at:49:1393,Wien Troststraße/Neilreichgasse,48.17000288,16.36439394,2,764,2.1989528795811517,0
at:49:1394,Wien Tscherttegasse,48.16507799,16.32790437,1,499,3.3667334669338675,0
at:49:1395,Wien Tullnertalgasse,48.1541181,16.29163938,3,150,11.2,3
at:49:1396,Wien Twarochgasse,48.23305601,16.30532971,3,101,16.633663366336634,3
at:49:1397,Wien Türkenschanzplatz,48.23494683,16.32723063,2,355,4.732394366197183,0
at:49:1398,Wien Töllergasse,48.26169794,16.42168849,3,346,4.855491329479769,0
at:49:1399,Wien Ulanenweg,48.20578702,16.46752952,3,60,28.0,4
at:49:14,Wien Alaudagasse,48.15389037,16.38232431,1,1393,1.2060301507537687,0
at:49:140,Wien Schierlinggrundbrücke,48.20870854,16.46480762,3,121,13.884297520661157,3
at:49:1400,Wien Ulmenstraße,48.21623906,16.24905025,3,135,12.444444444444445,3
at:49:1401,Wien Bambergergasse,48.20618215,16.5154726,3,208,8.076923076923077,2
at:49:1402,Wien Auhof Umspannwerk,48.20209897,16.23445263,3,17,98.82352941176471,6
at:49:1403,Wien Unfallkrankenhaus Meidling,48.17375914,16.3447388,3,427,3.9344262295081966,0
at:49:1404,Wien Unter St. Veit,48.19100327,16.28675255,1,556,3.0215827338129495,0
at:49:1405,Wien Sonnwendgasse,48.18149845,16.37924309,3,177,9.491525423728813,2
at:49:1406,Wien Unter der Kirche,48.17235732,16.42695261,3,283,5.936395759717315,2
at:49:1407,Wien Unteres Belvedere,48.19717117,16.38003361,2,246,6.829268292682927,2
at:49:1408,"Wien Breitenlee, Rautenweg",48.25598041,16.49038266,3,220,7.636363636363637,2
at:49:1409,Wien Unterlaa,48.13286879,16.4143223,3,92,18.26086956521739,3
at:49:141,Wien Alberner Hafenzufahrtsstraße West,48.17334579,16.47037717,3,151,11.125827814569536,3
at:49:1410,Wien Unterlaa Stadtgrenze,48.13105814,16.42725804,3,147,11.428571428571429,3
at:49:1411,Wien Unterlaaer Straße,48.13595033,16.41195973,3,149,11.275167785234899,3
at:49:1412,Wien Uranusweg,48.20739747,16.25204164,3,97,17.31958762886598,3
at:49:1413,Wien Urban-Loritz-Platz,48.20117691,16.33760618,2,1253,1.3407821229050279,0
at:49:1414,Wien Urselbrunnengasse,48.16493419,16.39050796,3,291,5.77319587628866,2
at:49:1415,Wien Ursulinenkloster,48.1563594,16.26484264,3,117,14.35897435897436,3
at:49:1416,Wien Utendorfgasse,48.20370953,16.24856516,3,379,4.432717678100264,0
at:49:1417,Wien Gebirgsgasse,48.15194262,16.26380958,3,295,5.694915254237288,2
at:49:1418,Wien Valiergasse,48.15736616,16.46910157,2,724,2.320441988950276,0
at:49:1419,Wien Van-Swieten-Kaserne,48.29320466,16.41811319,2,514,3.2684824902723735,0
at:49:142,Wien Bischoffgasse,48.18337919,16.32199346,3,88,19.09090909090909,3
at:49:1420,Wien Veitingergasse,48.17950983,16.27625124,3,106,15.849056603773585,3
at:49:1422,Wien Verbindungsbahn,48.18733211,16.28186571,2,454,3.700440528634361,0
at:49:1423,Wien Grabengasse,48.23009998,16.28335692,3,43,39.06976744186046,4
at:49:1424,Wien Versorgungsheimplatz,48.17286653,16.27602666,2,179,9.385474860335195,2
at:49:1425,Wien St. Marx,48.18807475,16.39951807,1,768,2.1875,0
at:49:1426,Wien Vinzenzgasse,48.22500132,16.33441716,2,499,3.3667334669338675,0
at:49:1427,Wien Vivariumstraße,48.21423382,16.39303223,3,86,19.53488372093023,3
at:49:1428,Wien Vogelweidplatz/Stadthalle,48.2043262,16.33176713,3,133,12.631578947368421,3
at:49:1429,Wien Vohburggasse,48.283671,16.37439219,3,151,11.125827814569536,3
at:49:143,Wien Bischofgasse,48.13808452,16.39752381,3,159,10.566037735849056,3
at:49:1430,Wien Volkstheater,48.20514043,16.35797098,1,1149,1.4621409921671018,0
at:49:1431,Wien Malzgasse,48.22111714,16.37775189,3,184,9.130434782608695,2
at:49:1432,Wien Kasgraben,48.22431308,16.20956032,3,83,20.240963855421686,4
at:49:1433,Wien Vorgartenstraße,48.22409165,16.40188962,1,941,1.785334750265675,0
at:49:1435,Wien Miriam-Makeba-Gasse,48.2310275,16.45750432,3,290,5.793103448275862,2
at:49:1436,Wien Wagenwiese,48.26566874,16.32767081,3,247,6.801619433198381,2
at:49:1437,Wien Wagner-Schönkirch-Gasse,48.14350953,16.36336087,3,160,10.5,3
at:49:1438,Wien Waidhausenstraße,48.19757834,16.2806979,2,500,3.36,0
at:49:1439,Wien Waidäckergasse,48.20736754,16.29427145,3,288,5.833333333333333,2
at:49:144,Wien Blaasstraße,48.2371128,16.34197199,3,87,19.310344827586206,3
at:49:1440,Wien Walcherstraße,48.22604264,16.40137758,3,284,5.915492957746479,2
at:49:1441,Wien Waldgasse,48.17301031,16.38080616,3,292,5.7534246575342465,2
at:49:1442,Wien Rodaun Waldmühle,48.12503219,16.22413997,3,132,12.727272727272727,3
at:49:1443,Wien Wallensteinplatz,48.22991448,16.37104147,2,713,2.356241234221599,0
at:49:1444,Wien Klosterneuburger Straße/Wallensteinstraße,48.22862789,16.36833754,2,786,2.1374045801526718,0
at:49:1445,Wien Wallishaussergasse,48.22514495,16.29046259,3,130,12.923076923076923,3
at:49:1446,"Wien Gersthof, Wallrißstr.",48.23204476,16.32700606,2,258,6.511627906976744,2
at:49:1447,Wien Warhanekgasse,48.24447762,16.40842935,3,83,20.240963855421686,4
at:49:1448,Wien Röbbelinggasse,48.23571271,16.52513847,3,75,22.4,4
at:49:1449,Wien Wasnergasse,48.22959134,16.37724883,3,175,9.6,2
at:49:145,Wien Blechturmgasse,48.18435547,16.36827466,2,714,2.3529411764705883,0
at:49:1450,Wien Hintzerstraße,48.20036261,16.39311308,3,394,4.2639593908629445,0
at:49:1451,Wien Uhlirzgasse,48.26840147,16.44894337,3,120,14.0,3
at:49:1453,Wien Wattmanngasse,48.17090153,16.29142379,2,198,8.484848484848484,2
at:49:1455,Wien Wehrbrücklstraße,48.22483375,16.53150753,3,84,20.0,4
at:49:1456,Wien Weidelstraße,48.14208889,16.38583672,3,159,10.566037735849056,3
at:49:1457,Wien Paul-Wagner-Gasse,48.16885258,16.46104368,3,36,46.666666666666664,5
at:49:1458,Wien Weidlingau Bahnhof,48.2103368531568,16.211824069539,1,112,15.0,2
at:49:1459,Wien Weiglgasse,48.18705063,16.32171498,3,103,16.310679611650485,3
at:49:146,Wien Bleibtreustraße,48.17797637,16.4490332,3,146,11.506849315068493,3
at:49:1460,Wien Weihburggasse,48.2044639,16.37769799,2,270,6.222222222222222,2
at:49:1461,Wien Weinhauser Gasse,48.2302436,16.3314078,2,364,4.615384615384615,0
at:49:1462,Wien Weitlofgasse,48.23023761,16.34786494,3,195,8.615384615384615,2
at:49:1463,Wien Weißenböckstraße,48.16213001,16.42865043,2,756,2.2222222222222223,0
at:49:1464,Wien Weißenthurngasse,48.17481947,16.31455541,3,357,4.705882352941177,0
at:49:1465,Wien Wendstattgasse,48.14799896,16.39183747,3,87,19.310344827586206,3
at:49:1466,Wien Wenzgasse,48.1869548,16.2934989,2,186,9.03225806451613,2
at:49:1467,Wien Schafberg/Werfelstraße,48.23479126,16.30190713,3,101,16.633663366336634,3
at:49:1468,Wien Westbahnhof,48.19665621,16.33765109,0,3044,0.5519053876478318,0
at:49:1469,Wien Wolfganggasse,48.18284013,16.3423942,3,325,5.1692307692307695,2
at:49:147,Wien Blériotgasse,48.17097343,16.42564107,3,284,5.915492957746479,2
at:49:1470,Wien Wexstraße,48.23595803,16.36588514,2,479,3.5073068893528183,0
at:49:1471,Wien Weyrgasse,48.20454173,16.38820828,3,220,7.636363636363637,2
at:49:1472,Wien Widholzgasse,48.15583205,16.45149459,3,112,15.0,3
at:49:1473,Wien Wiedgasse,48.22138647,16.45125204,3,85,19.764705882352942,3
at:49:1474,Wien Wielandplatz,48.1774133,16.38041988,3,138,12.173913043478262,3
at:49:1475,Wien Wlassakstraße,48.17751513,16.27115779,3,33,50.90909090909091,5
at:49:1476,Wien Pfaffenaugasse,48.17114716,16.46010943,3,36,46.666666666666664,5
at:49:1477,Wien Wienerbergbrücke,48.17227345,16.32729352,2,628,2.6751592356687897,0
at:49:1478,Wien Jedletzbergerstraße,48.16724092,16.46945191,3,176,9.545454545454545,2
at:49:1479,Wien Wienerfeld,48.15449565,16.36454665,3,418,4.019138755980861,0
at:49:148,Wien Blindengasse,48.2109714,16.34048078,2,441,3.8095238095238093,0
at:49:1480,Wien Wienerfeldgasse,48.15825904,16.36028864,2,315,5.333333333333333,2
at:49:1481,Wien Neulaa,48.1457453,16.38648351,1,819,2.051282051282051,0
at:49:1482,Wien Wolf in der Au,48.20473332,16.23625825,1,407,4.127764127764128,0
at:49:1483,Wien Albert-Schweitzer-Gasse,48.20736155,16.22254995,3,17,98.82352941176471,6
at:49:1484,Wien Wiethestraße,48.20802008,16.52371914,3,107,15.700934579439252,3
at:49:1485,Wien Wildbadgasse,48.24453744,16.41014513,3,83,20.240963855421686,4
at:49:1486,Wien Wildgansplatz,48.18618819,16.39679617,2,247,6.801619433198381,2
at:49:1487,Wien Wildpretstraße,48.17713176,16.45429733,3,146,11.506849315068493,3
at:49:1488,Wien Wilhelm-Kreß-Platz,48.16035635,16.42688075,3,177,9.491525423728813,2
at:49:1489,Wien Rankgasse,48.21089957,16.30561717,2,735,2.2857142857142856,0
at:49:149,Wien Blumengasse,48.2214942,16.33173119,2,258,6.511627906976744,2
at:49:1490,Wien Wilhelminenstraße,48.21621512,16.31946919,2,442,3.8009049773755654,0
at:49:1491,Wien Willendorfer Gasse,48.15156505,16.3332224,3,194,8.65979381443299,2
at:49:1492,Wien Willergasse/Schule,48.13407984,16.25721594,3,226,7.433628318584071,2
at:49:1493,Wien Winckelmannstraße,48.19005706,16.32043039,2,260,6.461538461538462,2
at:49:1494,Wien Windtenstraße,48.17050014,16.35153905,2,250,6.72,2
at:49:1495,Wien Winkeläckerstraße,48.27323871,16.38993304,2,264,6.363636363636363,2
at:49:1496,Wien Winterhafen,48.18077968,16.46885902,3,54,31.11111111111111,4
at:49:1497,Wien Wittelsbachstraße,48.20614623,16.39899704,2,687,2.445414847161572,0
at:49:1498,Wien Wittgensteinstraße,48.15876241,16.26610926,3,114,14.736842105263158,3
at:49:1499,Wien Alterlaa,48.15088781,16.31698086,1,1375,1.221818181818182,0
at:49:15,Wien Albern,48.16005075,16.48492988,3,152,11.052631578947368,3
at:49:150,Wien Hetmanekgasse,48.13731718,16.31697187,3,216,7.777777777777778,2
at:49:1500,Wien Wohnpark Lobau,48.217508,16.4574594,3,217,7.741935483870968,2
at:49:1501,Wien Wolfersberggasse,48.20397895,16.25188893,3,476,3.5294117647058822,0
at:49:1502,Wien Wolfgang-Mühlwanger-Str.,48.23045902,16.5371759,3,84,20.0,4
at:49:1504,Wien Wolfrathplatz,48.18791904,16.26778013,3,216,7.777777777777778,2
at:49:1505,"Wien Lainz, Wolkersbergenstraße",48.17516093,16.27423003,2,285,5.894736842105263,2
at:49:1506,Wien Schwarzlackenau,48.27798582,16.36916399,3,149,11.275167785234899,3
at:49:1507,Wien Haßlwanderweg,48.21276127,16.47867761,3,133,12.631578947368421,3
at:49:1508,Wien Am Europlatz,48.17144072,16.33303375,3,492,3.4146341463414633,0
at:49:1509,Wien Währinger Park,48.23312183,16.34723612,3,516,3.255813953488372,0
at:49:1510,Wien Währinger Straße-Volksoper,48.22527063,16.34932919,1,1356,1.238938053097345,0
at:49:1511,Wien Adalbert-Stifter-Straße/Jägerstraße,48.24087611,16.37148165,3,167,10.059880239520957,3
at:49:1512,Wien Zachgasse,48.21710697,16.48738228,3,132,12.727272727272727,3
at:49:1513,Wien Zallingergasse,48.27490682,16.37526355,3,149,11.275167785234899,3
at:49:1514,Wien Zanaschkagasse,48.15721036,16.32875777,3,159,10.566037735849056,3
at:49:1515,Wien Pirquetgasse,48.24033167,16.48361834,3,141,11.914893617021276,3
at:49:1516,Wien Serpentingasse,48.26248734,16.42826415,3,231,7.2727272727272725,2
at:49:1517,Wien Linzer Straße/Zehetnergasse,48.19459631,16.28617763,2,335,5.014925373134329,2
at:49:1519,Wien Zentralfriedhof,48.1539263259242,16.4262878604995,1,56,30.0,3
at:49:152,Wien Bohattaweg,48.13794065,16.22970953,3,173,9.710982658959537,2
at:49:1520,Wien Zentralfriedhof 1.Tor,48.15905004,16.43333964,2,588,2.857142857142857,0
at:49:1521,Wien Zentralfriedhof 2.Tor,48.15456157,16.44205329,2,682,2.463343108504399,0
at:49:1522,Wien Zentralfriedhof 3.Tor,48.1527517,16.44879964,2,814,2.063882063882064,0
at:49:1523,Wien Zentralfriedhof 4.Tor,48.15154707,16.45325529,2,686,2.4489795918367347,0
at:49:1524,Wien Indigoweg,48.13824638,16.37640441,3,160,10.5,3
at:49:1525,Wien Hauptwerkstätte,48.14975507,16.45813314,2,205,8.195121951219512,2
at:49:1526,Wien Simonygasse,48.22762851,16.32837149,2,360,4.666666666666667,0
at:49:1527,"Wien Breitenlee, Ziegelhofstraße",48.25137482,16.48872077,3,323,5.201238390092879,2
at:49:1528,Wien Am Rain,48.25368963,16.48990655,3,79,21.265822784810126,4
at:49:1529,Wien Ziegelofengasse,48.19241656,16.36026169,3,531,3.1638418079096047,0
at:49:153,Wien Borkowskigasse,48.23708887,16.33062627,3,127,13.228346456692913,3
at:49:1530,Wien Zieglergasse,48.19696758,16.34536762,1,523,3.2122370936902485,0
at:49:1531,Wien Burggasse/Zieglergasse,48.20430824,16.34502626,3,134,12.537313432835822,3
at:49:1532,Wien Neustiftgasse/Zieglergasse,48.2057032,16.3449005,3,134,12.537313432835822,3
at:49:1533,Wien Westbahnstraße/Zieglergasse,48.20181756,16.34497236,2,359,4.67966573816156,0
at:49:1534,Wien Zifferergasse,48.22700015,16.53586436,3,85,19.764705882352942,3
at:49:1535,Wien Freudenauer Hafenbrücke,48.17045221,16.4766564,3,221,7.601809954751131,2
at:49:1536,Wien Seitenhafenstraße,48.18264847,16.45804331,3,41,40.97560975609756,5
at:49:1537,Wien Zschokkegasse,48.22404976,16.46920038,3,281,5.9786476868327405,2
at:49:1538,Wien Kurt-Tichy-Gasse,48.14050636,16.38991507,3,159,10.566037735849056,3
at:49:1539,Wien Ludwig-Reindl-Gasse,48.25162006,16.46014536,3,244,6.885245901639344,2
at:49:1540,Wien Grellgasse,48.28597837,16.43460626,3,170,9.882352941176471,2
at:49:1541,Wien Ödenburger Straße/Schulzentrum,48.28202708,16.40169199,3,322,5.217391304347826,2
at:49:1542,Wien Ölhafen,48.16613251,16.50984915,3,56,30.0,4
at:49:1543,Wien Finsterbuschstr./Öllager,48.16836729,16.50604927,3,56,30.0,4
at:49:1544,"Wien Jedlesee, Überfuhrstraße",48.26941201,16.38015039,3,312,5.384615384615385,2
at:49:1545,Wien Zeleborgasse,48.17679031,16.3338602,3,84,20.0,4
at:49:1546,Wien Ruckergasse,48.17776073,16.32651198,3,411,4.087591240875913,0
at:49:1547,Wien Karl-Lothringer-Straße,48.29991004,16.418751,3,106,15.849056603773585,3
at:49:1548,Wien Ziehrerplatz,48.19918905,16.39160391,3,174,9.655172413793103,2
at:49:1549,Wien Rustenschacherallee,48.20136851,16.40997445,3,87,19.310344827586206,3
at:49:155,Wien Maculangasse/Wagramer Straße,48.26244548,16.45373139,3,99,16.96969696969697,3
at:49:1550,Wien Tiroler Gasse,48.18092943,16.29924811,3,513,3.2748538011695905,0
at:49:1551,Wien Binsenweg,48.21070801,16.4658856,3,121,13.884297520661157,3
at:49:1552,Wien Rosiwalgasse,48.1377608,16.38295313,3,159,10.566037735849056,3
at:49:1553,Wien Ernst-Krenek-Gasse,48.13532085,16.34333743,3,110,15.272727272727273,3
at:49:1554,Wien Bahnsteggasse,48.26492723,16.40197047,2,513,3.2748538011695905,0
at:49:1555,Wien Tinterstraße,48.20002731,16.27961992,3,139,12.086330935251798,3
at:49:1556,Wien Vorarlberger Allee,48.13296471,16.34984123,3,110,15.272727272727273,3
at:49:1558,Wien Lerchenfelder Straße,48.20840921,16.33924111,2,307,5.472312703583062,2
at:49:1559,Wien Lederergasse,48.20963046,16.34876325,2,455,3.6923076923076925,0
at:49:156,Wien Braillegasse,48.20270967,16.29506196,3,229,7.336244541484716,2
at:49:1560,"Wien Inzersdorf, Kirchenplatz",48.15004275,16.34721815,3,159,10.566037735849056,3
at:49:1561,Wien Cumberlandstraße,48.19212911,16.30184424,3,228,7.368421052631579,2
at:49:1562,Wien Pfarrwiesenstraße,48.20952869,16.24146847,3,184,9.130434782608695,2
at:49:1563,Wien Exelbergsiedlung,48.24423234,16.25965936,3,15,112.0,6
at:49:1564,Wien Exelbergstraße/Parkplatz,48.24404689,16.2700888,3,15,112.0,6
at:49:1565,Wien Rohrerhüttenweg,48.24575185,16.2634233,3,15,112.0,6
at:49:1566,Wien Westbahnhof/Gerstnerstr.,48.1953089,16.33782177,2,505,3.3267326732673266,0
at:49:1567,Wien Tonfabrikgasse,48.28461548,16.37767104,3,151,11.125827814569536,3
at:49:1568,Wien Klaschkaweg,48.19904534,16.41403484,3,349,4.813753581661891,0
at:49:1569,Wien Meriangasse,48.29132796,16.3847318,3,25,67.2,6
at:49:157,Wien Brandstätte,48.21026502,16.37053841,3,282,5.957446808510638,2
at:49:1570,Wien Marsanogasse,48.23081208,16.35072158,2,10,168.0,7
at:49:1571,Wien Clemens-Holzmeister-Straße,48.16916412,16.34776612,3,490,3.4285714285714284,0
at:49:1572,Wien Graffgasse,48.16899637,16.35773742,3,168,10.0,2
at:49:1573,Wien Troststraße,48.16913417,16.38026717,1,773,2.1733505821474774,0
at:49:1574,Wien Schemmerlstraße/Unterfeld,48.16045223,16.42130221,3,13,129.23076923076923,7
at:49:1575,Wien Schemmerlstraße,48.15750399,16.42335037,3,13,129.23076923076923,7
at:49:1576,Wien Speditionsstraße,48.15601782,16.42392529,3,13,129.23076923076923,7
at:49:1577,"Wien Hasenleiten, Industriegebiet",48.15628749,16.42138306,3,13,129.23076923076923,7
at:49:1578,Wien Gadnergasse,48.15950546,16.41743945,3,13,129.23076923076923,7
at:49:1579,Wien Guglgasse,48.18515205,16.42814737,3,107,15.700934579439252,3
at:49:158,Wien Braungasse,48.22695228,16.29609503,3,130,12.923076923076923,3
at:49:1580,Wien Seitenhafenbrücke,48.17942597,16.46134012,3,41,40.97560975609756,5
at:49:1581,Wien Vera-Schwarz-Gasse,48.13636399,16.33832483,3,110,15.272727272727273,3
at:49:1583,Wien Ernst-Happel-Stadion,48.20878038,16.41913727,3,263,6.387832699619772,2
at:49:1585,Wien Lichtblaustraße,48.26780351,16.46539152,3,100,16.8,3
at:49:1586,Wien Klingerstraße,48.14892197,16.33990586,3,358,4.692737430167598,0
at:49:1587,Wien Maria-Trapp-Platz,48.22387021,16.50507011,3,178,9.438202247191011,2
at:49:1588,Wien Warneckestraße,48.16513191,16.48015084,3,73,23.013698630136986,4
at:49:1589,Wien Fabianistraße,48.1633284,16.47972864,3,74,22.7027027027027,4
at:49:159,Wien Grimmgasse,48.18690689,16.32836251,3,206,8.155339805825243,2
at:49:1590,Wien Raphael-Donner-Allee,48.2060265,16.52345862,3,107,15.700934579439252,3
at:49:1592,Wien Ailecgasse,48.14093197,16.45533938,3,30,56.0,5
at:49:1594,Wien Baudißgasse,48.14527778,16.46123233,3,30,56.0,5
at:49:1595,Wien Süßenbrunner Straße/Oberfeldgasse,48.24302987,16.46876021,2,378,4.444444444444445,0
at:49:1596,Wien Jakob-Bindel-Platz,48.2466731,16.47238042,3,115,14.608695652173912,3
at:49:1597,Wien Korianderweg,48.24904196,16.47490468,3,114,14.736842105263158,3
at:49:1598,Wien Bernhardtstalgasse,48.17640693,16.36182476,2,397,4.231738035264484,0
at:49:1599,Wien Bertl-Hayde-Gasse,48.14029656,16.44055311,3,30,56.0,5
at:49:16,Wien Alberner Hafen,48.15839687,16.49455084,3,61,27.540983606557376,4
at:49:160,Wien Braunhubergasse,48.17178819,16.41867015,2,556,3.0215827338129495,0
at:49:1602,Wien Strampfergasse,48.16728886,16.27736515,3,222,7.5675675675675675,2
at:49:1603,Wien Herziggasse,48.14093797,16.31249826,3,104,16.153846153846153,3
at:49:1604,Wien Eitnergasse,48.13861206,16.31236352,3,104,16.153846153846153,3
at:49:1605,Wien Siedlung Wienerflur,48.13211936,16.31506745,3,104,16.153846153846153,3
at:49:1606,Wien Stipcakgasse,48.135129,16.31646882,3,104,16.153846153846153,3
at:49:1607,Wien Atzlergasse,48.13005686,16.31558847,3,52,32.30769230769231,4
at:49:1609,Wien Wienerflurgasse,48.13129197,16.31832833,3,52,32.30769230769231,4
at:49:161,Wien Braunschweiggasse,48.18948812,16.29545722,1,418,4.019138755980861,0
at:49:1610,Wien Zentraltanklager,48.17810217,16.49436219,3,11,152.72727272727272,7
at:49:1611,Brunn/Geb. Auf der Schanz,48.12243572,16.30228442,3,72,23.333333333333332,4
at:49:1612,Wien Cossmanngasse,48.19684183,16.26728606,3,42,40.0,5
at:49:1613,Wien Deutschordenstraße,48.19994349,16.26745674,2,428,3.925233644859813,0
at:49:1614,Wien Wahlberggasse,48.20515839,16.26248905,3,42,40.0,5
at:49:1615,Wien Henckellgasse,48.20627196,16.26057564,3,84,20.0,4
at:49:1616,Wien Hüttelberg,48.2088163,16.26153684,3,84,20.0,4
at:49:1617,Wien Steinböckengasse,48.20373348,16.26045886,3,42,40.0,5
at:49:1619,Wien Kalmusweg,48.2502084,16.48029458,3,2,840.0,-1
at:49:162,Wien Scheffelstraße,48.25166193,16.40554576,3,42,40.0,5
at:49:1620,Wien Sevcikgasse,48.12882772,16.31832833,3,104,16.153846153846153,3
at:49:1621,Wien Toni-Fritsch-Weg,48.28503391,16.40948936,3,321,5.233644859813084,2
at:49:1622,Wien Gschweidlgasse,48.28958865,16.41077396,3,147,11.428571428571429,3
at:49:1623,Wien Kummergasse,48.29423861,16.41334314,3,146,11.506849315068493,3
at:49:1624,Wien Josef-Flandorfer-Straße,48.29879851,16.41565181,3,146,11.506849315068493,3
at:49:1625,"Wien Inzersdorf, Birostraße",48.13672968,16.35144921,3,162,10.37037037037037,3
at:49:1626,Wien Birostraße Mitte,48.13789869,16.35367704,3,81,20.74074074074074,4
at:49:1627,Wien Jedlersdorfer Platz,48.28120212,16.40817782,3,87,19.310344827586206,3
at:49:1628,Wien Dattlergasse,48.29590007,16.41427739,3,146,11.506849315068493,3
at:49:1629,Wien Steinergasse,48.14223875,16.28887257,3,177,9.491525423728813,2
at:49:163,Wien Breiteneckergasse,48.14418686,16.32941354,3,14,120.0,6
at:49:1630,Wien Trondheimgasse,48.21787312,16.47711454,2,258,6.511627906976744,2
at:49:1631,"Wien Aspern, Oberdorfstraße",48.21751399,16.47992627,2,598,2.809364548494983,0
at:49:1633,Wien Stavangergasse,48.21312043,16.475803,3,133,12.631578947368421,3
at:49:1634,Wien Seidelbastgasse,48.21428171,16.47120362,3,133,12.631578947368421,3
at:49:1635,Wien Heustadelgasse/Schule,48.21497607,16.48375309,3,154,10.909090909090908,3
at:49:1636,Wien Hoechlegasse,48.21368312,16.48929569,3,154,10.909090909090908,3
at:49:1637,Wien Jägermaiszufahrt,48.21229435,16.49533237,3,154,10.909090909090908,3
at:49:1638,Wien Heustadelgasse,48.21069603,16.49720087,3,154,10.909090909090908,3
at:49:1639,Wien Auspitzgasse,48.20975019,16.50022819,3,154,10.909090909090908,3
at:49:164,Wien Breitenlee Friedhof,48.25116546,16.49291591,3,246,6.829268292682927,2
at:49:1640,Wien Mühlau,48.20933114,16.50328246,3,154,10.909090909090908,3
at:49:1641,Wien Leidlweg,48.20824757,16.50699251,3,74,22.7027027027027,4
at:49:1642,Wien Dumreichergasse,48.20739148,16.51054085,3,155,10.838709677419354,3
at:49:1643,Wien Arztgasse,48.2087684,16.51048695,3,81,20.74074074074074,4
at:49:1644,Wien Haengasse,48.2093012,16.50684878,3,80,21.0,4
at:49:1645,Wien Ultzmanngasse,48.2060684,16.51849992,3,133,12.631578947368421,3
at:49:1646,Wien Goldregengasse,48.22111116,16.48444479,3,72,23.333333333333332,4
at:49:1647,Wien Pilotengasse,48.22079993,16.4882806,3,72,23.333333333333332,4
at:49:1648,Wien Reglergasse,48.22344529,16.4884423,3,145,11.586206896551724,3
at:49:1649,Wien Kornblumenweg,48.22916646,16.4921164,3,146,11.506849315068493,3
at:49:165,Wien Breitenlee Ort,48.25119537,16.49758714,3,395,4.253164556962025,0
at:49:1650,Wien Aurikelweg,48.2208119,16.48625041,3,73,23.013698630136986,4
at:49:1652,Wien Wachthausgasse,48.17623321,16.42599142,3,106,15.849056603773585,3
at:49:1653,Wien Ludwiggasse,48.20681077,16.2076469,3,81,20.74074074074074,4
at:49:1654,Wien Liechtensteinstr./Schottentor,48.21589787,16.36381003,3,121,13.884297520661157,3
at:49:1655,Wien Emil-Behring-Weg,48.16148887,16.29567282,3,273,6.153846153846154,2
at:49:1656,Wien Willerbrücke,48.13710137,16.25769205,3,226,7.433628318584071,2
at:49:1657,Wien Martin-Gaunersdorfer-Gasse,48.26089657,16.45145865,3,138,12.173913043478262,3
at:49:166,Wien Breitensee,48.19824299,16.30636277,1,530,3.169811320754717,0
at:49:1660,Wien Mitterhofergasse,48.27785429,16.40250047,3,400,4.2,0
at:49:1662,Wien Seefeldergasse,48.21289895,16.52924378,3,524,3.2061068702290076,0
at:49:1663,Wien Otto-Weber-Gasse,48.20488299,16.45608498,3,111,15.135135135135135,3
at:49:1664,"Wien Schmelz, Gablenzgasse",48.20653538,16.31726832,3,556,3.0215827338129495,0
at:49:1665,Wien Johnstr./Schuselkagasse,48.19939862,16.31907393,3,88,19.09090909090909,3
at:49:1666,Wien Lorenz-Müller-Gasse,48.24215641,16.37381726,3,168,10.0,2
at:49:1667,Wien Jägerstraße,48.23523403,16.36946942,1,1174,1.4310051107325383,0
at:49:1668,Wien Neue Donau,48.24669703,16.39524208,1,635,2.645669291338583,0
at:49:1669,Wien Pantucekgasse/Widholzgasse,48.15461551,16.45514175,2,570,2.9473684210526314,0
at:49:167,Wien Roschégasse,48.15393232,16.45029084,3,112,15.0,3
at:49:1670,Wien Leberberg,48.15513689,16.45901349,2,570,2.9473684210526314,0
at:49:1671,Wien Svetelskystraße,48.15404618,16.46619103,2,683,2.459736456808199,0
at:49:1672,Wien Franz-Eduard-Matras-Gasse,48.25660243,16.45121611,3,89,18.876404494382022,3
at:49:1673,Wien Theodor-Kramer-Str.,48.25569332,16.45409072,3,176,9.545454545454545,2
at:49:1674,Wien Hochmuthgasse,48.25496363,16.45648922,3,175,9.6,2
at:49:1675,Wien Schillingstraße,48.26040019,16.4707365,3,201,8.35820895522388,2
at:49:1676,Wien Hermann-Gebauer-Straße,48.26707399,16.47438366,3,304,5.526315789473684,2
at:49:1677,Wien Edmund-Reim-Gasse,48.16252548,16.31420506,3,79,21.265822784810126,4
at:49:1678,Wien Rothenburgstraße,48.16292694,16.31969377,3,80,21.0,4
at:49:1679,Wien Hervicusgasse,48.16779213,16.30476377,3,202,8.316831683168317,2
at:49:168,Wien Bretschneidergasse,48.2542399,16.34812545,3,210,8.0,2
at:49:1680,Wien Badeteich Hirschstetten,48.24288629,16.48072577,3,160,10.5,3
at:49:1681,Wien Kolletschkagasse,48.23889577,16.47982745,3,101,16.633663366336634,3
at:49:1682,Wien Hernalser Friedhof,48.2246183,16.31923563,3,51,32.94117647058823,4
at:49:1683,Wien Kastanienallee,48.17211169,16.34149588,3,92,18.26086956521739,3
at:49:1684,Wien Wopenkastraße,48.15087583,16.46342421,3,112,15.0,3
at:49:1685,Wien Zentralfriedhof 9.Tor,48.14103388,16.43764257,3,45,37.333333333333336,4
at:49:1686,Wien Greta-Keller-Gasse,48.13406186,16.3571625,3,58,28.96551724137931,4
at:49:1687,Wien Panethgasse/Sebaldgasse,48.25949115,16.44920388,3,87,19.310344827586206,3
at:49:1688,Wien Weingartenallee,48.28253521,16.49661696,3,38,44.21052631578947,5
at:49:1689,"Wien Süßenbrunn, Sportpark",48.28555396,16.49912326,3,38,44.21052631578947,5
at:49:169,Wien Brigittagasse,48.23327741,16.37472456,3,176,9.545454545454545,2
at:49:1690,Wien Kefedergrundgasse,48.26278635,16.43241437,3,228,7.368421052631579,2
at:49:1691,Wien Klinik Ottakring,48.20827751,16.30042491,3,288,5.833333333333333,2
at:49:1692,Wien Neu-Albern,48.16873276,16.48062695,3,73,23.013698630136986,4
at:49:1693,Wien Allerheiligenplatz,48.23759744,16.38619605,3,83,20.240963855421686,4
at:49:1694,Wien Klimschgasse,48.19279982,16.39604158,3,84,20.0,4
at:49:1695,Wien Rodaunbrücke,48.13907965,16.26796877,2,508,3.3070866141732282,0
at:49:1696,Wien Hackinger Straße,48.19341063,16.2743019,3,69,24.347826086956523,4
at:49:1697,Wien Carabelligasse/Ruthnergasse,48.27968366,16.42471581,3,85,19.764705882352942,3
at:49:1698,Wien Petrusgasse,48.19282377,16.39872755,3,110,15.272727272727273,3
at:49:1699,Wien Leberweg,48.15068404,16.45585142,3,112,15.0,3
at:49:17,Wien Alberner Hafenzufahrtsstr.,48.17209372,16.47247923,3,256,6.5625,2
at:49:170,Wien Brigittaplatz,48.23264314,16.3703318,2,394,4.2639593908629445,0
at:49:1700,Wien Zwerchäckerweg,48.24964612,16.46723307,3,54,31.11111111111111,4
at:49:1701,Wien Hilde-Hannak-Gasse,48.24390929,16.46131317,3,54,31.11111111111111,4
at:49:1702,Wien Boschstraße/Halteraugasse,48.25171577,16.36566056,3,201,8.35820895522388,2
at:49:1703,Wien Amtshaus Muthgasse,48.25170978,16.36960417,3,96,17.5,3
at:49:1704,Wien Pasettistraße,48.23784275,16.38140803,3,88,19.09090909090909,3
at:49:1705,Wien Handelskai,48.24179745,16.38522587,0,1707,0.984182776801406,0
at:49:1706,Wien Kalksburg Lodererweg,48.13800659,16.23837827,3,176,9.545454545454545,2
at:49:1707,Wien Rossinigasse,48.18417579,16.28107519,3,52,32.30769230769231,4
at:49:1708,Wien Mühlhäufelgasse,48.20824159,16.52672849,3,54,31.11111111111111,4
at:49:1709,Wien Viktor-Wittner-Gasse,48.21125874,16.51779026,3,153,10.980392156862745,3
at:49:171,Wien Brockhausengasse,48.20769082,16.47700674,3,112,15.0,3
at:49:1710,Wien Kaposigasse,48.2022247,16.51668533,3,53,31.69811320754717,4
at:49:1711,Wien Kahlergasse,48.21358135,16.516326,3,73,23.013698630136986,4
at:49:1713,Wien Schanzstraße/Akkonplatz,48.20122481,16.31452846,3,164,10.24390243902439,3
at:49:1714,Wien Holbeingasse,48.17049415,16.36164509,3,168,10.0,2
at:49:1715,Wien Starhemberg-Kaserne,48.17087757,16.35702775,3,167,10.059880239520957,3
at:49:1716,Wien Niedermoserstraße,48.26481959,16.45913027,3,100,16.8,3
at:49:1718,Wien Spittelbreitengasse,48.17600558,16.32904523,3,84,20.0,4
at:49:1719,Wien Siebeneichengasse,48.18871556,16.32340381,3,102,16.470588235294116,3
at:49:172,Wien Thaliastraße/Brunnengasse,48.20904977,16.33543225,2,259,6.486486486486487,2
at:49:1720,Wien Franz-Lehár-Gasse,48.13029669,16.29185498,3,56,30.0,4
at:49:1721,Wien Grundäckergasse,48.13954124,16.39237646,3,159,10.566037735849056,3
at:49:1722,Wien Ernanigasse,48.14321581,16.35269787,3,164,10.24390243902439,3
at:49:1724,Wien Simonsgasse,48.21573027,16.52804902,3,153,10.980392156862745,3
at:49:1728,Wien Hainburger Straße,48.19904534,16.39712855,3,84,20.0,4
at:49:1729,Wien Mantlergasse,48.19162009,16.28151537,3,69,24.347826086956523,4
at:49:173,Wien Neulerchenfelder Straße/Brunnengasse,48.21109113,16.33594429,2,269,6.245353159851301,2
at:49:1730,Wien Zouvalgasse,48.13791667,16.32128379,3,113,14.867256637168142,3
at:49:1731,Wien Donau-City Nord,48.23538362,16.40815986,3,40,42.0,5
at:49:1732,Wien Verbindungsweg,48.2412949,16.40317421,3,40,42.0,5
at:49:1733,Wien Donauturm,48.24192309,16.40852817,3,40,42.0,5
at:49:1734,Wien Satzberggasse,48.20182954,16.25880596,2,193,8.704663212435234,2
at:49:1735,Wien Prandaugasse,48.24664917,16.43014163,2,270,6.222222222222222,2
at:49:1737,Wien Veterinärmedizinische Universität,48.25360589,16.43148911,3,177,9.491525423728813,2
at:49:1738,Wien Vorwärtsplatz,48.25824118,16.43473202,3,177,9.491525423728813,2
at:49:1739,Wien Gewerbepark Kagran,48.2516081,16.4692453,3,299,5.618729096989966,2
at:49:174,Wien Brunner Straße/Erlaaer Straße,48.14619484,16.29681368,3,633,2.654028436018957,0
at:49:1740,Wien Martin-Luther-King-Park,48.1755563,16.35170973,3,243,6.91358024691358,2
at:49:1741,Wien Südrandstraße,48.14223276,16.36714278,3,160,10.5,3
at:49:1742,Wien Heizwerkstraße,48.13856411,16.36416038,3,114,14.736842105263158,3
at:49:1743,Wien Ferdinand-Frey-Weg,48.21475459,16.2278051,3,97,17.31958762886598,3
at:49:1744,Wien Erbpostgasse,48.30837715,16.42688973,3,53,31.69811320754717,4
at:49:1745,Wien Johannes-von-Gott-Platz,48.21587992,16.38240516,3,87,19.310344827586206,3
at:49:1746,Wien Soldanellenweg,48.2201655,16.48884654,3,73,23.013698630136986,4
at:49:1747,Wien Joseph-Roth-Gasse,48.22194906,16.39422699,3,98,17.142857142857142,3
at:49:1749,Wien Gasometer,48.18552938,16.41776285,1,622,2.7009646302250805,0
at:49:175,Wien Brückengasse,48.1913027,16.34760442,3,206,8.155339805825243,2
at:49:1751,Wien Marietta-Blau-Gasse,48.24139661,16.45904044,3,220,7.636363636363637,2
at:49:1752,Wien Breitenlee Schule,48.25126715,16.50080311,3,450,3.7333333333333334,0
at:49:1753,Wien Franz-Schreker-Gasse,48.15323114,16.36294765,3,7,240.0,-1
at:49:1754,Wien Rudolf-Hausner-Gasse,48.2653219,16.47349433,3,201,8.35820895522388,2
at:49:1755,Wien Antonsplatz,48.1702605,16.37849749,3,122,13.770491803278688,3
at:49:1756,Wien Simmering S+U/Kaiserebersdorfer Str.,48.16918809,16.42191307,3,538,3.1226765799256504,0
at:49:1757,Wien Gottschalkgasse/Enkplatz,48.17484943,16.41458281,2,155,10.838709677419354,3
at:49:1758,Wien Savoyenstraße,48.21807064,16.27877551,3,160,10.5,3
at:49:1759,Wien Stillfriedplatz,48.21295881,16.30979433,3,214,7.850467289719626,2
at:49:176,Wien Brünner Straße,48.26775568,16.40370421,0,799,2.1026282853566958,0
at:49:1760,Wien Hertha-Firnberg-Straße,48.16647402,16.34636475,3,155,10.838709677419354,3
at:49:1761,Wien Wienerberg City,48.1679539,16.34472083,3,295,5.694915254237288,2
at:49:1763,Wien Steinmüllergasse,48.22449861,16.3059226,3,48,35.0,4
at:49:1764,Wien Umlauftgasse,48.22470209,16.30258985,3,48,35.0,4
at:49:1766,Wien Jenschikweg,48.22406771,16.29338211,3,96,17.5,3
at:49:1767,Wien Spinozagasse,48.22431907,16.29812522,3,96,17.5,3
at:49:1768,Wien Karl-Metschl-Gasse,48.2236009,16.30274256,3,48,35.0,4
at:49:177,Wien Bergtaidingweg,48.14660842,16.39731719,3,145,11.586206896551724,3
at:49:1772,Wien Skraupstraße/Justgasse,48.27665858,16.41535536,3,157,10.700636942675159,3
at:49:1773,Wien Lackenjöchelgasse,48.24334694,16.49300574,3,149,11.275167785234899,3
at:49:1774,Wien Ginsterweg,48.25452102,16.49909631,3,77,21.818181818181817,4
at:49:1775,Wien Halban-Kurz-Straße,48.13303666,16.36272307,3,114,14.736842105263158,3
at:49:1777,Wien Mühlweg,48.29364096,16.3927268,3,161,10.434782608695652,3
at:49:178,Wien Brünnlbadgasse,48.21539507,16.34573593,2,202,8.316831683168317,2
at:49:1780,Wien Kaiserebersdorf,48.14642261,16.4656161,0,337,4.985163204747774,0
at:49:1781,Wien Undsetgasse,48.15218235,16.36753804,3,83,20.240963855421686,4
at:49:1782,Wien Pensionistenwohnhaus Föhrenhof,48.16581495,16.2723256,3,114,14.736842105263158,3
at:49:1784,Wien Döblerhofstraße,48.18543954,16.41515773,3,54,31.11111111111111,4
at:49:1785,Wien Ober St. Veit U/Franz-Boos-Gasse,48.19209917,16.27508343,3,106,15.849056603773585,3
at:49:1786,Wien Gewerbepark Stadlau,48.24560827,16.46281336,2,318,5.283018867924528,2
at:49:1787,Wien Absbergbrücke,48.16771424,16.38651944,3,293,5.733788395904437,2
at:49:1788,Wien Aspern Sportplatz,48.21367114,16.48069882,3,244,6.885245901639344,2
at:49:1789,Wien Linzer Str./Flötzersteig,48.20069193,16.26551637,3,42,40.0,5
at:49:179,Wien Brüßlgasse,48.20855289,16.32140955,3,266,6.315789473684211,2
at:49:1790,Wien Bahnhofstraße,48.20077575,16.26395331,3,42,40.0,5
at:49:1792,Wien Untere Kaistraße,48.13677764,16.39910484,3,163,10.306748466257668,3
at:49:1794,Wien Schmerlingplatz/Volkstheater U,48.20649946,16.35821353,2,130,12.923076923076923,3
at:49:1795,Wien Am Heumarkt,48.19864417,16.37688052,2,245,6.857142857142857,2
at:49:1796,Wien Jubiläumswarte,48.22111714,16.26540858,3,12,140.0,7
at:49:1797,Wien Hotel NH Danube City,48.23519813,16.42208374,3,14,120.0,6
at:49:1799,Wien Stachegasse,48.16185438,16.31165385,3,209,8.038277511961722,2
at:49:18,Wien Alberner Straße,48.1563654,16.48453462,3,78,21.53846153846154,4
at:49:180,Wien Bubergasse,48.27045242,16.45147662,3,233,7.210300429184549,2
at:49:1800,Wien Höhenstraße/Rohrerwiese,48.2668049,16.29633757,3,19,88.42105263157895,6
at:49:1801,Wien Stranitzkygasse,48.17602355,16.31814867,3,357,4.705882352941177,0
at:49:1802,Wien Stryeckgasse,48.25950311,16.39610447,3,157,10.700636942675159,3
at:49:1803,Wien Kurpark Nordosteingang,48.15175084,16.40638119,3,146,11.506849315068493,3
at:49:1804,Wien Hederichgasse,48.15276368,16.40527627,3,73,23.013698630136986,4
at:49:1805,Wien Burgenlandgasse,48.1525779,16.40329997,3,73,23.013698630136986,4
at:49:1806,Wien Neuwaldegger Straße,48.23692732,16.28785748,3,103,16.310679611650485,3
at:49:1808,Wien Kieslerweg,48.23870431,16.50242008,3,64,26.25,4
at:49:1809,Wien Fuchsenzeile,48.24016415,16.50236618,3,64,26.25,4
at:49:181,Wien Buchbindergasse,48.16371187,16.26978337,3,114,14.736842105263158,3
at:49:1810,Wien Süßenbrunner Straße/Breitenleer Straße,48.25102789,16.47690793,3,57,29.473684210526315,4
at:49:1812,Wien Laimgrubengasse,48.19929683,16.3593993,3,205,8.195121951219512,2
at:49:1813,Wien Akademietheater,48.20034465,16.37667391,3,174,9.655172413793103,2
at:49:1814,Wien Im Gestockert,48.2062959,16.51135832,3,155,10.838709677419354,3
at:49:1815,Wien Ährengrubenweg,48.25356402,16.31195927,3,100,16.8,3
at:49:1816,Wien Carl-Appel-Straße,48.16876871,16.34491846,3,71,23.661971830985916,4
at:49:182,Wien Grünhaufenbrücke,48.19226086,16.45222222,3,96,17.5,3
at:49:1821,Wien Schottenwald,48.2305787,16.25815917,3,19,88.42105263157895,6
at:49:1822,Wien Hanslteich,48.23765129,16.26911862,3,19,88.42105263157895,6
at:49:1823,Wien Zentralfriedhof Kindergräber,48.14989291,16.44536808,3,10,168.0,7
at:49:1825,Wien Haidersberggasse,48.22435498,16.24331002,3,39,43.07692307692308,5
at:49:1826,Wien Korngoldgasse,48.21559859,16.23045513,3,83,20.240963855421686,4
at:49:1828,Wien Zentralfriedhof Tor 11,48.15195461,16.42935112,3,10,168.0,7
at:49:1829,Wien Zentralfriedhof Mahnmal 1938/45,48.14943741,16.4419455,3,10,168.0,7
at:49:183,Wien Computerstraße/Gutheil-Schoder-Gasse,48.15988297,16.33706719,3,95,17.68421052631579,3
at:49:1830,Wien Zentralfriedhof Friedhof-Gärtnerei,48.14810685,16.44040039,3,10,168.0,7
at:49:1831,Wien Zentralfriedhof Halle 3/Gr. 40,48.14674028,16.44311331,3,10,168.0,7
at:49:1832,Wien Zentralfriedhof Gruppe 121,48.14488817,16.44819777,3,10,168.0,7
at:49:1833,Wien Zentralfriedhof Gruppe 152,48.14503802,16.45129696,3,10,168.0,7
at:49:1834,Wien Zentralfriedhof Gruppe 147,48.143018,16.45092865,3,10,168.0,7
at:49:1835,Wien Zentralfriedhof Gruppe 142,48.14217281,16.44785641,3,10,168.0,7
at:49:1836,Wien Zentralfriedhof Gruppe 66,48.14399505,16.44597893,3,10,168.0,7
at:49:1837,Wien Zentralfriedhof Gruppe 84,48.14247852,16.44248449,3,10,168.0,7
at:49:1838,Wien Zentralfriedhof Tor 9/Gruppe 82,48.14385719,16.43919665,3,10,168.0,7
at:49:1839,Wien Zentralfriedhof Kriegsgräber,48.14548756,16.43585492,3,10,168.0,7
at:49:184,"Wien Hütteldorf, Bujattigasse",48.20263183,16.25514083,2,863,1.9466975666280417,0
at:49:1840,Wien Zentralfriedhof Kriegsgräber 1.WK,48.14651252,16.43368998,3,10,168.0,7
at:49:1841,Wien Zentralfriedhof Gruppe 78,48.14828066,16.43024045,3,10,168.0,7
at:49:1842,Wien Zentralfriedhof Gruppe 74,48.15048027,16.4327198,3,10,168.0,7
at:49:1843,Wien Zentralfriedhof Gruppe 47,48.15262584,16.43504643,3,10,168.0,7
at:49:1844,Wien Zentralfriedhof Gruppe 11,48.15491515,16.43758867,3,10,168.0,7
at:49:185,Wien Bundessportbad,48.2400086,16.42096983,3,87,19.310344827586206,3
at:49:1850,Wien Breitenfurter Str./Hetzendorfer Str.,48.16445485,16.31509439,3,106,15.849056603773585,3
at:49:1851,Wien Franz-Sebek-Straße,48.269705,16.42308087,3,291,5.77319587628866,2
at:49:1852,Wien Eckartsaugasse,48.16660583,16.31575016,3,107,15.700934579439252,3
at:49:1853,Wien Hanusch-Krankenhaus,48.19881182,16.29377737,3,138,12.173913043478262,3
at:49:1854,Wien Zinnergasse/Kaserne,48.16737273,16.47536282,3,94,17.872340425531913,3
at:49:1855,Wien Wienflussaufsicht,48.20630189,16.23312312,3,295,5.694915254237288,2
at:49:1856,Wien Iselgasse,48.2834558,16.45692939,3,105,16.0,3
at:49:1857,Wien Am Schöpfwerk/Eibesbrunnerg.,48.16053013,16.3299705,3,80,21.0,4
at:49:1858,Wien Aderklaaer Straße,48.26356976,16.45163832,1,709,2.3695345557122707,0
at:49:1859,Wien Großfeldsiedlung,48.2706318,16.44807201,1,917,1.83206106870229,0
at:49:186,Wien Bunsengasse,48.26325879,16.39099305,3,84,20.0,4
at:49:1860,Wien Rennbahnweg,48.25735602,16.44944643,1,839,2.0023837902264603,0
at:49:1861,Wien Kürschnergasse,48.2761504,16.445943,3,233,7.210300429184549,2
at:49:1862,Wien Anton-Sattler-Gasse,48.25423392,16.44305042,3,177,9.491525423728813,2
at:49:1865,Wien Weinheimergasse,48.21367713,16.31118672,2,101,16.633663366336634,3
at:49:1866,Wien Stammersdorfer Straße/Brünner Straße,48.29871485,16.42076322,3,53,31.69811320754717,4
at:49:1867,Wien Aspernallee/Schule,48.19684183,16.44398467,3,93,18.06451612903226,3
at:49:1868,Wien Steinhagegasse,48.18488254,16.3406335,3,83,20.240963855421686,4
at:49:1869,Wien Josef-Prangl-Straße,48.13458944,16.35638995,3,197,8.527918781725889,2
at:49:187,Wien Burgersteingasse,48.20256598,16.29795454,3,228,7.368421052631579,2
at:49:1871,Wien Pierre-de-Coubertin-Platz,48.20623604,16.41816709,3,263,6.387832699619772,2
at:49:1872,Wien Inzersdorfer Straße/Bernhardtstalgasse,48.17315409,16.36119594,3,122,13.770491803278688,3
at:49:1873,Wien Kainachgasse,48.28177601,16.44829658,3,84,20.0,4
at:49:1874,Wien Stadlauer Brücke,48.20026083,16.43872953,3,169,9.940828402366863,2
at:49:1875,Wien Kleine Stadtgutgasse,48.21960289,16.38890896,3,95,17.68421052631579,3
at:49:1876,Wien Volkertplatz,48.22274506,16.38561214,3,96,17.5,3
at:49:1878,Wien Pichlgasse,48.25092022,16.48846924,3,80,21.0,4
at:49:188,Wien Burggasse-Stadthalle,48.20229655,16.33730973,1,1277,1.3155833985904464,0
at:49:1881,Wien Welthandelsplatz,48.21548486,16.40515949,3,49,34.285714285714285,4
at:49:1884,Wien Frohes-Schaffen-Weg,48.27586342,16.44101125,3,84,20.0,4
at:49:1885,Wien Rosannagasse,48.2770173,16.44593402,3,84,20.0,4
at:49:1886,Wien Tauschekgasse,48.27543894,16.43419304,3,84,20.0,4
at:49:1887,Wien Petritschgasse,48.27903801,16.43510033,3,84,20.0,4
at:49:1888,"Wien Leopoldau, Betriebsgarage",48.28028746,16.43038418,3,84,20.0,4
at:49:1889,Wien Großbauerstraße,48.28098093,16.42611718,3,84,20.0,4
at:49:189,"Wien Hüttelbergstraße, Campingplatz",48.21450917,16.24954433,3,174,9.655172413793103,2
at:49:1890,Wien Ignaz-Köck-Straße,48.26575246,16.39929349,3,84,20.0,4
at:49:1891,Wien Taborstraße,48.21897443,16.38083311,1,861,1.951219512195122,0
at:49:1892,Wien Messe-Prater,48.21778932,16.40569847,1,496,3.3870967741935485,0
at:49:1893,Wien Krieau,48.21449121,16.41412467,1,524,3.2061068702290076,0
at:49:1894,Wien Stadion,48.21107916,16.41976609,1,1024,1.640625,0
at:49:1895,Wien Marathonweg,48.20869058,16.42682685,3,215,7.813953488372093,2
at:49:1896,Wien Schipanygasse,48.20147029,16.43695985,3,263,6.387832699619772,2
at:49:1897,Wien Leopold-Moses-Gasse,48.2230084,16.39552955,3,98,17.142857142857142,3
at:49:1898,Wien Harkortstraße,48.22218248,16.39904196,3,98,17.142857142857142,3
at:49:19,Wien Albertgasse,48.21060624,16.34403811,2,577,2.9116117850953205,0
at:49:190,Wien Burgring,48.20392507,16.3637202,2,1212,1.386138613861386,0
at:49:1901,Wien Erlafstraße,48.22061439,16.40230284,3,49,34.285714285714285,4
at:49:1903,Wien Langenzersdorfer Straße,48.29802162,16.38506417,3,1,1680.0,-1
at:49:1905,Wien Molkereistraße,48.2180886,16.40111707,3,49,34.285714285714285,4
at:49:1906,Wien Max-Winter-Platz,48.22104532,16.40037146,3,49,34.285714285714285,4
at:49:1908,"Wien Atzgersdorf, Ziedlergasse",48.15124142,16.29610401,3,256,6.5625,2
at:49:1909,Wien Melchartgasse,48.17233934,16.29511586,3,223,7.533632286995516,2
at:49:191,Wien Burgstall,48.26994418,16.36134865,3,170,9.882352941176471,2
at:49:1910,Wien Absberggasse,48.17595766,16.39060678,2,1073,1.565703634669152,0
at:49:1911,Wien Niedermeierweg,48.206254,16.48325003,3,112,15.0,3
at:49:1912,Wien Hlawkagasse,48.17910251,16.3829711,2,240,7.0,2
at:49:1913,Wien Rosenackerstraße,48.22427718,16.30585073,3,48,35.0,4
at:49:1914,Wien Neu Leopoldau,48.27304738,16.42627888,3,147,11.428571428571429,3
at:49:1915,Wien Ferdinand-Platzer-Gasse,48.26489135,16.42088,3,115,14.608695652173912,3
at:49:1916,Wien Kaisergrund,48.26785135,16.41981999,3,115,14.608695652173912,3
at:49:1917,Wien Paukerwerkstraße,48.26987242,16.4266382,3,115,14.608695652173912,3
at:49:1918,Wien Krakauer Straße,48.22446869,16.39319393,2,271,6.199261992619927,2
at:49:1919,Wien Bruno-Marek-Allee,48.22846033,16.39259205,2,271,6.199261992619927,2
at:49:192,Wien Rathausplatz/Burgtheater,48.21044461,16.36065695,2,736,2.282608695652174,0
at:49:1920,Wien Eduardgasse,48.22272112,16.34001366,2,240,7.0,2
at:49:1921,Wien Johann-Nepomuk-Vogl-Platz,48.223954,16.3365821,2,240,7.0,2
at:49:1924,Wien Mona-Lisa-Steiner-Weg,48.15943954,16.29564587,3,182,9.23076923076923,2
at:49:1925,Wien Lavendelweg,48.22577932,16.49330218,3,178,9.438202247191011,2
at:49:1926,Wien Hagenbrunner Straße,48.30218082,16.40635424,3,82,20.48780487804878,4
at:49:1927,Wien Edergasse,48.27770483,16.40912106,3,14,120.0,6
at:49:1929,Wien Käthe-Recheis-Gasse,48.22866379,16.51228358,3,178,9.438202247191011,2
at:49:193,Wien Bärenmühldurchgang,48.19951238,16.36628938,3,326,5.153374233128834,2
at:49:1930,Wien Ilse-Buck-Straße,48.23097364,16.51224765,3,179,9.385474860335195,2
at:49:1934,Wien An der Kuhtrift,48.14526579,16.39708363,3,198,8.484848484848484,2
at:49:1935,"Wien Atzgersdorf, Bildungscampus",48.15226625,16.30093695,3,321,5.233644859813084,2
at:49:1937,Wien Auer-Welsbach-Straße,48.15245204,16.30608429,3,112,15.0,3
at:49:1938,Wien Seybelgasse,48.13759894,16.29466671,3,112,15.0,3
at:49:194,Wien Börnergasse,48.24756443,16.33163238,3,228,7.368421052631579,2
at:49:1942,Wien Hans-Czermak-Gasse,48.25611797,16.4258387,3,115,14.608695652173912,3
at:49:1943,Wien Satzingerweg,48.25766105,16.42637769,3,114,14.736842105263158,3
at:49:1945,Wien Quadenstraße,48.23531182,16.46874224,3,83,20.240963855421686,4
at:49:1946,Wien Guido-Lammer-Gasse,48.2327688,16.47167973,3,166,10.120481927710843,3
at:49:1947,Wien Wildgartenallee,48.15848076,16.29924811,3,182,9.23076923076923,2
at:49:195,Wien Börse,48.21556267,16.36600192,2,940,1.7872340425531914,0
at:49:1950,Wien Wachaustraße,48.22351113,16.4078724,3,96,17.5,3
at:49:197,Wien Camillo-Sitte-Gasse,48.20500273,16.3273025,2,386,4.352331606217617,0
at:49:198,Wien Breitenfurter Str./Willergasse,48.13796463,16.25711713,3,178,9.438202247191011,2
at:49:199,Wien Gerbergasse,48.14983897,16.29942778,3,265,6.339622641509434,2
at:49:2,Wien Achengasse,48.28452581,16.44893439,3,173,9.710982658959537,2
at:49:20,Wien Albertinaplatz,48.20496082,16.36853517,3,159,10.566037735849056,3
at:49:200,Wien Wolfersbergbrücke,48.21128269,16.25351488,3,174,9.655172413793103,2
at:49:2003,Wien Wolfgang-Pauli-Gasse,48.20701432,16.21598327,3,83,20.240963855421686,4
at:49:2004,Wien Herzmanskystraße,48.20952869,16.21495021,3,215,7.813953488372093,2
at:49:2006,Wien Schloss Neugebäude,48.16102148,16.44786539,3,253,6.640316205533597,2
at:49:201,Wien Campingplatzweg,48.27574385,16.48056407,3,60,28.0,4
at:49:202,Wien Canisiusgasse,48.22804741,16.35480891,2,394,4.2639593908629445,0
at:49:203,Wien Carabelligasse,48.28021573,16.41080989,2,653,2.572741194486983,0
at:49:204,Wien Carlbergergasse,48.14121371,16.29795454,3,281,5.9786476868327405,2
at:49:206,Wien Celtesgasse,48.25175764,16.29711911,3,257,6.536964980544747,2
at:49:207,Wien Hafen Freudenau,48.17860533,16.47238042,3,54,31.11111111111111,4
at:49:208,Wien Chimanistraße,48.23952997,16.34376862,3,86,19.53488372093023,3
at:49:209,Wien Cobenzl Parkplatz,48.26398836,16.3214365,3,140,12.0,3
at:49:21,Wien Carminweg,48.25318122,16.42105967,2,518,3.2432432432432434,0
at:49:210,Wien Cobenzlgasse,48.26363554,16.33050948,3,205,8.195121951219512,2
at:49:211,Wien Columbusplatz,48.18236097,16.3736915,2,276,6.086956521739131,2
at:49:212,Wien Triester Str./Computerstr.,48.15763583,16.3420169,3,313,5.36741214057508,2
at:49:213,Wien Concordiaplatz,48.21370107,16.37006231,3,81,20.74074074074074,4
at:49:214,Wien Corvinusgasse,48.14446259,16.28068892,3,246,6.829268292682927,2
at:49:215,Wien Cottagegasse,48.23386381,16.34181927,3,399,4.2105263157894735,0
at:49:216,Wien Cottagestraße,48.2151317,16.22629593,3,101,16.633663366336634,3
at:49:217,Wien Czartoryskigasse,48.22780804,16.32744623,3,377,4.456233421750663,0
at:49:218,Wien Dahliengasse,48.28691085,16.44490095,3,170,9.882352941176471,2
at:49:219,Wien Dammstraße,48.23468954,16.37525457,3,175,9.6,2
at:49:22,Wien Algenweg,48.2487967,16.53148058,3,38,44.21052631578947,5
at:49:220,Wien Dampfkraftwerk Donaustadt,48.19747655,16.46091791,3,56,30.0,4
at:49:221,Wien Dampfschiffhaufen,48.2171369,16.43222572,3,264,6.363636363636363,2
at:49:222,Wien Danzergasse,48.20878038,16.48840636,3,110,15.272727272727273,3
at:49:223,Wien Daphneweg,48.24430413,16.53070803,3,76,22.105263157894736,4
at:49:224,Wien Daringergasse,48.24663122,16.33473157,3,227,7.400881057268722,2
at:49:225,Wien Davidgasse,48.17547243,16.35632707,2,496,3.3870967741935485,0
at:49:226,Wien Deindorfstraße,48.21692741,16.54323953,3,69,24.347826086956523,4
at:49:227,Wien Deißenhofergasse,48.15840885,16.2801679,3,143,11.748251748251748,3
at:49:228,Wien Laxenburger Str./Heizwerkstr.,48.13960718,16.35874353,3,87,19.310344827586206,3
at:49:229,Wien Dietmayrgasse,48.23921287,16.36855314,3,167,10.059880239520957,3
at:49:23,Wien Allerheiligengasse,48.23878808,16.3863847,3,552,3.0434782608695654,0
at:49:230,Wien Dirnelwiese,48.29302536,16.37926106,3,86,19.53488372093023,3
at:49:231,Wien Dobrowskygasse,48.14348555,16.33197374,3,29,57.93103448275862,5
at:49:232,Wien Zehdengasse,48.25949115,16.43818155,3,356,4.719101123595506,0
at:49:233,Wien Dommayergasse,48.18645172,16.29878099,2,458,3.668122270742358,0
at:49:234,Wien Donauinsel,48.22899891,16.41098057,1,565,2.9734513274336285,0
at:49:235,Wien Floridsdorfer Brücke,48.2485993,16.38786692,2,275,6.109090909090909,2
at:49:236,Wien Donaustadtstraße,48.2336843,16.44368823,2,539,3.116883116883117,0
at:49:237,Wien Donauwarte,48.2845557,16.34597847,3,171,9.824561403508772,2
at:49:238,Wien Siebeckstraße,48.24183335,16.43465118,2,745,2.2550335570469797,0
at:49:239,Wien Dopschstraße,48.26923861,16.43882834,3,346,4.855491329479769,0
at:49:24,Wien Allissen,48.28636093,16.43068062,3,170,9.882352941176471,2
at:49:240,Wien Dorfmeistergasse,48.16452675,16.29617587,3,73,23.013698630136986,4
at:49:241,Wien Dornbacher Straße,48.22816111,16.30187119,2,531,3.1638418079096047,0
at:49:242,Wien Dostalgasse,48.15983503,16.26328855,3,114,14.736842105263158,3
at:49:243,Wien Dostgasse,48.22015353,16.25317352,3,77,21.818181818181817,4
at:49:244,Wien Dr.-Adolf-Schärf-Heim,48.24582962,16.36988264,3,196,8.571428571428571,2
at:49:245,Wien Stubentor,48.2070682,16.38027615,1,1289,1.3033359193173002,0
at:49:246,Wien Ring/Volkstheater U,48.20678083,16.35985745,2,1894,0.8870116156282999,0
at:49:247,Wien Dr.-Neumann-Gasse,48.13818044,16.28822578,3,318,5.283018867924528,2
at:49:248,Wien Dr.-Schober-Straße,48.16673165,16.27287358,3,222,7.5675675675675675,2
at:49:249,Wien Draugasse,48.28553603,16.43889122,3,170,9.882352941176471,2
at:49:25,Wien Alois-Behr-Straße,48.2058409,16.24121695,3,84,20.0,4
at:49:250,Wien Dunantgasse,48.2600294,16.38892693,3,395,4.253164556962025,0
at:49:2500,Wien Leebgasse/Siccardsburgg.,48.17595766,16.37010722,2,19,88.42105263157895,6
at:49:2503,Wien Anastasius-Grün-Gasse,48.22993841,16.34947292,2,8,210.0,7
at:49:251,Wien Dänenstraße,48.23710083,16.3345519,3,654,2.5688073394495414,0
at:49:252,Wien Döblinger Bad,48.25115948,16.35698284,2,85,19.764705882352942,3
at:49:253,Wien Döblinger Friedhof,48.23934449,16.32857811,3,121,13.884297520661157,3
at:49:254,Wien Döblinger Steg,48.2407744,16.36540005,3,192,8.75,2
at:49:255,Wien Dörmanngasse,48.22266726,16.53414858,3,168,10.0,2
at:49:256,Wien Kraftwerk Simmering,48.18358283,16.42990807,3,107,15.700934579439252,3
at:49:257,Wien Eberstorferweg,48.15465147,16.2800601,3,144,11.666666666666666,3
at:49:258,Wien Edelsteingasse,48.26229597,16.42560514,3,231,7.2727272727272725,2
at:49:259,Wien Edenstraße,48.21480248,16.24632836,3,39,43.07692307692308,5
at:49:26,Wien Alsegger Straße,48.23168573,16.32436501,2,183,9.180327868852459,2
at:49:260,"Wien Strebersdorf, Edmund-Hawranek-Platz",48.29140566,16.38654639,2,405,4.148148148148148,0
at:49:261,Wien Eduard-Kittenberger-Gasse,48.13681961,16.30321867,3,112,15.0,3
at:49:262,Wien Albrechtskreithgasse,48.21927969,16.32046632,3,173,9.710982658959537,2
at:49:263,Wien Egon-Friedell-Gasse,48.27393825,16.43618729,3,119,14.117647058823529,3
at:49:264,Wien Eibesbrunnergasse,48.17103333,16.33746245,3,583,2.881646655231561,0
at:49:266,Wien Eichbachgasse,48.22194906,16.24728956,3,39,43.07692307692308,5
at:49:267,Wien Eichenstraße,48.18042628,16.34984123,2,1026,1.6374269005847952,0
at:49:268,Wien Einsiedeleigasse,48.18338518,16.26434856,3,106,15.849056603773585,3
at:49:269,Wien Einsiedlerplatz,48.18525986,16.34947292,3,326,5.153374233128834,2
at:49:27,Wien Alser Straße,48.21714289,16.34199894,1,887,1.8940248027057498,0
at:49:270,Wien Luzegasse,48.16082374,16.4501561,3,253,6.640316205533597,2
at:49:271,Wien Eipeldauer Straße,48.26307938,16.43659154,3,405,4.148148148148148,0
at:49:272,Wien Eisenstadtplatz,48.16947566,16.3845701,3,292,5.7534246575342465,2
at:49:273,Wien Eisstoßgasse,48.21793297,16.44091243,3,159,10.566037735849056,3
at:49:274,Wien Elderschplatz,48.21794494,16.41225618,3,241,6.970954356846473,2
at:49:275,Wien Elsbeergasse,48.21848363,16.25440421,3,77,21.818181818181817,4
at:49:276,Wien Elterleinplatz,48.21817838,16.33105746,2,643,2.6127527216174182,0
at:49:277,Wien Embelgasse,48.18269039,16.35226668,3,83,20.240963855421686,4
at:49:278,Wien Endemanngasse,48.1530933,16.29043564,3,276,6.086956521739131,2
at:49:279,Wien Engerthstraße/Innstraße,48.2333193,16.39278968,3,376,4.468085106382978,0
at:49:28,Wien Aichholzgasse,48.18034841,16.32405958,3,168,10.0,2
at:49:280,Wien Engerthstraße/Traisengasse,48.23632899,16.38922337,3,718,2.33983286908078,0
at:49:281,Wien Englisch-Feld-Gasse,48.20981005,16.53633148,3,386,4.352331606217617,0
at:49:282,Wien Donaumarina,48.20612229,16.43096808,1,691,2.431259044862518,0
at:49:283,Wien Erdbergstr./Schlachthausgasse,48.19529093,16.40797121,2,291,5.77319587628866,2
at:49:285,Wien Erlaaer Straße,48.14184912,16.3165317,1,494,3.4008097165991904,0
at:49:286,Wien Erlachplatz,48.17863528,16.36900229,3,278,6.043165467625899,2
at:49:287,Wien Erndtgasse,48.23732221,16.32265821,2,182,9.23076923076923,2
at:49:288,Wien Erzherzog-Karl-Straße,48.2295674,16.45322834,1,949,1.7702845100105373,0
at:49:289,Wien Erdberg,48.19152427,16.41399891,1,524,3.2061068702290076,0
at:49:29,Wien Nußdorfer Straße/Alserbachstraße,48.22478587,16.35495264,2,1144,1.4685314685314685,0
at:49:290,Wien Donaustadtbrücke,48.21179152,16.4401309,1,879,1.9112627986348123,0
at:49:291,Wien Eselstiege,48.22439089,16.28681543,3,130,12.923076923076923,3
at:49:2912,Wien Zimmermannplatz,48.21634082,16.34286132,2,386,4.352331606217617,0
at:49:292,Wien Eslarngasse,48.19672806,16.39587989,3,304,5.526315789473684,2
at:49:2924,Wien Betriebshof Raxstraße,48.16323253,16.36690922,3,11,152.72727272727272,7
at:49:293,Wien Esterházygasse,48.19511129,16.35089226,3,855,1.9649122807017543,0
at:49:294,Wien Etrichstraße,48.14843649,16.46143894,3,224,7.5,2
at:49:295,Wien Daumegasse,48.16393357,16.37455388,3,247,6.801619433198381,2
at:49:2953,Wien Pensionisten-Wohnhaus Laaer Berg,48.1512534,16.3845701,3,109,15.412844036697248,3
at:49:2954,Wien Gartenschaugasse,48.14907181,16.39661651,3,145,11.586206896551724,3
at:49:296,Wien Evangelischer Friedhof,48.17985724,16.36024372,3,139,12.086330935251798,3
at:49:297,Wien Eßling Schule,48.21409016,16.52636018,3,871,1.928817451205511,0
at:49:298,Wien Eßling Friedhof,48.216263,16.53165126,3,237,7.0886075949367084,2
at:49:299,Wien Aspernstraße,48.22263733,16.47495858,1,1493,1.1252511721366376,0
at:49:3,Wien Ada-Christen-Gasse,48.15282961,16.38604334,3,174,9.655172413793103,2
at:49:30,Wien Altdorferstraße,48.16869681,16.34937411,3,334,5.029940119760479,2
at:49:300,Wien Fasangasse,48.18841013,16.38502824,2,517,3.249516441005803,0
at:49:301,Wien Heiligenstadt S+U/12.-Februar-Platz,48.2489283,16.36271409,2,246,6.829268292682927,2
at:49:302,Wien Diesterweggasse,48.19375795,16.30633582,2,266,6.315789473684211,2
at:49:303,Wien Wattmanng./Elisabethallee,48.17646684,16.29521468,3,199,8.442211055276381,2
at:49:304,Wien Döblinger Friedhof/Felix-Dahn-Str.,48.24003253,16.32608079,3,248,6.774193548387097,2
at:49:305,Wien Felmayergasse,48.27195321,16.43203708,3,115,14.608695652173912,3
at:49:306,Wien Fendigasse,48.18393621,16.35578808,3,304,5.526315789473684,2
at:49:307,Wien Sonnleithnergasse,48.17898271,16.36301053,3,279,6.021505376344086,2
at:49:308,Wien Gspöttgraben,48.25578304,16.31475303,3,6,280.0,-1
at:49:309,Wien Fernsprechamt Heiligenstadt,48.25407841,16.3597766,3,211,7.962085308056872,2
at:49:31,Wien Alte Donau,48.23795643,16.42423072,1,652,2.576687116564417,0
at:49:311,Wien Feuerwache Am Steinhof,48.21533522,16.27805686,3,172,9.767441860465116,2
at:49:312,Wien Feuerwache Grinzing,48.26153049,16.33249476,3,205,8.195121951219512,2
at:49:314,Wien Fickeysstraße,48.16704321,16.4237097,2,587,2.8620102214650767,0
at:49:315,Wien Filmteichstraße,48.15262584,16.39685007,3,290,5.793103448275862,2
at:49:316,Wien Finsterbuschstraße Nord,48.17345961,16.49782969,3,55,30.545454545454547,4
at:49:317,Wien Billgasse,48.22443876,16.48335783,3,179,9.385474860335195,2
at:49:318,Wien Löschniggasse,48.22276302,16.48053712,3,247,6.801619433198381,2
at:49:319,Wien 1. Haidequerstraße Mitte,48.18249274,16.4291984,3,106,15.849056603773585,3
at:49:32,Wien Ratschkygasse,48.17759899,16.32361042,3,84,20.0,4
at:49:320,Wien Dammhaufengasse,48.19575202,16.44707488,3,95,17.68421052631579,3
at:49:321,Wien Pfarrgasse/Traviatagasse,48.14248452,16.34313081,3,78,21.53846153846154,4
at:49:322,Wien Zimbagasse,48.20618215,16.21907347,3,83,20.240963855421686,4
at:49:323,Wien Auhof,48.20748727,16.21903754,3,166,10.120481927710843,3
at:49:324,Wien 1. Haidequerstraße Süd,48.1812349,16.42836297,3,106,15.849056603773585,3
at:49:325,Wien Giefinggasse,48.26813239,16.42613515,3,88,19.09090909090909,3
at:49:327,Wien Kaltenleutgebner Straße 16/141,48.12734073,16.22926037,3,132,12.727272727272727,3
at:49:329,Wien Fischergrund,48.21608343,16.44092142,3,159,10.566037735849056,3
at:49:33,Wien Altes Landgut,48.16166264,16.38342924,1,813,2.066420664206642,0
at:49:330,Wien Fichtnergasse,48.1871225,16.28888155,2,185,9.08108108108108,2
at:49:331,Wien Florian-Geyer-Gasse,48.1569347,16.39180154,3,248,6.774193548387097,2
at:49:332,Wien Florian-Hedorfer-Straße,48.16561723,16.43125554,3,431,3.897911832946636,0
at:49:333,Wien Florianigasse,48.2127912,16.34568203,2,305,5.508196721311475,2
at:49:334,Wien Floridsdorf,48.25679382,16.4002996,0,4144,0.40540540540540543,0
at:49:335,Wien Joseph-Lister-Gasse,48.17514296,16.26953184,3,17,98.82352941176471,6
at:49:336,Wien Flotowgasse,48.2406368,16.33773194,3,239,7.02928870292887,2
at:49:337,Wien Flugfeldstraße,48.21565845,16.50433349,3,339,4.95575221238938,0
at:49:338,"Wien Baumgartner Friedhof, 5. Tor",48.20383526,16.27885636,3,139,12.086330935251798,3
at:49:339,Wien Flötzersteigbrücke,48.20673893,16.29064225,3,228,7.368421052631579,2
at:49:34,Wien Althanstraße,48.22883733,16.35955202,2,241,6.970954356846473,2
at:49:340,Wien Mauerbachstraße/Baumschule,48.21812451,16.21789668,3,83,20.240963855421686,4
at:49:341,Wien Forsthausgasse,48.24524934,16.37502101,3,196,8.571428571428571,2
at:49:342,Wien Frachtenbahnhof Lobau Hafen,48.18788909,16.47534486,3,56,30.0,4
at:49:343,Wien Franz-Asenbauer-Gasse,48.15474136,16.27125661,2,380,4.421052631578948,0
at:49:344,Wien Klinik Favoriten,48.17491532,16.34888902,3,243,6.91358024691358,2
at:49:345,Wien Franz-Josefs-Bahnhof,48.22598878,16.36115102,0,930,1.8064516129032258,0
at:49:346,Wien Klinik Landstraße,48.19664423,16.39085831,3,84,20.0,4
at:49:347,Wien Franz-Pletersky-Weg,48.21328804,16.45071305,3,244,6.885245901639344,2
at:49:348,Wien Franzensbrücke,48.21381481,16.39152306,2,355,4.732394366197183,0
at:49:349,Wien Franzosenweg,48.14015269,16.38279143,3,159,10.566037735849056,3
at:49:35,Wien Altmannsdorfer Straße,48.16559926,16.31661255,2,404,4.158415841584159,0
at:49:350,Wien Forchheimergasse,48.14095595,16.30780906,3,104,16.153846153846153,3
at:49:351,Wien Freesienweg,48.20448186,16.2428968,3,84,20.0,4
at:49:352,Wien Freiheitsplatz,48.30143386,16.41618181,3,279,6.021505376344086,2
at:49:353,Wien Freihofsiedlung,48.24252733,16.45027288,3,198,8.484848484848484,2
at:49:354,Wien Kraftwerk Freudenau,48.1744241,16.47913575,3,60,28.0,4
at:49:355,Wien Freyenthurmgasse,48.20548768,16.2567578,3,173,9.710982658959537,2
at:49:357,Wien Friedensbrücke,48.22703008,16.36487903,1,927,1.8122977346278317,0
at:49:358,Wien Baumgarten,48.19906331,16.27149017,2,628,2.6751592356687897,0
at:49:359,Wien Friedensgasse,48.20325451,16.40246454,3,173,9.710982658959537,2
at:49:36,Wien Pfeiffenbergergasse,48.19466218,16.26100683,3,109,15.412844036697248,3
at:49:360,Wien Mariabrunn Kirche,48.20776266,16.2310031,3,294,5.714285714285714,2
at:49:361,Wien Friedjunggasse,48.16503005,16.41903846,3,112,15.0,3
at:49:362,Wien Obkirchergasse,48.24576979,16.34199894,3,227,7.400881057268722,2
at:49:363,Wien Friedrich-Engels-Platz,48.24427422,16.37972818,2,1535,1.0944625407166124,0
at:49:364,Wien Friedstraße,48.24544077,16.40463846,3,83,20.240963855421686,4
at:49:365,Wien Frödenplatz,48.15530469,16.3586537,2,325,5.1692307692307695,2
at:49:366,Wien Frömmlgasse,48.25624955,16.39212493,3,311,5.401929260450161,2
at:49:367,Wien Fröschelgasse,48.25197297,16.32095141,3,226,7.433628318584071,2
at:49:368,Wien Flurschützstraße/Längenfeldgasse,48.17935409,16.34006756,2,408,4.117647058823529,0
at:49:369,Wien Fultonstraße,48.25324103,16.41454688,2,517,3.249516441005803,0
at:49:37,Wien Am Fasangarten,48.171255,16.30459309,3,176,9.545454545454545,2
at:49:370,Wien Funkengerngasse,48.21539507,16.29365161,3,108,15.555555555555555,3
at:49:371,Wien Seegasse,48.22297249,16.36141153,2,242,6.9421487603305785,2
at:49:372,Wien Ottakringer Friedhof,48.21407819,16.30152085,3,269,6.245353159851301,2
at:49:373,Wien Kaltenleutgebner Str. 10/63,48.13182558,16.24631938,3,133,12.631578947368421,3
at:49:374,Wien Kaltenleutgebner Straße 137,48.12912152,16.23290753,3,132,12.727272727272727,3
at:49:375,Wien Salvigasse,48.29642598,16.43380676,3,106,15.849056603773585,3
at:49:376,Wien Gatterburggasse,48.2395898,16.34914054,2,643,2.6127527216174182,0
at:49:377,Wien Gattergasse,48.16084172,16.42246104,3,177,9.491525423728813,2
at:49:378,Wien Gatterhölzl,48.17587978,16.31875952,3,180,9.333333333333334,2
at:49:379,Wien Gaudenzdorfer Gürtel,48.18724228,16.34309488,3,166,10.120481927710843,3
at:49:38,Wien Zanggasse,48.23880004,16.48444479,2,649,2.588597842835131,0
at:49:380,Wien Gaußplatz,48.22628202,16.36990959,2,634,2.6498422712933754,0
at:49:381,Wien Gaßmannstraße,48.17426235,16.3130642,3,358,4.692737430167598,0
at:49:382,Wien Geiereckstraße,48.17503513,16.39962586,2,888,1.8918918918918919,0
at:49:383,Wien Geistingergasse,48.24553649,16.3628129,3,99,16.96969696969697,3
at:49:384,Wien Gellertplatz,48.17501117,16.38263872,2,707,2.376237623762376,0
at:49:385,Wien Gemeindeberggasse,48.18121693,16.26453721,3,107,15.700934579439252,3
at:49:386,Wien Opelwerk,48.21771151,16.50312975,3,3,560.0,-1
at:49:387,Wien Genochplatz,48.22932205,16.45593226,3,290,5.793103448275862,2
at:49:388,Wien Brünner Straße/Hanreitergasse,48.28414922,16.4129389,2,684,2.456140350877193,0
at:49:389,Wien Gerhardusgasse,48.2316977,16.36625345,2,277,6.064981949458484,2
at:49:39,Wien Am Heidjöchl,48.23708288,16.48789432,2,650,2.5846153846153848,0
at:49:390,Wien Geringergasse,48.16800183,16.42596447,3,254,6.6141732283464565,2
at:49:391,Wien Gernotgasse,48.21974055,16.53304365,3,237,7.0886075949367084,2
at:49:392,Wien Geroldgasse,48.23912312,16.28353658,3,88,19.09090909090909,3
at:49:393,Wien Gersthof,48.23115915,16.3291171,1,1066,1.575984990619137,0
at:49:394,Wien Ehrenpreisgasse,48.21802276,16.46127724,3,133,12.631578947368421,3
at:49:395,Wien Gersthofer Friedhof,48.22997432,16.31654068,3,102,16.470588235294116,3
at:49:396,Wien Getreidemarkt,48.20159603,16.36275002,3,205,8.195121951219512,2
at:49:397,Wien Geusaugasse,48.20412863,16.3945414,3,87,19.310344827586206,3
at:49:399,Wien Zippererstraße,48.17949785,16.4111243,1,762,2.204724409448819,0
at:49:4,Wien Adam-Betz-Gasse,48.21558063,16.5354691,3,69,24.347826086956523,4
at:49:40,Wien Am Himmelreich,48.16396353,16.43789409,3,254,6.6141732283464565,2
at:49:400,Wien Heinrich-Drimmel-Platz,48.18794898,16.39111882,2,247,6.801619433198381,2
at:49:401,Wien Ghelengasse,48.18030049,16.25950664,3,121,13.884297520661157,3
at:49:403,Wien Gladiolenweg,48.23754957,16.4790549,3,202,8.316831683168317,2
at:49:404,Wien Glanzing,48.24318541,16.32175091,3,238,7.0588235294117645,2
at:49:405,Wien Glatzgasse,48.23305601,16.35341652,2,485,3.463917525773196,0
at:49:406,Wien Glawatschweg,48.16367592,16.26619011,3,114,14.736842105263158,3
at:49:407,Wien Glockengasse,48.21779531,16.38187515,3,87,19.310344827586206,3
at:49:408,Wien Gloriettegasse,48.18299586,16.29206159,2,272,6.176470588235294,2
at:49:409,Wien Glossystraße,48.21237816,16.23607858,3,99,16.96969696969697,3
at:49:41,Wien Am Hundsturm,48.1885359,16.34751459,3,166,10.120481927710843,3
at:49:410,Wien Gobergasse,48.17921632,16.26879522,3,107,15.700934579439252,3
at:49:411,Wien Goethehof,48.22948961,16.41903846,3,265,6.339622641509434,2
at:49:412,Wien Gogolgasse,48.18236696,16.27663752,3,54,31.11111111111111,4
at:49:413,Wien Goldhammergasse,48.14430675,16.32275702,3,111,15.135135135135135,3
at:49:414,Wien Gotthelfgasse,48.22727543,16.47268584,3,167,10.059880239520957,3
at:49:415,Wien Graben/Petersplatz,48.20915753,16.36956823,3,202,8.316831683168317,2
at:49:416,Wien Graf-Seilern-Gasse,48.17108725,16.30876127,3,181,9.281767955801104,2
at:49:417,Wien Grasbergergasse,48.18619418,16.40042536,3,112,15.0,3
at:49:418,Wien Grasgasse,48.22989054,16.282243,3,43,39.06976744186046,4
at:49:419,Wien Gredlerstraße,48.21400636,16.37987191,2,135,12.444444444444445,3
at:49:42,Wien Am Kanal,48.17002085,16.41010022,3,425,3.9529411764705884,0
at:49:420,Wien Gregor-Mendel-Straße,48.23413905,16.33777686,3,398,4.221105527638191,0
at:49:421,Wien Gregorygasse,48.1572523,16.30544649,3,320,5.25,2
at:49:422,"Wien Eßling, Schippanisiedlung",48.2193575,16.54429056,3,138,12.173913043478262,3
at:49:423,Wien Greutberggasse,48.22787985,16.20515857,3,83,20.240963855421686,4
at:49:424,Wien Griegstraße,48.24938292,16.37533542,3,176,9.545454545454545,2
at:49:425,Wien Enkplatz,48.17434023,16.41531045,1,1628,1.031941031941032,0
at:49:426,Wien Grinzing,48.25548996,16.34215165,2,443,3.7923250564334086,0
at:49:427,Wien Am Bahnhof,48.22394801,16.45109035,3,84,20.0,4
at:49:428,Wien Grinzinger Straße,48.25475429,16.36536412,2,543,3.0939226519337018,0
at:49:429,Wien Lange Allee,48.22737717,16.44452366,3,99,16.96969696969697,3
at:49:43,Wien Am Kanal/Hasenleitengasse,48.16367592,16.4184276,3,290,5.793103448275862,2
at:49:430,Wien Großer Biberhaufen,48.20220674,16.47337755,3,233,7.210300429184549,2
at:49:431,Wien Großjedlersdorf,48.27650314,16.40857308,2,1110,1.5135135135135136,0
at:49:432,Wien Großmarktstraße,48.1465245,16.36700803,3,216,7.777777777777778,2
at:49:434,Wien Gruschaplatz,48.19539273,16.28263826,2,336,5.0,2
at:49:435,Wien Gräßlplatz,48.17683823,16.39736211,3,88,19.09090909090909,3
at:49:436,Wien Gumpendorfer Straße,48.19072779,16.33756126,1,1342,1.2518628912071534,0
at:49:437,Wien Grenzgasse,48.19328488,16.32968303,3,166,10.120481927710843,3
at:49:438,Wien Guneschgasse,48.23653242,16.35355127,2,168,10.0,2
at:49:439,Wien Gunoldstraße,48.24465709,16.36170797,2,646,2.6006191950464395,0
at:49:44,Wien Am Modenapark,48.19909923,16.38262075,3,174,9.655172413793103,2
at:49:440,Wien Guntherstraße,48.20237438,16.32676351,2,253,6.640316205533597,2
at:49:441,"Wien Eßling, Stadtgrenze",48.20844513,16.53994271,3,438,3.835616438356164,0
at:49:442,Wien Gusenleithnergasse,48.1946502,16.29005835,2,265,6.339622641509434,2
at:49:443,Wien Gustav-Pick-Gasse,48.24203077,16.32593706,3,239,7.02928870292887,2
at:49:444,Wien Gutheil-Schoder-Gasse,48.15945752,16.33584548,2,417,4.028776978417266,0
at:49:445,Wien Gutraterplatz,48.20772075,16.30934518,2,471,3.56687898089172,0
at:49:446,Wien Gußhausstraße,48.19781187,16.37515575,2,490,3.4285714285714284,0
at:49:447,Wien Gußriegelstraße,48.16633022,16.35883337,3,418,4.019138755980861,0
at:49:448,Wien Gymnasiumstraße,48.23001022,16.34474778,3,321,5.233644859813084,2
at:49:449,Wien Günselgasse,48.21679572,16.2551049,3,76,22.105263157894736,4
at:49:45,Wien Am Platz,48.18605643,16.30148492,3,513,3.2748538011695905,0
at:49:450,Wien Dornbach,48.2263658,16.30771923,2,1094,1.5356489945155394,0
at:49:451,Wien Gütenbachstraße,48.13807253,16.24134271,3,1,1680.0,-1
at:49:453,Wien Lusthaus,48.19109309,16.43984344,3,91,18.46153846153846,3
at:49:454,Wien Doderergasse,48.27184559,16.45336308,3,120,14.0,3
at:49:455,Wien Haberlandtgasse,48.21883079,16.4899335,3,74,22.7027027027027,4
at:49:456,Wien Neulerchenfelder Straße/Haberlgasse,48.21170172,16.33115627,2,270,6.222222222222222,2
at:49:457,Wien Habsburgergasse,48.20762496,16.36779855,3,202,8.316831683168317,2
at:49:458,Wien Beingasse,48.1994046,16.33227917,2,611,2.7495908346972175,0
at:49:459,Wien Hadersdorfer Hauptstraße,48.20969032,16.2201784,3,213,7.887323943661972,2
at:49:46,Wien Am Rosenhügel,48.16187835,16.29089378,3,293,5.733788395904437,2
at:49:460,Wien Hadersdorf,48.21037876,16.22358302,1,210,8.0,1
at:49:461,Wien Oberzellergasse,48.19186562,16.39496361,2,329,5.1063829787234045,2
at:49:462,Wien Stammersdorfer Kellergasse,48.30737336,16.4033898,3,29,57.93103448275862,5
at:49:463,Wien 11. Haidequerstraße,48.17548442,16.4626876,3,146,11.506849315068493,3
at:49:464,Wien 7. Haidequerstraße,48.17912647,16.44232279,3,146,11.506849315068493,3
at:49:465,Wien Haidestraße,48.17951582,16.4266921,1,395,4.253164556962025,0
at:49:466,"Wien Kaiserebersdorf, Dreherstraße",48.1566051,16.47370094,3,83,20.240963855421686,4
at:49:467,Wien Eckpergasse,48.23334921,16.31655865,2,91,18.46153846153846,3
at:49:468,Wien Halteraugasse,48.25194904,16.3639358,2,246,6.829268292682927,2
at:49:469,Wien Halterlacken,48.16012266,16.46134911,3,226,7.433628318584071,2
at:49:470,Wien Hans-Mandl-Berufsschule,48.1815284,16.33860331,3,509,3.300589390962672,0
at:49:471,Wien Empergergasse,48.28630713,16.41417857,2,514,3.2684824902723735,0
at:49:472,Wien Hütteldorfer Str./Lützowgasse,48.19724302,16.29489128,2,363,4.628099173553719,0
at:49:473,Wien Hardeggasse,48.22088971,16.45779178,1,995,1.6884422110552764,0
at:49:474,Wien Hardtgasse,48.23705895,16.34904173,2,556,3.0215827338129495,0
at:49:475,Wien Harrachgasse,48.2222124,16.42532666,3,265,6.339622641509434,2
at:49:476,Wien Hartlebengasse,48.22566561,16.46474474,3,281,5.9786476868327405,2
at:49:477,Wien Haschafeld,48.22551001,16.47485078,3,167,10.059880239520957,3
at:49:478,Wien Haselbrunnerstraße,48.13723326,16.25114333,3,176,9.545454545454545,2
at:49:479,Wien Hasenleiten,48.16175851,16.41787065,3,88,19.09090909090909,3
at:49:48,Wien Am Schöpfwerk,48.16123121,16.32460755,1,658,2.5531914893617023,0
at:49:482,Wien Haspelmeistergasse,48.21775341,16.24416342,3,39,43.07692307692308,5
at:49:483,Wien Haspingerplatz,48.27736405,16.4050966,3,663,2.5339366515837103,0
at:49:484,Wien Geiselbergstraße,48.17499919,16.40703696,1,544,3.088235294117647,0
at:49:485,Wien Deinleingasse,48.22180542,16.44392179,3,198,8.484848484848484,2
at:49:486,"Wien Prater, Hauptallee",48.20943889,16.40606678,2,378,4.444444444444445,0
at:49:487,Wien Hausfeldstraße,48.23346889,16.48671753,1,1283,1.309431021044427,0
at:49:488,Wien Dreimarkstein,48.25842061,16.28749815,3,19,88.42105263157895,6
at:49:489,Wien Hawlicekgasse,48.26031646,16.41571469,3,347,4.8414985590778095,0
at:49:49,Wien Am Spiegeln,48.15227824,16.28219809,3,440,3.8181818181818183,0
at:49:491,Wien Heiligenstadt,48.2490958,16.36577734,0,1975,0.850632911392405,0
at:49:493,Wien Heiligenstädter Brücke,48.2438734,16.36790635,3,192,8.75,2
at:49:494,Wien Heinestraße,48.22228422,16.38233329,2,462,3.6363636363636362,0
at:49:495,Wien Heinrich-von-Buol-Gasse,48.26707997,16.42822822,3,176,9.545454545454545,2
at:49:498,Wien Helferstorferstr.,48.21391657,16.36543598,3,122,13.770491803278688,3
at:49:499,Wien Hellingstraße,48.1875058,16.45611193,3,41,40.97560975609756,5
at:49:5,Wien Adamovichgasse,48.14266434,16.33862127,3,50,33.6,4
at:49:50,Wien Am Spitz,48.2582053,16.39738007,2,505,3.3267326732673266,0
at:49:500,Wien Dresdner Straße,48.23698117,16.37952157,1,1118,1.5026833631484795,0
at:49:501,Wien Henriettenplatz,48.19017084,16.33197374,3,165,10.181818181818182,3
at:49:502,"Wien Gersthof, Herbeckstraße",48.23246362,16.31750188,2,273,6.153846153846154,2
at:49:503,Wien Heringgasse,48.23431856,16.52159013,3,75,22.4,4
at:49:504,"Wien Speising, Hermesstraße",48.16819954,16.28402167,2,665,2.526315789473684,0
at:49:505,Wien Hernals,48.22323582,16.3148788,1,884,1.9004524886877827,0
at:49:506,Wien Herrengasse,48.20948678,16.36584921,1,724,2.320441988950276,0
at:49:507,Wien Hernalser Gürtel,48.21517959,16.34090299,2,202,8.316831683168317,2
at:49:508,"Wien Hernals, Wattgasse",48.22151814,16.32131074,2,626,2.68370607028754,0
at:49:509,Wien Hertlgasse,48.21525141,16.28046434,3,161,10.434782608695652,3
at:49:51,Wien Am Tabor,48.22510306,16.38347415,2,590,2.847457627118644,0
at:49:510,Wien Herzgasse,48.17241723,16.36593006,3,243,6.91358024691358,2
at:49:511,Wien Hetzendorf,48.16608457,16.31442066,1,566,2.9681978798586575,0
at:49:512,Wien Freudenauer Hafenstr.,48.18308571,16.46534661,3,54,31.11111111111111,4
at:49:513,Wien Hetzgasse,48.20839724,16.39293341,2,251,6.693227091633466,2
at:49:51351,Wien Roßkopfg./Hainbachgasse,48.24598515,16.21684565,3,41,40.97560975609756,5
at:49:51352,Wien Hainbachgasse,48.24678676,16.2170343,3,41,40.97560975609756,5
at:49:51353,Wien Laskywiesengasse,48.24758835,16.21860635,3,41,40.97560975609756,5
at:49:51354,Wien Hinterhainbach,48.24876679,16.2188489,3,82,20.48780487804878,4
at:49:51355,Wien Roßkopfgasse,48.24721747,16.2192711,3,41,40.97560975609756,5
at:49:51356,Wien Trollwiese,48.24111542,16.20692825,3,83,20.240963855421686,4
at:49:51359,Wien Sofienalpenstraße/Roßkopfgasse,48.24460923,16.21411477,3,82,20.48780487804878,4
at:49:514,Wien Heuberg,48.22604264,16.28341081,3,130,12.923076923076923,3
at:49:515,Wien Heuberggasse,48.2286997,16.29756826,3,130,12.923076923076923,3
at:49:516,Wien Heudörfelgasse,48.1532611,16.26403415,3,117,14.35897435897436,3
at:49:517,Wien Schönbrunner Straße/Kettenbrückengasse,48.19493763,16.36098932,3,164,10.24390243902439,3
at:49:52,Wien Fünfhausgasse,48.18908687,16.33544124,3,205,8.195121951219512,2
at:49:520,Wien Hietzing U,48.18791904,16.30369477,1,1623,1.0351201478743068,0
at:49:521,Wien Obere Waldandacht,48.25304365,16.27359223,3,88,19.09090909090909,3
at:49:523,Wien Hillerstraße,48.22112911,16.40778257,3,96,17.5,3
at:49:524,Wien Himberger Straße,48.14332371,16.38263872,3,533,3.151969981238274,0
at:49:525,Wien Himmelmutterweg,48.23066248,16.29604113,2,401,4.1895261845386536,0
at:49:526,Wien Himmelstraße,48.25723641,16.33748041,3,108,15.555555555555555,3
at:49:527,Wien Hintere Zollamtsstraße,48.21115698,16.38705843,2,521,3.224568138195777,0
at:49:528,Wien Am Krautgarten,48.23479724,16.46118741,3,60,28.0,4
at:49:529,Wien Hirschengasse,48.19309325,16.34915851,3,206,8.155339805825243,2
at:49:53,Wien Gesundheitszentrum Süd,48.16990702,16.34513406,3,676,2.485207100591716,0
at:49:530,Wien Hirschstetten Ort,48.23482716,16.46624492,3,370,4.54054054054054,0
at:49:531,Wien Blumengärten Hirschstetten,48.23604179,16.47266788,3,162,10.37037037037037,3
at:49:532,Wien Hirschstetten,48.23266109,16.46823918,1,208,8.076923076923077,1
at:49:533,Wien Fuchsienweg,48.25852228,16.49262844,3,62,27.096774193548388,4
at:49:534,Wien Hütteldorfer Str./Hochsatzengasse,48.19800947,16.27740109,2,361,4.653739612188366,0
at:49:535,Wien Hoefftgasse,48.15602981,16.46814935,3,97,17.31958762886598,3
at:49:536,Wien Hoferstiege,48.13909164,16.2717956,3,255,6.588235294117647,2
at:49:537,Wien Hofherr-Schrantz-Gasse,48.28301942,16.37184995,3,150,11.2,3
at:49:538,Wien Hofmannsthalgasse,48.1850682,16.39991332,3,112,15.0,3
at:49:539,Wien Hofwiesengasse,48.17015865,16.28722865,2,688,2.441860465116279,0
at:49:54,Wien Ameisbachzeile,48.2013266,16.29216041,3,228,7.368421052631579,2
at:49:540,Wien Hohe Warte,48.25104583,16.35511434,2,254,6.6141732283464565,2
at:49:541,Wien Hohe-Wand-Wiese,48.22961527,16.20163717,3,83,20.240963855421686,4
at:49:542,Wien Hohenbergstraße,48.17414853,16.32591909,3,418,4.019138755980861,0
at:49:543,Wien Hohenfelsplatz,48.17411858,16.31660356,3,357,4.705882352941177,0
at:49:544,Wien Hoher Markt,48.21127072,16.37205657,3,285,5.894736842105263,2
at:49:545,Wien Hollergasse,48.18631397,16.32458959,3,205,8.195121951219512,2
at:49:546,Wien Kollarzgasse,48.28545832,16.42566802,3,169,9.940828402366863,2
at:49:547,Wien Holubstraße,48.23180541,16.39455936,3,376,4.468085106382978,0
at:49:548,Wien Hopfengasse,48.26919675,16.39173865,2,435,3.8620689655172415,0
at:49:549,Wien Horeischygasse,48.18349299,16.27672735,3,54,31.11111111111111,4
at:49:55,Wien Ameisgasse,48.19385377,16.29951761,2,494,3.4008097165991904,0
at:49:550,Wien Hosnedlgasse Süd,48.25565145,16.46222946,3,75,22.4,4
at:49:551,Wien Hoßplatz,48.25502344,16.40755799,2,517,3.249516441005803,0
at:49:552,Wien Hubermanngasse,48.14126167,16.33207255,3,29,57.93103448275862,5
at:49:553,Wien Hubert-Gsur-Gasse,48.14632671,16.38898083,3,87,19.310344827586206,3
at:49:554,Wien Hubertusdamm,48.2507647,16.39218781,2,283,5.936395759717315,2
at:49:555,Wien Huflattichweg,48.24703202,16.53146261,3,76,22.105263157894736,4
at:49:556,Wien Huglgasse,48.19792564,16.32519146,2,524,3.2061068702290076,0
at:49:557,Wien Hugo-Wolf-Park,48.23886586,16.33293494,3,121,13.884297520661157,3
at:49:558,"Wien Unter St. Veit, Hummelgasse",48.18567911,16.28186571,2,185,9.08108108108108,2
at:49:559,Wien Husarenweg,48.20270967,16.46480762,3,111,15.135135135135135,3
at:49:56,Wien Neubaugasse,48.19829089,16.35020056,1,1173,1.432225063938619,0
at:49:560,Wien Hütteldorf,48.19738673,16.26106971,0,1773,0.9475465313028765,0
at:49:561,Wien Pelargonienweg,48.25672205,16.49550305,3,62,27.096774193548388,4
at:49:562,Wien Hütteldorfer Friedhof,48.20430824,16.24464851,3,84,20.0,4
at:49:563,Wien Hüttenbrennergasse,48.17608945,16.39480191,3,89,18.876404494382022,3
at:49:564,Wien Hüttergasse,48.21323417,16.22701458,3,183,9.180327868852459,2
at:49:565,Wien Hämmerlegasse,48.13882188,16.3942719,3,159,10.566037735849056,3
at:49:566,Wien Hänflingweg,48.21828612,16.25753933,3,76,22.105263157894736,4
at:49:567,Wien Hänischgasse,48.23187721,16.54295207,3,6,280.0,-1
at:49:568,Wien Häußlergasse,48.23819575,16.43958293,3,139,12.086330935251798,3
at:49:569,Wien Höchstädtplatz,48.23924278,16.37690747,2,911,1.8441273326015368,0
at:49:57,Wien Ammerweg,48.21851356,16.26047683,3,76,22.105263157894736,4
at:49:570,Wien Hödlgasse,48.14917969,16.29547519,3,201,8.35820895522388,2
at:49:571,Wien Hörtengasse,48.16239366,16.44449671,3,254,6.6141732283464565,2
at:49:572,Wien Senekowitschgasse,48.25422196,16.45890569,3,175,9.6,2
at:49:574,Wien Illgasse,48.28793298,16.44791929,3,170,9.882352941176471,2
at:49:575,Wien Liesing Industriegelände Süd,48.128432,16.30225747,3,225,7.466666666666667,2
at:49:576,Wien Industriegelände Liesing West,48.13310261,16.2980264,3,103,16.310679611650485,3
at:49:577,Wien Innocentiagasse,48.19054214,16.26245312,3,109,15.412844036697248,3
at:49:578,Wien Innstraße,48.23051886,16.38677995,2,271,6.199261992619927,2
at:49:579,Wien Invalidensiedlung,48.26149461,16.53609792,3,83,20.240963855421686,4
at:49:58,Wien Amongasse,48.23018376,16.46945191,3,41,40.97560975609756,5
at:49:580,Wien Inzersdorf Friedhof,48.14779518,16.35000293,3,508,3.3070866141732282,0
at:49:581,"Wien Inzersdorf, Großmarkt",48.13568055,16.35780929,3,114,14.736842105263158,3
at:49:582,Wien Blumental,48.13882787,16.36924484,1,205,8.195121951219512,1
at:49:584,Wien Hosnedlgasse/Lieblgasse,48.25741583,16.46340625,3,75,22.4,4
at:49:585,Wien Inzersdorf Lokalbahn,48.14995285,16.33440817,2,228,7.368421052631579,2
at:49:586,"Wien Inzersdorf, Zetschegasse",48.13871397,16.33037474,3,29,57.93103448275862,5
at:49:587,Wien Lafnitzgasse,48.28133363,16.45635447,3,136,12.352941176470589,3
at:49:588,Wien Oleandergasse,48.25519091,16.49776681,3,62,27.096774193548388,4
at:49:589,Wien Jagdschloßgasse,48.17713775,16.28362641,2,272,6.176470588235294,2
at:49:59,Wien An den Steinfeldern,48.13731119,16.29811624,3,216,7.777777777777778,2
at:49:591,Wien Jedlersdorf,48.27317892,16.396886,0,200,8.4,0
at:49:592,Wien Hosnedlgasse Nord,48.26045999,16.46478965,3,75,22.4,4
at:49:593,Wien Trillergasse,48.27384857,16.40318319,3,168,10.0,2
at:49:594,Wien Jeneweingasse,48.26599165,16.38522587,3,313,5.36741214057508,2
at:49:595,Wien Jenbachgasse,48.16682153,16.26627994,3,108,15.555555555555555,3
at:49:596,Wien Scheedgasse,48.24040945,16.48804704,3,121,13.884297520661157,3
at:49:597,Wien Joachimsthalerplatz,48.20884623,16.30492547,2,862,1.948955916473318,0
at:49:598,"Wien Großjedlersdorf, Jochbergengasse",48.2799766,16.40074876,3,488,3.442622950819672,0
at:49:599,Wien Jochen-Rindt-Straße,48.14615888,16.35428789,3,545,3.0825688073394497,0
at:49:6,Wien Adolf-Loos-Gasse,48.27739395,16.45419852,3,232,7.241379310344827,2
at:49:60,Wien An den alten Schanzen,48.22640171,16.48978977,3,324,5.185185185185185,2
at:49:600,Wien Johann-Friedl-Gasse,48.13707139,16.40745917,3,200,8.4,2
at:49:601,Wien Johannes-Krawarik-Gasse,48.21379086,16.30868042,2,101,16.633663366336634,3
at:49:602,Wien Johann-Nepomuk-Berger-Platz,48.21310247,16.32546095,2,854,1.9672131147540983,0
at:49:604,Wien Johann-Strauß-Gasse,48.18991333,16.36610972,3,368,4.565217391304348,0
at:49:605,Wien Kirsteweg,48.13237117,16.41834675,3,148,11.35135135135135,3
at:49:606,Wien Johnstraße,48.19767415,16.31963987,1,1222,1.3747954173486088,0
at:49:607,Wien Josef-Baumann-Gasse,48.25126715,16.43029435,2,703,2.3897581792318636,0
at:49:608,Wien Josef-Enslein-Platz,48.15185272,16.37155351,3,166,10.120481927710843,3
at:49:609,Wien Josef-Gall-Gasse,48.20991182,16.39728126,3,173,9.710982658959537,2
at:49:61,Wien An den langen Lüssen,48.25265486,16.34190911,2,234,7.17948717948718,2
at:49:610,Wien Josef-Meder-Gasse,48.12997892,16.2942445,3,113,14.867256637168142,3
at:49:611,Wien Josef-Melichar-Gasse,48.24602105,16.4010452,3,83,20.240963855421686,4
at:49:612,Wien Josef-Ressel-Straße,48.21121684,16.23357228,3,183,9.180327868852459,2
at:49:613,Wien Josef-Österreicher-Gasse,48.14732167,16.30178136,3,423,3.971631205673759,0
at:49:614,Wien Elisabethwiese,48.28100484,16.33427343,3,40,42.0,5
at:49:615,Wien Josefstädter Straße,48.21138445,16.33916026,1,771,2.178988326848249,0
at:49:616,Wien Leibnizgasse,48.17079969,16.37533542,3,122,13.770491803278688,3
at:49:617,Wien Julius-Ficker-Straße,48.26632652,16.44851218,3,118,14.23728813559322,3
at:49:618,Wien Julius-Payer-Gasse,48.23428864,16.42079915,3,36,46.666666666666664,5
at:49:619,Wien Julius-Raab-Platz,48.21133058,16.38284533,2,522,3.218390804597701,0
at:49:62,Wien An der Bien,48.20694248,16.48029458,3,112,15.0,3
at:49:620,Wien Jungstraße,48.22108722,16.40574339,3,96,17.5,3
at:49:621,Wien Jura-Soyfer-Gasse,48.14917969,16.39271782,3,87,19.310344827586206,3
at:49:622,Wien Justgasse,48.27599496,16.42147289,3,157,10.700636942675159,3
at:49:623,Wien Melangasse,48.25615386,16.44052616,3,178,9.438202247191011,2
at:49:624,Wien In der Au,48.20929522,16.48619651,3,110,15.272727272727273,3
at:49:625,Wien Jägerwaldsiedlung,48.22385226,16.24634633,3,78,21.53846153846154,4
at:49:627,Wien Kagran U,48.24329908,16.43376184,1,1780,0.9438202247191011,0
at:49:628,Wien Hagedornweg,48.2327688,16.49260149,3,73,23.013698630136986,4
at:49:63,Wien An der Niederhaid,48.20413461,16.26973846,3,69,24.347826086956523,4
at:49:630,Wien Kagraner Anger,48.23935646,16.44869184,3,198,8.484848484848484,2
at:49:631,Wien Kagraner Brücke,48.23936244,16.43016858,2,431,3.897911832946636,0
at:49:632,Wien Kagraner Friedhof,48.25370757,16.44612266,3,177,9.491525423728813,2
at:49:633,Wien Kagraner Platz,48.25030411,16.44330195,1,1420,1.1830985915492958,0
at:49:634,Wien Kahlenberg,48.27616236,16.33683362,3,139,12.086330935251798,3
at:49:635,Wien Kahlenbergerdorf,48.27450624,16.35666843,3,171,9.824561403508772,2
at:49:636,Wien Korbweidenweg,48.20391309,16.47016158,3,60,28.0,4
at:49:637,Wien Kaiser-Franz-Josef-Straße,48.13589638,16.26676503,2,558,3.010752688172043,0
at:49:638,Wien Kaiserebersdorfer Friedhof,48.15866054,16.45392902,3,239,7.02928870292887,2
at:49:639,"Wien Kaiserebersdorf, Zinnergasse",48.16000881,16.4707365,2,1239,1.3559322033898304,0
at:49:640,Wien Angelibad,48.24714568,16.40307539,3,45,37.333333333333336,4
at:49:641,Wien Kaisermühlen-VIC,48.23233797,16.41549909,1,977,1.7195496417604914,0
at:49:642,Wien Kaisermühlenstraße,48.21344966,16.44152329,3,244,6.885245901639344,2
at:49:643,Wien Mariahilfer Straße/Kaiserstraße,48.19667417,16.34157673,2,155,10.838709677419354,3
at:49:644,Wien Burggasse/Kaiserstraße,48.20432021,16.34003163,2,441,3.8095238095238093,0
at:49:645,Wien Neustiftgasse/Kaiserstraße,48.2060265,16.33968128,2,441,3.8095238095238093,0
at:49:646,Wien Westbahnstraße/Kaiserstraße,48.20183552,16.3405257,2,664,2.5301204819277108,0
at:49:647,Wien Kalksburg Kirchenplatz,48.13769486,16.24494495,3,176,9.545454545454545,2
at:49:648,Wien Kammerergasse,48.24468102,16.31857087,3,238,7.0588235294117645,2
at:49:649,Wien Kanalstraße,48.21261162,16.45603108,3,328,5.121951219512195,2
at:49:65,Wien Liebhartstal,48.21574823,16.29190888,3,108,15.555555555555555,3
at:49:650,Wien Wulzendorfstraße,48.21531127,16.46835597,3,254,6.6141732283464565,2
at:49:651,Wien Kapellergasse,48.24884456,16.48354648,3,159,10.566037735849056,3
at:49:652,Wien Kappgasse,48.18627803,16.42276646,3,107,15.700934579439252,3
at:49:653,Wien Kardinal-Nagl-Platz,48.19733284,16.40053316,1,692,2.4277456647398843,0
at:49:654,Wien Karl-Meißl-Straße,48.22840647,16.37362862,3,176,9.545454545454545,2
at:49:655,Wien Karl-Schwed-Gasse,48.14948536,16.27711362,3,177,9.491525423728813,2
at:49:657,Wien Karlsplatz,48.20095538,16.3689484,1,1448,1.160220994475138,0
at:49:658,Wien Arsenalsteg,48.18056405,16.38855862,3,177,9.491525423728813,2
at:49:659,Wien Karmeliterplatz,48.2157602,16.38034802,2,446,3.766816143497758,0
at:49:66,Wien Angermayergasse,48.18439141,16.26492349,3,106,15.849056603773585,3
at:49:660,Wien Karthäuserstraße,48.25054338,16.3238889,3,232,7.241379310344827,2
at:49:661,Wien Kaserngasse,48.1491737,16.25916529,3,177,9.491525423728813,2
at:49:662,Wien Haus des Meeres,48.19764421,16.35404535,3,529,3.175803402646503,0
at:49:663,Wien Kellerberggasse,48.12585968,16.30498835,3,71,23.661971830985916,4
at:49:664,Wien Kellermanngasse,48.20530807,16.351566,3,318,5.283018867924528,2
at:49:665,Wien Kempfengerngasse,48.22002186,16.29586146,3,160,10.5,3
at:49:666,Wien Keplerplatz,48.17813212,16.37653916,1,843,1.99288256227758,0
at:49:667,Wien Dreherstraße/Hoefftgasse,48.15499905,16.47204804,3,41,40.97560975609756,5
at:49:668,Wien Kerbelgasse,48.21740625,16.24975094,3,38,44.21052631578947,5
at:49:669,Wien Familienplatz,48.21352748,16.3189302,2,375,4.48,0
at:49:67,Wien Anschützgasse,48.19037446,16.32305347,2,718,2.33983286908078,0
at:49:670,Wien Kettenbrückengasse,48.19681788,16.35899506,1,417,4.028776978417266,0
at:49:671,Wien Lemböckgasse,48.12777844,16.30723414,3,296,5.675675675675675,2
at:49:672,Wien Keylwerthgasse,48.25089031,16.2884324,3,106,15.849056603773585,3
at:49:673,Wien Khevenhüllerstraße,48.2434965,16.30706346,3,89,18.876404494382022,3
at:49:674,Wien Khleslplatz,48.16254945,16.32214617,3,80,21.0,4
at:49:675,Wien Sanddorngasse,48.21867517,16.45782771,3,109,15.412844036697248,3
at:49:676,Wien Kierischitzweg,48.20002731,16.45717194,3,56,30.0,4
at:49:677,Wien Kinskygasse/Rossakgasse,48.14617087,16.33098559,3,14,120.0,6
at:49:679,Wien Kirchfeldgasse,48.15946351,16.30850974,3,209,8.038277511961722,2
at:49:68,Wien Anton-Bosch-Gasse,48.26941799,16.38757945,3,235,7.148936170212766,2
at:49:680,Wien Kirchstetterngasse,48.20690656,16.33183001,3,133,12.631578947368421,3
at:49:681,Wien Jungbauerweg,48.15527472,16.34526881,3,159,10.566037735849056,3
at:49:682,Wien Kirschenallee,48.21448523,16.51953299,3,645,2.604651162790698,0
at:49:683,Wien Kleehäufel,48.20802008,16.44597893,3,56,30.0,4
at:49:684,Wien Klebindergraben,48.16050616,16.45359665,3,127,13.228346456692913,3
at:49:685,Wien Klederinger Straße,48.13142387,16.42334139,3,148,11.35135135135135,3
at:49:686,Wien Kleiner Ring,48.16687545,16.25983004,3,108,15.555555555555555,3
at:49:687,Wien Kleingartenverein Hackenberg,48.24787549,16.31177961,3,238,7.0588235294117645,2
at:49:688,Wien Kleistgasse,48.19354237,16.39060678,2,328,5.121951219512195,2
at:49:689,Wien Kliebergasse,48.1828042,16.3644658,2,715,2.3496503496503496,0
at:49:69,Wien Anton-Böck-Gasse,48.29640208,16.38978033,3,93,18.06451612903226,3
at:49:690,Wien Klimtgasse,48.17285455,16.30099084,3,176,9.545454545454545,2
at:49:692,Wien Gürtelbrücke,48.23724443,16.36515751,3,358,4.692737430167598,0
at:49:693,Wien Lehenstraße,48.23093176,16.52270404,3,168,10.0,2
at:49:694,Wien Knotzenbachgasse,48.14536169,16.29366059,3,123,13.658536585365853,3
at:49:695,Wien Knödelhüttenstraße,48.22088971,16.23915082,3,39,43.07692307692308,5
at:49:696,Wien Kohlgasse,48.18785316,16.35159294,3,83,20.240963855421686,4
at:49:697,Wien Kolbegasse,48.14456449,16.36038745,3,546,3.076923076923077,0
at:49:698,Wien Kollburggasse,48.2183759,16.30122441,3,160,10.5,3
at:49:699,Wien Koloniestraße,48.26585412,16.39331071,2,431,3.897911832946636,0
at:49:7,Wien Adolf-Unger-Gasse,48.14867624,16.38588164,3,87,19.310344827586206,3
at:49:70,Wien Anton-Krieger-Gasse,48.14282019,16.27038524,2,252,6.666666666666667,2
at:49:700,"Wien Inzersdorf, Slamastraße",48.13900172,16.3415947,3,211,7.962085308056872,2
at:49:701,Wien Konstanziagasse,48.22807135,16.4577289,2,726,2.3140495867768593,0
at:49:702,Wien Hauffgasse,48.17770083,16.4127772,2,346,4.855491329479769,0
at:49:703,Wien Dirmhirngasse,48.13572852,16.28247657,3,124,13.548387096774194,3
at:49:704,Wien Panikengasse,48.20805001,16.32432009,2,387,4.341085271317829,0
at:49:705,Wien Thaliastraße U/Koppstr.,48.20617617,16.33691447,3,134,12.537313432835822,3
at:49:706,Wien Korbergasse,48.18598456,16.33872009,3,83,20.240963855421686,4
at:49:707,Wien Korbgasse,48.13688555,16.27507445,3,177,9.491525423728813,2
at:49:708,Wien Kornauthgasse,48.16091363,16.36687329,3,122,13.770491803278688,3
at:49:709,Wien Jakov-Lind-Straße,48.22441482,16.39631108,3,98,17.142857142857142,3
at:49:71,Wien Doningasse,48.25182941,16.44120888,3,2,840.0,-1
at:49:710,Wien Klinik Hietzing,48.16913417,16.279045,2,179,9.385474860335195,2
at:49:711,Wien KGV Alsrückenweg,48.23169171,16.30818635,3,102,16.470588235294116,3
at:49:712,Wien Mariahilfer Straße/Geibelgasse,48.19166201,16.33138085,2,671,2.503725782414307,0
at:49:713,Wien Krapfenwaldgasse,48.26874829,16.32425721,3,119,14.117647058823529,3
at:49:714,Wien Kratzlgasse,48.24139063,16.33011423,3,239,7.02928870292887,2
at:49:715,Wien Krausegasse,48.17466372,16.4204039,3,102,16.470588235294116,3
at:49:716,Wien Kraygasse,48.24853948,16.44926677,2,674,2.492581602373887,0
at:49:717,Wien Kreilplatz,48.25435355,16.36664871,3,285,5.894736842105263,2
at:49:718,Wien Krenngasse,48.22956141,16.3196758,3,102,16.470588235294116,3
at:49:719,Wien Röntgengasse,48.22542025,16.28607881,3,130,12.923076923076923,3
at:49:72,Wien Anton-Störck-Gasse,48.26493919,16.38636673,3,84,20.0,4
at:49:720,Wien Podhagskygasse,48.24060688,16.49950954,3,64,26.25,4
at:49:721,Wien Kronawettergasse,48.15502902,16.3960865,3,292,5.7534246575342465,2
at:49:722,Wien Kronfußgasse,48.13943933,16.35951609,3,114,14.736842105263158,3
at:49:723,Wien Krottenbachstraße,48.24005048,16.34094791,1,407,4.127764127764128,0
at:49:725,Wien Kugelfanggasse,48.2461706,16.39856585,3,41,40.97560975609756,5
at:49:726,Wien Kugelmanngasse,48.14108783,16.30363189,3,105,16.0,3
at:49:727,Wien Kundratstraße,48.17581389,16.3554557,3,33,50.90909090909091,5
at:49:728,Wien Kunerolgasse,48.15418402,16.30197001,3,321,5.233644859813084,2
at:49:729,Wien Kurpark Nordeingang,48.15199656,16.40172792,3,73,23.013698630136986,4
at:49:73,Wien Antonigasse,48.22595287,16.32978185,2,240,7.0,2
at:49:730,Wien Kurzbauergasse,48.21186335,16.39602362,3,173,9.710982658959537,2
at:49:732,Wien Kutschkergasse,48.22618627,16.34482863,2,364,4.615384615384615,0
at:49:733,Wien Pensionisten-Wohnhaus Prater,48.21371305,16.41823896,3,192,8.75,2
at:49:734,Wien Kärntner Straße,48.2037694,16.36979281,3,78,21.53846153846154,4
at:49:735,"Wien Oberlaa, Friedhof",48.13820442,16.40491694,3,107,15.700934579439252,3
at:49:736,Wien Kölblgasse,48.19112903,16.38571096,2,270,6.222222222222222,2
at:49:737,Wien Stiegengasse,48.1985304,16.35726131,3,205,8.195121951219512,2
at:49:74,Wien Anzengruberstraße,48.21393453,16.22382556,3,20,84.0,6
at:49:740,Wien Lainzer Tor,48.16689342,16.25711713,3,108,15.555555555555555,3
at:49:741,Wien Lamezanstraße,48.14062026,16.33698634,3,50,33.6,4
at:49:743,Wien Mitte-Landstraße,48.20604446,16.38458807,0,1968,0.8536585365853658,0
at:49:744,Wien Lafitegasse,48.17619727,16.26779809,3,16,105.0,6
at:49:745,Wien Landwehrstraße,48.16906827,16.47060175,3,198,8.484848484848484,2
at:49:746,Wien Veitschiweg,48.22616831,16.44053514,3,159,10.566037735849056,3
at:49:747,Wien Lange Gasse,48.21497607,16.35095514,2,508,3.3070866141732282,0
at:49:748,Wien Langfeldgasse,48.26979469,16.44321212,3,346,4.855491329479769,0
at:49:749,Wien Langobardenstraße,48.22446869,16.45471056,2,547,3.0712979890310788,0
at:49:75,Wien Apostelgasse,48.20048835,16.39813466,3,84,20.0,4
at:49:750,Wien Langsulzgasse,48.15792946,16.39975163,3,248,6.774193548387097,2
at:49:751,Wien Lannesstraße,48.21474861,16.51037017,3,492,3.4146341463414633,0
at:49:752,Wien Lassallestraße,48.2238343,16.40226691,3,97,17.31958762886598,3
at:49:753,Wien Laudongasse,48.21324614,16.3490058,2,675,2.488888888888889,0
at:49:754,Wien Laurentiusplatz,48.20193132,16.30831211,2,183,9.180327868852459,2
at:49:757,Wien Pulkaugasse,48.28291779,16.45328223,3,137,12.262773722627736,3
at:49:758,Wien Lavantgasse/Schule,48.28223033,16.45027288,3,226,7.433628318584071,2
at:49:759,Wien Schönbrunner Allee,48.13597431,16.32515553,2,227,7.400881057268722,2
at:49:76,Wien Aquäduktgasse,48.13372013,16.27202018,3,131,12.82442748091603,3
at:49:760,Wien Laxenburger Str./Troststr.,48.16909223,16.37057435,2,1104,1.5217391304347827,0
at:49:761,Wien Laxenburger Str./Raxstr.,48.16498811,16.36831059,3,592,2.8378378378378377,0
at:49:762,Wien Lazarettgasse,48.21897443,16.35175464,2,508,3.3070866141732282,0
at:49:763,Wien St. Marx/Leberstraße,48.18760162,16.3996079,3,221,7.601809954751131,2
at:49:764,Wien Lebingergasse,48.20404481,16.29000445,3,228,7.368421052631579,2
at:49:765,Wien Lechnerstraße,48.19663225,16.40483609,3,167,10.059880239520957,3
at:49:766,Wien Rosenbergstraße,48.21790305,16.52852512,3,69,24.347826086956523,4
at:49:767,Wien Himmelteich,48.22554592,16.52062893,3,84,20.0,4
at:49:768,Wien Leibenfrostgasse,48.18996124,16.3629207,3,368,4.565217391304348,0
at:49:769,Wien Leopoldau,48.27748362,16.45023695,0,1494,1.1244979919678715,0
at:49:77,Wien Arbeitergasse/Gürtel,48.184056,16.34596051,2,962,1.7463617463617465,0
at:49:770,Wien Wehrbrücklstraße/Gernotgasse,48.21966274,16.52920784,3,69,24.347826086956523,4
at:49:771,Wien Leopoldauer Platz,48.26340231,16.4409304,3,405,4.148148148148148,0
at:49:772,Wien Resedaweg,48.23394159,16.49501796,3,73,23.013698630136986,4
at:49:773,Wien Leopoldauer Straße,48.26239166,16.43614238,3,266,6.315789473684211,2
at:49:774,Wien Leopoldigasse,48.14171125,16.2917382,3,387,4.341085271317829,0
at:49:775,Wien Leopoldsberg,48.27892442,16.34431659,3,40,42.0,5
at:49:776,Wien Leopoldsdorfer Straße,48.13796463,16.39962586,3,279,6.021505376344086,2
at:49:777,Wien Auerspergstraße,48.20686465,16.35573418,2,259,6.486486486486487,2
at:49:778,Wien Kapellenweg,48.21879487,16.47030531,2,379,4.432717678100264,0
at:49:78,Wien ArbeiterInnenstrand,48.24323926,16.41410671,3,87,19.310344827586206,3
at:49:780,Wien Leyserstraße,48.19812323,16.30238323,2,590,2.847457627118644,0
at:49:781,Wien Leystraße,48.24408876,16.37691645,3,371,4.528301886792453,0
at:49:782,Wien Lichtensterngasse,48.15903206,16.32992558,3,80,21.0,4
at:49:783,Wien Thaliastraße/Haberlgasse,48.2098759,16.33000643,2,259,6.486486486486487,2
at:49:784,Wien Liebknechtgasse,48.22262536,16.30679396,2,450,3.7333333333333334,0
at:49:785,Wien Tillmanngasse,48.25874356,16.45856433,3,99,16.96969696969697,3
at:49:786,Wien Liechtenwerder Platz,48.23275084,16.3562013,2,251,6.693227091633466,2
at:49:787,Wien Lieglerstraße,48.2143296,16.54212562,3,69,24.347826086956523,4
at:49:788,Wien Liesing,48.13480527,16.2840037,0,1708,0.9836065573770492,0
at:49:789,Wien Liesing Bad,48.13233519,16.2814435,3,342,4.912280701754386,0
at:49:79,Wien Argentinierstraße,48.1885359,16.37671882,3,185,9.08108108108108,2
at:49:790,Wien Liesing Feuerwache,48.13404387,16.29046259,3,103,16.310679611650485,3
at:49:791,Wien Liesing Friedhof,48.1336242,16.29384025,3,103,16.310679611650485,3
at:49:792,Wien Moeringgasse,48.20405678,16.33421953,3,134,12.537313432835822,3
at:49:793,Wien Liesing Schulzentrum,48.14062026,16.28039248,3,245,6.857142857142857,2
at:49:794,Wien Sebastianbrücke,48.13460143,16.41447501,3,148,11.35135135135135,3
at:49:796,Wien Liesinger-Flur-Gasse,48.13662177,16.3063448,3,112,15.0,3
at:49:797,Wien Jedleseer Friedhof,48.27018933,16.38348314,3,235,7.148936170212766,2
at:49:798,Wien Lilienthalgasse,48.17844959,16.39129848,3,176,9.545454545454545,2
at:49:799,Wien Lindauergasse,48.14479226,16.25895867,3,177,9.491525423728813,2
at:49:8,Wien Afritschgasse,48.24709783,16.45169222,3,166,10.120481927710843,3
at:49:80,Wien Armbrustergasse,48.25391094,16.35553655,3,210,8.0,2
at:49:800,Wien Lindenbauergasse,48.16968535,16.43201911,3,177,9.491525423728813,2
at:49:801,Wien Jungnickelweg,48.15706054,16.31905597,3,55,30.545454545454547,4
at:49:803,Wien Linnéplatz,48.23655636,16.33776787,3,398,4.221105527638191,0
at:49:804,Wien Lisztstraße,48.19914115,16.37851545,3,174,9.655172413793103,2
at:49:805,Wien Litfaßstraße,48.18399611,16.40553678,2,246,6.829268292682927,2
at:49:806,Wien Raffineriestr./Ostbahnbrücke,48.20548768,16.44913202,3,56,30.0,4
at:49:807,Wien Löwenthalgasse,48.13600429,16.27818262,3,89,18.876404494382022,3
at:49:808,Wien Lobaugasse,48.20545774,16.4866277,3,110,15.272727272727273,3
at:49:809,Wien Lobgrundstraße,48.17731146,16.49173911,3,55,30.545454545454547,4
at:49:81,Wien Arminenstraße,48.23626318,16.4375707,2,417,4.028776978417266,0
at:49:810,Wien Lohnergasse,48.28230805,16.36893941,3,150,11.2,3
at:49:811,Wien Lohwaggasse,48.21722668,16.49293387,3,353,4.759206798866855,0
at:49:812,Wien Lokomotivgasse,48.27124767,16.39554751,3,84,20.0,4
at:49:813,Wien Lorenz-Böhler-Unfallkrankenhaus,48.23616146,16.38330347,3,343,4.8979591836734695,0
at:49:814,Wien Lorystraße,48.171914,16.41386416,3,248,6.774193548387097,2
at:49:815,Wien Anton-Stilling-Platz,48.16665976,16.41957745,3,112,15.0,3
at:49:816,Wien Margeritenweg,48.23190115,16.49425439,3,73,23.013698630136986,4
at:49:817,Wien Lukschgasse,48.20254203,16.40567152,3,173,9.710982658959537,2
at:49:818,Wien Lusthaus/Aspernallee,48.19339866,16.44001412,3,92,18.26086956521739,3
at:49:819,Wien Linzer Str./Lützowgasse,48.1943448,16.29560095,2,266,6.315789473684211,2
at:49:82,Wien Arndtstraße,48.18376851,16.33718397,3,83,20.240963855421686,4
at:49:820,Wien Längenfeldgasse,48.18511612,16.33536039,1,1083,1.551246537396122,0
at:49:821,Wien Ludwig-Koeßler-Platz,48.19576998,16.40896834,3,436,3.853211009174312,0
at:49:822,Wien Maculangasse,48.26149461,16.45599515,3,99,16.96969696969697,3
at:49:823,Wien Maireckergasse,48.13584242,16.26307296,3,178,9.438202247191011,2
at:49:824,Wien Leopoldsgasse,48.22023733,16.37617085,3,178,9.438202247191011,2
at:49:825,Wien Mannswörther Straße,48.1586126,16.49022096,3,66,25.454545454545453,4
at:49:827,Wien Margaretengürtel,48.18886529,16.34265471,1,1055,1.5924170616113744,0
at:49:828,Wien Ostbahnbegleitstraße,48.23349881,16.48906213,3,146,11.506849315068493,3
at:49:829,Wien Margaretenplatz/Schönbrunner Straße,48.19206923,16.35645283,3,614,2.736156351791531,0
at:49:83,"Wien Breitenlee, Arnikaweg",48.2514466,16.47986338,3,358,4.692737430167598,0
at:49:830,Wien Margaretenplatz,48.1910392,16.35788115,3,246,6.829268292682927,2
at:49:831,Wien Margetinstraße,48.17561621,16.46609221,3,151,11.125827814569536,3
at:49:832,Wien Mariabrunn Mauerbachstraße,48.20831343,16.2268439,3,81,20.74074074074074,4
at:49:833,Wien Mariahilfer Gürtel,48.19298546,16.33883687,2,637,2.6373626373626373,0
at:49:835,Wien Museumsquartier,48.20253604,16.36141153,3,102,16.470588235294116,3
at:49:836,Wien Aquäduktsteg,48.1380006,16.27512835,3,255,6.588235294117647,2
at:49:838,Wien Marienbrücke,48.21325811,16.37745544,2,135,12.444444444444445,3
at:49:839,Wien Markomannenstraße,48.2502742,16.4548453,3,244,6.885245901639344,2
at:49:84,Wien Arsenal,48.18362476,16.38421077,3,177,9.491525423728813,2
at:49:840,Wien Maroltingergasse,48.21346164,16.30652447,2,1187,1.4153327716933446,0
at:49:841,Wien Marschallplatz,48.16562922,16.30356003,3,202,8.316831683168317,2
at:49:842,Wien Schwarzenbergallee,48.24014022,16.27767956,3,33,50.90909090909091,5
at:49:843,Wien Martinstraße,48.22662313,16.34225047,2,364,4.615384615384615,0
at:49:844,Wien Marx-Meidlinger-Straße,48.18045623,16.34423574,2,224,7.5,2
at:49:845,Wien Marxergasse,48.20761299,16.38661826,2,270,6.222222222222222,2
at:49:846,Wien Matschgasse,48.20873847,16.29076802,3,228,7.368421052631579,2
at:49:847,Wien Marderweg,48.20515839,16.47460824,3,61,27.540983606557376,4
at:49:848,Wien Matthäus-Jiszda-Straße,48.25380925,16.39484683,2,522,3.218390804597701,0
at:49:849,Wien Matzleinsdorfer Platz,48.18059999,16.35914778,0,1944,0.8641975308641975,0
at:49:85,Wien Artariastraße,48.24244358,16.28134469,3,106,15.849056603773585,3
at:49:850,Wien Mehlführergasse,48.13827636,16.28195554,3,123,13.658536585365853,3
at:49:852,Wien Maurer Berg,48.14452253,16.26227346,3,177,9.491525423728813,2
at:49:853,Wien Maurer Friedhof,48.15447168,16.27516428,3,117,14.35897435897436,3
at:49:854,Wien Maurer Hauptplatz,48.15055219,16.26884014,2,559,3.005366726296959,0
at:49:855,Wien Maurer Lange Gasse,48.14747152,16.26818437,2,263,6.387832699619772,2
at:49:856,Wien Max-Fleischer-Gasse,48.15079791,16.38973541,3,87,19.310344827586206,3
at:49:858,Wien Max-Mauermann-Gasse,48.16311269,16.40937258,3,249,6.746987951807229,2
at:49:86,Wien Arthaberplatz,48.17249511,16.37216436,2,839,2.0023837902264603,0
at:49:860,Wien Mayerweckstraße,48.29392186,16.38139905,3,32,52.5,5
at:49:861,Wien Mayssengasse,48.21599963,16.32546095,2,396,4.242424242424242,0
at:49:862,Wien Mayredergasse,48.23817182,16.50447722,3,126,13.333333333333334,3
at:49:863,Wien Meidling Hauptstraße,48.18366669,16.32893743,1,1187,1.4153327716933446,0
at:49:865,Wien Dörfelstraße,48.17551437,16.33579158,2,816,2.0588235294117645,0
at:49:867,Wien Meischlgasse,48.14143551,16.32366432,3,111,15.135135135135135,3
at:49:868,Wien Memlinggasse,48.22840647,16.52174284,3,84,20.0,4
at:49:869,Wien Mergenthalerplatz,48.24340078,16.44673352,3,198,8.484848484848484,2
at:49:87,Wien Artillerieplatz,48.16394555,16.47272178,3,271,6.199261992619927,2
at:49:870,Wien Merkurweg,48.2076549,16.24915805,3,97,17.31958762886598,3
at:49:872,Wien Meyerbeergasse,48.27259895,16.37794053,3,149,11.275167785234899,3
at:49:873,Wien Michaelerplatz,48.20830744,16.366496,3,201,8.35820895522388,2
at:49:874,Wien Michelbeuern-AKH,48.22098547,16.3439393,1,746,2.25201072386059,0
at:49:875,Wien Fabergasse,48.13690354,16.27720346,3,345,4.869565217391305,0
at:49:877,Wien Minciostraße,48.2029312,16.31315403,3,82,20.48780487804878,4
at:49:878,Wien Mitterberg,48.23124292,16.2818208,3,86,19.53488372093023,3
at:49:879,Wien Mitterfeldgasse,48.16522179,16.41524757,3,177,9.491525423728813,2
at:49:88,Wien Aspernallee,48.19702147,16.4451974,3,47,35.744680851063826,4
at:49:880,Wien Mittleres Hausfeld,48.22735922,16.48464242,3,179,9.385474860335195,2
at:49:881,Wien Modecenterstraße,48.18836821,16.41867913,3,107,15.700934579439252,3
at:49:883,Wien Mauthausgasse,48.18796695,16.3456461,3,83,20.240963855421686,4
at:49:884,Wien Mendelssohngasse,48.22540229,16.42452716,3,133,12.631578947368421,3
at:49:885,Wien Molitorgasse,48.18180992,16.40806104,2,245,6.857142857142857,2
at:49:886,Wien Mommsengasse,48.18857183,16.37874003,3,185,9.08108108108108,2
at:49:887,Wien Mondweg,48.20793028,16.24384901,3,183,9.180327868852459,2
at:49:888,Wien Montecuccoliplatz,48.17523881,16.29771199,3,689,2.4383164005805513,0
at:49:889,Wien Montleartstraße,48.20241031,16.30215865,3,227,7.400881057268722,2
at:49:89,Wien Asperner Heldenplatz,48.21683164,16.48317817,3,346,4.855491329479769,0
at:49:890,Wien Moosgasse,48.22867576,16.28276403,3,43,39.06976744186046,4
at:49:891,Wien Mooslackengasse,48.24873688,16.36833754,3,194,8.65979381443299,2
at:49:892,Wien Mooswiesengasse,48.20503267,16.20302058,3,81,20.74074074074074,4
at:49:893,Wien Moritz-Dreger-Gasse,48.27519979,16.44174787,3,228,7.368421052631579,2
at:49:894,Wien Moschingergasse,48.21971063,16.24057914,3,39,43.07692307692308,5
at:49:895,Wien Murlingengasse,48.17626916,16.33595328,2,89,18.876404494382022,3
at:49:896,Wien Murraygasse,48.23641874,16.47463519,3,203,8.275862068965518,2
at:49:897,Wien Muthgasse,48.24506987,16.3661726,3,194,8.65979381443299,2
at:49:898,Wien Mühlbreiten,48.14950334,16.31090825,3,535,3.1401869158878504,0
at:49:899,Wien Mühlfeldgasse,48.22057848,16.39004982,2,293,5.733788395904437,2
at:49:9,Wien Agavenweg,48.25109967,16.50648047,3,157,10.700636942675159,3
at:49:900,Wien Mühlhäufel,48.20319463,16.52217403,3,53,31.69811320754717,4
at:49:902,Wien Mühlsangergasse,48.15997884,16.46584068,3,226,7.433628318584071,2
at:49:903,Wien Mühlwasser,48.20405079,16.4756952,3,173,9.710982658959537,2
at:49:904,Wien Mühlwasserstraße,48.21435354,16.44508062,3,244,6.885245901639344,2
at:49:905,Wien Hauptbahnhof Ost,48.18435547,16.38049175,2,241,6.970954356846473,2
at:49:906,Wien Pensionistenwohnhaus Hetzendorf,48.16689342,16.30019134,3,73,23.013698630136986,4
at:49:907,"Wien Kaiserebersdorf, Münnichplatz",48.15879836,16.47386264,3,115,14.608695652173912,3
at:49:908,Wien Männertreugasse,48.15984702,16.40475524,3,248,6.774193548387097,2
at:49:909,Wien Reinlgasse/Märzstraße,48.19661429,16.31199521,2,180,9.333333333333334,2
at:49:910,Wien Aspern Nord,48.23461175,16.50409095,0,1008,1.6666666666666667,0
at:49:911,Wien Johnstraße/Märzstraße,48.19622507,16.31840019,3,175,9.6,2
at:49:912,Wien Naufahrtbrücke,48.19958423,16.47001785,3,112,15.0,3
at:49:913,Wien Nauheimergasse,48.15740212,16.3314617,3,159,10.566037735849056,3
at:49:914,Wien Neilreichgasse,48.17614935,16.3655887,2,396,4.242424242424242,0
at:49:916,Wien Nestroyplatz,48.21481445,16.38465095,1,736,2.282608695652174,0
at:49:917,Wien Neue Donau Mitte,48.21994405,16.4282911,3,264,6.363636363636363,2
at:49:918,Wien Neu Erlaa,48.14062626,16.32801217,2,228,7.368421052631579,2
at:49:919,"Wien Donaumarina U, Chrastekgasse",48.20776266,16.42855162,3,95,17.68421052631579,3
at:49:92,Wien Atzgersdorf Friedhof,48.14372532,16.29792759,3,176,9.545454545454545,2
at:49:920,Wien Burggasse/Neubaugasse,48.20426034,16.3489519,3,503,3.3399602385685885,0
at:49:921,Wien Neustiftgasse/Neubaugasse,48.20548169,16.34846681,3,134,12.537313432835822,3
at:49:922,Wien Neubreitenlee,48.23978723,16.49048147,3,266,6.315789473684211,2
at:49:923,Wien Erlaaer Spitz,48.13780876,16.32396975,3,112,15.0,3
at:49:924,Wien Neueßling,48.24916758,16.53246873,3,233,7.210300429184549,2
at:49:925,Wien Neugebauerweg,48.25381524,16.35205109,3,210,8.0,2
at:49:927,Wien Neu-Kagran,48.23649054,16.44755098,3,198,8.484848484848484,2
at:49:928,Wien Neulandschule,48.15877439,16.38739979,3,249,6.746987951807229,2
at:49:929,Wien Ungargasse/Neulinggasse,48.19904534,16.38738183,2,443,3.7923250564334086,0
at:49:93,Wien Atzgersdorf Kirchenplatz,48.14761537,16.29427145,3,393,4.2748091603053435,0
at:49:930,Wien Neusteinhof,48.15719837,16.33294392,3,189,8.88888888888889,2
at:49:931,Wien Neustift am Walde,48.25099798,16.30155678,3,257,6.536964980544747,2
at:49:932,Wien Neustifter Friedhof 1.Tor,48.24718158,16.304638,3,89,18.876404494382022,3
at:49:933,Wien Neustifter Friedhof 2.Tor,48.2473072,16.30145797,3,89,18.876404494382022,3
at:49:934,Wien Neustifter Friedhof 3.Tor,48.24682265,16.29838573,3,89,18.876404494382022,3
at:49:935,Wien Neuwaldegg,48.23354668,16.29110039,2,705,2.382978723404255,0
at:49:936,Wien Marswiese,48.24039749,16.27990738,3,103,16.310679611650485,3
at:49:937,Wien Niederhofstraße,48.1810612,16.3311922,1,858,1.9580419580419581,0
at:49:938,Wien Forstnergasse,48.24748666,16.4541536,2,264,6.363636363636363,2
at:49:939,Wien Niklas-Eslarn-Straße,48.22468414,16.53495706,3,169,9.940828402366863,2
at:49:94,Wien Atzgersdorf,48.14726174,16.28874681,1,1161,1.4470284237726099,0
at:49:940,Wien Nikolaus-Pytty-Gasse,48.22262536,16.24176492,3,39,43.07692307692308,5
at:49:941,Wien Nordbahnstraße,48.22363082,16.38940303,2,588,2.857142857142857,0
at:49:942,Wien Seestadt,48.22638974,16.50847473,1,741,2.2672064777327936,0
at:49:943,Wien Nordbrücke,48.26114177,16.39537683,2,303,5.544554455445544,2
at:49:944,Wien Nordwestbahnstraße,48.22802348,16.38096785,2,319,5.266457680250784,2
at:49:945,Wien Ernst-Vasovec-Gasse,48.29655148,16.37672781,3,86,19.53488372093023,3
at:49:947,Wien Nowakgasse,48.1266152,16.31414218,3,221,7.601809954751131,2
at:49:948,Wien Nußdorf,48.26021479,16.36765482,1,471,3.56687898089172,0
at:49:949,Wien Oberlaa,48.1423946,16.399554,1,1312,1.2804878048780488,0
at:49:95,Wien An der Liesing,48.13894777,16.26409704,3,128,13.125,3
at:49:950,Wien Nußdorfer Straße,48.23150023,16.3538028,1,1315,1.2775665399239544,0
at:49:951,Wien Dückegasse,48.24797718,16.42777008,3,203,8.275862068965518,2
at:49:952,Wien Nästlbergergasse,48.16017659,16.26058462,3,114,14.736842105263158,3
at:49:953,Wien Küniglberg/ORF-Zentrum,48.17551437,16.29161243,3,398,4.221105527638191,0
at:49:954,Wien Finsterbuschstraße Mitte,48.17080568,16.50209669,3,55,30.545454545454547,4
at:49:955,Wien Lieblgasse,48.25764909,16.46179826,3,71,23.661971830985916,4
at:49:956,Wien Ober St. Veit,48.1922908,16.27572124,1,699,2.40343347639485,0
at:49:957,Wien Oriongasse,48.17629911,16.43987937,3,147,11.428571428571429,3
at:49:958,Wien Aspernstraße/Oberdorfstr.,48.21984829,16.48119289,3,626,2.68370607028754,0
at:49:959,Wien Oberdöbling,48.24439985,16.34427168,1,634,2.6498422712933754,0
at:49:96,Wien Atzgersdorfer Straße,48.17051212,16.29636452,2,472,3.559322033898305,0
at:49:960,Wien Grohnergasse,48.15694069,16.34318471,3,80,21.0,4
at:49:961,Wien Obere Augartenstraße,48.22275703,16.37530847,2,634,2.6498422712933754,0
at:49:962,Wien Obere Donaustraße,48.21967472,16.37133791,2,265,6.339622641509434,2
at:49:963,Wien Oberer Reisenbergweg,48.25942536,16.33573768,3,205,8.195121951219512,2
at:49:964,Wien Tierquartier,48.25165595,16.47529994,3,244,6.885245901639344,2
at:49:965,Wien Ziegelhofstraße/Oberfeldgasse,48.23993082,16.4780398,2,264,6.363636363636363,2
at:49:966,Wien Oberfeldgasse/Spargelfeldstr.,48.24125901,16.47348535,2,264,6.363636363636363,2
at:49:967,Wien Orchisgasse,48.21272535,16.46700849,3,120,14.0,3
at:49:968,Wien Obergfellplatz,48.26663149,16.38946592,3,84,20.0,4
at:49:970,Wien Oberlaaer Platz,48.13749703,16.40391083,3,279,6.021505376344086,2
at:49:971,Wien Oberlaaer Straße,48.14801095,16.36117797,3,622,2.7009646302250805,0
at:49:972,Wien Obersteinergasse,48.24058295,16.34496338,3,119,14.117647058823529,3
at:49:973,Wien Oberwiedenstraße,48.2230084,16.2906692,3,80,21.0,4
at:49:974,Wien Sturgasse,48.21628694,16.41458281,3,192,8.75,2
at:49:975,Wien Oper/Karlsplatz U,48.20229655,16.36957722,2,1412,1.1898016997167138,0
at:49:976,Wien Alsegger Straße/Czartoryskigasse,48.22898694,16.32369127,3,102,16.470588235294116,3
at:49:977,Wien Frauengasse,48.21377291,16.32903625,2,202,8.316831683168317,2
at:49:978,Wien Oskar-Simony-Straße,48.2110612,16.23597977,3,84,20.0,4
at:49:979,Wien Wagramer Straße/Ostbahn,48.2753074,16.47641385,3,60,28.0,4
at:49:98,Wien Auernheimergasse,48.20317069,16.51813162,3,53,31.69811320754717,4
at:49:980,Wien Oswald-Redlich-Straße,48.27500846,16.45383919,3,233,7.210300429184549,2
at:49:981,Wien Ottakring,48.21202498,16.31167181,1,2190,0.7671232876712328,0
at:49:983,Wien Ottakringer Bad,48.21244401,16.2907231,3,500,3.36,0
at:49:984,Wien Attemsgasse,48.24787549,16.43424693,3,89,18.876404494382022,3
at:49:985,Wien Otto-Hötzl-Weg,48.22179944,16.29127107,3,208,8.076923076923077,2
at:49:986,Wien Otto-Probst-Platz,48.15383044,16.34902376,2,474,3.5443037974683542,0
at:49:987,Wien Otto-Probst-Straße,48.15617363,16.35509637,2,314,5.350318471337579,2
at:49:988,Wien Palffygasse,48.21762771,16.33683362,2,385,4.363636363636363,0
at:49:989,Wien Karl-Popper-Straße,48.18742195,16.37909038,3,185,9.08108108108108,2
at:49:99,Wien Augasse,48.22971102,16.35744098,2,251,6.693227091633466,2
at:49:990,Wien Panozzalacke,48.18164221,16.48499276,3,55,30.545454545454547,4
at:49:991,Wien Pantucekgasse,48.16024849,16.45744143,3,365,4.602739726027397,0
at:49:992,Wien Paradisgasse,48.2489283,16.34183724,2,233,7.210300429184549,2
at:49:994,Wien Parlament,48.20867861,16.36007304,2,873,1.9243986254295533,0
at:49:995,Wien Patrizigasse,48.25724837,16.40414439,3,347,4.8414985590778095,0
at:49:997,Wien Paulinensteig,48.21840582,16.29949066,3,160,10.5,3
at:49:998,Wien Pellmanngasse,48.13075237,16.28847731,3,113,14.867256637168142,3
at:49:999,Wien Marco-Polo-Promenade,48.27732818,16.42304494,3,84,20.0,4
