,stop_id,stop_name,stop_lat,stop_lon,count
0,at:47:1222,St. Anton am Arlberg Bahnhof,47.12738873,10.2667825,71
1,at:47:61099,St. Anton a. A. Kohlereck,47.1223462,10.25376591,71
2,at:47:62209,St. Anton a. A. Stadle B197,47.12226674,10.24858263,36
3,at:47:62504,St. Anton a. A. Brandli,47.12490114,10.26010802,36
4,at:47:64938,St. Anton a. A. Terminal West,47.12652695,10.26333297,36
5,at:47:64939,St.Anton a.A. Schollberg,47.1215149,10.24972349,53
6,at:47:64940,St. Anton a. A. Mooserkreuz,47.12411267,10.24856467,71
7,at:47:64942,St. Christoph a. A.,47.12791435,10.21340461,71
8,at:48:1,Bregenz Kloster Mehrerau,47.50260279,9.72073257,56
9,at:48:10,Bregenz Unter der Riedenburg,47.48761113,9.73292271,413
10,at:48:1000,Dornbirn Fallengraben,47.40591346,9.72989539,268
11,at:48:1003,Gisingen Ringstraße,47.25969864,9.59360299,65
12,at:48:1004,Bartholomäberg Buxwald,47.09681447,9.88662446,3
13,at:48:1005,Gisingen Rüttenenstraße,47.26445382,9.5949864,141
14,at:48:1006,Gisingen Sägerstraße,47.25758306,9.58791666,122
15,at:48:1008,Dornbirn Blumenegg,47.40004005,9.74328927,275
16,at:48:1011,Gisingen Schufla,47.26180194,9.60034934,78
17,at:48:1013,Gisingen Sebastianplatz,47.25893655,9.5976544,209
18,at:48:1014,Göfis Agasella,47.24393644,9.64440272,84
19,at:48:1015,Göfis Badida,47.24240571,9.63632687,87
20,at:48:1016,Göfis Kapetsch,47.24167996,9.62402893,61
21,at:48:1017,Göfis Kustergasse,47.24074685,9.62858339,95
22,at:48:1018,Bartholomäberg Dörfle,47.08691274,9.92422793,38
23,at:48:1019,Göfis Pfitz,47.24583303,9.64925363,71
24,at:48:1020,Göfis Runggels,47.24624161,9.64145625,87
25,at:48:1021,Göfis Tufers,47.24997968,9.64738513,71
26,at:48:1022,Gortipohl Zentrum,47.00910888,10.00062067,163
27,at:48:1023,Gortipohl Mälla,47.00344867,10.00907381,163
28,at:48:1024,Götzis Alte Kirche,47.33128587,9.63850079,114
29,at:48:1026,Götzis Appenzellerstr./Blattur,47.34137948,9.63980335,113
30,at:48:1027,Götzis L190/Moos,47.32802238,9.63260784,102
31,at:48:1028,Bartholomäberg Fritzentobel,47.09616624,9.89405352,3
32,at:48:1029,Götzis Bahnhof,47.3366921,9.63694671,669
33,at:48:103,Gisingen Münkafeld,47.27420059,9.59124941,55
34,at:48:1030,Götzis Berg/Oberer Parkplatz,47.33571195,9.6662767,57
35,at:48:1031,Götzis Berg/Unterer Parkplatz,47.33544409,9.66215343,57
36,at:48:1037,Götzis Dorf,47.3351336,9.64767259,85
37,at:48:1039,Götzis Gasthaus Kobel,47.34417954,9.65569455,108
38,at:48:1042,Dornbirn Schützenstraße,47.40058729,9.74079195,385
39,at:48:1045,Götzis H-B-Str/Appenzeller Str,47.33889583,9.64117777,142
40,at:48:1046,Bartholomäberg Fernblick,47.09346925,9.92986037,36
41,at:48:1047,Götzis Mittelschule,47.33489008,9.64181558,1
42,at:48:1048,Götzis Im Buch,47.33952893,9.65193061,138
43,at:48:1049,Götzis Junker-Jonas-Platz,47.33213215,9.6432439,115
44,at:48:105,Partenen Hochalpenstraße Kehre 12,46.94929715,10.06947653,30
45,at:48:1050,Götzis Montfortstraße,47.33343503,9.64741208,86
46,at:48:1053,Götzis Kolpinghaus,47.3336542,9.63799774,69
47,at:48:1054,Götzis Lastenstraße,47.33976025,9.63491651,57
48,at:48:1055,Götzis Krone,47.33350809,9.64843616,57
49,at:48:1056,Götzis Gasthaus Linde,47.33188862,9.63786299,175
50,at:48:1057,Alberschwende Reute,47.45658242,9.86755322,149
51,at:48:1058,Bartholomäberg Höllweg,47.08924309,9.9384842,36
52,at:48:1059,Götzis Marktstraße,47.3333498,9.64447459,70
53,at:48:1060,Götzis Neuburgstraße,47.34334562,9.62397503,113
54,at:48:1061,Götzis Örflaweg,47.33383076,9.65590116,57
55,at:48:1062,Götzis Römerweg,47.33701475,9.65041245,138
56,at:48:1063,Götzis Rütte,47.33451871,9.65879373,57
57,at:48:1064,Götzis Schulgasse,47.33456742,9.64606461,277
58,at:48:1065,Götzis Schwimmbad,47.33282012,9.65121195,57
59,at:48:1066,Götzis St. Arbogast,47.32523365,9.64371102,86
60,at:48:1067,Bartholomäberg Jetzmunt,47.10376721,9.8719909,3
61,at:48:1068,Götzis St. Ulrich-Straße,47.33576066,9.63884215,147
62,at:48:1069,Götzis Udelbergstraße,47.33054308,9.63562618,150
63,at:48:1070,Götzis Untere Kirlastraße,47.33751394,9.62659811,57
64,at:48:1071,Götzis Wiedengasse/VWP,47.33090839,9.640522,69
65,at:48:1072,Götzis Zentrum,47.3339647,9.6440434,272
66,at:48:1073,Hörbranz Unterhochsteg,47.53648514,9.7374592,33
67,at:48:1074,Großdorf Heckisau,47.44026527,9.92272775,45
68,at:48:1075,Großdorf Zentrum,47.43420732,9.91527173,72
69,at:48:1076,Großdorf Wieshalde,47.43088943,9.91235221,63
70,at:48:1077,Bartholomäberg Kirche,47.09192194,9.90857928,41
71,at:48:1078,Gurtis,47.19385046,9.64161795,20
72,at:48:1079,Hard Alma,47.4912168,9.70711411,264
73,at:48:108,Gisingen Egetenweg,47.26636796,9.60255021,70
74,at:48:1080,Hard Bäckerei Kainz,47.49479188,9.69336989,100
75,at:48:1084,Hard Gasthaus Neuer Rhein,47.47841373,9.67958075,46
76,at:48:1085,Hard Gasthaus Sternen,47.48475191,9.68716253,156
77,at:48:1086,Hard Gerbe,47.48066618,9.68250926,99
78,at:48:1087,Hard Heuweg,47.47831051,9.69599297,61
79,at:48:1088,Bartholomäberg Lavagrand,47.10584002,9.873006,3
80,at:48:1089,Hard Hofsteigstraße,47.49061588,9.70229914,158
81,at:48:109,Bludenz Alte Landstraße,47.16120109,9.81404956,232
82,at:48:1090,Hard Kastenweg,47.47759408,9.68471013,61
83,at:48:1091,Hard Kirche,47.49289815,9.68873458,100
84,at:48:1092,Hard Sägewerkstraße,47.49626069,9.69190564,99
85,at:48:1093,Hard Schäfferhof,47.48597818,9.71156976,226
86,at:48:1094,Hard Strandbad,47.4951257,9.68912086,99
87,at:48:1095,Hard Straßenkreuzung,47.48898302,9.70495816,226
88,at:48:1096,Hard Wallstraße,47.49193912,9.69837351,100
89,at:48:1097,Bartholomäberg Obdörfle,47.08820331,9.92378776,38
90,at:48:1098,Hard-Fussach Bahnhof,47.47981014,9.68818661,55
91,at:48:11,Dornbirn Unter der Bahn,47.40614449,9.72297836,104
92,at:48:1101,Dornbirn Erlosenstraße,47.40230802,9.73088354,112
93,at:48:1102,Dornbirn Schweizerstraße,47.39628218,9.72768553,137
94,at:48:1106,Bartholomäberg Obergantschier,47.09809257,9.87905166,3
95,at:48:1107,Hirschau Tankstelle,47.34736899,9.9058484,65
96,at:48:1108,Hirschau Oberdorf,47.35100862,9.91983517,62
97,at:48:1109,Hirschau Unterdorf,47.3499131,9.91362781,62
98,at:48:111,Schlins Abzw. Jagdberg,47.2005952,9.69610077,199
99,at:48:1110,Hittisau Nordhalden,47.45688612,9.9783694,30
100,at:48:1111,Hittisau Heideggen,47.45663101,9.96467907,30
101,at:48:1112,Hittisau Nußbaum,47.45760891,9.94890466,59
102,at:48:1113,Hittisau Häleisen,47.46244953,9.95493235,35
103,at:48:1114,Bartholomäberg Oberjetzmunt,47.10602956,9.86994274,3
104,at:48:1115,Hittisau Helmisau,47.45609043,9.98687644,30
105,at:48:1116,Hittisau Hinteregg,47.46846172,9.94187983,35
106,at:48:1117,Hittisau Basen,47.47464931,9.93411839,35
107,at:48:1118,Hittisau Gemeindehaus,47.45751173,9.96065462,105
108,at:48:112,Schlins Kapelle,47.20280461,9.69478923,291
109,at:48:1120,Hittisau Windern,47.45864752,9.95363878,59
110,at:48:1121,Hochkrumbach Gasthaus Adler,47.27060443,10.13391269,43
111,at:48:1122,Höchst Bäumlestraße,47.46740508,9.61949244,209
112,at:48:1124,Höchst Brugg,47.45284681,9.66085088,336
113,at:48:1126,Höchst Firma Blum,47.45715337,9.65066398,278
114,at:48:1127,Höchst Hecht,47.46537676,9.62529556,319
115,at:48:1128,Höchst Schwanen,47.45928526,9.6465497,324
116,at:48:1129,Höchst Kirchplatz,47.45964968,9.63770129,325
117,at:48:113,Schlins Postamt,47.20622229,9.69912809,228
118,at:48:1130,Höchst Konsumstraße,47.46183612,9.63077528,321
119,at:48:1131,Höchst Postamt,47.45941281,9.64232761,323
120,at:48:1134,Hohenems Brucknerstraße,47.36342287,9.67734394,286
121,at:48:1135,Hohenems H.-Büchele-Straße,47.37360159,9.69497787,166
122,at:48:1136,Bartholomäberg Vallaster Eck,47.09107182,9.91754447,35
123,at:48:1139,Hohenems Schiffle,47.36958023,9.6904863,166
124,at:48:114,Schlins St. Loi,47.19847726,9.70308068,202
125,at:48:1140,Hohenems Millöckerstraße,47.36880147,9.67263677,120
126,at:48:1141,Bartholomäberg Vergiel,47.09660043,9.89090942,3
127,at:48:1142,Hohenems Nibelungenstraße,47.36615483,9.67581681,294
128,at:48:1143,Hohenems Rossa,47.3619321,9.6723044,54
129,at:48:1144,Hohenems Schlossplatz,47.36252841,9.6887256,322
130,at:48:1145,Alberschwende Gschwend,47.45165622,9.8206971,97
131,at:48:1146,Bartholomäberg Waldheimatle,47.08501047,9.91068134,38
132,at:48:1147,Hohenems Unterklien,47.3842771,9.71091399,166
133,at:48:1148,Hohenems Zoll,47.37716033,9.67169354,74
134,at:48:1149,Hohenweiler Bruck,47.58534393,9.77954527,58
135,at:48:115,Schnepfau Gemeindeamt,47.3519337,9.94506885,62
136,at:48:1150,Hohenweiler Fesslers,47.5745577,9.77248452,89
137,at:48:1151,Hohenweiler Gwiggen,47.57230321,9.77071484,89
138,at:48:1152,Hohenweiler Hub,47.58072673,9.78437821,31
139,at:48:1153,Hohenweiler Leutenhofen,47.58030861,9.7768144,89
140,at:48:1154,Hohenweiler Gemeindeamt,47.58879142,9.78153055,58
141,at:48:1155,Bartholomäberg Würfel,47.08899232,9.91951178,38
142,at:48:1156,Hörbranz Berg,47.56529067,9.76382476,89
143,at:48:1157,Hörbranz Berger Kreuz,47.56097479,9.76182151,88
144,at:48:1158,Hörbranz Brantmann,47.54605438,9.75531771,72
145,at:48:1159,Hörbranz Fronhofen,47.54415038,9.75352108,72
146,at:48:116,Schnifis Fallersee,47.21525978,9.73609376,4
147,at:48:1160,Hörbranz Gemeindeamt,47.55538544,9.75091597,177
148,at:48:1161,Hörbranz Leiblach,47.54264653,9.74084585,74
149,at:48:1162,Hörbranz Leiblach Siedlung,47.54049983,9.74237299,74
150,at:48:1163,Hörbranz Oberdorf,47.55734966,9.75834503,130
151,at:48:1164,Hörbranz Sannwald,47.55102024,9.74211248,74
152,at:48:1165,Hörbranz Unterdorf,47.55342114,9.7441786,104
153,at:48:1166,Batschuns Bildungshaus,47.27879601,9.66626772,39
154,at:48:1167,Hörbranz Weidach,47.54686083,9.74139382,74
155,at:48:1168,Hörbranz Ziegelbach,47.54765515,9.75245209,29
156,at:48:1169,Hörbranz Ziegelbach Kreuz,47.5515174,9.75115851,29
157,at:48:117,Schnifis Gemeindeamt,47.21410043,9.7285569,58
158,at:48:1170,Langen Hub,47.52955272,9.86348385,53
159,at:48:1171,Innerberg Schulhaus,47.09973143,9.94303866,36
160,at:48:1172,Innerberg Gasthaus Mühle,47.10215905,9.94832075,36
161,at:48:1173,Innerlaterns Kirche,47.25768671,9.74231909,37
162,at:48:1174,Innerlaterns Schmitten,47.26019856,9.73595003,37
163,at:48:1176,Kennelbach Herzenmoos,47.48630599,9.76965482,96
164,at:48:1177,Batschuns Gelber Schrofen,47.26936705,9.67889803,36
165,at:48:1178,Kennelbach Kustersberg,47.48646989,9.75115851,97
166,at:48:1179,Kennelbach Postamt,47.48152221,9.76068964,113
167,at:48:118,Schnifis Gasthaus Krone,47.2143262,9.72539483,75
168,at:48:1180,Kennelbach Rain,47.48514044,9.76069862,97
169,at:48:1181,Kennelbach Siedlung,47.48385952,9.75316175,113
170,at:48:1183,Klaus Gasthaus Adler,47.31211609,9.64735818,86
171,at:48:1184,Klaus Bahnhof,47.30887578,9.62446911,476
172,at:48:1185,Klaus Erlenstraße,47.31109894,9.63565313,154
173,at:48:1186,Klaus Gemeindeamt,47.30884533,9.6466036,154
174,at:48:1187,Klaus Mittelschule,47.30494695,9.64482493,59
175,at:48:1188,Batschuns Schlössle,47.27685794,9.66308768,39
176,at:48:1189,Klaus Ortsmitte,47.30840677,9.64882243,244
177,at:48:119,Schnifis Tobel,47.21581504,9.71980731,46
178,at:48:1190,Klaus Postamt,47.30501395,9.64857091,244
179,at:48:1191,Klaus Sattelberg,47.3105995,9.64063878,154
180,at:48:1192,Klaus Treietstraße,47.30702409,9.63255394,175
181,at:48:1194,Klösterle Campingplatz,47.13181355,10.09745007,107
182,at:48:1195,Klösterle Schulhaus,47.13115963,10.0920512,109
183,at:48:1196,Klösterle Sand,47.13147742,10.08320279,107
184,at:48:1197,Danöfen Stockinger,47.13083572,10.06031372,98
185,at:48:1198,Klösterle Wilden,47.13079905,10.07490236,98
186,at:48:1199,Batschuns Gasthaus Waldrast,47.27379832,9.67087607,36
187,at:48:120,Bludenz Am Tobel,47.15973515,9.80837221,123
188,at:48:1200,Koblach L190/Dürne,47.31139739,9.61942956,104
189,at:48:1201,Koblach Birken,47.32902702,9.61975295,103
190,at:48:1202,Koblach Dorfplatz,47.33271054,9.60562245,241
191,at:48:1203,Koblach Dürne,47.3126886,9.61032064,104
192,at:48:1204,Koblach Bauhof,47.32308415,9.59990917,158
193,at:48:1205,Koblach Gasthaus Harmonie,47.33045784,9.60131952,160
194,at:48:1206,Koblach Mittelschule,47.32847295,9.60083443,158
195,at:48:1207,Koblach Herrschaftswiesen,47.32412542,9.62798152,103
196,at:48:1208,Koblach Kohlplatz,47.33043957,9.60971877,214
197,at:48:1209,Koblach Neuburg,47.34366215,9.61577342,57
198,at:48:121,Schönenbach,47.37472095,10.03100169,8
199,at:48:1210,Batschuns Wengen,47.26742254,9.69103427,36
200,at:48:1211,Koblach Gasthaus Sternen,47.317573,9.59968459,158
201,at:48:1212,Koblach Straßenhäuser,47.31573379,9.62016618,103
202,at:48:1215,Krumbach Gießen,47.5011463,9.92257503,38
203,at:48:1216,Krumbach Dorf,47.4836956,9.934325,96
204,at:48:1217,Krumbach Glatzegg,47.4794155,9.90649519,58
205,at:48:1218,Krumbach Unterkrumbach,47.48806641,9.93291464,38
206,at:48:1219,Krumbach Moos,47.4797555,9.91878414,57
207,at:48:122,Schoppernau Oberdorf,47.31017924,10.02128192,43
208,at:48:1220,Bersbuch Kapelle,47.40125613,9.86718491,39
209,at:48:1221,Krumbach Oberkrumbach,47.48147971,9.92617728,57
210,at:48:1222,Krumbach Bränden,47.4776123,9.93433398,35
211,at:48:1223,Krumbach Zwing,47.49511963,9.9281895,38
212,at:48:1224,Langen Ach,47.51540603,9.86188485,40
213,at:48:1226,Langen a. A. Bahnhof,47.13177688,10.12148,181
214,at:48:1227,Langen Fischanger,47.51595814,9.84415211,93
215,at:48:1228,Langen Hälin,47.50112809,9.80940527,94
216,at:48:1229,Langen Gesern,47.49896148,9.80391657,94
217,at:48:123,Schoppernau Hinterhopfreben,47.28176393,10.05837336,43
218,at:48:1230,Langen Gschwend,47.51272428,9.8381873,93
219,at:48:1231,Bersbuch Kreisverkehr,47.39885434,9.85335984,210
220,at:48:1232,Langen Dorf,47.50884704,9.82837769,94
221,at:48:1233,Langen Rietern,47.50435052,9.81835249,94
222,at:48:1234,Langen Vorderhub,47.52309255,9.85392578,53
223,at:48:1235,Langen Wirtatobel,47.50168642,9.79407103,94
224,at:48:1236,Langenegg Kirche,47.46081579,9.90720486,59
225,at:48:1237,Langenegg Krone,47.4707571,9.89889544,58
226,at:48:1238,Langenegg Zentrum,47.468401,9.89677542,59
227,at:48:1239,Langenegg Rotenberg,47.45935207,9.9116605,59
228,at:48:124,Schoppernau Gemeindeamt,47.31228053,10.01642203,108
229,at:48:1242,Bersbuch Volksschule,47.40216817,9.86152553,39
230,at:48:1243,Laterns Egga,47.26307608,9.71735491,37
231,at:48:1244,Laterns Krone,47.26163124,9.72234056,37
232,at:48:1245,Laterns Gasthaus Löwen,47.26633138,9.70241592,37
233,at:48:1246,Laterns Rohnen,47.26962916,9.69596602,36
234,at:48:1247,Innerlaterns Schilift,47.26086309,9.74227417,26
235,at:48:1248,Latschau Lagardesweg,47.07560821,9.87765029,70
236,at:48:1249,Latschau Golmerbahn,47.07538185,9.8720987,70
237,at:48:125,Schoppernau Niederau,47.31571552,10.00983738,65
238,at:48:1250,Latschau Kraftwerk,47.07444581,9.87562009,70
239,at:48:1251,Latschau Stutz,47.07625058,9.88318391,70
240,at:48:1252,Lauterach Bahnhof,47.47762444,9.72425397,282
241,at:48:1253,Alberschwende Höll,47.4596436,9.83587863,10
242,at:48:1256,Lauterach Wolfurterstraße,47.47282165,9.73702801,55
243,at:48:1257,Lech Bodenalpe,47.22797435,10.15819415,10
244,at:48:1258,Beschling Nenzingerstraße,47.19118284,9.68852797,144
245,at:48:1259,Lech Brunnenhof,47.21578453,10.14832167,231
246,at:48:126,Schoppernau Schalzbach,47.29641215,10.04191622,43
247,at:48:1260,Lech Feuerwehrhaus,47.21830448,10.15120526,241
248,at:48:1261,Lech Gotthard,47.20650912,10.14017395,127
249,at:48:1262,Lech Haus Astrid,47.21730994,10.15010931,78
250,at:48:1263,Lech Platte,47.20708888,10.13586203,282
251,at:48:1264,Lech Dorfhus,47.2107809,10.14251855,702
252,at:48:1265,Lech Rüfiplatz,47.20772356,10.14149447,766
253,at:48:1266,Lech Landbrugg,47.21233696,10.14477332,279
254,at:48:1267,Lech Schwimmbad,47.20525194,10.12883721,80
255,at:48:1269,Bezau Busbahnhof,47.38190495,9.89787136,212
256,at:48:127,Schröcken Landsteg,47.26690439,10.06625158,43
257,at:48:1270,Lech Wiesele,47.19495531,10.14520451,127
258,at:48:1271,Levis Finanzamt,47.24436943,9.60622432,533
259,at:48:1272,Levis Jugendherberge,47.25016871,9.61256643,536
260,at:48:1274,Levis Vorarlberger Mühle,47.24602208,9.60863181,531
261,at:48:1277,Lingenau Hohl,47.45678894,9.94172712,59
262,at:48:1278,Lingenau Bühl,47.45575636,9.93640909,59
263,at:48:1279,Bezau Cafe Natter,47.37762265,9.89027162,137
264,at:48:128,Schröcken Neßlegg,47.2618751,10.10286691,43
265,at:48:1280,Lingenau Dorfplatz,47.45037448,9.92037416,120
266,at:48:1281,Lingenau Grüner Baum,47.44847308,9.90305464,25
267,at:48:1282,Lingenau Gschwend,47.44419619,9.92270978,45
268,at:48:1283,Lingenau Hallenbad,47.44936,9.91175932,59
269,at:48:1284,Lingenau Moos,47.45402523,9.93057902,59
270,at:48:1286,Lingenau St. Anna,47.44774409,9.91124728,84
271,at:48:1287,Lochau Alberloch,47.53416837,9.74671185,44
272,at:48:1288,Hörbranz Alberloch Kloster,47.53791033,9.74425945,74
273,at:48:129,Schröcken Dorf,47.25813178,10.09220391,43
274,at:48:1290,Bezau Kloster,47.38442307,9.90139276,75
275,at:48:1291,Lochau Galgenbühl,47.53806194,9.7608693,7
276,at:48:1292,Lochau Freners Säge,47.53820143,9.75217361,72
277,at:48:1293,Lochau Gemeindeamt,47.52910387,9.75160767,96
278,at:48:1294,Lochau Hofacker,47.53244589,9.74072009,33
279,at:48:1297,Lochau Schloss Hofen,47.53608487,9.75749163,7
280,at:48:1298,Lochau Seepark,47.51266968,9.75344023,87
281,at:48:1299,Lochau Siedlung,47.53200919,9.75030511,44
282,at:48:13,Hohenems Frühlingsstraße,47.37709342,9.70984499,9
283,at:48:1300,Lochau Wellenhof,47.52593148,9.75097885,95
284,at:48:1301,Bezau Wilbinger,47.38558478,9.89024467,133
285,at:48:1305,Ludesch Bahnhof,47.18035228,9.77125382,207
286,at:48:1306,Ludesch Beim Kreuz,47.19068226,9.77768576,340
287,at:48:1307,Ludesch Brärsch,47.19666443,9.77872781,342
288,at:48:1308,Ludesch Gemeindeamt,47.19282494,9.78284209,333
289,at:48:1309,Ludesch Sutterlüty,47.1879046,9.77777559,340
290,at:48:131,Schröcken Schmitte,47.26118011,10.09719854,43
291,at:48:1310,Ludesch Unterfeld,47.18071863,9.77722762,199
292,at:48:1311,Brand Lünerseebahn,47.06687737,9.75503923,34
293,at:48:1312,Andelsbuch Heimgarten,47.40545747,9.88445053,69
294,at:48:1313,Lustenau Bahnhof,47.45073289,9.66685162,371
295,at:48:1314,Lustenau Bhf-str./Bundesstr.,47.44979131,9.664516,543
296,at:48:1315,Lustenau Binsenfeld,47.41829047,9.66574669,367
297,at:48:1316,Lustenau Feldrast,47.41683772,9.68365012,225
298,at:48:1317,Lustenau Fischerbühel,47.44077564,9.65788644,173
299,at:48:1318,Lustenau Gasthaus Austria,47.4315275,9.65797627,260
300,at:48:1319,Lustenau Gasthaus Bräuhaus,47.43217772,9.65117602,227
301,at:48:132,Schröcken Tannbergbrücke,47.26045462,10.0877842,43
302,at:48:1320,Lustenau Gasthaus Engel,47.42006533,9.66024002,389
303,at:48:1321,Lustenau Gasthaus Linde,47.43614569,9.65297265,261
304,at:48:1322,Bielerhöhe Silvrettasee,46.9172708,10.09260815,30
305,at:48:1323,Lustenau Gh Lustenauer Hof,47.43785311,9.65622455,263
306,at:48:1324,Lustenau Gasthaus Schäfle,47.4444878,9.66074308,173
307,at:48:1326,Lustenau Heitere,47.41469196,9.66570178,115
308,at:48:1327,Lustenau Kirchplatz,47.4267995,9.65865,346
309,at:48:1328,Lustenau Vorachstraße,47.4250188,9.67331051,91
310,at:48:133,Schröcken Unterboden,47.26211286,10.08104683,43
311,at:48:1330,Mäder Gasthaus Adler,47.34865932,9.61510866,113
312,at:48:1331,Bildstein Ankenreuthe,47.45806445,9.76019556,11
313,at:48:1332,Mäder Kutzenau,47.34541517,9.60904503,113
314,at:48:1333,Mäder Schnabelholz,47.35298049,9.63216767,167
315,at:48:1334,Bielerhöhe Madlenerhaus,46.91959629,10.08353517,30
316,at:48:1335,Marul Kirche,47.20088207,9.86140875,36
317,at:48:1336,Raggal Litze,47.22147712,9.86530743,21
318,at:48:1337,Raggal Plazera,47.21619945,9.85451867,21
319,at:48:134,Schruns Bahnhof,47.079603,9.91770617,451
320,at:48:1342,Bildstein Dorfplatz,47.45804622,9.77258333,11
321,at:48:1343,Meiningen Oberdorf,47.29346942,9.58044267,133
322,at:48:1344,Meiningen Hadeldorfstraße,47.30033552,9.57591517,132
323,at:48:1346,Mellau Bergbahnen,47.34623688,9.88880736,34
324,at:48:1347,Mellau Klaus,47.36212681,9.8784947,93
325,at:48:1349,Mellau Zentrum,47.35144682,9.88171965,93
326,at:48:135,Schruns Gamprätz,47.06654695,9.93143242,236
327,at:48:1350,Möggers Dorfplatz,47.56153854,9.81634925,2
328,at:48:1351,Möggers Kapf,47.57587277,9.79685581,31
329,at:48:1352,Möggers Kurlismühle,47.56820005,9.81424719,4
330,at:48:1353,Alberschwende Dreßlen,47.45836813,9.85038642,150
331,at:48:1354,Bildstein Farnach,47.44828476,9.79455612,11
332,at:48:1355,Möggers Rucksteig,47.57329108,9.7997933,31
333,at:48:1356,Möggers Sättels,47.56654536,9.80097908,2
334,at:48:1357,Möggers Sellengehr,47.57439407,9.80991731,31
335,at:48:1358,Möggers Stadler,47.55978058,9.78995675,2
336,at:48:1359,Möggers Weienried,47.57283048,9.81580128,31
337,at:48:136,Schruns Grüt,47.07854468,9.90998964,60
338,at:48:1360,Muntlix Arkahüsle,47.27603515,9.66002443,36
339,at:48:1361,Muntlix Arken,47.27876554,9.65900035,179
340,at:48:1362,Muntlix Gemeindeamt,47.28498152,9.66016816,162
341,at:48:1363,Muntlix Hauptstraße,47.28338494,9.65894645,2
342,at:48:1364,Muntlix Kreuzstraße,47.28313509,9.65877577,77
343,at:48:1366,Muntlix Stegstraße,47.28247693,9.65823678,103
344,at:48:1367,Müselbach Hochbrücke,47.45196602,9.88341747,25
345,at:48:1368,Müselbach Abzweigung,47.45258561,9.87883606,153
346,at:48:137,Schruns Alpenrose,47.07564492,9.92359911,258
347,at:48:1375,Nenzing Aluwerk,47.19003517,9.71487556,335
348,at:48:1376,Bings Feuerwehrhaus,47.14273343,9.85583021,88
349,at:48:1377,Nenzing Bahnhof,47.19121947,9.70922515,365
350,at:48:1379,Nenzing Gasthaus Gemsle,47.18206798,9.70910837,7
351,at:48:1380,Nenzing Gemeindeamt,47.18441247,9.70556003,181
352,at:48:1381,Halden Haldenegg,47.20387266,9.6462802,17
353,at:48:1382,Nenzing Mittelschule,47.18600594,9.70348492,146
354,at:48:1383,Nenzing Heimat Augarten,47.21199524,9.651185,35
355,at:48:1384,Nenzing Kindergarten/Sen.heim,47.18653098,9.7076531,172
356,at:48:1385,Latz,47.19095697,9.66060833,14
357,at:48:1386,Mariex,47.21255663,9.64010878,34
358,at:48:1387,Nenzing Marmota,47.18933924,9.70225423,71
359,at:48:1388,Motten Kapelle,47.2090112,9.64870565,34
360,at:48:1389,Roßnis Rober,47.21013405,9.63918351,17
361,at:48:139,Kaltenbrunnen Bahnhof,47.08532854,9.88830431,11
362,at:48:1390,Roßnis,47.20888915,9.64195931,17
363,at:48:1391,Nenzing Schulstraße/L190,47.18810606,9.70617987,31
364,at:48:1392,Nenzing Spar-Markt,47.18782524,9.70904549,452
365,at:48:1393,Nenzing Sportplatz/Bahnunterf.,47.19293481,9.71156976,72
366,at:48:1394,Nenzing Walgaubad,47.19397864,9.70366458,71
367,at:48:1395,Nenzing Werdenbergstraße,47.19452802,9.70724886,72
368,at:48:1396,Nofels Badgasse,47.25541252,9.57120799,114
369,at:48:1397,Bings Radin,47.14498802,9.87514399,88
370,at:48:1398,Nofels Franz-Heim-Gasse,47.25585151,9.57702009,63
371,at:48:1399,Nofels Freschner-Riegelweg,47.25853417,9.55957481,114
372,at:48:14,Hörbranz Oberer Kirchplatz,47.55561581,9.75312582,2
373,at:48:140,Bludenz Beim Kreuz,47.15014448,9.83063246,41
374,at:48:1400,Nofels Kirche,47.25402235,9.57796332,191
375,at:48:1401,Nofels Kreuzbergstraße,47.25652219,9.56437181,114
376,at:48:1402,Nofels Kronenweg,47.25611369,9.56776745,114
377,at:48:1403,Nofels Steinbruchgasse,47.25160776,9.58209558,179
378,at:48:1405,Nüziders Bahnhof,47.17111343,9.79356798,325
379,at:48:1406,Nüziders Bürser Brücke/B12,47.16242878,9.80230858,123
380,at:48:1407,Nüziders Feuerwehrhaus,47.17090579,9.79783497,119
381,at:48:1408,Bings Alfenzbrücke/Stallehr,47.14148085,9.85514749,44
382,at:48:1409,Nüziders Hubertus,47.16501233,9.79549037,123
383,at:48:141,Schruns Landbrücke,47.05965667,9.93552874,236
384,at:48:1410,Nüziders Kapelle,47.1702096,9.80466217,204
385,at:48:1411,Nüziders Lindenweg,47.16691786,9.8075278,204
386,at:48:1412,Nüziders Postamt,47.17399578,9.80060178,85
387,at:48:1413,Nüziders Rämpele,47.17562009,9.78473754,291
388,at:48:1414,Oberlech Abzweigung Salome,47.22251429,10.1413687,45
389,at:48:1415,Oberlech Spitzenegg,47.2179872,10.14476434,101
390,at:48:1417,Oberlech Schlössle,47.22251429,10.14022784,101
391,at:48:142,Schruns Montjola,47.08267383,9.9175265,38
392,at:48:1422,Oberstubenbach,47.21694385,10.15238205,24
393,at:48:1423,Partenen Saarbrücker Hütte,46.92688501,10.05400754,30
394,at:48:1424,Partenen Bergbahnen,46.96992226,10.05849014,162
395,at:48:1425,Partenen Gasthaus Partenerhof,46.96943186,10.06075389,162
396,at:48:1426,Partenen Hotel Zerres,46.97108694,10.0517887,162
397,at:48:1427,Partenen Loch,46.9649016,10.07422862,162
398,at:48:1428,Partenen Zentrum,46.96881886,10.0627751,162
399,at:48:1429,Raggal Abzweigung,47.21184268,9.83657931,34
400,at:48:143,Schruns Zamang Bahn,47.06903727,9.93042631,258
401,at:48:1430,Bizau Kirchplatz,47.36913001,9.92842307,29
402,at:48:1431,Raggal Walserhalle,47.21209287,9.83891493,35
403,at:48:1432,Raggal Sandbühel,47.21071987,9.843676,34
404,at:48:1433,Raggal Winkel,47.21114093,9.83086603,29
405,at:48:1434,Rankweil Alemannenstraße,47.27488323,9.65101432,204
406,at:48:1435,Rankweil Appenzellerstraße,47.27796716,9.63197902,134
407,at:48:1437,Rankweil Bifang,47.28018553,9.64550765,28
408,at:48:1438,Rankweil Churer Straße,47.26454526,9.62806237,251
409,at:48:1439,Rankweil Frutzolen,47.27933232,9.64977465,250
410,at:48:1440,Rankweil Gewerbepark,47.27623628,9.65723067,196
411,at:48:1441,Bizau Oberdorf,47.36825998,9.93560061,54
412,at:48:1442,Rankweil Habsburgerstraße,47.27587669,9.6449507,28
413,at:48:1443,Rankweil Mittelschule,47.27296939,9.64221083,24
414,at:48:1444,Rankweil Holzplatz,47.27800373,9.65399673,36
415,at:48:1445,Rankweil Kaiserplatz,47.26757493,9.63550042,292
416,at:48:1446,Rankweil Konkordiaplatz,47.27182959,9.64630715,390
417,at:48:1447,Rankweil Landrichterstraße,47.27639474,9.64823853,186
418,at:48:1448,Rankweil Langgasse,47.27167721,9.62664303,98
419,at:48:1449,Rankweil Letze,47.26800163,9.64361221,146
420,at:48:145,Schwarzach Dorfplatz,47.4488072,9.7625222,125
421,at:48:1450,Rankweil Lindenweg,47.26972059,9.63023629,39
422,at:48:1451,Rankweil Marktplatz,47.27072024,9.64196829,457
423,at:48:1452,Bizau Unterdorf,47.3710647,9.9217396,54
424,at:48:1453,Rankweil Montfortstraße,47.27261587,9.64533697,76
425,at:48:1454,Röthis Bild,47.29727726,9.66922317,31
426,at:48:1455,Laterns Gerstenböden,47.25716847,9.7665197,4
427,at:48:1458,Meiningen Bim Krüz,47.29659492,9.57905029,133
428,at:48:1459,Meiningen Pfarrhof,47.29973241,9.57831367,133
429,at:48:146,Schwarzach Bahnhof,47.44628607,9.75459906,66
430,at:48:1460,Hittisau Dornbündt,47.45522792,9.99768318,30
431,at:48:1461,Krumbach Wolfbühl,47.4801562,9.91456206,57
432,at:48:1462,Dornbirn Unterries,47.41564632,9.76712157,70
433,at:48:1463,Schwarzenberg Beien,47.41723283,9.84128648,44
434,at:48:1464,Röthis Kirche,47.29257987,9.65816491,31
435,at:48:1465,Dafins Wanne,47.2906484,9.66730976,48
436,at:48:1466,Innerlaterns Rain,47.25849149,9.74631659,26
437,at:48:1468,Bings Volksschule,47.1447314,9.85973788,88
438,at:48:1469,Wald Sonnenkopfbahn,47.12875166,10.05288465,48
439,at:48:147,Schwarzach Bahnhofstraße,47.44442097,9.76206406,55
440,at:48:1470,Bings Siedlung,47.14219574,9.85221898,44
441,at:48:1471,Vandans Brunella,47.09280263,9.86774187,33
442,at:48:1472,Bartholomäberg Daneu,47.08654575,9.91736481,38
443,at:48:1473,Dornbirn Schlossgasse,47.41080747,9.75088902,179
444,at:48:1474,Schwarzenberg Dorn,47.41993161,9.86157943,83
445,at:48:1475,Andelsbuch Kalchern,47.41812636,9.89862595,71
446,at:48:1476,Riefensberg Felder,47.50641982,9.94708108,42
447,at:48:1477,Andelsbuch Feld,47.40886208,9.88983144,69
448,at:48:1478,Bolgenach Huber,47.47548115,9.94415257,34
449,at:48:1479,Bolgenach Küng,47.479798,9.94603903,34
450,at:48:148,Schwarzach Firma Hefel,47.44396532,9.76731022,57
451,at:48:1480,Riefensberg Eggling,47.48534684,9.94812312,34
452,at:48:1481,Riefensberg Welzenbühl,47.49061588,9.9531447,34
453,at:48:1482,Riefensberg Fischer,47.49803291,9.95539947,34
454,at:48:1483,Partenen Hubertusklause,46.97044943,10.05580417,162
455,at:48:1484,Partenen Tirolerhof,46.96804033,10.06538021,162
456,at:48:1485,Bludenz Hl. Kreuzkirche,47.15376104,9.82176609,100
457,at:48:1487,Bludenz Schmittenstraße,47.15311961,9.82856634,30
458,at:48:1488,Oberlech Abzw. Burgplateau,47.21962847,10.14521349,91
459,at:48:149,Schwarzach Im Schlatt,47.45145576,9.76024048,125
460,at:48:1492,Bregenz Josef-Huter-Straße,47.49681906,9.7342612,169
461,at:48:1493,Dornbirn Pfarrheim Wallenmahd,47.39299231,9.72883538,499
462,at:48:1494,Hohenems Furchgasse,47.38033562,9.70503002,166
463,at:48:1495,Hohenems Oberklien,47.37703867,9.7000803,166
464,at:48:1498,Hohenems August-Reis-Straße,47.35871919,9.68480894,166
465,at:48:1499,Hohenems Spielerstraße,47.35457497,9.68067669,170
466,at:48:15,Hohenems Im Tiergarten,47.36816264,9.69177987,9
467,at:48:150,Schwarzach Kirche,47.44477334,9.76302526,125
468,at:48:1500,Hohenems Im Brühl,47.35114251,9.67692174,165
469,at:48:1501,Hohenems Schwefelbadstraße,47.34843412,9.67223253,107
470,at:48:1502,Dornbirn Höchsterstraße,47.40658223,9.7368753,555
471,at:48:1503,Dornbirn Bäumlegasse,47.40791976,9.73043438,278
472,at:48:1504,Dornbirn Messekreuzung,47.41275887,9.71280045,280
473,at:48:1505,Lustenau Holzstraße,47.41893478,9.662387,365
474,at:48:1506,Lustenau Volksschule Kirchdorf,47.42447789,9.65908119,387
475,at:48:1507,Lustenau Körnerstraße,47.42991711,9.66009629,345
476,at:48:1508,Hohenems Jakob-Hannibal-Straße,47.36381837,9.68610252,280
477,at:48:1509,Lauterach Inselstraße,47.48444838,9.71501929,226
478,at:48:151,Bludenz Berufsschule,47.15360832,9.83104569,46
479,at:48:1512,Hohenems Kirchholz,47.36345329,9.66863029,172
480,at:48:1513,Altach Brolsstraße,47.35387511,9.6478253,142
481,at:48:1514,Mäder Schule,47.34984616,9.62184603,111
482,at:48:1519,Lustenau Hasenfeldstraße,47.41171935,9.655452,46
483,at:48:152,Schwarzach Pfeller,47.43999793,9.76114778,112
484,at:48:1520,Lustenau Philipp-Krapf-Straße,47.40883776,9.65612574,186
485,at:48:1521,Lustenau Volksschule Rheindorf,47.43456583,9.65404165,2
486,at:48:1523,Lustenau Volksschule Rotkreuz,47.43950579,9.66266547,171
487,at:48:1524,Lustenau Bettleweg,47.43993717,9.66651026,57
488,at:48:1525,Lustenau Carini Saal,47.43848502,9.67297813,57
489,at:48:1526,Lustenau Scheibenbrücke,47.44084855,9.67269965,169
490,at:48:153,Schwarzach Rieger,47.43779842,9.75918047,119
491,at:48:1530,Hohenems Cineplexx,47.37335825,9.67676902,121
492,at:48:1531,Lustenau Staldenstraße,47.43232964,9.66492024,259
493,at:48:1532,Lustenau Holzmühlestraße,47.43158827,9.66831588,96
494,at:48:1533,Lustenau Sportpark,47.43031212,9.6712893,95
495,at:48:1534,Lustenau Rheinhalle,47.42866523,9.67472985,91
496,at:48:1536,Lustenau Pestalozziweg,47.41559769,9.66033884,244
497,at:48:1537,Lustenau Wiesenrain,47.41035761,9.6605724,286
498,at:48:1538,Lauterach Alter Markt,47.47151007,9.72884436,195
499,at:48:1539,Wolfurt Fatt,47.47276093,9.74387317,56
500,at:48:154,Schwarzach Tobel,47.44295072,9.7922205,57
501,at:48:1544,Lauterach Schule Unterfeld,47.48322815,9.7184239,226
502,at:48:1545,Lauterach Kaltenbrunnen,47.47959764,9.71814542,226
503,at:48:1548,Lauterach Langegasse,47.4716558,9.73178185,81
504,at:48:1549,Lauterach Morgenstraße,47.47092713,9.73555478,81
505,at:48:155,Schwarzenberg Dorfplatz,47.41370718,9.85223695,127
506,at:48:1554,Hard Salbachstraße,47.48308852,9.70939583,57
507,at:48:1556,Lauterach Hasenfeldgasse,47.46764799,9.72835029,195
508,at:48:1557,Wolfurt Zollamt,47.45731129,9.730102,195
509,at:48:156,Schwarzenberg Heuberg,47.41390779,9.83657931,44
510,at:48:1560,Götzis Unteres Tobel,47.34345519,9.65011601,29
511,at:48:1561,Götzis Möslestraße,47.34766114,9.6456424,29
512,at:48:1562,Altach Im Widenfeld,47.34850107,9.640522,29
513,at:48:1563,Altach Gröbliweg,47.34989485,9.64352237,29
514,at:48:1564,Altach Altweg,47.35246319,9.64523816,29
515,at:48:1566,Altach Konstanzerstraße,47.35732565,9.6561976,30
516,at:48:1569,Hard Erlachstraße,47.47576045,9.68913882,61
517,at:48:157,Schwarzenberg Loch,47.40601682,9.85070981,115
518,at:48:1570,Bregenz Musikschule,47.49304383,9.73353357,170
519,at:48:1571,Dornbirn Badgasse,47.39904892,9.73518647,164
520,at:48:1572,Fußach Bonigstraße,47.46167822,9.65239773,46
521,at:48:1574,Rankweil Mühlbach,47.270513,9.61536917,178
522,at:48:1575,Warth Wolfegg,47.26211286,10.17430993,43
523,at:48:1576,Schoppernau Diedamskopfbahn,47.31660468,10.00849889,53
524,at:48:1578,Rankweil Netschelweg,47.26670933,9.66941182,44
525,at:48:158,Schwarzenberg Maien-Freien,47.41816891,9.85043133,44
526,at:48:1580,Rankweil Rathaus,47.27001317,9.64290254,157
527,at:48:1582,Rankweil Schaufel,47.27740036,9.63928233,70
528,at:48:1583,Rankweil Schleipfweg,47.27460896,9.63051477,91
529,at:48:1584,Rankweil Hirschbündt,47.28075839,9.64499561,51
530,at:48:1585,Mellau Mischen,47.34784374,9.89062196,64
531,at:48:159,Schwarzenberg Oberbuchen,47.41447312,9.84655061,44
532,at:48:1598,Levis Amberggasse,47.24837594,9.61103031,531
533,at:48:16,Götzis Altacher Straße,47.34103859,9.64557053,29
534,at:48:160,Schwarzenberg Stangenach,47.42339606,9.86742746,83
535,at:48:1600,Satteins Alte Schlinserstraße,47.22239837,9.6712893,190
536,at:48:1601,Dornbirn Kreuzgasse,47.416704,9.74222926,776
537,at:48:1602,Dornbirn Fang,47.42889616,9.74766407,106
538,at:48:1603,Dornbirn Simonsgraben,47.43023312,9.74447505,53
539,at:48:1604,Dornbirn Roter Stein,47.42643486,9.80122162,54
540,at:48:1605,Riefensberg Springen-Häusler,47.5121054,9.95697153,42
541,at:48:1606,Lech Pension Bürstegg,47.21491808,10.14818692,24
542,at:48:1607,Sulzberg Süßenwinkel,47.52054466,9.93436093,3
543,at:48:1608,Thüringen Feuerwehrhaus,47.19809273,9.76906194,154
544,at:48:161,Schwarzenberg Stüben,47.41405368,9.83126129,44
545,at:48:1613,Göfis Schildried,47.22730941,9.63339836,86
546,at:48:1614,St. Anton i.M. Gemeindeamt,47.11177672,9.86544218,12
547,at:48:1615,Vandans Golmerbahn,47.08989752,9.86897256,50
548,at:48:1619,Bürserberg Einhornbahn,47.14352163,9.77583523,122
549,at:48:162,Bludenz Brunnenfeld,47.1395683,9.83737881,28
550,at:48:1620,Amerlügen Kapelle,47.20954212,9.61410255,37
551,at:48:1621,Amerlügen Alpenrose,47.21131789,9.6130605,37
552,at:48:1623,Lauterach Karl-Höll-Straße,47.47673799,9.72970674,282
553,at:48:1626,Lustenau Sägerstraße,47.41763401,9.67252897,365
554,at:48:1628,Lustenau HAK/HAS,47.43291908,9.66259361,175
555,at:48:1629,Hohenems Spitzeneckstraße,47.37526237,9.7044551,9
556,at:48:163,Schwarzenberg Weißtannen,47.41822361,9.81769672,44
557,at:48:1636,Altenstadt Marienfeld,47.26661789,9.6174353,30
558,at:48:164,Sibratsgfäll Dorfplatz,47.42709122,10.03735278,30
559,at:48:1645,Großdorf Schmarütte,47.43180703,9.9275517,27
560,at:48:1646,Großdorf Widin,47.42999004,9.93840335,27
561,at:48:1647,Großdorf Ittensberg,47.42947956,9.94985687,27
562,at:48:1648,Großdorf Reute,47.42328666,9.96170565,27
563,at:48:1649,Schetteregg Fohren,47.42522544,9.97736328,27
564,at:48:165,Sibratsgfäll Wieseln,47.43056127,10.03471173,30
565,at:48:1650,Schetteregg Loch,47.42304962,9.98420845,27
566,at:48:1651,Schetteregg Schilift,47.41758538,9.98541219,27
567,at:48:1659,Altenstadt Kirchenbünt,47.26672152,9.62196281,30
568,at:48:166,Sibratsgfäll Krinegg,47.43751285,10.02478535,30
569,at:48:1661,Thüringerberg Außerberg,47.21320345,9.77201739,4
570,at:48:1662,Bildstein Knobel,47.45726877,9.77924883,2
571,at:48:1663,Bildstein Kapf,47.45668568,9.78584246,2
572,at:48:1664,Bildstein Geisbirn,47.45675857,9.79380154,2
573,at:48:1665,Bildstein Loban,47.45138894,9.79902973,2
574,at:48:1666,Zürs Alpenhof,47.17114396,10.163072,127
575,at:48:1669,Bildstein Ankenreuthe Siedlung,47.45956465,9.76195626,11
576,at:48:167,Sibratsgfäll Waldrast,47.44080602,10.0138259,30
577,at:48:1671,Gisingen Bärenweg,47.25171142,9.59334248,58
578,at:48:1672,Dünserberg Boden,47.23297636,9.72223276,34
579,at:48:1674,Dünserberg Futsch,47.23064621,9.71094094,34
580,at:48:1675,Dünserberg Montanast,47.22649195,9.72548466,35
581,at:48:1676,Dünserberg Hirt,47.22210553,9.73878871,35
582,at:48:1678,Dünserberg Bassig,47.21925629,9.74204959,35
583,at:48:1679,Schlins Bahnhof,47.19516895,9.68985748,136
584,at:48:168,Bartholomäberg Außergurth,47.0926375,9.94476342,36
585,at:48:1682,Langenegg Gfäll,47.47399355,9.90282108,58
586,at:48:1683,Dornbirn Rodelbahn,47.42746193,9.7923822,54
587,at:48:1684,Schwarzenberg Oberkaltberg,47.41601712,9.83920239,44
588,at:48:1685,Schlins Rönsberg,47.21130569,9.69553483,40
589,at:48:1686,Schwarzenberg Unterdorf,47.41489256,9.85440189,83
590,at:48:1687,Schruns Rätikonkreuzung,47.07781058,9.90598315,54
591,at:48:1688,Klösterle Klostertaler Hof,47.13133686,10.0868769,107
592,at:48:169,Bartholomäberg Abzweigung Innerberg,47.0941481,9.94904839,36
593,at:48:17,Götzis AHS/Möslestadion,47.34450214,9.64703479,28
594,at:48:170,Silbertal Fescha,47.09570758,9.9633855,36
595,at:48:171,Silbertal Hofstatt,47.0955975,9.95627982,36
596,at:48:1717,Koblach Zoll,47.33296015,9.59745677,166
597,at:48:1719,Koblach Kutzen,47.3452143,9.60932351,56
598,at:48:172,Silbertal Zentrum,47.09499206,9.97883652,36
599,at:48:1721,Bürserberg Museum,47.14661932,9.77770373,61
600,at:48:1722,Brand Dorfbahn,47.11067625,9.7443942,63
601,at:48:1723,Altach Zippersfeld,47.35988145,9.65788644,29
602,at:48:1726,Götzis Im Hag,47.34327258,9.65196654,1
603,at:48:1729,Hohenems Emspark,47.37507378,9.67561918,75
604,at:48:173,Alberschwende Näpfle,47.46050605,9.85794125,150
605,at:48:1730,Eichenberg Stegen,47.55155985,9.7855011,10
606,at:48:1731,Hörbranz Gartenstraße,47.53664282,9.74392707,31
607,at:48:1733,Lustenau Zellgasse,47.44603699,9.66801045,113
608,at:48:1734,Lustenau Bahngasse,47.44564818,9.6646238,113
609,at:48:1735,Lustenau Am Schlatt,47.44266517,9.66321345,167
610,at:48:1736,Rankweil HTL/HBLA,47.27099453,9.63154783,1
611,at:48:1737,Batschuns Säge,47.28120327,9.67329254,3
612,at:48:1739,Stuben Eggena,47.13965996,10.16153588,37
613,at:48:174,Bludenz Brunnenfeld-Siedlung,47.14250125,9.8339203,28
614,at:48:1740,Dornbirn Schollengraben,47.42394913,9.72915877,217
615,at:48:1741,Dornbirn Am Feuergraben,47.42340821,9.73503375,112
616,at:48:1745,Dornbirn Wasserwerk,47.42191914,9.7443942,490
617,at:48:1746,Dornbirn Ziehrerweg,47.42180973,9.72817961,53
618,at:48:1748,Dornbirn Bahnbrücke,47.41416918,9.72914979,53
619,at:48:1749,Dornbirn Roßmähder,47.410388,9.71859458,392
620,at:48:175,Silbertal Kristbergbahn,47.09437438,9.98061518,36
621,at:48:1751,Dornbirn Krankenhaus,47.40573715,9.73947143,560
622,at:48:1753,Dornbirn Schulgasse,47.4078164,9.74004635,194
623,at:48:1754,Dornbirn Inatura,47.40872225,9.73700106,194
624,at:48:1755,Dornbirn Egetensteg,47.40938491,9.73396476,194
625,at:48:1757,Dornbirn Mittebrunnen,47.41235157,9.7318627,196
626,at:48:176,Silbertal Sand,47.09577485,9.96942218,36
627,at:48:1760,Dornbirn Sebastianstraße,47.40874049,9.75059257,324
628,at:48:1761,Dornbirn Littengasse,47.4065032,9.75035003,324
629,at:48:1764,Lustenau Industriegebiet Nord,47.44294464,9.67101981,196
630,at:48:1765,Dornbirn Kanalgasse,47.42142074,9.73581529,328
631,at:48:1766,Dornbirn Im Bündtle,47.3943545,9.74215739,221
632,at:48:177,Sonntag Abzweigung Buchboden,47.24185073,9.90977404,58
633,at:48:1772,Dornbirn Eschenau,47.40444821,9.76165083,144
634,at:48:1776,Lochau Schule,47.52806665,9.75104173,9
635,at:48:1777,Lochau Herzjesuheim,47.52958911,9.75628789,7
636,at:48:1778,Lochau Halden,47.52750253,9.75727604,7
637,at:48:1779,Lochau Kaufmann,47.52588902,9.75777011,7
638,at:48:178,Sonntag Arzthaus,47.23333014,9.88690293,41
639,at:48:1780,Lochau Unterhaggen,47.52087225,9.75983624,7
640,at:48:1781,Lochau Haggen,47.51607342,9.75940505,7
641,at:48:1782,Lochau Grünegger,47.51746276,9.76148914,7
642,at:48:1783,Lochau Am Vögel,47.51725041,9.76346543,7
643,at:48:1784,Lochau Buchenberg,47.51521188,9.76694191,7
644,at:48:1785,Lochau Lohorn,47.51497526,9.77275401,7
645,at:48:1786,Lochau Pfänder,47.51263327,9.78436024,7
646,at:48:1787,Levis Gymnasium,47.25121751,9.61194659,7
647,at:48:1788,Dornbirn Amtmahd,47.43406148,9.74174417,110
648,at:48:1789,Dornbirn Dr.-W.-Zumtobel-Str.,47.43307099,9.74575065,110
649,at:48:179,Sonntag Buchholz,47.24403402,9.91308882,40
650,at:48:1790,Reuthe Platten,47.3757612,9.88890618,94
651,at:48:1791,Frastanz Hanflandkurve,47.21423468,9.61783954,37
652,at:48:1792,Amerlügen Aspa,47.21120195,9.61813598,37
653,at:48:1793,Dünserberg Winkel,47.2341536,9.71269265,34
654,at:48:1795,Dünserberg Älpele,47.23627011,9.7326622,12
655,at:48:1796,Nenzing Campingplatz,47.18279454,9.68221281,15
656,at:48:1797,Götzis Industriegebiet,47.3431204,9.63809655,169
657,at:48:18,Schruns Hochjoch Bahn,47.07889338,9.92132638,258
658,at:48:180,Sonntag Gasthaus Löwen,47.23697763,9.89621846,42
659,at:48:1801,Bürs Zimbapark,47.15183672,9.81191157,54
660,at:48:1802,Schnifis Seilbahn,47.21483266,9.73270712,22
661,at:48:1803,Hörbranz Allgäustraße,47.54244035,9.75057461,72
662,at:48:1806,Götzis BORG,47.34445954,9.64613647,5
663,at:48:1807,Zug Mautstelle,47.19942333,10.09963298,282
664,at:48:1809,Gisingen Runastraße,47.26032659,9.59916357,121
665,at:48:181,Sonntag Oberbuchholz,47.24599159,9.91324154,39
666,at:48:1810,Langenegg Weg,47.46536462,9.90093462,59
667,at:48:1811,Bregenz Wuhrwaldstraße,47.4919634,9.71412996,58
668,at:48:1814,Bregenz Schnabelgässele,47.48938972,9.73312034,381
669,at:48:1815,Lustenau Schmitter,47.39793008,9.67844887,114
670,at:48:1816,Dornbirn Stiglingen,47.43491219,9.73780955,110
671,at:48:1817,Dornbirn Unterer Schwefel,47.43222633,9.73876176,112
672,at:48:1819,Lochau Moos,47.51555771,9.78612094,2
673,at:48:182,Sonntag Gemeindezentrum,47.23946608,9.90249769,42
674,at:48:1820,Eichenberg Hub,47.5222372,9.78984895,8
675,at:48:1821,Eichenberg Jungholz,47.52610133,9.79390035,8
676,at:48:1822,Eichenberg Hinteregg,47.53134808,9.80094314,8
677,at:48:1823,Eichenberg Halden,47.53341024,9.80203909,8
678,at:48:1824,Eichenberg Gorbachen,47.53641236,9.80083535,2
679,at:48:1825,Eichenberg Trögen,47.53764349,9.79998195,8
680,at:48:1826,Eichenberg Schüssellehen,47.54230088,9.79771819,8
681,at:48:1827,Schlins Feuerwehrhaus,47.20212715,9.69401668,136
682,at:48:1828,Schröcken Alpenblick,47.26307608,10.10499592,43
683,at:48:1829,Tisis Kindergarten Gallmist,47.22122088,9.58412577,30
684,at:48:183,Sonntag Seeberg,47.24105179,9.91841583,18
685,at:48:1830,Bezau Seilbahn,47.38515294,9.91988907,20
686,at:48:1831,Bezau Mittlere,47.38585239,9.90930692,20
687,at:48:1832,Bezau Kriechere,47.38592537,9.90528246,20
688,at:48:1835,Lustenau Friedensstraße,47.41674047,9.66372548,56
689,at:48:1838,Hohenweiler Oberhub,47.58178714,9.79002861,31
690,at:48:1839,Hard Seniorenhaus,47.4908951,9.6839286,56
691,at:48:184,Sonntag Seilbahn Stein,47.23971613,9.90522857,58
692,at:48:1840,Hard Sportzentrum,47.48802999,9.68320096,56
693,at:48:1841,Hard Mockenstraße,47.48540755,9.68235654,56
694,at:48:1842,Hard Schwabengasse,47.4831128,9.68266197,56
695,at:48:1843,Tschagguns Paludweg,47.07704588,9.88701972,70
696,at:48:1844,Schruns Wagenweg,47.07575504,9.91767023,54
697,at:48:1845,Schruns Sportplatz/Aktivpark,47.07250639,9.9151819,54
698,at:48:1846,Schruns Sanatorium Dr. Schenk,47.07358929,9.91310679,54
699,at:48:1847,Schruns Stand Montafon,47.0750576,9.91132813,54
700,at:48:1849,Schruns Sozialzentrum,47.08154217,9.90688147,24
701,at:48:185,Bludenz Bundesschulzentrum,47.1527714,9.8265631,70
702,at:48:1850,Dornbirn Millöckergasse,47.41372542,9.72542178,570
703,at:48:1862,Bildstein Hochmoor,47.45968612,9.80557845,2
704,at:48:1863,Bezau Sozialzentrum,47.37990375,9.89531117,137
705,at:48:1864,Bludenz Polytechn. Lehrgang,47.15401761,9.83040789,4
706,at:48:1865,Nüziders Mittelschule,47.17014853,9.7991016,1
707,at:48:1866,Nenzing Liebherr,47.17302483,9.74842763,5
708,at:48:1868,Hohenems Hochquellenstraße,47.35999707,9.69008206,83
709,at:48:1869,Hohenems Sägerstraße,47.36052039,9.69460058,83
710,at:48:187,St. Anton im Montafon Bahnhof,47.10984477,9.86625965,21
711,at:48:1870,Emsreute Buchenau,47.36511439,9.70186795,83
712,at:48:1871,Emsreute Sennerei,47.36931253,9.70971024,83
713,at:48:1872,Emsreute Feuerwehr,47.37299323,9.7144264,83
714,at:48:1874,Emsreute Schuttannen,47.36622176,9.74564286,28
715,at:48:1876,Bizau Gemeindeamt,47.36925169,9.92954596,25
716,at:48:1877,Beschling Zentrum,47.19107296,9.68362317,3
717,at:48:1878,Bartholomäberg Roßmahdweg,47.09739543,9.88280662,3
718,at:48:1879,Bartholomäberg Biguetweg,47.09467405,9.89747611,3
719,at:48:188,St. Gerold Außerberg,47.22019589,9.81111207,35
720,at:48:1880,Bartholomäberg Branners Ried,47.09413587,9.90111428,3
721,at:48:1881,Bartholomäberg Fangesweg,47.09323685,9.90512077,3
722,at:48:1882,Bartholomäberg Gasott,47.09116356,9.91281933,35
723,at:48:1883,Bartholomäberg Lafasottweg,47.09217881,9.9266983,35
724,at:48:1884,Bartholomäberg Montjolaweg,47.08588516,9.91380748,38
725,at:48:1885,Schruns Kreuzstallweg,47.08397673,9.91530766,38
726,at:48:1886,Ludesch Gärtnerei Metzler,47.18157342,9.77791932,141
727,at:48:189,St. Gerold Gashaus Kreuz/Johannishof,47.22286204,9.82390408,35
728,at:48:1890,Partenen Lifinar,46.96683268,10.06974603,162
729,at:48:1891,Hard Brückenwaage,47.48889196,9.68944425,268
730,at:48:1892,Bürs Birkengasse,47.15478731,9.80167976,104
731,at:48:1893,Langen a. A. Oberlangen,47.13372637,10.12616023,169
732,at:48:1898,Bludesch Volksschule,47.19743962,9.74557099,2
733,at:48:1899,Bildstein Unterdorf Platte,47.45822844,9.76541478,11
734,at:48:190,St. Gerold Gemeindeamt,47.22072669,9.81478618,35
735,at:48:1900,Bildstein Unterdorf,47.45833776,9.76823549,11
736,at:48:1903,Bregenz Leutbühel,47.50221439,9.74672083,11
737,at:48:1904,Bregenz Landesbibliothek,47.49391786,9.7449242,5
738,at:48:1905,Bregenz Abzw. Gebhardsberg,47.49392393,9.75266768,5
739,at:48:1906,Fluh Brittenhütten,47.49722571,9.78883385,7
740,at:48:1907,Fluh Gasthaus Adler,47.49340194,9.77435301,5
741,at:48:1909,Alberschwende Schwarzen,47.44798101,9.82511681,54
742,at:48:191,Lauterach Soren,47.45712908,9.71338435,27
743,at:48:1910,Sulzberg Bühl,47.52316534,9.88842109,36
744,at:48:1911,Alberschwende Stauder,47.44377698,9.81539704,56
745,at:48:1912,Schruns Untere Montjola,47.08197036,9.9153436,38
746,at:48:1913,Schruns Flurstraße,47.07903408,9.91185813,70
747,at:48:1914,Gantschier JUFA,47.08743265,9.89001111,33
748,at:48:1915,Tschagguns Mauren,47.04878094,9.9418439,8
749,at:48:1916,Bartholomäberg Plattaweg,47.09521833,9.89584117,3
750,at:48:1919,Röthis Interpark FOCUS,47.30788903,9.62023804,91
751,at:48:192,Dornbirn Lange Mähder,47.40600466,9.71633083,104
752,at:48:1921,Bartholomäberg Fornaweg,47.08435598,9.9133134,38
753,at:48:1922,Feldkirch Bahnhof Süd,47.23987471,9.60247835,92
754,at:48:1923,Nofels Oberer Hasenbach,47.25181508,9.56535098,12
755,at:48:1924,Nofels Bergäcker,47.25289434,9.56836033,12
756,at:48:1925,Nofels GH Bad Nofels,47.25379065,9.57286089,12
757,at:48:1930,Götzis Pfarrer-Knecht-Straße,47.34043595,9.64988245,29
758,at:48:1931,Götzis Ringstr./Appenzellerstr,47.33769657,9.64383678,80
759,at:48:1932,Altach Stadion,47.35326653,9.63601246,167
760,at:48:1933,Eichenberg Volksschule,47.53703096,9.78037172,6
761,at:48:1935,Hard Feldweg,47.4854986,9.69675654,1
762,at:48:1936,Höchst Augasse,47.45810089,9.65931476,59
763,at:48:1938,Hohenems Otten Areal,47.3488906,9.67223253,113
764,at:48:194,Lochau Seedomizil,47.52564638,9.74840068,7
765,at:48:1941,Lustenau Flurstraße,47.41273455,9.6603029,244
766,at:48:1943,Lustenau Augarten,47.44369193,9.65595506,37
767,at:48:1944,Lustenau Badlochstraße,47.44158978,9.65301757,37
768,at:48:1945,Lustenau Altes Zollamt,47.4376526,9.64709767,2
769,at:48:1948,Lustenau Teilenstraße,47.425505,9.66399498,91
770,at:48:1949,Lustenau Frühlingsgarten,47.43534969,9.66772299,172
771,at:48:195,Bludenz Café Meran,47.1656353,9.81469635,29
772,at:48:1950,Lustenau Loretokapelle,47.43600594,9.66264751,172
773,at:48:1951,Wolfurt Senderstraße,47.45466302,9.73313831,282
774,at:48:1952,Fluh Stelen,47.49513784,9.78275226,5
775,at:48:1953,Höchst Bitzestraße,47.45528258,9.66079698,3
776,at:48:1955,Laterns Buchfeld,47.26499637,9.71050076,37
777,at:48:1956,Emsreute Kreiers Alp,47.37249438,9.72936538,28
778,at:48:1957,Bregenz Landeskrankenhaus,47.49780228,9.74319944,409
779,at:48:1958,Bregenz Thalbachgasse,47.49961087,9.74790661,11
780,at:48:1959,Fluh Pfänderweg,47.49215764,9.77081365,5
781,at:48:1960,Hörbranz Lindauerstraße,47.55210551,9.74140281,30
782,at:48:1961,Dornbirn Kindergarten Kehlegg,47.40084875,9.77785644,71
783,at:48:1962,Wolfurt K.-Doppelmayr-Str.,47.45180201,9.73338984,282
784,at:48:1963,Lustenau Lindenweg,47.42424694,9.66748044,91
785,at:48:1964,Lustenau Rathaus,47.42609452,9.65953934,94
786,at:48:1965,Muntlix Engelbrücke,47.28755911,9.66230615,157
787,at:48:1977,Gortipohl Allmein,47.00676278,10.00467207,163
788,at:48:1978,Thüringerberg Obere Meiern,47.21380144,9.78728875,37
789,at:48:198,St. Gallenkirch Neuberg,47.00909051,9.9517074,24
790,at:48:1980,Langenegg Kirchdorf,47.46298397,9.90565976,59
791,at:48:1982,Rankweil An der Maut,47.27299987,9.62237603,56
792,at:48:1983,Göfis Gasserplatz,47.24088102,9.61433611,27
793,at:48:1984,Doren Rotach,47.49998107,9.86023195,40
794,at:48:1985,Lauterach Alte Landstraße,47.47295523,9.73071286,55
795,at:48:1989,Dafins Mitdafinerhus,47.29379843,9.68688405,47
796,at:48:199,St. Gallenkirch Badmunt,47.03009056,9.9576273,183
797,at:48:1990,Gaschurn Klettergarten,46.9753715,10.0429942,163
798,at:48:1991,Höchst Birkele,47.46696785,9.61541409,209
799,at:48:1992,Bregenz Oberstadt,47.50041197,9.74880493,4
800,at:48:1993,Bregenz St.-Anna-Straße,47.50143153,9.74317249,6
801,at:48:1996,Lauterach Alter Sternen,47.47501969,9.72198123,55
802,at:48:1997,Lauterach Weingartstraße,47.4749104,9.71960968,55
803,at:48:1998,Lauterach Lerchenau,47.47644655,9.7036017,55
804,at:48:2,Schoppernau Riese,47.31431475,10.0128647,65
805,at:48:20,Schruns Auweg,47.07636682,9.90941472,54
806,at:48:200,St. Gallenkirch Egga,47.02306696,9.9565583,24
807,at:48:2008,Lustenau Radetzkystraße,47.43165511,9.66061731,88
808,at:48:201,St. Gallenkirch Galgenul,47.02278526,9.96141819,24
809,at:48:2010,Ebnit Unterdorf,47.34970009,9.7543116,4
810,at:48:2011,Hittisau Bütscheln,47.45627265,9.98228605,30
811,at:48:2012,Lingenau Hof Eschach,47.4486371,9.9200328,45
812,at:48:2017,Brederis Paspels-Seen,47.28080105,9.59158178,83
813,at:48:2018,Rankweil Fritztobel,47.26950115,9.65768881,45
814,at:48:2019,Andelsbuch Bühel,47.40233234,9.87895284,70
815,at:48:202,St. Gallenkirch Außergampaping,47.00207028,9.9450958,24
816,at:48:2027,Thüringen Pfadfinderheim,47.19659729,9.77220604,188
817,at:48:203,St. Gallenkirch Garfrescha Bahn,47.01655079,9.99034394,163
818,at:48:2030,Brederis Unterer Paspelsweg,47.28560308,9.58585053,1
819,at:48:2032,Altach Gallusstraße,47.35069823,9.6503855,29
820,at:48:2033,Altach Bahnstraße,47.35228669,9.65085263,29
821,at:48:2035,Altach Mühlbachstraße,47.35676579,9.64607359,29
822,at:48:2036,Altach Feuerwehr,47.35846361,9.64833734,29
823,at:48:2037,Altach Staudenstraße,47.35948592,9.65066398,29
824,at:48:2039,Götzis Hopbach,47.34095946,9.63160173,56
825,at:48:204,St. Gallenkirch Gh Reutehorn,47.00566014,9.94737752,24
826,at:48:2041,Götzis Gasthaus Rose,47.3460908,9.62268146,56
827,at:48:2042,Mäder Egelseestraße,47.34857411,9.62141484,55
828,at:48:2043,Mäder Schulheim,47.34920101,9.61508171,55
829,at:48:2044,Mäder Wies,47.3508869,9.61350966,55
830,at:48:2045,Mäder Firma Huber,47.35318132,9.6134378,112
831,at:48:2046,Mäder Industriegebiet,47.35744735,9.62110042,56
832,at:48:2047,Mäder Feldweg,47.35566431,9.62298689,56
833,at:48:2048,Mäder Ulimahd,47.35246927,9.62475657,56
834,at:48:2049,Meiningen Stobernweg,47.29033765,9.58293999,133
835,at:48:205,Gortipohl Innergant,47.01163863,9.99474568,163
836,at:48:2050,Götzis Mösleweg,47.34671772,9.64791514,58
837,at:48:2051,Altach Widenfeldstraße,47.34730812,9.63865351,56
838,at:48:2052,Rankweil Rüggelen,47.26835518,9.62569082,30
839,at:48:2053,Schoppernau Vorderhopfreben,47.2912577,10.04636288,43
840,at:48:2058,Bolgenach Ach,47.46342124,9.96405025,14
841,at:48:2059,Brederis Volksschule,47.27912511,9.60982657,1
842,at:48:206,Bludenz Campingplatz,47.16160421,9.81727452,28
843,at:48:2060,Dornbirn Hatlerstraße,47.39775374,9.73172795,112
844,at:48:2061,Schruns Gaueser Wald,47.08299803,9.89920087,25
845,at:48:2062,Gantschier Kirche,47.08942046,9.88614835,33
846,at:48:2063,Gantschier Campingplatz,47.09293106,9.87879115,33
847,at:48:2064,Vandans Fa. Form,47.09176904,9.87244904,28
848,at:48:2065,Vandans Schwimmbad,47.0932552,9.86752627,30
849,at:48:2066,Lauterach Industriegebiet,47.46312366,9.72795503,195
850,at:48:2069,Vandans Balzerstraße,47.09311454,9.85899228,13
851,at:48:207,St. Gallenkirch Silvretta Center,47.02079497,9.97252136,22
852,at:48:2072,Vandans Heitersheimerplatz,47.09674109,9.86413962,13
853,at:48:2074,Vandans Oberbündta,47.09984762,9.85701598,13
854,at:48:2075,Vandans Almastraße,47.1018472,9.85728548,13
855,at:48:2076,Vandans Scheibenkopfstraße,47.1048984,9.8562075,13
856,at:48:2077,Vandans Gluandistraße,47.10736247,9.85484206,13
857,at:48:2078,Vandans Untere Venserstraße,47.10889099,9.85937855,13
858,at:48:2079,Vandans Glusavinastraße,47.10352263,9.86282808,13
859,at:48:208,St. Gallenkirch Mazeis,47.04058442,9.94342493,183
860,at:48:2080,Vandans Bündtliweg,47.09968863,9.86296283,13
861,at:48:2081,Lauterach Achstraße,47.48308852,9.7318088,114
862,at:48:2082,Bartholomäberg Außerböden,47.10154146,9.86790357,21
863,at:48:2083,St. Anton i.M. Gufel,47.10541201,9.86673576,21
864,at:48:2084,St. Anton i.M. Kirche,47.11516358,9.86295385,8
865,at:48:2085,St. Anton i.M. Widum,47.1137086,9.86671779,8
866,at:48:2086,St. Anton i.M. Bärgerstraße,47.11241254,9.86979901,8
867,at:48:2088,Vandans Daunerstraße,47.10664099,9.8610584,13
868,at:48:2089,Eichenberg Eplisgehr,47.53872904,9.78851944,9
869,at:48:209,St. Gallenkirch Montafonerhüsli,47.03414998,9.95213859,183
870,at:48:2090,Eichenberg Unterfluh,47.54501143,9.79096286,3
871,at:48:2092,Möggers Ramsach,47.56213259,9.79335238,2
872,at:48:2093,Wolfurt Schmerzenbildstraße,47.46965193,9.74349588,81
873,at:48:2096,Hörbranz Backenreute,47.54465973,9.76198321,1
874,at:48:2097,Hörbranz Am Bächle,47.54875868,9.75677298,43
875,at:48:2098,Hörbranz Grünau,47.56140518,9.75070037,1
876,at:48:2099,Hörbranz Gwigger Straße,47.56849704,9.75876724,2
877,at:48:21,Schruns Kulturbühne,47.079499,9.9134212,60
878,at:48:210,St. Gallenkirch Nanaree,47.01923329,9.98169316,163
879,at:48:2102,Bildstein Obere Bereute,47.44871,9.79806854,9
880,at:48:2103,Lustenau Brändlestraße,47.42570556,9.66890876,91
881,at:48:211,St. Gallenkirch Zentrum,47.02062961,9.97377901,163
882,at:48:2115,Lustenau Sandstraße,47.43654673,9.65237976,2
883,at:48:212,St. Gallenkirch Suggadin,47.01487875,9.95273148,24
884,at:48:2127,Thüringen Hubertusweg,47.20204781,9.77575438,37
885,at:48:2129,Wolfurt Cubus,47.46779981,9.74894866,91
886,at:48:213,St. Gallenkirch Valisera Bahn,47.02134613,9.96499348,186
887,at:48:2131,Gantschier Hosensee,47.09464958,9.87403906,28
888,at:48:2132,Batschuns Volksschule,47.27845472,9.66761519,3
889,at:48:2133,Bregenz Landstraße,47.4890073,9.73471934,408
890,at:48:2134,Alberschwende Fischbach,47.46561361,9.83451319,10
891,at:48:2135,Lauterach Lerchenpark,47.47694442,9.72623026,282
892,at:48:2136,Wolfurt Bucherstraße,47.47461288,9.76004285,10
893,at:48:2137,Bildstein Deschen,47.45903624,9.78034478,2
894,at:48:2138,Alberschwende Untere Bereute,47.44877075,9.80380877,9
895,at:48:2139,Bludenz Autohaus Gunz,47.14314892,9.83264469,90
896,at:48:214,St. Gallenkirch Winkel,47.01947214,9.95316267,24
897,at:48:2140,St. Anton i.M. Graves,47.11331734,9.86817306,8
898,at:48:2142,Dornbirn Achfurt,47.42680558,9.72093919,217
899,at:48:2145,Weiler Untere Halde,47.30594593,9.65970103,1
900,at:48:2146,Sulz Gemeindeamt,47.28783941,9.65323316,377
901,at:48:2147,Brederis Betriebsgebiet L190,47.28050243,9.6188726,44
902,at:48:2148,Rankweil M.-Rheinberger-Str.,47.27535253,9.64352237,48
903,at:48:2152,Tschagguns Feuerwehrhaus,47.07559598,9.90397092,70
904,at:48:2154,Bregenz Schule Rieden,47.49411816,9.72632908,351
905,at:48:2155,Thal Hagen,47.53905045,9.8846841,27
906,at:48:2156,Silbertal Kapell Bahn,47.09579319,9.96775131,36
907,at:48:2157,Bludenz Betriebsgebiet Alfenz,47.13633576,9.83601337,28
908,at:48:2158,Mäder Im Hau,47.35449586,9.61748021,56
909,at:48:2159,Damüls Unterdamüls Loipe,47.28029523,9.88478291,39
910,at:48:2160,Damüls Hotel Damülser Hof,47.28067917,9.88117168,39
911,at:48:2161,Damüls Stofel/Gh Zimba,47.27949078,9.86519964,36
912,at:48:2162,Damüls Gh Jägerstüble,47.2790276,9.85374612,36
913,at:48:2163,Damüls Skischule,47.28677915,9.88833126,24
914,at:48:2164,Damüls Hotel Alpenblume,47.28595651,9.89050518,22
915,at:48:2165,Damüls Parkplatz Walisgaden,47.29272001,9.88426189,10
916,at:48:2167,Au Schrecken,47.32294409,9.98216927,30
917,at:48:2168,Riefensberg Basern,47.48858238,9.95208469,34
918,at:48:2169,Riefensberg Gaden,47.49365687,9.9534142,34
919,at:48:217,Bludenz Im Winkel,47.16124995,9.82508088,29
920,at:48:2170,Schwarzach Tobelwirtin,47.44586689,9.77576337,57
921,at:48:2171,Altach Gasthaus Hirschen,47.3557495,9.65110416,29
922,at:48:2176,Lochau Feuerwehr,47.53372562,9.75223649,75
923,at:48:2180,Lauterach Rathaus,47.47521399,9.73085659,280
924,at:48:2181,Bezau Dorfplatz,47.3852016,9.90223718,89
925,at:48:2182,Bezau Brugg,47.38278692,9.89920985,20
926,at:48:2184,Bezau Obere,47.38504346,9.91386138,20
927,at:48:2188,Lustenau Altes Feuerwehrhaus,47.42950387,9.66403091,1
928,at:48:2190,Lustenau Sonnenstraße,47.42369995,9.65345774,44
929,at:48:2191,Lustenau Im Schützengarten,47.41974926,9.65412249,46
930,at:48:2194,Damüls Gästehaus Bertsch,47.28338494,9.90052139,41
931,at:48:2195,Damüls Oberdamüls,47.28186143,9.88370493,82
932,at:48:2197,Lauterach Hubertusweg,47.47016201,9.73988465,81
933,at:48:2198,Mellau Kanisfluh,47.34988876,9.88289645,14
934,at:48:22,Tschagguns Hotel Cresta,47.07710706,9.90230006,71
935,at:48:2206,Hittisau Hinteregg Busplatz,47.46676137,9.94598513,35
936,at:48:2207,Bartholomäberg Hof,47.09159168,9.91987111,35
937,at:48:2208,Ebnit Sattelweg,47.3502235,9.75850673,4
938,at:48:2209,Lustenau Reichenau,47.41546396,9.65442792,46
939,at:48:221,Stuben Hotel Post,47.13936666,10.15761923,169
940,at:48:2210,Hard Schäfferhofstraße,47.48616637,9.71303401,57
941,at:48:2211,Hard Wasserturm,47.48464264,9.69911012,57
942,at:48:2213,Dornbirn Gleggenweg,47.43476028,9.70988092,112
943,at:48:2215,Lustenau Rotkreuzstraße,47.4449799,9.66247683,167
944,at:48:2216,Dornbirn Bohnenmahdstraße,47.41414486,9.73317424,303
945,at:48:2217,Gargellen Zuggenwald,46.99746313,9.94316442,24
946,at:48:2219,Lustenau Grüttstraße,47.44519861,9.6596651,37
947,at:48:222,Lech Stubenbach,47.22112326,10.15619091,172
948,at:48:2221,Hohenems Gutenbergstraße,47.37340692,9.67879922,74
949,at:48:2222,Hohenems Sohlstraße,47.36984184,9.68495268,75
950,at:48:2223,Lustenau Scheibenstraße,47.43576896,9.67607732,112
951,at:48:2224,Hohenweiler Grenze,47.59464376,9.779159,27
952,at:48:2226,Hörbranz Stöhrenholz,47.56622411,9.7526587,1
953,at:48:2227,Hohenems Appenzeller Straße,47.35610247,9.66523465,60
954,at:48:2229,Hard Falkenweg,47.47860194,9.6963523,55
955,at:48:2230,Nenzing Bazul,47.18378362,9.68649778,15
956,at:48:2231,Nenzing Burgweg,47.18226336,9.6944838,15
957,at:48:2233,Altach Islamischer Friedhof,47.3459995,9.66292598,108
958,at:48:2234,Götzis Volksschule Moos,47.33085968,9.63439549,2
959,at:48:2235,Schruns Verwallweg,47.0727144,9.9265366,258
960,at:48:2237,Bregenz Oberer Forstweg,47.49003315,9.7576174,5
961,at:48:2239,Damüls Furkalift,47.2803196,9.87190107,36
962,at:48:224,Stubenbach Haus Bernhard,47.22154423,10.15446614,151
963,at:48:2241,Hittisau Hangernfluh,47.45198424,9.99945286,30
964,at:48:2242,Koblach DorfMitte,47.33093883,9.60107698,166
965,at:48:2243,Tosters Am Schellenberg,47.22802925,9.55846988,58
966,at:48:2246,Götzis Am Garnmarkt,47.33713041,9.64705275,82
967,at:48:2248,Brand Mountain Lodge,47.09776847,9.7351685,63
968,at:48:225,Stubenbach Markus-Kapelle,47.22219704,10.15585853,77
969,at:48:2251,Bezau Kretzboden,47.37363201,10.01311623,8
970,at:48:2252,Au Kreuzgasse,47.32047175,9.98923003,30
971,at:48:2253,Hard Industrie Süd,47.47857159,9.67552935,56
972,at:48:2254,Hard Industrie Mitte,47.48243893,9.67692174,56
973,at:48:2255,Rankweil Römergrund,47.27985034,9.62142382,34
974,at:48:2256,Vandans Zwischenbachstraße,47.0915244,9.86145366,13
975,at:48:2257,Hard Industrie Nord,47.48515258,9.68011974,56
976,at:48:2259,Hörbranz Seeblick,47.55927743,9.76207304,42
977,at:48:226,Sulz Gasthaus Adler,47.28247693,9.65098737,189
978,at:48:2260,Lochau Bahnhofstraße,47.53055958,9.75069139,30
979,at:48:2261,Dornbirn Furt,47.42619176,9.71891798,112
980,at:48:227,Bludenz St. Peterstraße,47.15117083,9.8249102,87
981,at:48:2273,Bartholomäberg Grünerwald,47.08540806,9.91238814,38
982,at:48:2274,Bolgenach Herbigen,47.46498202,9.97902517,14
983,at:48:2275,Bolgenach Schönenbühl,47.46776944,9.95486947,34
984,at:48:2276,Sulz Unterm Berg,47.2910871,9.64853497,20
985,at:48:2277,Röthis Alte Landstraße,47.29477935,9.6461724,28
986,at:48:2278,Koblach Straßenhäuser Süd,47.31186637,9.61997753,102
987,at:48:2279,Lech Schlosskopf,47.21203795,10.14503383,144
988,at:48:228,Sulz Alemannenstraße,47.28688883,9.65114009,31
989,at:48:2282,Hard Grafencenter,47.47775801,9.67947295,55
990,at:48:2283,Lauterach Zum Kreuz,47.47920301,9.73179982,114
991,at:48:2285,Bludenz Altstoffsammelzentrum,47.13670852,9.83911256,28
992,at:48:2286,Hittisau Helmisau Stollen,47.45636376,9.99267058,30
993,at:48:2287,Lauterach Rotachstraße,47.4765437,9.71474979,55
994,at:48:2289,Lustenau Raiffeisenstraße,47.42552931,9.65771576,44
995,at:48:229,Sulz Frödisch-Brücke,47.28410402,9.65645811,31
996,at:48:2290,Emsreute Schollaschopf,47.37368676,9.73476426,28
997,at:48:2293,Au Lisse,47.32224381,9.97611463,20
998,at:48:2294,Schoppernau Hinterm Stein,47.30761493,10.02400381,43
999,at:48:2295,Bizau Eschenmoos,47.37051107,9.9149124,54
1000,at:48:2296,Au Leue,47.3181759,9.96182243,20
1001,at:48:2297,Hard Wirke,47.48512223,9.692777,55
1002,at:48:2298,Bludenz Untere Bünta,47.15217882,9.8379717,19
1003,at:48:2299,Damüls Parkplatz Uga,47.28612104,9.88798091,20
1004,at:48:23,Tschagguns Schanzenzentrum,47.06781354,9.91528071,70
1005,at:48:2301,Klösterle Flexengalerie,47.14066207,10.16597356,48
1006,at:48:2303,Lustenau Rosenlächerstraße,47.42862269,9.66061731,1
1007,at:48:2309,Hohenems Salomon-Sulzer-Straße,47.36737169,9.68911187,166
1008,at:48:231,Sulz Lonserstraße,47.28810143,9.64772649,31
1009,at:48:2310,Bludenz Spitalgasse,47.15994283,9.82340103,29
1010,at:48:2311,Damüls Sunnegg Kassa,47.29176952,9.87901573,12
1011,at:48:2312,Damüls Bunny's Übungswelt,47.29063012,9.88126151,12
1012,at:48:232,Sulz Gasthaus Löwen,47.28659025,9.65211027,191
1013,at:48:2326,Sonntag Volksschule,47.23865491,9.8987607,2
1014,at:48:2327,Sulzberg Fötschern,47.51780857,9.87013139,35
1015,at:48:233,Sulz-Röthis Bahnhof,47.29405433,9.63502431,39
1016,at:48:2330,Hard Holzlütweg,47.49033058,9.69450177,58
1017,at:48:2331,Rankweil Rottlaweg,47.27247569,9.6289517,91
1018,at:48:2332,Rankweil Volksschule Montfort,47.27964313,9.63991115,33
1019,at:48:2336,Schlins Wiesenbachweg,47.20445855,9.69633433,115
1020,at:48:2337,Weiler Buxera,47.30499568,9.64422306,70
1021,at:48:2338,Dornbirn Moosmahdstraße,47.41513571,9.73945346,511
1022,at:48:2339,Bezau Unterdorf,47.38531716,9.89643406,133
1023,at:48:234,Sulz Treietstraße,47.29095305,9.65270316,100
1024,at:48:2340,Hörbranz Sozialzentrum,47.55771946,9.75149987,1
1025,at:48:2341,Schröcken Unterschmitte,47.26096063,10.09437783,20
1026,at:48:2342,Dornbirn Messequartier,47.40849123,9.71192908,299
1027,at:48:2344,Dornbirn Egeten,47.40868578,9.73231186,270
1028,at:48:235,Sulz Untere Austraße,47.28211739,9.65149941,28
1029,at:48:2358,Wolfurt Lerchenstraße,47.47881444,9.74579557,56
1030,at:48:2359,Wolfurt Montfortstraße,47.47595474,9.74757423,56
1031,at:48:2361,Frastanz Auf Kasal,47.22151983,9.632527,47
1032,at:48:2364,Frastanz Kirchplatz,47.21590047,9.63244615,25
1033,at:48:2368,Au Schule,47.32313895,9.98346284,4
1034,at:48:2369,Ebnit Unteres Rappenloch,47.38419195,9.77929375,4
1035,at:48:237,Sulzberg Altersheim,47.51884599,9.90962133,5
1036,at:48:2374,Fußach Dorfstraße,47.47616118,9.66242293,101
1037,at:48:2375,Hard Alpla,47.46936653,9.67114557,56
1038,at:48:2376,Lustenau Sender,47.44578791,9.69634331,139
1039,at:48:2377,Lustenau Kindergarten Rotkreuz,47.43963338,9.66219835,57
1040,at:48:2378,Riefensberg Grenzbrücke,47.51865186,9.96869454,27
1041,at:48:238,Bludenz Fatimakirche,47.16493294,9.81304345,29
1042,at:48:2380,Feldkirch Blasenberggasse,47.23427559,9.58809632,60
1043,at:48:2384,Koblach Rheinmahd,47.3153562,9.60236157,104
1044,at:48:2385,Feldkirch Schloßgraben,47.23858172,9.59821135,142
1045,at:48:2388,Dornbirn Stöckenstraße,47.38716003,9.71959171,112
1046,at:48:239,Sulzberg Badhaus,47.52385689,9.91110355,36
1047,at:48:2391,Reuthe Feuerwehrhaus,47.37931371,9.8870287,10
1048,at:48:2392,Reuthe Bahnhöfle,47.3834499,9.87462296,10
1049,at:48:2393,Lustenau Heimkehrersiedlung,47.43921414,9.65842542,57
1050,at:48:2394,Ludesch MZO Oberland,47.19746404,9.77728152,2
1051,at:48:2395,Brederis L52/Unterer Paspelsweg,47.28758958,9.58707224,133
1052,at:48:2397,Alberschwende Kirchplatz,47.45045345,9.83075823,57
1053,at:48:2398,Wolfurt Kreiennest,47.45251272,9.75282938,55
1054,at:48:24,Tschagguns Steg,47.06315699,9.93186361,70
1055,at:48:240,Sulzberg Brögen,47.50902907,9.91034896,3
1056,at:48:2400,Egg Kammern,47.43011158,9.88849295,37
1057,at:48:2402,Wald Göttschlig,47.13051792,10.04908478,56
1058,at:48:2404,Tisis Fangsweg,47.21832888,9.5765889,29
1059,at:48:2405,Tisis Am Riedle,47.22014708,9.57780163,29
1060,at:48:2406,Tisis Käferriedweg,47.22154423,9.57384904,27
1061,at:48:2407,Tisis Legerstraße,47.22387478,9.57614873,27
1062,at:48:2408,Tisis Tisner Weiher,47.2258758,9.57798129,27
1063,at:48:2409,Tisis Grißstraße,47.22742532,9.57780163,27
1064,at:48:241,Sulzberg Brucktobel,47.52868534,9.90540823,36
1065,at:48:2410,Feldkirch Antoniushaus,47.23436098,9.58644342,29
1066,at:48:2411,Vandans Raphaelaweg,47.09231948,9.86382521,13
1067,at:48:2412,Bürs Bremschl,47.15166566,9.81553178,27
1068,at:48:2413,Bürs Almteil,47.14929529,9.81716672,27
1069,at:48:2414,Bludenz Skaterplatz,47.15495836,9.83088399,13
1070,at:48:2415,Doren Moos Kapelle,47.49645491,9.9028121,38
1071,at:48:2416,Doren Standbach Brücke,47.51026691,9.86709508,40
1072,at:48:2419,Nenzing Walgaukraftwerk,47.20025341,9.67083116,17
1073,at:48:242,Sulzberg Dorfplatz,47.52099358,9.91245102,43
1074,at:48:2420,Eichenberg Stockach,47.52437251,9.79234627,6
1075,at:48:2421,Eichenberg Lehen,47.54597555,9.78934589,6
1076,at:48:2422,Eichenberg Möschen,47.5294496,9.79925431,6
1077,at:48:2423,Bregenz Amtsplatz,47.49985363,9.75024223,4
1078,at:48:2424,Dornbirn Panoramahaus,47.41250963,9.71370775,359
1079,at:48:243,Sulzberg Eschau,47.5142654,9.87457805,35
1080,at:48:2439,Ludesch Zimbablick,47.19729313,9.78554602,29
1081,at:48:244,Sulzberg Gullenbach,47.52943141,9.96378076,6
1082,at:48:245,Sulzberg Hermannsberg,47.52530669,9.94543716,6
1083,at:48:246,Sulzberg Hermannshansen,47.52300762,9.95351301,3
1084,at:48:247,Sulzberg Hinterberg,47.52838206,9.89685627,36
1085,at:48:248,Sulzberg Holderegg,47.51740815,9.93611265,3
1086,at:48:249,Bludenz Fraßenweg,47.16648423,9.81699604,29
1087,at:48:250,Sulzberg Hompmann,47.51631003,9.88268085,35
1088,at:48:2500,Gisingen Beim Viehgatter,47.26664227,9.59123144,55
1089,at:48:2501,Gisingen Breite Lache,47.26992784,9.59075533,55
1090,at:48:2502,Rankweil L190/Betr.geb. Nord,47.28883263,9.62029194,89
1091,at:48:2503,Röthis L190/Frutzbrücke,47.29789868,9.62133399,35
1092,at:48:2504,Meiningen Industriegebiet,47.30434998,9.58304779,131
1093,at:48:2505,Göfis L65/Agasella,47.24307045,9.64495968,13
1094,at:48:2506,Göfis Bauhof,47.23764855,9.6381235,40
1095,at:48:2507,Röthis Interpark FOCUS Süd,47.30392967,9.62045364,90
1096,at:48:2508,Frastanz Bahnhofstraße,47.21834109,9.63516804,164
1097,at:48:2509,Rankweil L190/Sennhofweg,47.28112404,9.61820785,90
1098,at:48:251,Sulzberg Schönenbühl,47.52116344,9.88472901,36
1099,at:48:2510,Meiningen Luttenweg,47.30770021,9.58865328,75
1100,at:48:2511,Göfis L65/Büttels,47.23340334,9.63463804,90
1101,at:48:2512,Rankweil L190/Frutzbrücke,47.29719197,9.62091178,55
1102,at:48:252,Sulzberg Kreier,47.50521223,9.9035038,3
1103,at:48:253,Sulzberg Landrath,47.52224933,9.92469506,3
1104,at:48:254,Sulzberg Mühnen,47.51567905,9.94267035,3
1105,at:48:255,Sulzberg Gemeindehaus,47.52179435,9.91418477,38
1106,at:48:256,Sulzberg Schüssel,47.51573973,9.92268283,3
1107,at:48:257,Sulzberg Simlisgschwend,47.5178207,9.93028258,5
1108,at:48:258,Sulzberg Stein,47.5191372,9.9249376,3
1109,at:48:259,Sulzberg Unterhalden,47.52761778,9.95616304,6
1110,at:48:260,Sulzberg Wandfluh,47.51758409,9.94918313,3
1111,at:48:261,Sulzberg Weissenhalden,47.51130448,9.90235396,5
1112,at:48:262,Thal Dorfplatz,47.53734632,9.88289645,26
1113,at:48:263,Thal Kuhn,47.53330107,9.87918641,26
1114,at:48:264,Thal Martinsbrücke,47.52820616,9.87459601,26
1115,at:48:265,Thüringen Busplatz,47.1978913,9.76563037,414
1116,at:48:266,Thüringen Mittelschule,47.1972382,9.76613343,225
1117,at:48:267,Thüringen John-Douglas-Straße,47.19798286,9.76135439,348
1118,at:48:268,Thüringen Kastner,47.20188302,9.76546867,37
1119,at:48:269,Bludenz Friedhof,47.14782902,9.82770396,118
1120,at:48:27,Schruns Mühlbachweg,47.08125466,9.90322532,21
1121,at:48:270,Thüringen Quadern,47.20552657,9.77827865,37
1122,at:48:271,Thüringen Sportplatz,47.19382604,9.76637597,191
1123,at:48:272,Thüringerberg Meiern,47.21082971,9.78578857,37
1124,at:48:274,Thüringerberg Feuerwehrhaus,47.21553436,9.7849172,41
1125,at:48:275,Thüringerberg Tankstelle,47.21542453,9.79187914,37
1126,at:48:277,Tisis Dorfstraße,47.22860877,9.57984979,61
1127,at:48:278,Tisis Gallmist,47.2202874,9.5818171,30
1128,at:48:279,Alberschwende Hof-Bühel,47.45195387,9.83577981,160
1129,at:48:28,Schruns Gauenstein,47.08171956,9.90936082,24
1130,at:48:280,Bludenz Grete-Gulbransson-Weg,47.15461627,9.83417183,19
1131,at:48:281,Tisis Kehrstraße,47.22152593,9.57949046,60
1132,at:48:282,Tisis Landeskrankenhaus,47.2318052,9.58041573,249
1133,at:48:283,Tisis Leopold-Scheel-Weg,47.23100611,9.5867219,165
1134,at:48:284,Tisis Lorenz-Gehrmann-Straße,47.2315673,9.58393712,275
1135,at:48:285,Tisis Marxerweg,47.22396019,9.58539239,30
1136,at:48:286,Tisis Proßwaldenweg,47.23306786,9.58671292,215
1137,at:48:287,Tisis Rappenwaldstraße,47.22218484,9.57668772,194
1138,at:48:288,Tisis Rheinbergerstraße,47.22574769,9.58202371,33
1139,at:48:289,Tisis Schanzweg,47.22352094,9.58974024,30
1140,at:48:29,Schruns Außerlitz,47.08142594,9.9150741,24
1141,at:48:290,Tisis Zellerweg,47.23110981,9.57780163,99
1142,at:48:291,Bludenz Hotel Einhorn,47.16399236,9.81000715,232
1143,at:48:292,Tisis Töbeleweg,47.21947594,9.5727531,166
1144,at:48:293,Tosters Alberweg,47.23690444,9.57852028,71
1145,at:48:294,Tosters Blumenau,47.2493821,9.5835239,180
1146,at:48:295,Tosters Böschenmahdstraße,47.23319595,9.57546601,60
1147,at:48:296,Tosters Burgweg,47.24180804,9.58055047,129
1148,at:48:297,Tosters Hub,47.22706539,9.55753564,58
1149,at:48:298,Tosters Kapellenweg,47.23591635,9.5707768,60
1150,at:48:299,Tosters Kirche,47.23830726,9.57684043,132
1151,at:48:3,Riefensberg Schwarzen,47.50019349,9.95294707,69
1152,at:48:30,Bludenz Jellerstraße/Begle,47.1550561,9.82630259,47
1153,at:48:300,Tosters Riedteilweg,47.23545279,9.57517855,60
1154,at:48:301,Tosters Rote-Au-Weg,47.24444871,9.58673987,171
1155,at:48:303,Tosters Straßbergweg,47.23342164,9.56521623,59
1156,at:48:304,Tosters Untersteinstraße,47.24537566,9.58274236,129
1157,at:48:305,Tosters Vorarlberghalle,47.24078344,9.5893899,170
1158,at:48:306,Tosters Werdenbergstraße,47.23058521,9.56218891,58
1159,at:48:308,Tschagguns Bödma,47.05920993,9.93452263,70
1160,at:48:3088,Hard Mühlestraße,47.48259677,9.69446583,116
1161,at:48:31,Thal Au,47.52183682,9.87208073,26
1162,at:48:310,Tschagguns Ganzenahl,47.0705057,9.9116605,70
1163,at:48:3100,Hohenems Unterklien Kapelle,47.38053027,9.71359995,9
1164,at:48:3107,Götzis Rathaus,47.33525536,9.64413323,42
1165,at:48:311,Tschagguns Innerzelfen,47.06524362,9.92549456,70
1166,at:48:312,Tschagguns Lochmühle,47.07473947,9.88869956,70
1167,at:48:313,Bludenz Gymnasium,47.15650384,9.82801837,84
1168,at:48:314,Tschagguns Maurenstutz,47.04703033,9.94241882,183
1169,at:48:315,Tschagguns Rasafei,47.07457429,9.90481534,70
1170,at:48:3151,Hörbranz Bad Diezlings,47.56866675,9.7535121,1
1171,at:48:316,Tschagguns Schulsportzentrum,47.07259816,9.90812114,71
1172,at:48:3160,Levis Volksschule,47.24114327,9.60157105,1
1173,at:48:317,Tschagguns Nirastraße,47.07491078,9.89726051,70
1174,at:48:318,Tschagguns Zelfen,47.06662649,9.92052688,70
1175,at:48:319,Übersaxen Gemeindeamt,47.25261995,9.67106472,45
1176,at:48:32,Sulzberg Eientobel,47.53035336,9.90236294,36
1177,at:48:320,Übersaxen Kirchstraße,47.25580883,9.67019335,44
1178,at:48:321,Übersaxen Rainberg,47.26125936,9.67064251,45
1179,at:48:3211,Emsreute Kindergarten,47.36886231,9.70806633,1
1180,at:48:323,Langen a. A. Arlbergexpress,47.1310374,10.11040378,107
1181,at:48:324,Bludenz Halde,47.15498279,9.83698355,19
1182,at:48:326,Vandans Bahnhof,47.09868575,9.86885578,79
1183,at:48:327,Vandans Zentrum,47.09526114,9.86578354,50
1184,at:48:330,Partenen Vermuntsee,46.93720901,10.06068203,30
1185,at:48:331,Viktorsberg Feldkreuz,47.29931815,9.67292423,31
1186,at:48:332,Viktorsberg Gasthaus Alpenrose,47.30108483,9.67295118,31
1187,at:48:333,Viktorsberg Gemeindeamt,47.30201688,9.67512511,31
1188,at:48:335,Viktorsberg Hotel Viktor,47.30391748,9.67772124,31
1189,at:48:336,Wald Gasthaus Spullersee,47.13255913,10.05336974,98
1190,at:48:338,Wald Außerwald,47.12810993,10.0304627,89
1191,at:48:339,Wald Göttschlig (Sonnenkopfb.),47.13051792,10.04908478,42
1192,at:48:340,Wald Stelzistobel,47.12823828,10.03962552,89
1193,at:48:342,Warth Jägeralpe,47.26746521,10.14939066,43
1194,at:48:344,Warth Dorfplatz,47.25797936,10.18335596,43
1195,at:48:345,Warth Steffisalpe,47.26029001,10.17637605,43
1196,at:48:346,Weiler Feldstraße,47.2983495,9.65115805,341
1197,at:48:347,Weiler Dorfmitte,47.30381393,9.65248756,379
1198,at:48:348,Weiler Halden,47.30782203,9.66264751,40
1199,at:48:353,Bludenz Hofer,47.15206275,9.81748113,27
1200,at:48:358,Wolfurt Ach,47.48183183,9.74552607,111
1201,at:48:359,Wolfurt Bildsteinerstraße,47.45309586,9.7567101,125
1202,at:48:360,Wolfurt Kirche,47.47324669,9.75331447,10
1203,at:48:361,Bludenz Im Moos,47.14477417,9.82595224,28
1204,at:48:362,Wolfurt Im Wida,47.48339206,9.73638123,56
1205,at:48:363,Wolfurt Inselstraße,47.47889944,9.75063749,169
1206,at:48:364,Wolfurt Mähdle,47.46218838,9.74983799,222
1207,at:48:365,Wolfurt Rathaus-Cubus,47.46733221,9.74999968,224
1208,at:48:367,Wolfurt Rickenbach,47.45688005,9.75238022,169
1209,at:48:368,Wolfurt Sportplatzstraße,47.4789723,9.75602738,113
1210,at:48:369,Wolfurt Dorfzentrum,47.47263949,9.75028715,289
1211,at:48:370,Zug Alphorn,47.19927684,10.10439405,282
1212,at:48:371,Bludenz Winkelweg,47.16437104,9.82139778,29
1213,at:48:372,Zug Auerhahn,47.19899607,10.10157334,232
1214,at:48:373,Zug Egg,47.20099193,10.11550621,282
1215,at:48:374,Zug Kirchle,47.20073558,10.10980191,282
1216,at:48:376,Zürs Arlberghaus,47.16895766,10.16342234,261
1217,at:48:377,Zürs Seekopfbahn,47.17610859,10.16204792,219
1218,at:48:378,Zürs Trittkopfbahn,47.16773623,10.16399727,285
1219,at:48:379,Alberschwende Zoll,47.4493843,9.80971968,106
1220,at:48:382,Bludenz Kasernplatz,47.15578303,9.81689722,130
1221,at:48:384,Beschling Burggasse/L190,47.1950896,9.68362317,38
1222,at:48:385,Bludenz Klarenbrunn-Fabrik,47.1476213,9.82274526,27
1223,at:48:387,Mäder Stüdlers Mahd,47.35081386,9.62658913,167
1224,at:48:388,Bludenz Krankenhaus,47.15899606,9.82137083,57
1225,at:48:389,Bludenz Lager Schmidt's Erben,47.14164582,9.82977008,28
1226,at:48:390,Bludenz Oberfeldweg,47.16290519,9.82312255,29
1227,at:48:391,Bludenz Paschgweg,47.14076594,9.83578879,28
1228,at:48:392,Bludenz Post-Kreuzung,47.15669931,9.81884657,169
1229,at:48:393,Bludenz Postamt,47.15665655,9.81837046,257
1230,at:48:395,Bludenz Pulverturm-Kreuzung,47.1553432,9.81757096,41
1231,at:48:396,Bludenz Riedmillerplatz,47.15493392,9.82201762,60
1232,at:48:397,Bludenz Rosenpark,47.15700473,9.82539529,32
1233,at:48:398,Bludenz Rungelin,47.15234377,9.83992104,19
1234,at:48:399,Bludenz Rungelin/Messweg,47.15242319,9.83475573,19
1235,at:48:4,Rankweil Im Grisseler,47.27817437,9.64491476,44
1236,at:48:400,Bludenz VAL BLU/Stadion,47.15715745,9.83075823,67
1237,at:48:401,Bludenz Oberdaneu/Seilbahn Muttersberg,47.16674074,9.81901725,29
1238,at:48:402,Bludenz Sparkassenplatz,47.15539818,9.82052642,110
1239,at:48:403,Altach Apotheke,47.35413071,9.65616167,113
1240,at:48:404,Bludenz Spritzerbau,47.14950911,9.82066117,27
1241,at:48:405,Viktorsberg Kirche,47.30197424,9.67773022,31
1242,at:48:407,Bludenz Suchardstraße,47.16114612,9.81996946,28
1243,at:48:408,Bludenz Tränkeweg,47.14272121,9.83240215,28
1244,at:48:409,Bludenz Unterfeld,47.15223381,9.833013,41
1245,at:48:410,Bludenz Volksschule-Mitte,47.15402983,9.82430833,60
1246,at:48:411,Bludenz Wichner,47.15353501,9.81760689,45
1247,at:48:412,Bludenz Obdorfweg,47.16411452,9.81842436,29
1248,at:48:414,Bludesch Dorfzentrum,47.19905711,9.74539133,345
1249,at:48:415,Bludesch Siedlung,47.19996044,9.75157174,345
1250,at:48:416,Bludesch Walgaupark,47.19704898,9.74121416,344
1251,at:48:417,Bolgenach Häusern,47.46374312,9.97020371,14
1252,at:48:418,Bolgenach Au,47.47120038,9.94981195,34
1253,at:48:419,Bolgenach Gfäll,47.46616017,9.9590107,34
1254,at:48:420,Bolgenach Komma,47.46376134,9.96163378,35
1255,at:48:421,Bolgenach Reute,47.46470266,9.98872697,14
1256,at:48:422,Brand Galaferda,47.11692418,9.75140106,63
1257,at:48:423,Brand Hotel Zimba,47.11420379,9.74723287,63
1258,at:48:424,Brand Gemeindezentrum,47.10957575,9.74330724,63
1259,at:48:425,Brand Hotel Walliserhof,47.10582779,9.74131298,63
1260,at:48:426,Altach Kapelle Bauern,47.35877395,9.66481245,201
1261,at:48:427,Brand Palüdbahn,47.09526114,9.73577935,63
1262,at:48:428,Brand Kirche,47.10354097,9.73788141,63
1263,at:48:429,Brand Schattenlaganthütte,47.07212094,9.74943375,34
1264,at:48:43,Gaschurn Kirche,46.98742039,10.02642926,1
1265,at:48:430,Brand Sonnenlagant,47.07857527,9.73387493,34
1266,at:48:432,Außerbraz Abzw. Bahnhof,47.14690648,9.89444878,88
1267,at:48:433,Innerbraz Abz. Schwimmbadweg,47.14556234,9.90902844,87
1268,at:48:434,Außerbraz Barbiel,47.14671097,9.88734311,88
1269,at:48:435,Außerbraz Hotel Traube,47.14625274,9.90141971,87
1270,at:48:436,Innerbraz Kraftwerkssiedlung,47.14179247,9.92557541,86
1271,at:48:437,Altach Emme,47.35397857,9.64219287,113
1272,at:48:438,Innerbraz Mühleplatz,47.13816899,9.93259125,86
1273,at:48:439,Innerbraz Schulen,47.14463975,9.91835295,87
1274,at:48:44,Nüziders Gartenstraße,47.17252409,9.80283859,144
1275,at:48:440,Brederis Heeb,47.27410307,9.61348271,165
1276,at:48:441,Brederis Hirschmann Automotive,47.28431121,9.58909345,46
1277,at:48:442,Brederis Holderweg,47.27863756,9.60407735,166
1278,at:48:443,Brederis Kirchstraße,47.27704078,9.60847909,166
1279,at:48:444,Brederis Krönele,47.27242083,9.61553985,428
1280,at:48:445,Brederis Kunert,47.28604182,9.58992888,182
1281,at:48:446,Bregenz Achbrücke,47.48722263,9.73331797,192
1282,at:48:447,Altach Gasthaus Schwert,47.35486709,9.66191089,113
1283,at:48:448,Bregenz Achgasse,47.49522888,9.71915154,269
1284,at:48:449,Bregenz Achsiedlung,47.49826354,9.70661106,330
1285,at:48:45,Gaschurn Camping Nova,46.99817383,10.01395166,163
1286,at:48:450,Bregenz Andreas-Hofer-Park,47.49305597,9.72454143,2
1287,at:48:451,Bregenz Auf der Matte,47.49822105,9.72529601,137
1288,at:48:452,Bregenz Bahnhof,47.50234184,9.73995652,1479
1289,at:48:453,Bregenz Barbenweg,47.49585404,9.70847955,274
1290,at:48:454,Bregenz Riedenburg Bahnhof,47.49386323,9.721038,326
1291,at:48:455,Bregenz Brachsenweg,47.49782656,9.71135416,218
1292,at:48:456,Bregenz Brielgasse,47.49334731,9.72808079,410
1293,at:48:459,Altach Kirche,47.35407594,9.65090653,142
1294,at:48:46,Nüziders Flurweg,47.17377594,9.79726904,233
1295,at:48:460,Bregenz City Tunnel,47.49897362,9.73409052,209
1296,at:48:461,Bregenz Dorf Rieden,47.4914596,9.73070387,384
1297,at:48:462,Bregenz Druckergasse,47.50268168,9.72776638,194
1298,at:48:463,Bregenz Feldmoosgasse,47.49146567,9.73830362,296
1299,at:48:464,Bregenz Franz Ritter,47.49362652,9.74049551,399
1300,at:48:465,Bregenz Blumenegg,47.49982328,9.73133269,110
1301,at:48:466,Bregenz Hafen Bahnhof,47.50617102,9.7482839,143
1302,at:48:467,Bregenz Harder Brücke,47.493669,9.71153382,264
1303,at:48:469,Bregenz Inselstraße/Kornmarkt,47.50461753,9.74569675,144
1304,at:48:47,Lustenau Rheindorferstraße,47.43189818,9.65350266,33
1305,at:48:470,Altach Walserstraße,47.35672319,9.66334819,201
1306,at:48:471,Bregenz Kaserne,47.50871354,9.75172445,116
1307,at:48:472,Bregenz Kronhalden,47.48968716,9.74215739,257
1308,at:48:473,Bregenz Kuengasse,47.49580548,9.72527805,139
1309,at:48:474,Bregenz Laimgrubengasse,47.4906523,9.71993307,54
1310,at:48:475,Bregenz Wolfordstraße,47.49510143,9.71510912,264
1311,at:48:476,Bregenz Kolumbanstraße/LKH,47.49807539,9.745032,7
1312,at:48:477,Bregenz Michl-Felder-Straße,47.50686279,9.75364684,29
1313,at:48:478,Bregenz M.-Gaismayr-Straße,47.49459765,9.72402939,321
1314,at:48:479,Bregenz Mariahilf,47.49553843,9.72698485,109
1315,at:48:480,Bregenz Sanatorium,47.5024268,9.71745372,56
1316,at:48:482,Bregenz Meinradgasse,47.50297297,9.72496364,56
1317,at:48:483,Bregenz Montfortstraße,47.50250569,9.74478946,820
1318,at:48:485,Bregenz Neu Amerika,47.5037194,9.70902752,56
1319,at:48:486,Bregenz Pfänderbahn,47.50499377,9.75204784,29
1320,at:48:487,Bregenz Prälatendammstraße,47.49404532,9.71073432,274
1321,at:48:488,Bregenz Quellenstraße,47.50083072,9.73478222,110
1322,at:48:490,Bregenz Reutegasse,47.4970497,9.72602365,209
1323,at:48:491,Bregenz Rheinstraße,47.49743813,9.72908691,110
1324,at:48:492,Altenstadt Churwaldenstr.,47.26575227,9.61509968,208
1325,at:48:493,Bregenz Rummergasse,47.50161359,9.72609552,138
1326,at:48:494,Bregenz Schule Schendlingen,47.49238222,9.71531573,3
1327,at:48:496,Bregenz Stadion,47.50289408,9.73483612,194
1328,at:48:498,Bregenz Stadtwerke,47.50031486,9.72410126,137
1329,at:48:499,Bregenz Steinachstraße,47.49074335,9.71580082,54
1330,at:48:5,Rankweil Lerchenweg,47.28206863,9.64108794,15
1331,at:48:500,Bregenz Stoppelfeldgasse,47.49742599,9.71717524,215
1332,at:48:5001,Dornbirn Ausweichschule,47.4217368,9.74771796,2
1333,at:48:5003,Hohenems Unterklien Trafo,47.38294506,9.71306096,9
1334,at:48:5004,Hohenems St.-Valentins-Weg,47.3723362,9.69962216,9
1335,at:48:5009,Lustenau Weiherstraße,47.4317098,9.670382,3
1336,at:48:501,Bregenz Am Tannenbach,47.5083616,9.75406905,29
1337,at:48:5010,Lustenau VKW,47.43550768,9.67404713,3
1338,at:48:5011,Lustenau Mozartstraße,47.43541653,9.67067845,3
1339,at:48:5014,Bregenz Marienberg,47.49670375,9.74645134,3
1340,at:48:502,Altenstadt Breitenstraße,47.26028392,9.60882045,79
1341,at:48:503,Bregenz Tschermakgarten,47.4966734,9.73793531,406
1342,at:48:5031,Hörbranz Am Giggelstein,47.5493165,9.76158795,1
1343,at:48:504,Bregenz Ölrain,47.49689797,9.73530325,646
1344,at:48:5041,Au Schrecken/Kreuzg.,47.32324856,9.99015529,1
1345,at:48:505,Bregenz Hechtweg,47.50373154,9.7126657,56
1346,at:48:5056,Dornbirn Messeplatz,47.41116614,9.71056364,544
1347,at:48:506,Bregenz Vorklostergasse,47.50271202,9.73063201,194
1348,at:48:5076,Altach Kirchfeldstraße,47.3521954,9.6544369,29
1349,at:48:508,Bregenz Weinschlößle,47.49413637,9.74138484,257
1350,at:48:509,Bregenz Wocherhafen,47.50276057,9.70313458,56
1351,at:48:510,Bregenz Wolfeggstraße,47.50009638,9.73966906,817
1352,at:48:512,Altenstadt Heimatweg,47.26001567,9.61179388,108
1353,at:48:513,Buch Bach,47.48376845,9.81093241,10
1354,at:48:514,Buch Dorfplatz,47.48147364,9.81783147,10
1355,at:48:515,Buch Heimen/Risar,47.48212324,9.82252068,10
1356,at:48:516,Buch Höfling,47.48577785,9.82084083,10
1357,at:48:517,Buch Ippachwald,47.48138864,9.80058382,10
1358,at:48:518,Buch Mereute,47.48009549,9.8246946,10
1359,at:48:519,Buchboden Kirche,47.24485121,9.95163553,17
1360,at:48:520,Dornbirn Erlgrund,47.4033842,9.72216988,156
1361,at:48:522,Bürs Dorfmitte,47.15079817,9.80254215,104
1362,at:48:524,Bürs Lünerseepark,47.15173286,9.81069885,54
1363,at:48:525,Bürs Schesa,47.15618008,9.80026042,103
1364,at:48:526,Bürserberg Gemeindeamt,47.1415725,9.77772169,63
1365,at:48:527,Bürs Ragazens,47.15350447,9.79338831,63
1366,at:48:528,Bürserberg Tschappina,47.13164243,9.77460454,63
1367,at:48:529,Dafins Höfle,47.29243364,9.69240869,47
1368,at:48:530,Dafins Kirche,47.2937375,9.68526709,48
1369,at:48:531,Dafins Morsch,47.29193403,9.69471736,47
1370,at:48:532,Dafins Neugut,47.29355472,9.68179061,48
1371,at:48:533,Dafins Unterberg,47.29210463,9.67999397,48
1372,at:48:534,Altenstadt Kaiserstraße,47.25853417,9.61667173,119
1373,at:48:536,Dalaas Erlenau,47.12422269,10.01300843,89
1374,at:48:537,Dalaas Gasthaus Krone,47.12276796,9.98693034,87
1375,at:48:538,Dalaas Kristbergsaal,47.12281686,10.0014022,90
1376,at:48:539,Dalaas Postfeld,47.12226063,9.99519484,87
1377,at:48:540,Dalaas Radona,47.12653307,10.01796713,89
1378,at:48:541,Damüls Drei Häuser,47.28460371,9.90828284,61
1379,at:48:542,Damüls Kirchdorf,47.28008193,9.89136756,84
1380,at:48:543,Damüls Schwende,47.28694367,9.91875719,20
1381,at:48:544,Altenstadt Kloster,47.26097283,9.6188726,250
1382,at:48:545,Damüls Berghotel Madlener,47.28375667,9.89305639,61
1383,at:48:546,Damüls Uga-Lift,47.28552386,9.88834024,91
1384,at:48:547,Danöfen Haus St. Martin,47.13067071,10.0645897,98
1385,at:48:552,Doren Brenden,47.48695553,9.85588411,40
1386,at:48:553,Doren Egg-Dorf,47.48825459,9.86146265,40
1387,at:48:554,Doren Sportplatz,47.49203017,9.85318018,40
1388,at:48:555,Altenstadt Naflastraße,47.26085699,9.61524341,294
1389,at:48:556,Doren Zentrum,47.49264322,9.8805249,45
1390,at:48:557,Doren Halden,47.50185027,9.88920262,5
1391,at:48:558,Doren Hemmessen,47.49042164,9.87062546,40
1392,at:48:559,Doren Huban,47.49593294,9.89482607,41
1393,at:48:560,Doren Moos,47.49663092,9.90700723,38
1394,at:48:561,Doren Rotach Mitte,47.50298511,9.86245978,40
1395,at:48:562,Doren Schnoran,47.49494969,9.88947212,38
1396,at:48:563,Doren Standbach,47.5076031,9.86607999,40
1397,at:48:564,Doren Stein,47.50016921,9.89520337,5
1398,at:48:566,Alberschwende Achrain,47.44522292,9.81958319,56
1399,at:48:567,Altenstadt Bahnhof,47.25622953,9.61545002,119
1400,at:48:569,Dornbirn Achrain Ebene,47.44063589,9.78130597,57
1401,at:48:570,Dornbirn Treffpunkt a.d.Ach,47.41026034,9.72937437,824
1402,at:48:571,Dornbirn Am Eisweiher,47.42752879,9.72607755,53
1403,at:48:578,Göfis Gemeindeamt,47.23591635,9.63070342,95
1404,at:48:579,Dornbirn Am Stiglbach,47.43176449,9.75052969,432
1405,at:48:580,Dornbirn Am Wall,47.41314184,9.75270361,359
1406,at:48:583,Dornbirn Bachmähdle,47.39389841,9.73715378,248
1407,at:48:584,Altenstadt Rebberggasse,47.25353456,9.61485713,411
1408,at:48:585,Dornbirn Bahnhof,47.41741518,9.73859108,3252
1409,at:48:586,Dornbirn Bartle-Zumtobel-Str.,47.43002042,9.73784548,112
1410,at:48:587,Dornbirn Birkenwiese,47.41501413,9.7237599,282
1411,at:48:59,Mellau Gewerbepark Brand,47.34710118,9.90209345,64
1412,at:48:590,Dornbirn Bildgasse,47.41583476,9.73509663,247
1413,at:48:591,Lech Kirchblick,47.21477774,10.14876184,24
1414,at:48:594,Dornbirn Bleichestraße,47.3894468,9.7235443,278
1415,at:48:595,Schwarzenberg Bödele,47.42329273,9.80932443,54
1416,at:48:596,Dornbirn Bosnien,47.40487989,9.76601665,144
1417,at:48:6,Rankweil K.-Moosbrugger-Straße,47.28216004,9.63551839,15
1418,at:48:600,Dornbirn H. Achmühlerstraße,47.40204049,9.74861628,398
1419,at:48:603,Dornbirn Bremenmahd,47.39163616,9.72927555,166
1420,at:48:604,Dornbirn Bündtlittenstraße,47.4178042,9.75354803,321
1421,at:48:605,Dornbirn Bürglegasse,47.39832533,9.74613693,270
1422,at:48:606,Altenstadt Susergasse,47.26324068,9.62467572,251
1423,at:48:607,Dornbirn Edlach,47.41934202,9.74336113,267
1424,at:48:608,Dornbirn Eichbrunnen,47.39787535,9.72715553,112
1425,at:48:609,Dornbirn Eigenheim,47.42232028,9.74874204,111
1426,at:48:61,Schnepfau Bauhof,47.35159897,9.93499873,62
1427,at:48:610,Dornbirn Eisengasse,47.4172693,9.74630761,214
1428,at:48:611,Dornbirn Eisplatzgasse,47.42053335,9.74581354,823
1429,at:48:613,Dornbirn Fallenberggasse,47.42018081,9.75510212,321
1430,at:48:614,Dornbirn Färbergasse,47.42018689,9.73854616,328
1431,at:48:615,Dornbirn Fischbachgasse,47.42266672,9.74626269,159
1432,at:48:616,Altenstadt Hotel Weißes Kreuz,47.26164953,9.61518053,107
1433,at:48:620,Dornbirn Friedhof Rohrbach,47.4250735,9.7262123,270
1434,at:48:621,Dornbirn Gansackerweg,47.40192496,9.73052421,112
1435,at:48:623,Dornbirn Gerbergasse,47.42515858,9.75282039,219
1436,at:48:624,Dornbirn Grändelweg,47.41690459,9.71492946,456
1437,at:48:625,Andelsbuch Scheidbuchen,47.42224734,9.89814086,71
1438,at:48:626,Dornbirn Hafnergasse,47.41120262,9.75264971,359
1439,at:48:627,Dornbirn Stadtbad,47.40945178,9.74339707,752
1440,at:48:629,Dornbirn Hanggasse,47.40266067,9.73365035,112
1441,at:48:630,Dornbirn Hatlerdorf Kirche,47.4023141,9.73810599,659
1442,at:48:631,Dornbirn Zieglergasse,47.39605111,9.73098235,332
1443,at:48:633,Dornbirn Heinzenbeer,47.41345795,9.71358198,780
1444,at:48:634,Dornbirn Im Porst,47.41971279,9.72800893,53
1445,at:48:635,Andelsbuch Gemeindeamt,47.41213881,9.89421522,71
1446,at:48:636,Dornbirn Im Schattau,47.40728748,9.75646755,89
1447,at:48:638,Dornbirn J.-G.-Ulmer-Straße,47.42644094,9.74082789,110
1448,at:48:64,Alberschwende Nannen,47.45444435,9.84182547,150
1449,at:48:640,Dornbirn Kapelle Kehlen,47.42234459,9.75547042,321
1450,at:48:641,Dornbirn Karrenseilbahn,47.40074538,9.75344922,182
1451,at:48:642,Dornbirn Kastenlangen,47.42847076,9.74374741,108
1452,at:48:643,Dornbirn Kaufmännen,47.41036368,9.72134343,392
1453,at:48:644,Dornbirn Kehlegg,47.40219249,9.77760491,141
1454,at:48:645,Dornbirn Kehlegger Rank,47.40508052,9.77418233,144
1455,at:48:646,Au Argenfall,47.31267642,9.95009043,20
1456,at:48:647,Dornbirn Kehlermähder,47.425426,9.74761017,161
1457,at:48:648,Dornbirn Kernstockstraße,47.42372426,9.72845808,53
1458,at:48:649,Dornbirn Kindergarten Forach,47.42787519,9.73494392,112
1459,at:48:65,Blons Esch,47.22478989,9.84453839,35
1460,at:48:650,Dornbirn Haselstauden Kirche,47.42994142,9.75536263,497
1461,at:48:651,Dornbirn Kirche Rohrbach,47.42245399,9.73318322,217
1462,at:48:652,Dornbirn Kirchgasse,47.40967672,9.75248802,144
1463,at:48:653,Dornbirn Klostergasse,47.41530591,9.74193281,836
1464,at:48:654,Dornbirn Klotzen,47.41151266,9.76222576,70
1465,at:48:655,Dornbirn Knie,47.43396426,9.75909064,57
1466,at:48:656,Dornbirn Köblern,47.41385916,9.70408679,224
1467,at:48:657,Au Argenwald,47.29149533,9.92808171,20
1468,at:48:658,Dornbirn Kochschule Oberdorf,47.40939707,9.75189513,324
1469,at:48:66,Rankweil Kirche St. Josef,47.27487713,9.63994708,137
1470,at:48:660,Dornbirn Kulturhaus,47.41368287,9.74460081,469
1471,at:48:661,Dornbirn Schoren Bahnhof/ORF,47.4122847,9.72729926,822
1472,at:48:662,Dornbirn Olympiazentrum,47.41723891,9.72190937,571
1473,at:48:663,Dornbirn Langwies,47.4292304,9.78912132,54
1474,at:48:664,Dornbirn Lehargasse,47.4170991,9.73081167,53
1475,at:48:665,Dornbirn Mähdergasse,47.42387012,9.75115851,174
1476,at:48:669,Au Fuchs,47.31929644,9.9857805,35
1477,at:48:67,Rankweil Übersaxnerstraße,47.27471866,9.65331401,45
1478,at:48:670,Dornbirn Messepark,47.41157345,9.71291723,588
1479,at:48:671,Dornbirn Mühlebach,47.39610583,9.74366656,221
1480,at:48:672,Dornbirn Mühlegasse,47.42755917,9.75523686,321
1481,at:48:673,Dornbirn Müllerstraße,47.40918429,9.75474279,214
1482,at:48:675,Dornbirn Nachbauerstraße,47.41715381,9.74951459,214
1483,at:48:676,Dornbirn Neugrüt,47.41464941,9.72030138,464
1484,at:48:677,Dornbirn Niederbahn,47.40134733,9.72536788,112
1485,at:48:68,Rankweil LKH,47.26097892,9.6471875,114
1486,at:48:684,Lech Omesberg,47.20401303,10.13240352,40
1487,at:48:69,Rankweil Vorderlandstraße,47.28163595,9.64114184,38
1488,at:48:690,Ebnit Niedere,47.3782857,9.78314752,4
1489,at:48:693,Au Hinterargenzipfel,47.31907111,9.96733808,20
1490,at:48:694,Dornbirn Oberfallenberg,47.42223519,9.76997822,70
1491,at:48:695,Altenstadt Studa/Räterweg,47.2683308,9.60668246,70
1492,at:48:699,Dornbirn Kehlerpark,47.4172693,9.75140106,106
1493,at:48:7,Rankweil Wiesengasse,47.28030742,9.63691976,15
1494,at:48:70,Rauz Valfagehrbahn,47.13783901,10.17973575,42
1495,at:48:700,Lech Kristiania,47.20479422,10.13616746,40
1496,at:48:704,Göfis Haldenweg,47.23866101,9.63781807,69
1497,at:48:707,Dornbirn Pater-Wehinger-Gasse,47.42620392,9.756764,214
1498,at:48:709,Dornbirn Pfellerau,47.43478458,9.75619806,115
1499,at:48:71,Klösterle Rauzalpe,47.13837675,10.17508248,67
1500,at:48:710,Dornbirn Pongartgasse,47.41367071,9.75059257,467
1501,at:48:714,Dornbirn Primelweg,47.43513094,9.73691123,113
1502,at:48:715,Alberschwende Brugg,47.45612687,9.8331747,10
1503,at:48:716,Au Am Stein,47.32850339,9.9746863,64
1504,at:48:717,Dornbirn Raimundweg,47.3997117,9.7258889,112
1505,at:48:718,Ebnit Oberes Rappenloch,47.38288423,9.78004833,4
1506,at:48:719,Dornbirn Rathaus,47.41356737,9.74400792,755
1507,at:48:72,Reuthe Baien,47.38489141,9.88304916,133
1508,at:48:721,Dornbirn Rickatschwende,47.4274437,9.77975189,70
1509,at:48:722,Dornbirn Ruhgarten,47.40089131,9.77477522,144
1510,at:48:723,Dornbirn Ruschen,47.43681408,9.76512731,57
1511,at:48:725,Dornbirn Sandgasse,47.41863086,9.73193456,53
1512,at:48:726,Ebnit Schanerloch,47.35905996,9.77272706,4
1513,at:48:728,Dornbirn Haidach,47.40309236,9.77021178,144
1514,at:48:73,Reuthe Gemeindeamt,47.37141756,9.8951315,54
1515,at:48:730,Au Lugen,47.31665949,9.99938997,65
1516,at:48:737,Ebnit Alploch/Schmitte,47.37136889,9.77473929,4
1517,at:48:739,Dornbirn Schwefelquelle,47.42579673,9.73615665,112
1518,at:48:74,Reuthe Hof,47.38476976,9.87187412,136
1519,at:48:741,Dornbirn Sägerbrücke/Campus V,47.40608369,9.74226519,948
1520,at:48:742,Au Jaghausen,47.32397319,9.97635717,66
1521,at:48:743,Dornbirn Steggasse,47.41077707,9.73425222,565
1522,at:48:744,Dornbirn Steinacker,47.39796657,9.74214841,220
1523,at:48:745,Dornbirn Steinebach,47.40495892,9.75918047,144
1524,at:48:746,Dornbirn Gasthaus Sternen,47.43750677,9.78697434,57
1525,at:48:747,Dornbirn Tugstein,47.41038192,9.75838097,70
1526,at:48:75,Reuthe Moorbad,47.37240312,9.90205751,54
1527,at:48:750,Dornbirn Kirche Schoren,47.40911134,9.72749689,390
1528,at:48:751,Lech Bürstegg,47.23380592,10.16423981,10
1529,at:48:755,Dornbirn Unterer Kirchweg,47.40218033,9.74125009,165
1530,at:48:756,Dornbirn Mittlerer Schwefel,47.43044581,9.73939956,112
1531,at:48:757,Dornbirn Volkergasse,47.41413271,9.71736389,464
1532,at:48:758,Dornbirn VS Mittelfeld,47.39977251,9.74115128,165
1533,at:48:759,Au Öberle,47.30714591,9.94585937,20
1534,at:48:76,Blons Gemeindezentrum,47.22316709,9.83390233,35
1535,at:48:760,Dornbirn VS Wallenmahd,47.39261526,9.73245559,166
1536,at:48:761,Dornbirn Waldbad Enz,47.39741322,9.7618844,182
1537,at:48:762,Dornbirn Waldmüllerstraße,47.42951603,9.74198671,106
1538,at:48:763,Dornbirn Wallenmahd,47.38820003,9.71991511,278
1539,at:48:764,Dornbirn Watzenegg,47.41309321,9.76587292,70
1540,at:48:765,Dornbirn Webergasse,47.41271024,9.73585122,505
1541,at:48:768,Dornbirn Werkhof,47.40275187,9.75037698,506
1542,at:48:769,Dornbirn Wieden,47.4316308,9.73383899,113
1543,at:48:770,Au Gemeindeamt,47.32176274,9.98064213,56
1544,at:48:771,Dornbirn Winsau Rose,47.44078779,9.80869561,57
1545,at:48:773,Dornbirn Winsau Schule,47.4392749,9.80277571,57
1546,at:48:774,Dornbirn Winsau Tobel,47.43853363,9.7956341,57
1547,at:48:776,Düns Gemeindeamt,47.22103784,9.71943002,44
1548,at:48:777,Ebnit Alpenheim,47.35061911,9.75159869,4
1549,at:48:778,Ebnit Springhaldenweg,47.34983398,9.74734067,4
1550,at:48:779,Ebnit Heumöser,47.34540908,9.74242689,4
1551,at:48:78,Faschina Hotel Domig/Guggernüllibahn,47.26795896,9.90628858,28
1552,at:48:780,Ebnit Kirche,47.34977921,9.74244485,4
1553,at:48:781,Egg Hub,47.43251194,9.90468059,63
1554,at:48:782,Au Vorderargenzipfel,47.32028297,9.97177576,20
1555,at:48:783,Egg Pfister,47.42783873,9.89742221,71
1556,at:48:784,Egg Zentrum,47.43208656,9.89768272,205
1557,at:48:785,Egg Stadel,47.42861053,9.88074947,83
1558,at:48:786,Egg Tuppen,47.44394102,9.88490867,127
1559,at:48:787,Egg Wieden,47.42554755,9.87515297,83
1560,at:48:788,Eichenberg Dorfplatz,47.53525399,9.77906018,7
1561,at:48:789,Lochau Ebnet Hof,47.53646088,9.77093941,7
1562,at:48:79,Riefensberg Golfplatz,47.51647991,9.96185836,42
1563,at:48:790,Eichenberg Abzw. Pfänder,47.53984488,9.79374764,3
1564,at:48:793,Eichenberg Lutzenreute,47.54735198,9.78597721,9
1565,at:48:794,Au Wieden,47.31537447,9.99211362,35
1566,at:48:798,Dornbirn Hermann-Gmeiner-Park,47.40393749,9.72579907,156
1567,at:48:799,Bludenz VAL BLU,47.15732848,9.83242011,19
1568,at:48:8,Halden Wasserstuba,47.20608193,9.64461832,17
1569,at:48:80,Riefensberg Springen,47.51069771,9.95213859,42
1570,at:48:8002,Lochau Betriebshof Hehle,47.53581195,9.75220954,3
1571,at:48:802,Düns Mühleweg,47.22137951,9.71455216,8
1572,at:48:803,Gaschurn Mottabella,46.97804995,10.03668802,163
1573,at:48:805,Feldkirch Montfortgasse,47.23734969,9.5939713,30
1574,at:48:806,Gisingen Beim Gräble,47.26740425,9.6043199,70
1575,at:48:807,Lech Mühle,47.20497731,10.1407848,127
1576,at:48:809,Fraxern Morgengabe,47.31810891,9.677847,35
1577,at:48:81,Riefensberg Grindel,47.49085261,9.94519461,54
1578,at:48:813,Lingenau Reute,47.45601147,9.91313374,59
1579,at:48:815,Sulzberg Fahl,47.51436247,9.86620575,106
1580,at:48:816,Faschina Passhöhe/Seilbahnen,47.2715675,9.90725876,28
1581,at:48:818,Feldkirch Busplatz,47.23858172,9.59662133,501
1582,at:48:819,Feldkirch Domplatz,47.23787422,9.59801372,138
1583,at:48:821,Feldkirch Jahnplatz,47.2372521,9.59924441,126
1584,at:48:822,Feldkirch Katzenturm,47.23853292,9.59684591,726
1585,at:48:823,Innerlaterns Bädle,47.26444162,9.7923822,5
1586,at:48:824,Feldkirch Landesgericht,47.23655068,9.5926957,481
1587,at:48:825,Feldkirch Montforthaus,47.23515392,9.5985078,30
1588,at:48:83,Riefensberg Dorf,47.50476317,9.96394245,94
1589,at:48:833,Bürs Unterrainweg,47.15154959,9.80609947,105
1590,at:48:834,Tschagguns Gemeindeamt,47.07721717,9.90090767,70
1591,at:48:836,Altenstadt Leusbündtweg/RFL,47.27023871,9.60705976,84
1592,at:48:837,Lech Valbella,47.21487537,10.14726165,78
1593,at:48:84,Riefensberg Meierhof,47.49885224,9.94621869,83
1594,at:48:840,Göfis Kirche,47.2363494,9.63237428,146
1595,at:48:842,Hochkrumbach Saloberlifte,47.26825155,10.12766041,43
1596,at:48:844,Feldkirch Rösslepark,47.23498313,9.59910967,134
1597,at:48:845,Feldkirch Schattenburg,47.23651409,9.6005829,27
1598,at:48:846,Feldkirch Schulzentrum,47.23434268,9.58985702,419
1599,at:48:85,Riefensberg Rüstenen,47.50064258,9.95834595,103
1600,at:48:850,Alberschwende Fischbach Bühel,47.477333,9.83203384,10
1601,at:48:851,Alberschwende Fischbach Burgen,47.46708323,9.83689372,10
1602,at:48:852,Alberschw. Fischbach Unterrain,47.47243304,9.83344419,10
1603,at:48:854,Tisis Letzestraße,47.22596731,9.5826705,165
1604,at:48:856,Zürs Flexenpass,47.1575606,10.16473389,74
1605,at:48:857,Fluh Grünau,47.49021525,9.77997647,96
1606,at:48:858,Fluh Schülan-Hor,47.49141104,9.78749536,96
1607,at:48:86,Röns Gasthaus Löwen,47.21538792,9.69888555,54
1608,at:48:860,Fluh Trübenbach,47.4929892,9.79240017,96
1609,at:48:861,Sonntag Gasthaus Buchholz,47.24718073,9.91270255,39
1610,at:48:862,Fontanella Dorfzentrum,47.24772956,9.91034896,43
1611,at:48:864,Fontanella Säge,47.25515644,9.9141668,28
1612,at:48:867,Frastanz Amerdonastraße,47.2258575,9.59890305,30
1613,at:48:868,Frastanz Bahnhof,47.21992133,9.63893198,342
1614,at:48:87,Tschagguns Volksschule,47.07669717,9.9026504,24
1615,at:48:870,Bardella,47.20749776,9.65143653,34
1616,at:48:871,Frastanz Beim Adler,47.21536351,9.63491651,51
1617,at:48:872,Frastanz Feldkircher Straße,47.22448486,9.619196,201
1618,at:48:873,Frastanz Fellengattner Straße,47.22396019,9.59988222,30
1619,at:48:874,Frastanz Felsenau,47.22880398,9.60361023,231
1620,at:48:875,Alberschwende Dorfzentrum,47.45042308,9.83128823,112
1621,at:48:876,Frastanz Gemeindeamt,47.21694995,9.63043392,271
1622,at:48:877,Frastanz Mittelschule,47.22116597,9.62445114,2
1623,at:48:878,Frastanz Kübla,47.22261801,9.5972232,30
1624,at:48:879,Frastanz Letzestraße,47.22421032,9.59279451,30
1625,at:48:88,Röns Sägewerk,47.2163947,9.70299085,54
1626,at:48:880,Frastanz Maria Ebene,47.22207502,9.60031341,30
1627,at:48:881,Frastanz Maria Grün,47.22862708,9.59683693,30
1628,at:48:882,Frastanz Mühlegasse,47.22122088,9.62760423,215
1629,at:48:883,Gampelün Rofel,47.1950835,9.65046635,20
1630,at:48:884,Frastanz Satteinser Straße,47.22215433,9.63719823,283
1631,at:48:885,Frastanz Felsenau Schwimmbad,47.22748022,9.60196631,30
1632,at:48:887,Fraxern Dorfplatz,47.31502123,9.67513409,41
1633,at:48:888,Fraxern Fäscha,47.31345601,9.67591562,41
1634,at:48:889,Lochau-Hörbranz Bahnhof,47.52958911,9.74253468,70
1635,at:48:89,Röthis Kästenholz,47.29204979,9.66399498,31
1636,at:48:892,Tschagguns Bahnhof,47.07911972,9.90498602,60
1637,at:48:898,Hittisau Sütten,47.45688612,9.97541394,30
1638,at:48:90,Röthis Rössle,47.28988066,9.6561976,417
1639,at:48:900,Dornbirn Altes Rathaus,47.41285005,9.74431335,70
1640,at:48:901,St. Gallenkirch Grandau,47.01833914,9.98681356,163
1641,at:48:902,St. Gallenkirch Bargalsweg,47.02372833,9.96758063,23
1642,at:48:903,Feldkirch Elisabethplatz,47.2364348,9.59521996,30
1643,at:48:904,Gisingen Stadtwerke,47.27073243,9.60437379,14
1644,at:48:909,Dornbirn Ammenegg,47.43026958,9.78404583,70
1645,at:48:91,Röthis Schlößlestraße,47.29001471,9.65979985,45
1646,at:48:910,Gampelün Kosa,47.19884348,9.65330503,17
1647,at:48:912,Lech Wanghus,47.24121036,10.17015971,10
1648,at:48:915,Fraxern Oberdorf,47.31586777,9.67843989,41
1649,at:48:918,Dornbirn Gütle,47.3903408,9.77703897,44
1650,at:48:919,Lech sport.park.lech,47.21410043,10.14805217,24
1651,at:48:92,Röthis Schwanen,47.29429803,9.6514006,339
1652,at:48:922,Fraxern Schufla,47.31680565,9.67617613,41
1653,at:48:924,Fußach Altes Postamt,47.47838944,9.66474058,101
1654,at:48:925,Fußach Bilke,47.46756297,9.65860509,101
1655,at:48:926,Fußach Birkenfeld,47.46303863,9.65830864,101
1656,at:48:927,Fußach Gasthaus Hirschen,47.47244518,9.66034782,101
1657,at:48:928,Gais Sutterlüty,47.19575494,9.71844187,313
1658,at:48:929,Gais Hämmerle-Kaffee,47.19764715,9.72687705,344
1659,at:48:93,Röthis Treietstraße,47.29086166,9.65296367,89
1660,at:48:930,Gais Gaisbühel,47.1967621,9.71516302,152
1661,at:48:931,Gais Sportplatz,47.19665222,9.72071461,349
1662,at:48:932,Gaißau Grenze,47.4645812,9.59625302,111
1663,at:48:933,Gaißau Kesslerplatz,47.46827954,9.59265976,209
1664,at:48:934,Gaißau Kirche,47.46578972,9.59858864,210
1665,at:48:935,Gaißau Ausserdorf,47.46840707,9.60378989,209
1666,at:48:936,Gampelün Kapelle,47.19560845,9.65384402,17
1667,at:48:937,Gampelün Zollwache,47.20191964,9.64899311,17
1668,at:48:94,Röthis Valdruden,47.29396903,9.66327633,31
1669,at:48:940,Dornbirn Boden,47.39439707,9.76639394,42
1670,at:48:945,Gantschier Holzbau Fritz,47.09148771,9.88294136,33
1671,at:48:946,Bangs Gasthaus Stern,47.26610584,9.54473464,112
1672,at:48:949,Gargellen Zentrum,46.97192058,9.91838888,24
1673,at:48:95,Satteins Kirchplatz,47.22468008,9.67181931,209
1674,at:48:950,Gargellen Sarottlaalpe,46.987402,9.93502568,24
1675,at:48:954,Lech Kapelle,47.20587443,10.13923071,40
1676,at:48:958,Göfis Büttels,47.23359243,9.63444041,26
1677,at:48:96,Satteins Mittelschule,47.22511933,9.66562991,213
1678,at:48:961,Gargellen Schafbergbahn,46.96826715,9.91792176,24
1679,at:48:962,Gargellen Wolfa,46.97471566,9.92058077,24
1680,at:48:963,Garsella Abzw. Raggal,47.22694948,9.87580874,63
1681,at:48:964,Blons Haus Burtscher,47.22509492,9.86632253,35
1682,at:48:965,Gaschurn Explorer,46.99372566,10.01891037,164
1683,at:48:969,Gaschurn Schima Drosa,46.99235315,10.02155141,163
1684,at:48:97,Satteins Trutsch,47.22056806,9.67705648,14
1685,at:48:971,Bangs Zollhäuser,47.26798334,9.54424955,112
1686,at:48:972,Gaschurn Rifa,46.98136564,10.03310375,163
1687,at:48:973,Gaschurn Zentrum,46.98829667,10.02532434,163
1688,at:48:974,Gaschurn Versettla Bahn,46.98503656,10.02538722,163
1689,at:48:976,Gisingen Bifangstraße,47.25467476,9.58628172,72
1690,at:48:979,Dornbirn Ebniterstraße,47.39181252,9.77363436,43
1691,at:48:98,Blons Mühle,47.22521694,9.85104219,35
1692,at:48:980,Lech Alpenhof,47.21359397,10.14649809,24
1693,at:48:983,Gisingen Mörlinweg,47.2608509,9.60542482,79
1694,at:48:984,Gisingen Dammweg,47.2484918,9.59214772,58
1695,at:48:985,Gisingen Fabrikweg,47.24761979,9.58859039,130
1696,at:48:986,Gisingen Flurgasse,47.24497927,9.58938091,130
1697,at:48:987,Gisingen Kapf,47.24132014,9.59051279,130
1698,at:48:988,Bartholomäberg Blaschisweg,47.09026449,9.91354697,38
1699,at:48:989,Gisingen Hochhaus,47.25040043,9.58785378,72
1700,at:48:990,Gisingen Im Gisinger Feld,47.26080822,9.5966393,58
1701,at:48:991,Gisingen Kapfstraße,47.25516254,9.59557929,58
1702,at:48:992,Gisingen Ketschelenstraße,47.25980838,9.59027923,122
1703,at:48:993,Gisingen Lehrer-Frick-Straße,47.26146664,9.59205789,57
1704,at:48:995,Gisingen Milchhof,47.25477231,9.58395509,79
1705,at:48:996,Gisingen Oberaustraße,47.25290653,9.58732377,72
1706,at:48:997,Gisingen Pfarrer-Allgäuer-Weg,47.26342356,9.59775321,58
